/*--------------------------------*- C++ -*----------------------------------*\
  =========                 |
  \\      /  F ield         | OpenFOAM: The Open Source CFD Toolbox
   \\    /   O peration     | Website:  https://openfoam.org
    \\  /    A nd           | Version:  10
     \\/     M anipulation  |
\*---------------------------------------------------------------------------*/
FoamFile
{
    format      ascii;
    class       vectorField;
    location    "0.1/polyMesh";
    object      points;
}
// * * * * * * * * * * * * * * * * * * * * * * * * * * * * * * * * * * * * * //


16524
(
(-10 -15 0)
(20 -15 0)
(20 15 0)
(-10 15 0)
(0.5 0.01 0)
(0.35355339 0.36355339 0)
(0 0.51 0)
(-0.35355339 0.36355339 0)
(-0.5 0.01 0)
(-0.35355339 -0.34355339 0)
(0 -0.49 0)
(0.35355339 -0.34355339 0)
(-10 -15 1)
(20 -15 1)
(20 15 1)
(-10 15 1)
(0.5 0.01 1)
(0.35355339 0.36355339 1)
(0 0.51 1)
(-0.35355339 0.36355339 1)
(-0.5 0.01 1)
(-0.35355339 -0.34355339 1)
(0 -0.49 1)
(0.35355339 -0.34355339 1)
(-9.5 -15 0)
(-9 -15 0)
(-8.5 -15 0)
(-8 -15 0)
(-7.5 -15 0)
(-7 -15 0)
(-6.5 -15 0)
(-6 -15 0)
(-5.5 -15 0)
(-5 -15 0)
(-4.5 -15 0)
(-4 -15 0)
(-3.5 -15 0)
(-3 -15 0)
(-2.5 -15 0)
(-2 -15 0)
(-1.5 -15 0)
(-1 -15 0)
(-0.5 -15 0)
(-6.2598815e-12 -15 0)
(0.5 -15 0)
(1 -15 0)
(1.5 -15 0)
(2 -15 0)
(2.5 -15 0)
(3 -15 0)
(3.5 -15 0)
(4 -15 0)
(4.5 -15 0)
(5 -15 0)
(5.5 -15 0)
(6 -15 0)
(6.5 -15 0)
(7 -15 0)
(7.5 -15 0)
(8 -15 0)
(8.5 -15 0)
(9 -15 0)
(9.5 -15 0)
(10 -15 0)
(10.5 -15 0)
(11 -15 0)
(11.5 -15 0)
(12 -15 0)
(12.5 -15 0)
(13 -15 0)
(13.5 -15 0)
(14 -15 0)
(14.5 -15 0)
(15 -15 0)
(15.5 -15 0)
(16 -15 0)
(16.5 -15 0)
(17 -15 0)
(17.5 -15 0)
(18 -15 0)
(18.5 -15 0)
(19 -15 0)
(19.5 -15 0)
(20 -14.5 0)
(20 -14 0)
(20 -13.5 0)
(20 -13 0)
(20 -12.5 0)
(20 -12 0)
(20 -11.5 0)
(20 -11 0)
(20 -10.5 0)
(20 -10 0)
(20 -9.5 0)
(20 -9 0)
(20 -8.5 0)
(20 -8 0)
(20 -7.5 0)
(20 -7 0)
(20 -6.5 0)
(20 -6 0)
(20 -5.5 0)
(20 -5 0)
(20 -4.5 0)
(20 -4 0)
(20 -3.5 0)
(20 -3 0)
(20 -2.5 0)
(20 -2 0)
(20 -1.5 0)
(20 -1 0)
(20 -0.5 0)
(20 -2.1890045e-11 0)
(20 0.5 0)
(20 1 0)
(20 1.5 0)
(20 2 0)
(20 2.5 0)
(20 3 0)
(20 3.5 0)
(20 4 0)
(20 4.5 0)
(20 5 0)
(20 5.5 0)
(20 6 0)
(20 6.5 0)
(20 7 0)
(20 7.5 0)
(20 8 0)
(20 8.5 0)
(20 9 0)
(20 9.5 0)
(20 10 0)
(20 10.5 0)
(20 11 0)
(20 11.5 0)
(20 12 0)
(20 12.5 0)
(20 13 0)
(20 13.5 0)
(20 14 0)
(20 14.5 0)
(19.5 15 0)
(19 15 0)
(18.5 15 0)
(18 15 0)
(17.5 15 0)
(17 15 0)
(16.5 15 0)
(16 15 0)
(15.5 15 0)
(15 15 0)
(14.5 15 0)
(14 15 0)
(13.5 15 0)
(13 15 0)
(12.5 15 0)
(12 15 0)
(11.5 15 0)
(11 15 0)
(10.5 15 0)
(10 15 0)
(9.5 15 0)
(9 15 0)
(8.5 15 0)
(8 15 0)
(7.5 15 0)
(7 15 0)
(6.5 15 0)
(6 15 0)
(5.5 15 0)
(5 15 0)
(4.5 15 0)
(4 15 0)
(3.5 15 0)
(3 15 0)
(2.5 15 0)
(2 15 0)
(1.5 15 0)
(1 15 0)
(0.5 15 0)
(1.3670842e-11 15 0)
(-0.5 15 0)
(-1 15 0)
(-1.5 15 0)
(-2 15 0)
(-2.5 15 0)
(-3 15 0)
(-3.5 15 0)
(-4 15 0)
(-4.5 15 0)
(-5 15 0)
(-5.5 15 0)
(-6 15 0)
(-6.5 15 0)
(-7 15 0)
(-7.5 15 0)
(-8 15 0)
(-8.5 15 0)
(-9 15 0)
(-9.5 15 0)
(-10 14.5 0)
(-10 14 0)
(-10 13.5 0)
(-10 13 0)
(-10 12.5 0)
(-10 12 0)
(-10 11.5 0)
(-10 11 0)
(-10 10.5 0)
(-10 10 0)
(-10 9.5 0)
(-10 9 0)
(-10 8.5 0)
(-10 8 0)
(-10 7.5 0)
(-10 7 0)
(-10 6.5 0)
(-10 6 0)
(-10 5.5 0)
(-10 5 0)
(-10 4.5 0)
(-10 4 0)
(-10 3.5 0)
(-10 3 0)
(-10 2.5 0)
(-10 2 0)
(-10 1.5 0)
(-10 1 0)
(-10 0.5 0)
(-10 2.1890045e-11 0)
(-10 -0.5 0)
(-10 -1 0)
(-10 -1.5 0)
(-10 -2 0)
(-10 -2.5 0)
(-10 -3 0)
(-10 -3.5 0)
(-10 -4 0)
(-10 -4.5 0)
(-10 -5 0)
(-10 -5.5 0)
(-10 -6 0)
(-10 -6.5 0)
(-10 -7 0)
(-10 -7.5 0)
(-10 -8 0)
(-10 -8.5 0)
(-10 -9 0)
(-10 -9.5 0)
(-10 -10 0)
(-10 -10.5 0)
(-10 -11 0)
(-10 -11.5 0)
(-10 -12 0)
(-10 -12.5 0)
(-10 -13 0)
(-10 -13.5 0)
(-10 -14 0)
(-10 -14.5 0)
(0.49384417 0.088217233 0)
(0.47552826 0.1645085 0)
(0.44550326 0.23699525 0)
(0.4045085 0.30389263 0)
(0.29389263 0.4145085 0)
(0.22699525 0.45550326 0)
(0.1545085 0.48552826 0)
(0.078217232 0.50384417 0)
(-0.078217233 0.50384417 0)
(-0.1545085 0.48552826 0)
(-0.22699525 0.45550326 0)
(-0.29389263 0.4145085 0)
(-0.4045085 0.30389263 0)
(-0.44550326 0.23699525 0)
(-0.47552826 0.1645085 0)
(-0.49384417 0.088217232 0)
(-0.49384417 -0.068217233 0)
(-0.47552826 -0.1445085 0)
(-0.44550326 -0.21699525 0)
(-0.4045085 -0.28389263 0)
(-0.29389263 -0.3945085 0)
(-0.22699525 -0.43550326 0)
(-0.1545085 -0.46552826 0)
(-0.078217232 -0.48384417 0)
(0.078217233 -0.48384417 0)
(0.1545085 -0.46552826 0)
(0.22699525 -0.43550326 0)
(0.29389263 -0.3945085 0)
(0.4045085 -0.28389263 0)
(0.44550326 -0.21699525 0)
(0.47552826 -0.1445085 0)
(0.49384417 -0.068217232 0)
(-9.5 -15 1)
(-9 -15 1)
(-8.5 -15 1)
(-8 -15 1)
(-7.5 -15 1)
(-7 -15 1)
(-6.5 -15 1)
(-6 -15 1)
(-5.5 -15 1)
(-5 -15 1)
(-4.5 -15 1)
(-4 -15 1)
(-3.5 -15 1)
(-3 -15 1)
(-2.5 -15 1)
(-2 -15 1)
(-1.5 -15 1)
(-1 -15 1)
(-0.5 -15 1)
(-6.2598815e-12 -15 1)
(0.5 -15 1)
(1 -15 1)
(1.5 -15 1)
(2 -15 1)
(2.5 -15 1)
(3 -15 1)
(3.5 -15 1)
(4 -15 1)
(4.5 -15 1)
(5 -15 1)
(5.5 -15 1)
(6 -15 1)
(6.5 -15 1)
(7 -15 1)
(7.5 -15 1)
(8 -15 1)
(8.5 -15 1)
(9 -15 1)
(9.5 -15 1)
(10 -15 1)
(10.5 -15 1)
(11 -15 1)
(11.5 -15 1)
(12 -15 1)
(12.5 -15 1)
(13 -15 1)
(13.5 -15 1)
(14 -15 1)
(14.5 -15 1)
(15 -15 1)
(15.5 -15 1)
(16 -15 1)
(16.5 -15 1)
(17 -15 1)
(17.5 -15 1)
(18 -15 1)
(18.5 -15 1)
(19 -15 1)
(19.5 -15 1)
(20 -14.5 1)
(20 -14 1)
(20 -13.5 1)
(20 -13 1)
(20 -12.5 1)
(20 -12 1)
(20 -11.5 1)
(20 -11 1)
(20 -10.5 1)
(20 -10 1)
(20 -9.5 1)
(20 -9 1)
(20 -8.5 1)
(20 -8 1)
(20 -7.5 1)
(20 -7 1)
(20 -6.5 1)
(20 -6 1)
(20 -5.5 1)
(20 -5 1)
(20 -4.5 1)
(20 -4 1)
(20 -3.5 1)
(20 -3 1)
(20 -2.5 1)
(20 -2 1)
(20 -1.5 1)
(20 -1 1)
(20 -0.5 1)
(20 -2.1890045e-11 1)
(20 0.5 1)
(20 1 1)
(20 1.5 1)
(20 2 1)
(20 2.5 1)
(20 3 1)
(20 3.5 1)
(20 4 1)
(20 4.5 1)
(20 5 1)
(20 5.5 1)
(20 6 1)
(20 6.5 1)
(20 7 1)
(20 7.5 1)
(20 8 1)
(20 8.5 1)
(20 9 1)
(20 9.5 1)
(20 10 1)
(20 10.5 1)
(20 11 1)
(20 11.5 1)
(20 12 1)
(20 12.5 1)
(20 13 1)
(20 13.5 1)
(20 14 1)
(20 14.5 1)
(19.5 15 1)
(19 15 1)
(18.5 15 1)
(18 15 1)
(17.5 15 1)
(17 15 1)
(16.5 15 1)
(16 15 1)
(15.5 15 1)
(15 15 1)
(14.5 15 1)
(14 15 1)
(13.5 15 1)
(13 15 1)
(12.5 15 1)
(12 15 1)
(11.5 15 1)
(11 15 1)
(10.5 15 1)
(10 15 1)
(9.5 15 1)
(9 15 1)
(8.5 15 1)
(8 15 1)
(7.5 15 1)
(7 15 1)
(6.5 15 1)
(6 15 1)
(5.5 15 1)
(5 15 1)
(4.5 15 1)
(4 15 1)
(3.5 15 1)
(3 15 1)
(2.5 15 1)
(2 15 1)
(1.5 15 1)
(1 15 1)
(0.5 15 1)
(1.3670842e-11 15 1)
(-0.5 15 1)
(-1 15 1)
(-1.5 15 1)
(-2 15 1)
(-2.5 15 1)
(-3 15 1)
(-3.5 15 1)
(-4 15 1)
(-4.5 15 1)
(-5 15 1)
(-5.5 15 1)
(-6 15 1)
(-6.5 15 1)
(-7 15 1)
(-7.5 15 1)
(-8 15 1)
(-8.5 15 1)
(-9 15 1)
(-9.5 15 1)
(-10 14.5 1)
(-10 14 1)
(-10 13.5 1)
(-10 13 1)
(-10 12.5 1)
(-10 12 1)
(-10 11.5 1)
(-10 11 1)
(-10 10.5 1)
(-10 10 1)
(-10 9.5 1)
(-10 9 1)
(-10 8.5 1)
(-10 8 1)
(-10 7.5 1)
(-10 7 1)
(-10 6.5 1)
(-10 6 1)
(-10 5.5 1)
(-10 5 1)
(-10 4.5 1)
(-10 4 1)
(-10 3.5 1)
(-10 3 1)
(-10 2.5 1)
(-10 2 1)
(-10 1.5 1)
(-10 1 1)
(-10 0.5 1)
(-10 2.1890045e-11 1)
(-10 -0.5 1)
(-10 -1 1)
(-10 -1.5 1)
(-10 -2 1)
(-10 -2.5 1)
(-10 -3 1)
(-10 -3.5 1)
(-10 -4 1)
(-10 -4.5 1)
(-10 -5 1)
(-10 -5.5 1)
(-10 -6 1)
(-10 -6.5 1)
(-10 -7 1)
(-10 -7.5 1)
(-10 -8 1)
(-10 -8.5 1)
(-10 -9 1)
(-10 -9.5 1)
(-10 -10 1)
(-10 -10.5 1)
(-10 -11 1)
(-10 -11.5 1)
(-10 -12 1)
(-10 -12.5 1)
(-10 -13 1)
(-10 -13.5 1)
(-10 -14 1)
(-10 -14.5 1)
(0.49384417 0.088217233 1)
(0.47552826 0.1645085 1)
(0.44550326 0.23699525 1)
(0.4045085 0.30389263 1)
(0.29389263 0.4145085 1)
(0.22699525 0.45550326 1)
(0.1545085 0.48552826 1)
(0.078217232 0.50384417 1)
(-0.078217233 0.50384417 1)
(-0.1545085 0.48552826 1)
(-0.22699525 0.45550326 1)
(-0.29389263 0.4145085 1)
(-0.4045085 0.30389263 1)
(-0.44550326 0.23699525 1)
(-0.47552826 0.1645085 1)
(-0.49384417 0.088217232 1)
(-0.49384417 -0.068217233 1)
(-0.47552826 -0.1445085 1)
(-0.44550326 -0.21699525 1)
(-0.4045085 -0.28389263 1)
(-0.29389263 -0.3945085 1)
(-0.22699525 -0.43550326 1)
(-0.1545085 -0.46552826 1)
(-0.078217232 -0.48384417 1)
(0.078217233 -0.48384417 1)
(0.1545085 -0.46552826 1)
(0.22699525 -0.43550326 1)
(0.29389263 -0.3945085 1)
(0.4045085 -0.28389263 1)
(0.44550326 -0.21699525 1)
(0.47552826 -0.1445085 1)
(0.49384417 -0.068217232 1)
(19.57247 4.25769599255 0)
(19.585054 -4.22771268566 0)
(9.2529846 14.5935148134 0)
(9.25 -14.5669206925 0)
(19.566987 -1.24994054474 0)
(6.2619767 14.516064803 0)
(6.2983132 -14.5469866552 0)
(-0.55994194 0.0535862983261 0)
(3.25 -14.566890569 0)
(3.2185841 14.5202174071 0)
(-2.2509295 -14.5816386601 0)
(-2.2365914 14.5752938337 0)
(0.74063874 14.576388216 0)
(0.76904804 -14.5786468975 0)
(-9.5371392 -7.18687034838 0)
(-9.5855988 7.27890029472 0)
(-9.5621126 4.74814366913 0)
(-9.5871719 -4.78548715519 0)
(19.566987 -7.24995770852 0)
(19.612904 7.25550799586 0)
(11.742808 14.5636642145 0)
(11.748918 -14.5752355019 0)
(19.579556 1.31239207542 0)
(-9.5219992 -2.27770485135 0)
(-9.5748362 2.24449674593 0)
(-9.5988572 -0.250892690122 0)
(14.279951 14.5556748646 0)
(14.239354 -14.6020915463 0)
(-4.7848509 -14.593341999 0)
(-9.5854173 9.75482398988 0)
(19.566662 9.74896955695 0)
(19.63484 -9.71501664931 0)
(-4.7368517 14.5755563453 0)
(-9.6236217 -9.68839018136 0)
(16.251647 14.5091780625 0)
(16.178412 -14.5282263261 0)
(-6.726777 -14.5803891795 0)
(-9.5406045 11.7558763676 0)
(19.582266 11.7625435705 0)
(19.572351 -11.7480330354 0)
(-6.7862549 14.579131044 0)
(-9.5936149 -11.7618047951 0)
(-0.74392835 14.5149576313 0)
(-0.81301723 -14.5932627102 0)
(4.7457755 -14.5378893102 0)
(7.7258825 -14.5826697498 0)
(7.7801642 14.5861071537 0)
(4.7496582 14.5743289662 0)
(19.530401 5.72038528512 0)
(19.607227 2.75780741389 0)
(19.607524 -2.76311825236 0)
(19.553659 -5.75183647037 0)
(17.749876 14.5672340672 0)
(17.749805 -14.5670339538 0)
(-8.2812752 -14.5471716471 0)
(-9.5669563 13.2492117369 0)
(19.607003 13.2589761752 0)
(19.523122 -13.2674630303 0)
(-9.5672178 -13.2493663384 0)
(-8.25 14.5670108484 0)
(-9.5817416 1.25569506743 0)
(-9.5711194 3.23561248817 0)
(-9.5605496 -1.23607021109 0)
(-9.5859824 -3.29906561174 0)
(-9.5546914 -5.78496117168 0)
(-9.5672142 5.73450227571 0)
(-9.5828327 -8.23312144206 0)
(-9.6446135 8.27691697863 0)
(1.6981584 14.5210381314 0)
(1.7377385 -14.6034340248 0)
(-3.2324774 -14.5832359042 0)
(-3.2615835 14.5756340412 0)
(10.247049 14.568840204 0)
(10.297357 -14.5832539498 0)
(19.544367 -0.210469222531 0)
(12.789568 14.5073119924 0)
(12.747991 -14.5664773377 0)
(-5.7391094 14.5965865098 0)
(-5.7499054 -14.5765235086 0)
(19.575805 8.2648725032 0)
(19.535837 -8.26895521793 0)
(15.254467 14.6227253234 0)
(-9.5645145 -10.7411057953 0)
(15.25173 -14.5540436495 0)
(-9.5522591 10.7359365355 0)
(19.56684 10.749790976 0)
(19.573117 -10.7499659765 0)
(18.744742 14.5693622354 0)
(18.745761 -14.569294866 0)
(-9.2038815 -14.5458756214 0)
(-9.5773455 14.2292949216 0)
(19.570353 14.2664191142 0)
(19.546993 -14.2042101009 0)
(-9.5789598 1.75661729835 0)
(-9.1526229 2.00048138508 0)
(-9.1557429 2.47238165183 0)
(-8.7535245 2.24262780498 0)
(-8.7533338 2.66805353032 0)
(-8.364743 2.44525923873 0)
(-8.3668743 2.0211723465 0)
(-7.9996374 2.23814426843 0)
(-7.9913962 2.66017783097 0)
(-7.6422146 2.44998786623 0)
(-7.6254437 2.85063875866 0)
(-7.2910375 2.64795764886 0)
(-0.47356775 0.311964945241 0)
(-7.2875639 3.04016335404 0)
(-6.9571813 2.83880713009 0)
(-6.9614085 2.46219580761 0)
(-6.6375911 2.64932777758 0)
(-6.6393628 2.28318745699 0)
(-6.6332954 3.01526923767 0)
(-6.3188119 2.82699270813 0)
(-6.3209461 3.19553301604 0)
(-6.0136484 3.00221069987 0)
(-6.0138812 3.36431480112 0)
(-5.7080884 3.17363542585 0)
(-5.7134346 3.53163176657 0)
(-5.417292 3.34404498689 0)
(-5.4188911 3.6934864053 0)
(-5.1285813 3.5088984084 0)
(-0.29266831 0.486704386538 0)
(-5.1212203 3.837339322 0)
(-4.8426921 3.66754405778 0)
(-4.834982 3.98967339335 0)
(-4.5621064 3.82470877716 0)
(-4.553722 4.13953552304 0)
(-4.2863935 3.97914522729 0)
(-4.2781952 4.28927224039 0)
(-4.015209 4.1316874419 0)
(-4.0080064 4.43969286514 0)
(-3.7473743 4.28234491043 0)
(-3.7396461 4.5870122415 0)
(-3.4821093 4.43100698617 0)
(-3.4751465 4.73198123105 0)
(-3.2199974 4.57769647949 0)
(-3.2131195 4.87548457858 0)
(-2.9617762 4.72284286864 0)
(-0.046923364 0.568040508947 0)
(-2.9502132 5.01095096694 0)
(-2.704322 4.86522145872 0)
(-2.691349 5.14911848108 0)
(-2.4478286 5.00923929864 0)
(-2.4381812 5.29255280153 0)
(-2.194405 5.15099923021 0)
(-2.1876459 5.43742039197 0)
(-1.9425049 5.29209008485 0)
(-1.9357926 5.57747461762 0)
(-1.6910879 5.43186043379 0)
(-1.6817415 5.7116068945 0)
(-1.434806 5.5698592144 0)
(-1.4292335 5.8485069922 0)
(-1.1876476 5.70576301809 0)
(-2.4465046 5.57114056791 0)
(-1.1821835 5.99158863898 0)
(-0.93466024 5.84440854861 0)
(-0.9274353 6.13258403497 0)
(-0.6833199 5.98161609445 0)
(-1.178896 6.28269304264 0)
(-0.68978878 5.69956086521 0)
(-0.44589373 5.83301559883 0)
(-0.4535357 5.55603011948 0)
(-0.21317135 5.68769986878 0)
(0.2251661 0.524598854225 0)
(-0.20241719 5.96119884017 0)
(0.029977334 5.81605152179 0)
(0.0087349103 5.54616708995 0)
(0.26103277 5.67285564931 0)
(0.27277674 5.94488977787 0)
(0.50320336 5.79563557884 0)
(0.49387895 5.52752747864 0)
(0.73071466 5.64794210341 0)
(0.71989328 5.38154140082 0)
(0.95422897 5.50247708345 0)
(0.94108252 5.23962834944 0)
(1.1746268 5.35876085916 0)
(1.1618499 5.09843565564 0)
(1.3943392 5.21706615591 0)
(1.3813871 4.95837820731 0)
(1.6044403 5.07680343649 0)
(1.5984048 4.81895522162 0)
(1.8513153 4.95411078575 0)
(0.42875535 0.367871359826 0)
(1.8204667 4.68285705567 0)
(2.0461502 4.79550714907 0)
(2.0338123 4.54187060357 0)
(2.2611235 4.65666254953 0)
(2.2519806 4.40755212971 0)
(2.4749933 4.52547150288 0)
(2.4665442 4.2721030395 0)
(2.6883618 4.38081361313 0)
(2.6763206 4.13075111131 0)
(2.9047885 4.24655384478 0)
(2.8888272 3.99409987846 0)
(3.1174839 4.10891052847 0)
(3.101582 3.85735084094 0)
(3.3254509 3.97068735299 0)
(3.3132922 3.72053862049 0)
(3.5355522 3.83511070809 0)
(3.5242593 3.58445288396 0)
(3.7458144 3.69870685917 0)
(3.734177 3.44820179646 0)
(3.9579339 3.56298891581 0)
(3.9455337 3.31036645281 0)
(4.1718069 3.42617505264 0)
(4.15896 3.17050720151 0)
(4.3883062 3.28773025502 0)
(4.3750062 3.02822089544 0)
(4.6082962 3.14761807615 0)
(4.6006481 2.8934514284 0)
(4.8292051 3.00084632124 0)
(4.8259926 2.75010549876 0)
(5.0559098 2.85478921752 0)
(5.0503992 2.59577989927 0)
(5.2893056 2.71152664159 0)
(5.2745228 2.43509081984 0)
(5.5188159 2.56104419143 0)
(5.5093489 2.27988918333 0)
(5.7600559 2.40252579181 0)
(5.7482216 2.12201201329 0)
(0.55916235 0.0627646550618 0)
(6.0096949 2.24628240039 0)
(5.9916338 1.95753525794 0)
(6.2541151 2.09297268453 0)
(6.2409777 1.80090789293 0)
(6.2720762 2.38282719652 0)
(4.8319989 3.26064940935 0)
(3.548522 4.08750984583 0)
(2.2754222 4.9144914909 0)
(6.5184909 2.23228299872 0)
(6.5428002 2.5144072853 0)
(6.7906013 2.36751839804 0)
(6.8146956 2.65557088054 0)
(7.0650773 2.50976629995 0)
(7.0819861 2.82045436412 0)
(7.3438288 2.65596988328 0)
(7.3609306 2.97023061064 0)
(5.9738999 1.66424017908 0)
(6.2203857 1.50315107805 0)
(5.9580748 1.36838945609 0)
(6.1895386 1.20856680677 0)
(5.9393232 1.07314340913 0)
(6.169938 0.913231841787 0)
(5.9321457 0.794978410854 0)
(6.1712369 0.619272025841 0)
(5.8938977 0.50468320092 0)
(6.1544163 0.32381387062 0)
(5.9069176 0.188533492548 0)
(6.1432914 0.0230147022195 0)
(5.8775736 -0.113458213982 0)
(6.1260313 -0.277198271258 0)
(5.8580959 -0.413901113896 0)
(6.1083767 -0.577566487969 0)
(5.8400363 -0.714848574979 0)
(6.1116364 -0.880878133931 0)
(5.8256124 -1.01750705961 0)
(6.0987316 -1.18444524701 0)
(5.8076153 -1.32087718574 0)
(6.3652928 -0.742673103922 0)
(6.0647814 -1.48831756335 0)
(5.7863656 -1.62634691462 0)
(0.43343935 -0.349388530816 0)
(6.0429153 -1.79432477078 0)
(5.7704123 -1.93059197166 0)
(6.032439 -2.11037978768 0)
(5.75774 -2.25494249294 0)
(6.0129734 -2.42398329679 0)
(5.7347304 -2.57659782343 0)
(5.995479 -2.74177481451 0)
(6.2805362 -2.59667072909 0)
(5.7083592 -2.88407777064 0)
(6.2642313 -2.91848989692 0)
(6.548677 -2.78122974056 0)
(6.5385116 -3.09892959704 0)
(6.8266261 -2.96157663197 0)
(7.6308867 2.79384879812 0)
(7.6461005 3.12343650883 0)
(6.816286 -3.28195611579 0)
(7.1072924 -3.1474533294 0)
(7.9220057 2.94293702539 0)
(7.9366895 3.26962804829 0)
(7.1004072 -3.46998757681 0)
(7.4049885 -3.31521009206 0)
(8.2165254 3.09206443601 0)
(8.2320842 3.42543317408 0)
(7.3949238 -3.64970354479 0)
(7.6891179 -3.51769583495 0)
(7.1374723 -3.81186609561 0)
(8.516042 3.24232641872 0)
(8.5354522 3.57979115033 0)
(7.6866857 -3.84342749867 0)
(7.9937848 -3.69381173729 0)
(0.97029931 5.76862568839 0)
(7.9866303 -4.03347266358 0)
(8.3003862 -3.88130948024 0)
(8.8221996 3.39702994265 0)
(8.837906 3.74497238362 0)
(8.5444669 3.93104905879 0)
(8.8541389 4.09448524852 0)
(8.5615099 4.29120791805 0)
(8.8891132 4.45034447332 0)
(8.2760679 -4.24726836668 0)
(8.600149 -4.08370000802 0)
(9.1327187 3.55783671564 0)
(8.5693639 4.63657789862 0)
(8.5922615 -4.43387945149 0)
(8.9070409 4.80642926945 0)
(8.9128132 -4.28073650793 0)
(-5.1330024 3.19525601659 0)
(8.8890764 -4.65911556242 0)
(8.5291399 -4.82763544393 0)
(8.5777344 4.99938185189 0)
(9.2248494 -4.48633475119 0)
(8.9052979 5.16720855764 0)
(4.3686509 2.80236700531 0)
(9.2471192 -4.11420384149 0)
(5.4531395 -2.72840190513 0)
(5.4233804 -3.02509267214 0)
(5.1659576 -2.86088858885 0)
(5.1413919 -3.16090132427 0)
(4.889904 -3.00221751161 0)
(4.8646544 -3.29426156455 0)
(4.6219728 -3.14653053103 0)
(4.5919702 -3.42607859668 0)
(4.3507395 -3.27234356634 0)
(4.3273996 -3.55706674933 0)
(4.0861489 -3.39614738624 0)
(0.22273133 -0.526537333113 0)
(4.0726101 -3.67597926283 0)
(3.8290236 -3.52353335315 0)
(3.8186993 -3.84051628905 0)
(3.5751003 -3.65797130346 0)
(3.5535451 -3.93512005148 0)
(3.3217122 -3.78044758943 0)
(3.3029086 -4.05897740235 0)
(3.0723557 -3.90502413481 0)
(3.0536781 -4.18210568506 0)
(2.8242105 -4.02880121059 0)
(2.8056441 -4.30514991199 0)
(3.0539954 -4.47671979928 0)
(2.5769506 -4.1521827341 0)
(2.5573337 -4.42733033566 0)
(2.3294483 -4.27492847785 0)
(-0.28996497 -0.469300142069 0)
(-0.034241778 -0.550207715336 0)
(2.3104844 -4.55072700342 0)
(2.0816856 -4.3977978123 0)
(2.0628184 -4.67392219226 0)
(1.833311 -4.52043004206 0)
(1.8133519 -4.79569606974 0)
(1.582389 -4.64281628888 0)
(1.5634861 -4.92039910302 0)
(1.331696 -4.76661992733 0)
(1.3101021 -5.04269559291 0)
(1.0780674 -4.89066702922 0)
(1.0547982 -5.17047987281 0)
(0.81665856 -5.01481419928 0)
(0.80206721 -5.29828406213 0)
(0.55312071 -5.14326603121 0)
(1.5517903 -5.21873752625 0)
(0.53244389 -5.44057835153 0)
(0.28241844 -5.27306516167 0)
(0.25425724 -5.57965122982 0)
(0.0037115587 -5.40721018798 0)
(-0.01978324 -5.71962710877 0)
(0.24419817 -5.89201202985 0)
(-0.27454311 -5.53755294879 0)
(-0.30275794 -5.86207460738 0)
(9.2006699 -4.8706349259 0)
(9.5430602 -4.69311225584 0)
(8.5909655 5.3628179017 0)
(-0.56970635 -5.68275299547 0)
(-0.59464536 -6.00932836065 0)
(9.5235508 -5.07156332761 0)
(8.9144769 5.52732332 0)
(9.2289326 5.33604655948 0)
(1.1526697 4.8393757973 0)
(4.1111071 -3.07036061702 0)
(9.2530479 5.70126539189 0)
(9.563596 5.5065635535 0)
(9.8667155 -4.89826545106 0)
(9.8472224 -5.28521216748 0)
(3.5137533 3.33715122045 0)
(5.6237847 0.0781487723332 0)
(8.6023523 5.72487038296 0)
(-0.5405347 -5.30401247872 0)
(-0.47185835 -0.281950460699 0)
(-0.8348072 -5.49300577348 0)
(-0.81341904 -5.18263063599 0)
(-4.0352965 3.8231393284 0)
(-1.9423234 4.9954844434 0)
(-1.0991824 -5.32185767327 0)
(-1.0775492 -5.00710273895 0)
(9.1144057 3.20493444033 0)
(9.429216 3.36765241638 0)
(9.594537 5.88256705829 0)
(9.9039705 5.67896816055 0)
(9.4110506 3.01211896429 0)
(9.7303627 3.17436738947 0)
(-1.3601111 -5.14419535927 0)
(-1.342893 -4.831542668 0)
(10.194454 -5.10919349495 0)
(10.17627 -5.49943032385 0)
(2.0281312 4.29940058655 0)
(-2.9694888 4.42509410485 0)
(9.9158794 6.07287876437 0)
(10.244536 5.8561967084 0)
(9.7114047 2.81597138319 0)
(10.03337 2.97671622634 0)
(10.015905 2.61516749168 0)
(10.342304 2.78154541769 0)
(10.323506 2.41098496521 0)
(10.653136 2.57728752239 0)
(10.634952 2.20476016395 0)
(-1.6209258 -4.96765757517 0)
(-1.603882 -4.65641345548 0)
(-3.7300208 4.88490784343 0)
(10.255795 6.25627514898 0)
(10.528318 -5.3212012086 0)
(10.506248 -5.71993428658 0)
(10.152074 -5.90112268479 0)
(10.591747 6.03431942501 0)
(10.971024 2.37681418281 0)
(10.95134 1.99920292219 0)
(3.0982938 -3.64100043823 0)
(-1.8806816 -4.7930771137 0)
(-1.8945779 -5.11835670584 0)
(-1.8588079 -4.48385884874 0)
(10.48523 -6.12172475487 0)
(10.126563 -6.30902501032 0)
(10.605742 6.43576953748 0)
(-2.1391627 -4.61799602357 0)
(-2.1165409 -4.3097313453 0)
(10.860289 -5.53260780065 0)
(10.883742 -5.13616746831 0)
(0.82768346 -4.72853304605 0)
(10.945044 6.21479274243 0)
(11.291404 2.17205289322 0)
(11.275492 1.79532096131 0)
(10.959159 6.62143022027 0)
(10.215379 6.67135793421 0)
(2.0984371 -4.1235370907 0)
(-2.3967221 -4.44331709539 0)
(-2.3711733 -4.13368862061 0)
(10.463211 -6.52768183607 0)
(10.097459 -6.71159003366 0)
(11.21951 -5.34890712397 0)
(11.242609 -4.9499106301 0)
(11.30303 6.39796409756 0)
(11.320009 6.8008893552 0)
(11.616104 1.96516348986 0)
(-2.6550969 -4.26885598366 0)
(-2.6283572 -3.95826876877 0)
(11.600007 1.58383846083 0)
(10.440339 -6.93619692679 0)
(10.072277 -7.11962028276 0)
(11.580525 -5.16189849735 0)
(11.604926 -4.76098467034 0)
(-1.5852669 -4.35001493556 0)
(11.664408 6.58239157135 0)
(11.683855 6.99328674732 0)
(-2.9136788 -4.09489356441 0)
(-2.8831328 -3.77687839659 0)
(11.944193 1.75496989692 0)
(-4.8148484 4.30474034586 0)
(4.3077526 -3.8485709803 0)
(11.923732 1.36370832414 0)
(11.949913 -4.98595959795 0)
(-2.9298925 -4.41182676091 0)
(-3.1749092 -3.91853969609 0)
(-3.1527475 -3.60261814291 0)
(10.41763 -7.34838341886 0)
(10.043668 -7.53609056131 0)
(11.970438 -4.57496926957 0)
(12.033252 6.77135232528 0)
(12.051661 7.18702779492 0)
(11.688973 7.4082375601 0)
(-2.5806381 -3.64722083387 0)
(12.275599 1.54067719086 0)
(12.068829 7.60682271269 0)
(7.9793024 -3.29037947303 0)
(12.313627 -4.78868909861 0)
(12.338229 -4.38095476775 0)
(-3.4417197 -3.74140216141 0)
(-3.4195073 -3.4182491278 0)
(12.395089 6.94629086901 0)
(10.394603 -7.76642133212 0)
(10.01922 -7.95416076303 0)
(11.700435 7.830750369 0)
(12.086494 8.03101158358 0)
(12.688925 -4.60933782142 0)
(12.632004 -5.08484040747 0)
(12.709381 -4.19155619226 0)
(-3.7127614 -3.5604640548 0)
(-3.6895934 -3.23193710437 0)
(10.928584 1.61788960779 0)
(9.6681252 -7.72349399541 0)
(9.6429301 -8.14094502973 0)
(9.2981923 -7.91816762409 0)
(9.2686446 -8.32707181356 0)
(8.9260172 -8.10619521666 0)
(8.8959646 -8.51210810347 0)
(8.5516297 -8.28381319112 0)
(10.370217 -8.18848629659 0)
(11.713124 8.25985376087 0)
(13.038243 -4.84635163867 0)
(13.022596 -5.25961297979 0)
(6.4139957 0.48157671857 0)
(8.2776157 5.55737130093 0)
(8.2876972 5.91898295804 0)
(7.9657156 5.75190798246 0)
(7.9764222 6.11509226991 0)
(7.6596966 5.95457952032 0)
(7.6664742 6.31024081267 0)
(7.3511785 6.15045717923 0)
(7.3595466 6.50730137336 0)
(7.0398768 6.33744844192 0)
(7.0510806 6.69939340247 0)
(6.7317353 6.52920561591 0)
(6.7424758 6.89074427815 0)
(7.0665253 7.0637853123 0)
(6.752179 7.25858588529 0)
(7.0822246 7.4343932596 0)
(6.762067 7.63207790679 0)
(7.0931746 7.81287005747 0)
(6.4326527 7.45418309155 0)
(6.442186 7.82872428649 0)
(6.1120453 7.65129995394 0)
(6.1211579 8.02283773137 0)
(5.7922542 7.84708289021 0)
(5.8014566 8.21839272593 0)
(5.4727062 8.04279338753 0)
(5.4811848 8.41311245618 0)
(5.1527487 8.23821595929 0)
(5.7909753 8.60791452989 0)
(5.1612254 8.6093992352 0)
(4.8320636 8.43421973072 0)
(4.8391549 8.80424508435 0)
(4.5102642 8.6302815256 0)
(8.524108 -8.69440816066 0)
(8.1810498 -8.46704658259 0)
(12.104569 8.45991895082 0)
(-3.9884038 -3.37626990042 0)
(-4.0117455 -3.71039368246 0)
(-3.9613247 -3.04546343533 0)
(-3.6838043 -2.90284020695 0)
(-3.9323617 -2.7183162945 0)
(-3.6653777 -2.58009124903 0)
(-3.9040232 -2.40119934605 0)
(-3.6292957 -2.25624506865 0)
(-3.8770508 -2.09260574536 0)
(-3.608637 -1.94500760857 0)
(-3.8502038 -1.79148045225 0)
(-3.5883349 -1.65885067791 0)
(-3.8253323 -1.50131782158 0)
(-3.5637774 -1.38151120242 0)
(-3.3375094 -1.53248809103 0)
(-3.3160035 -1.26534817263 0)
(-3.5375144 -1.11292827007 0)
(-3.2955366 -1.00147511552 0)
(-3.105275 -1.42511381699 0)
(-3.5090382 -0.849211869323 0)
(-3.2733527 -0.741318040678 0)
(-4.0888056 -1.6174046998 0)
(-3.4830965 -0.590812205676 0)
(-3.2513824 -0.484848029454 0)
(12.289855 1.93065030442 0)
(12.634036 1.71493728772 0)
(12.610911 1.3193437708 0)
(12.971641 1.50132764609 0)
(12.979258 1.88696380277 0)
(12.949763 1.09502215475 0)
(13.314899 1.28059805904 0)
(13.292994 0.868795198893 0)
(4.5172848 9.00171003724 0)
(4.1872112 8.82721354259 0)
(-3.4587636 -0.336192388338 0)
(-3.2277747 -0.23371422679 0)
(8.1535443 -8.87695382632 0)
(7.809906 -8.65256546602 0)
(-4.2322027 -2.85558442865 0)
(12.358143 -3.96565503456 0)
(13.398084 -5.07408764624 0)
(13.390684 -5.48032046508 0)
(11.727498 8.6910918793 0)
(4.1976193 9.20594534826 0)
(3.8630535 9.02588121892 0)
(-3.0291732 -0.376367140656 0)
(-3.0056896 -0.133163098148 0)
(-3.2008365 0.00548619765894 0)
(-2.9837027 0.103450568373 0)
(7.7844498 -9.06054813012 0)
(7.4412723 -8.83660770284 0)
(-3.171917 0.240923605966 0)
(-2.9587003 0.333634382428 0)
(12.123069 8.89285198739 0)
(12.483036 8.67774450497 0)
(13.6624 1.05659385011 0)
(13.628556 0.631180189952 0)
(5.5486817 -1.15228987539 0)
(8.8639318 -8.93095083892 0)
(4.5827853 9.39644923321 0)
(3.8735984 9.40706330461 0)
(3.536542 9.22510969336 0)
(7.415339 -9.24670064727 0)
(7.075422 -9.01773572043 0)
(7.1004459 -8.61258746328 0)
(6.7392431 -8.79096459442 0)
(6.7648927 -8.39090914034 0)
(6.4087683 -8.56855986813 0)
(6.3821002 -8.96560671189 0)
(6.0515671 -8.74262714232 0)
(6.0255633 -9.13597309053 0)
(5.6961986 -8.9149843513 0)
(5.7245284 -8.5242671455 0)
(5.3666236 -8.69534608866 0)
(5.3402798 -9.08656772296 0)
(5.0088786 -8.86525480425 0)
(4.9860467 -9.25726559223 0)
(4.6565162 -9.03505625453 0)
(-3.1447484 0.472080915175 0)
(-2.9333899 0.563541205507 0)
(4.6296122 -9.42886448769 0)
(4.3027426 -9.20488230674 0)
(-2.818163 -0.268793426652 0)
(-3.1172102 0.701715682935 0)
(-2.9061494 0.791387880075 0)
(-3.3299074 0.616394450902 0)
(-2.7277728 0.657444696771 0)
(-2.7024567 0.876380184642 0)
(4.3315837 -8.81366236678 0)
(3.9815696 -8.98176005512 0)
(3.9472945 -9.37358472957 0)
(3.6256861 -9.14870229311 0)
(3.5894493 -9.54203369272 0)
(3.2662711 -9.32068415083 0)
(12.510821 9.10004050579 0)
(12.873914 8.88196771047 0)
(13.761936 -5.30367755594 0)
(13.771005 -5.71514921927 0)
(3.5470443 9.60864120892 0)
(3.2075911 9.42536366739 0)
(11.75463 9.12483091571 0)
(14.012034 0.828470974446 0)
(13.979102 0.404826760413 0)
(-2.531194 0.747651177731 0)
(-2.5057157 0.958855595595 0)
(-2.673926 1.08783857092 0)
(-2.4774254 1.16818201613 0)
(5.1459071 7.86767335546 0)
(-2.3162532 1.04121836646 0)
(-2.2836299 1.24888304405 0)
(-2.4473365 1.3757301762 0)
(-2.2539496 1.44988559102 0)
(-2.0943303 1.32683987507 0)
(-2.0644658 1.52273031855 0)
(-1.9101301 1.39857347349 0)
(-1.8922462 1.59355078108 0)
(-2.0346001 1.71528442616 0)
(-1.8517244 1.78375667111 0)
(-1.700441 1.62769434709 0)
(-1.66803 1.84878659625 0)
(-1.5154417 1.71808641539 0)
(-1.4897604 1.91197983866 0)
(-1.3489996 1.80186521967 0)
(-1.3157081 1.97881584979 0)
(-1.1771292 1.87148862671 0)
(-1.142614 2.04339833622 0)
(-1.0041079 1.93334537788 0)
(-0.97065602 2.10592245537 0)
(-0.83476674 1.99073089671 0)
(-0.79919798 2.16603906987 0)
(-0.66749834 2.04952278192 0)
(-0.63195133 2.22746268398 0)
(-0.49691529 2.11119115125 0)
(-0.46434417 2.28856781539 0)
(-0.32708332 2.17525013981 0)
(-0.29455431 2.34342650686 0)
(-0.15963086 2.23599162511 0)
(-0.40672464 2.45264053708 0)
(-0.12712131 2.40386691247 0)
(0.0097071382 2.29509179563 0)
(-1.1106557 2.22383392207 0)
(0.038929381 2.47223241394 0)
(0.17933813 2.35641405288 0)
(0.20892837 2.53665555706 0)
(0.34771779 2.41847417843 0)
(0.31829181 2.24117927396 0)
(0.48485945 2.30120375842 0)
(0.45238654 2.12808412586 0)
(0.61519724 2.18664893643 0)
(0.58424531 2.02015669523 0)
(0.74253108 2.07598847079 0)
(0.71278404 1.9145517307 0)
(0.86693652 1.96867216673 0)
(0.83771637 1.81083686923 0)
(0.98880388 1.86380412366 0)
(0.9602342 1.70874146641 0)
(1.1058337 1.75722728019 0)
(1.0801495 1.60710252781 0)
(1.2240436 1.65489792614 0)
(1.1981276 1.50939936486 0)
(1.3448291 1.55827506474 0)
(1.3179932 1.4064614404 0)
(1.4629623 1.45851461551 0)
(1.4404623 1.30653784703 0)
(1.5813192 1.3588429861 0)
(1.5538547 1.20663408022 0)
(1.6994131 1.25901435313 0)
(1.6711516 1.10446697512 0)
(1.826639 1.16596568494 0)
(1.7919309 1.00210719519 0)
(1.951108 1.06468202548 0)
(1.9149813 0.895771546872 0)
(2.0708358 0.951222532271 0)
(2.0394343 0.784471998131 0)
(2.1996864 0.841144790347 0)
(2.1673944 0.669042107842 0)
(2.3332181 0.728729121604 0)
(2.3001189 0.551715138688 0)
(2.4710866 0.613424344496 0)
(2.4373037 0.435178054181 0)
(1.3570474 1.70473751921 0)
(2.265869 0.37397417347 0)
(2.4021949 0.256474908578 0)
(2.232163 0.198604734986 0)
(2.3672679 0.0799617976608 0)
(2.1986106 0.0227282226309 0)
(2.3325991 -0.0953495633683 0)
(2.1699869 -0.15413943423 0)
(2.2991949 -0.269961880413 0)
(2.1388502 -0.32882605434 0)
(2.2659664 -0.444063150753 0)
(2.1003867 -0.502005673617 0)
(2.2316188 -0.618330560772 0)
(2.0631944 -0.676964911804 0)
(2.4554928 -0.222922248457 0)
(2.1965285 -0.793243415038 0)
(2.0277974 -0.852607301892 0)
(1.8475452 1.31455834568 0)
(2.6144783 0.483847818665 0)
(2.1660987 -0.972663045026 0)
(1.9939169 -1.02827715039 0)
(2.3464893 -0.927383066662 0)
(2.3699017 0.901301301798 0)
(0.90525286 2.11595109326 0)
(2.1319883 -1.15193420097 0)
(1.9574866 -1.20655026655 0)
(3.2296977 -9.7129769443 0)
(2.9043761 -9.49007284346 0)
(12.898076 9.31597049939 0)
(13.266946 9.09113067898 0)
(3.8582787 8.65389653936 0)
(-1.8242835 1.97733538441 0)
(4.0118431 -8.59205546825 0)
(-6.0131683 3.74136541995 0)
(3.2181928 9.81163073454 0)
(2.8765516 9.62664905142 0)
(7.6157816 2.4760960553 0)
(14.128742 -5.5406225902 0)
(14.129311 -5.969609338 0)
(14.101431 -5.10096674581 0)
(2.8675118 -9.88422005296 0)
(2.5364822 -9.65438464833 0)
(14.368392 0.60112676348 0)
(14.39037 1.02576753275 0)
(14.334688 0.175834999235 0)
(2.0953987 -1.33017732807 0)
(1.9200218 -1.38665640928 0)
(12.380376 6.54620232341 0)
(12.748337 6.71741761171 0)
(13.2927 9.52719706263 0)
(13.666113 9.2986735635 0)
(1.7842285 -1.26548523232 0)
(1.746123 -1.44322684706 0)
(2.8861888 3.75460628618 0)
(1.6131037 -1.32413335587 0)
(1.5759986 -1.49917088639 0)
(1.7086257 -1.61950689302 0)
(1.5369335 -1.67379261946 0)
(1.4038891 -1.5520757448 0)
(1.3665362 -1.72596759612 0)
(1.2361673 -1.60924860474 0)
(1.1995791 -1.77749407716 0)
(1.0783766 -1.66249510421 0)
(1.0369426 -1.82819535312 0)
(0.9044459 -1.69081272734 0)
(0.87311546 -1.87500031587 0)
(0.74522949 -1.76526221077 0)
(0.71115165 -1.92994820908 0)
(0.5870527 -1.82181482263 0)
(0.54843391 -1.98411645151 0)
(0.42277058 -1.87394694874 0)
(0.38281926 -2.0380437008 0)
(0.25319449 -1.91684070855 0)
(0.21416265 -2.08996929491 0)
(0.0815419 -1.96906856345 0)
(0.041374645 -2.14579054612 0)
(-0.095046779 -2.02182494586 0)
(0.67693036 -2.10140080975 0)
(-0.13544808 -2.20425971713 0)
(-0.27390357 -2.07690879819 0)
(-3.6961364 -0.441291525788 0)
(13.258098 0.444812940361 0)
(0.38087302 2.60086365261 0)
(0.23803617 2.72102689203 0)
(2.5022048 -10.0551488036 0)
(2.1698993 -9.82349613417 0)
(-0.0024324873 -2.32272710535 0)
(2.8865303 10.01625534 0)
(2.5447983 9.82861808625 0)
(2.5377177 9.44120823024 0)
(2.2050836 9.64212547803 0)
(2.2116949 10.0282895297 0)
(1.8736336 9.83911015975 0)
(12.734273 6.31475771511 0)
(13.104732 6.48676700809 0)
(1.3271501 -1.89888029979 0)
(2.5443373 -9.23519888252 0)
(1.867864 9.45521483573 0)
(1.5366673 9.64989383892 0)
(1.5405589 10.0361774936 0)
(1.2036128 9.84347525524 0)
(13.696525 9.72427838632 0)
(14.089213 9.4599599054 0)
(-1.3743886 1.6204871354 0)
(1.7593798 0.848547421561 0)
(1.204852 10.233146935 0)
(0.86820511 10.0382101383 0)
(0.8623782 9.66100380719 0)
(0.53197591 9.8452273344 0)
(13.087942 6.06648413169 0)
(13.464091 6.25323267806 0)
(14.475083 -5.792536173 0)
(14.469169 -6.22560214972 0)
(3.2320785 10.2041466101 0)
(0.55795936 1.85835372151 0)
(0.53168366 10.2326841063 0)
(0.19398579 10.0357526653 0)
(11.35156 8.92000110298 0)
(11.379907 9.34982410023 0)
(13.447222 5.82970482316 0)
(13.815609 6.03798146635 0)
(13.814946 5.60679307091 0)
(14.214931 5.87942731945 0)
(3.1999729 -10.1076899454 0)
(14.186705 5.38436366872 0)
(14.578268 5.58020067715 0)
(2.1357825 -10.2275908518 0)
(1.8008158 -9.99534612406 0)
(14.722755 0.369341528026 0)
(14.703386 -0.0623563367828 0)
(-0.31635525 -2.26305215941 0)
(-0.45950318 -2.13212537064 0)
(14.093129 -6.41049703519 0)
(14.428254 -6.65307534195 0)
(14.073513 -6.85374355304 0)
(14.402986 -7.09478083244 0)
(14.032215 -7.2954231 0)
(14.408915 -7.5435036135 0)
(14.008882 -7.7427268827 0)
(14.414438 -8.0042131775 0)
(13.976202 -8.19623201468 0)
(14.383222 -8.45047790744 0)
(13.947614 -8.64863688447 0)
(14.344481 -8.90170349615 0)
(13.910233 -9.09541578257 0)
(14.315255 -9.35898348685 0)
(13.873004 -9.53838634252 0)
(1.9426109 -0.565254980093 0)
(7.0206705 5.9984542414 0)
(14.554732 5.13713397 0)
(0.41786058 2.78760785601 0)
(0.26793736 2.90971086164 0)
(14.088318 9.93246348811 0)
(14.500852 9.64574360211 0)
(2.0267805 -0.0360245061463 0)
(14.283758 -9.81365072909 0)
(-0.35743582 2.00318283673 0)
(10.990963 9.14925154821 0)
(11.017904 9.58734594822 0)
(5.6798938 0.94091838549 0)
(13.285565 9.97804919156 0)
(1.7654317 -10.4035102273 0)
(1.4308733 -10.1679108285 0)
(1.4666055 -9.76082501311 0)
(1.1068858 -9.95263625567 0)
(1.0600095 -10.3383391599 0)
(0.72942073 -10.1051658237 0)
(0.191425 10.4275332364 0)
(-0.14622486 10.2276955621 0)
(-0.1476318 9.84667661197 0)
(-0.48429294 10.0287042806 0)
(-0.48872053 10.4191599421 0)
(-0.82730025 10.2175377513 0)
(-0.83068781 9.78071216108 0)
(-1.1631203 10.0125665935 0)
(-1.1744807 10.4104980694 0)
(-1.5152925 10.2016410831 0)
(-1.5062683 9.80641842607 0)
(-1.8555204 9.99158300707 0)
(-1.8503515 9.60422176302 0)
(-2.1951647 9.78294478045 0)
(-2.1828954 9.38447534225 0)
(-2.5355564 9.56899575729 0)
(-2.5477351 9.97264991773 0)
(-2.8896884 9.75814109612 0)
(-2.8766696 9.35392687426 0)
(-3.2320047 9.5415759941 0)
(-3.2166134 9.13814833002 0)
(-3.5742826 9.32677419071 0)
(-3.5576877 8.9248113612 0)
(-3.9173549 9.11145115477 0)
(-3.9344757 9.51884157807 0)
(-4.2811092 9.29925844385 0)
(-4.2590596 8.89390347825 0)
(-4.3002021 9.71328114629 0)
(-4.6272735 9.0776215414 0)
(-4.6055979 8.66973218763 0)
(-4.9758749 8.85448226409 0)
(-4.9565886 8.44324520413 0)
(0.78131759 -9.73180232464 0)
(0.35634201 -9.8511414561 0)
(0.35014883 -10.2695130631 0)
(0.001512601 -10.0474365076 0)
(-0.017338781 -10.4394122792 0)
(-0.3566189 -10.2009197188 0)
(-3.3051651 0.846265327158 0)
(-3.5240078 0.758372261126 0)
(-0.91864786 6.42595566247 0)
(14.811102 -6.50836565877 0)
(-3.4983149 0.994521436465 0)
(-3.7261086 0.89830680405 0)
(14.759006 -8.70240534564 0)
(-0.35016204 -9.75709010035 0)
(-0.6862882 -9.95364124846 0)
(-0.73363638 -10.368667684 0)
(-1.0697604 -10.120394114 0)
(-1.0261545 -9.65007839037 0)
(-1.4053032 -9.862078576 0)
(-1.3821317 -9.44476863204 0)
(-1.7424359 -9.61960651552 0)
(-1.6939536 -9.21001933242 0)
(-2.0720755 -9.37445623948 0)
(-2.1201039 -9.78963791188 0)
(-2.4565799 -9.53953009086 0)
(-2.3950283 -9.1134285736 0)
(-2.7924029 -9.28184317687 0)
(-2.8449811 -9.70583404384 0)
(-3.1826841 -9.44859312706 0)
(-3.1317446 -9.02574727063 0)
(-3.5194931 -9.19135162783 0)
(-3.4675423 -8.77101429225 0)
(-3.8557962 -8.93354282383 0)
(-3.8787838 -9.38033049712 0)
(-3.8065237 -8.52021500727 0)
(-4.192024 -8.67723318759 0)
(-4.144034 -8.26395014529 0)
(-4.5295766 -8.4220152801 0)
(-4.4767419 -8.00243846098 0)
(-4.86551 -8.1647241528 0)
(-4.814244 -7.73799532805 0)
(13.8614 -10.005781195 0)
(-1.1182665 -10.5389741693 0)
(14.946867 5.33805836674 0)
(14.985752 5.83951049747 0)
(14.924251 4.89530980915 0)
(10.632 9.38296592219 0)
(10.644459 9.81236691032 0)
(-1.5282344 10.6053366772 0)
(-0.86477878 1.83423511866 0)
(-0.50408848 -2.32805265189 0)
(-0.65298672 -2.18970166008 0)
(-0.60531196 -1.99649945213 0)
(-0.79696172 -2.05084611103 0)
(-0.75231161 -1.85664854854 0)
(-0.9404501 -1.91416076957 0)
(-0.89924397 -1.72468188221 0)
(14.497028 10.1470630472 0)
(1.411594 1.16280742435 0)
(10.000904 2.25958187034 0)
(10.263467 9.61440594969 0)
(10.274373 10.0422295961 0)
(10.666879 10.2681655705 0)
(9.8941989 9.84571113817 0)
(9.9070636 10.2766052073 0)
(9.524954 10.07699274 0)
(12.72858 -3.77442109646 0)
(12.37768 -3.55008523039 0)
(4.958325 -9.65596937076 0)
(10.946466 2.77737249671 0)
(-5.2007267 -7.90684524813 0)
(-5.1521614 -7.47519808185 0)
(-5.2572775 -8.32960731512 0)
(2.1066049 -10.6379766301 0)
(7.7483013 -9.47334793348 0)
(1.1334881 -1.49610128872 0)
(15.088311 0.135312511271 0)
(15.065678 -0.304932193639 0)
(1.0505195 1.46572831035 0)
(6.787131 2.99645066146 0)
(7.1263624 -2.79792943105 0)
(2.9250479 4.50998818243 0)
(14.902224 9.90195226054 0)
(0.45328583 2.97867367736 0)
(0.29929499 3.10512332934 0)
(2.2939462 -4.82875721577 0)
(1.5941493 5.30720896717 0)
(-5.326644 8.63228270792 0)
(-5.3048526 8.21897070655 0)
(-5.3488239 9.04249429821 0)
(4.1833971 3.6814155324 0)
(9.534754 10.5029622154 0)
(9.1562355 10.3091823064 0)
(-1.0817752 -1.78150419959 0)
(-1.0383626 -1.60580640325 0)
(-1.1201955 -1.97960703369 0)
(-0.70103407 -2.39008032883 0)
(-0.54509849 -2.53216601256 0)
(-3.3924275 -8.37419511516 0)
(14.91664 10.3756283754 0)
(15.320036 5.09793806935 0)
(15.29825 4.65110874592 0)
(14.261307 -10.2758633373 0)
(14.678163 -10.0688761328 0)
(-4.5802929 8.26757483274 0)
(-4.4213766 -7.58378103242 0)
(-3.6965113 1.15088165636 0)
(-3.93275 1.04912024049 0)
(13.843789 -10.4825581221 0)
(13.447865 -10.2152092055 0)
(-0.056379257 -1.84674618593 0)
(5.1062742 -3.47062954938 0)
(-5.5395839 -7.64816611064 0)
(-5.486829 -7.22268361475 0)
(12.747513 -3.35804610564 0)
(12.397154 -3.13414818695 0)
(-1.176042 6.5799046388 0)
(-0.90852375 6.72670841936 0)
(9.16689 10.7368032232 0)
(8.7867701 10.5410565839 0)
(15.458789 -0.102195056235 0)
(15.434712 -0.544305722909 0)
(15.468634 0.337266426403 0)
(-1.2197279 -1.65051931456 0)
(-1.1522209 -1.45591982987 0)
(15.324355 10.1045607454 0)
(15.318455 9.57565589555 0)
(15.334727 10.5937587824 0)
(14.487053 10.6347617001 0)
(0.60959637 -1.65823720655 0)
(14.655778 -10.5349092274 0)
(15.067447 -10.3345513288 0)
(13.414794 5.39507741001 0)
(0.51697339 -0.204148002681 0)
(-0.54504093 -0.123054559623 0)
(0.51834995 0.222363307012 0)
(13.427396 -10.6921206352 0)
(13.033599 -10.4281173021 0)
(-5.677937 8.40723479866 0)
(-5.6571438 7.99139026002 0)
(-1.3266804 -9.04635921935 0)
(5.006893 2.30569305154 0)
(0.48589078 3.17395810581 0)
(0.32900625 3.3000954512 0)
(0.64102089 3.04531295985 0)
(9.5690417 10.9027639861 0)
(15.696521 4.85658936552 0)
(15.674302 4.40850872819 0)
(10.946476 5.76817263886 0)
(-0.87624064 -1.55482050697 0)
(8.7961953 10.9673603336 0)
(8.4142681 10.7710446925 0)
(8.6059907 -7.87622333423 0)
(-8.0032518 1.81746772827 0)
(-1.3553792 -1.51834918021 0)
(-1.3098249 -1.32995611644 0)
(13.012779 -10.904916636 0)
(12.618166 -10.6389075124 0)
(-5.8765128 -7.39188041435 0)
(-5.8219038 -6.9691817851 0)
(-5.4336553 -6.80370900426 0)
(-5.7660345 -6.55081402822 0)
(-0.74828267 -2.59730921474 0)
(-0.58529538 -2.74347876728 0)
(15.049741 -10.7960180925 0)
(15.464372 -10.5935763385 0)
(-3.2048723 8.74026932292 0)
(12.766047 -2.91988418724 0)
(12.424109 -2.72971287517 0)
(12.051187 -2.91150631822 0)
(12.108888 -2.46556574969 0)
(13.102361 -3.10155817697 0)
(11.713545 -2.6816177106 0)
(11.723978 -2.28876407927 0)
(11.368283 -2.46736718443 0)
(11.38457 -2.06735699666 0)
(11.032175 -2.2500897062 0)
(11.049099 -1.85499690134 0)
(10.701104 -2.0355938598 0)
(10.715471 -1.65015962759 0)
(10.3734 -1.82400732185 0)
(10.387786 -1.4420173728 0)
(10.051465 -1.61540572385 0)
(10.065059 -1.23791962141 0)
(9.7335086 -1.40922546835 0)
(9.7492801 -1.03640779968 0)
(9.4202842 -1.20636905714 0)
(9.4363883 -0.836265693662 0)
(9.8811584 9.41342878038 0)
(15.830718 -0.342318212089 0)
(15.806863 -0.785210783235 0)
(-3.9013666 1.30387381315 0)
(-4.1443864 1.20264915991 0)
(-4.1749663 0.939483509246 0)
(-4.4026824 1.11543225171 0)
(-4.4275558 0.824351957373 0)
(-4.6645703 1.00948339134 0)
(-4.6922538 0.710516006316 0)
(15.744654 10.3189441968 0)
(15.758241 10.8054089236 0)
(0.13953014 3.2276923578 0)
(0.16973258 3.43239253975 0)
(-0.024884031 3.35638291642 0)
(0.0091660322 3.56894427455 0)
(-0.18285115 3.50298911087 0)
(-0.15488395 3.70917429666 0)
(-0.35249609 3.64045354851 0)
(-6.1575215 -6.71076614581 0)
(-6.1001935 -6.2908841447 0)
(-1.1733436 6.88489803409 0)
(-0.89861909 7.03566539493 0)
(0.67656904 3.24253144589 0)
(0.83272303 3.11134649693 0)
(-4.9284926 0.880362616114 0)
(-4.9636865 0.584088847851 0)
(9.1128505 -1.00537022863 0)
(9.1280666 -0.64233843685 0)
(-6.034858 8.18166724063 0)
(-6.0119549 7.76266649252 0)
(-5.6409055 7.57507998294 0)
(-5.987931 7.34982401261 0)
(-5.6260706 7.16252608526 0)
(-5.9659705 6.94153939227 0)
(-5.2061457 0.755825395392 0)
(-5.2396433 0.456349358539 0)
(-5.4979077 0.633371990026 0)
(-5.5392783 0.322667411501 0)
(7.3847628 -9.6612031436 0)
(7.7229314 -9.89270111032 0)
(7.3549596 -10.0807713012 0)
(7.7086209 -10.3165440866 0)
(7.3284869 -10.5052712035 0)
(7.6856572 -10.745053187 0)
(7.2980582 -10.9364649302 0)
(7.6602674 -11.1786437683 0)
(8.0509728 -10.9842855408 0)
(5.3993418 -8.30663881469 0)
(-5.379288 -6.39401354144 0)
(-1.4927921 -1.38963221444 0)
(-1.4476203 -1.20888979391 0)
(-1.539997 -1.57695922055 0)
(-1.273371 -1.1528528925 0)
(-1.4041793 -1.02872953665 0)
(-1.5782968 -1.08230090104 0)
(-1.523918 -0.911337750957 0)
(12.59596 -11.1126089741 0)
(12.208578 -10.8592859732 0)
(8.4292457 11.2059977393 0)
(8.0438127 11.0035221315 0)
(11.58676 -5.53397728656 0)
(-2.9009259 10.1660910194 0)
(7.675216 3.45977493181 0)
(-0.80534554 -4.87089200719 0)
(4.9216307 -2.67726603473 0)
(-5.801889 0.531532491549 0)
(-5.8478156 0.178793087925 0)
(10.788605 -7.16097748758 0)
(15.447269 -11.0570870377 0)
(15.872788 -10.840734249 0)
(15.889634 -10.4103376914 0)
(7.4158168 7.60958279996 0)
(15.27573 4.20368957584 0)
(15.651502 3.95882464171 0)
(16.051872 4.16412915561 0)
(16.028195 3.71333743356 0)
(7.2647032 -11.366968127 0)
(-1.362685 -0.85615113061 0)
(-1.475185 -0.744972799729 0)
(11.051664 -1.47723024281 0)
(13.959178 9.02507892924 0)
(-6.3305641 7.12440279669 0)
(-6.3075059 6.71571107364 0)
(13.415182 -11.1517865706 0)
(12.784646 -2.52697306408 0)
(12.18195 -11.3250130716 0)
(11.794369 -11.0709569067 0)
(-0.32415164 3.85072146169 0)
(-0.53469391 3.77003985838 0)
(15.409595 -0.987220866304 0)
(15.781529 -1.22944880105 0)
(8.0261339 -11.4234643466 0)
(8.4223095 -11.2253667042 0)
(16.206294 -0.58431123432 0)
(13.531265 -8.84420775231 0)
(8.0596296 11.4415620736 0)
(7.6659457 11.2366155064 0)
(-6.101538 0.415186755717 0)
(-6.1530501 0.0328905482538 0)
(-5.8560972 -0.209496580561 0)
(-6.1916555 -0.317959774488 0)
(-6.4816383 -0.108825480698 0)
(-6.5171042 -0.468262414992 0)
(-6.220066 -0.678011171007 0)
(-6.5463228 -0.834385894453 0)
(-6.261725 -1.04589141288 0)
(-6.5850422 -1.20459261888 0)
(-6.2852042 -1.41655166822 0)
(-6.6138318 -1.58044132306 0)
(-6.3143243 -1.79486045345 0)
(-6.6484823 -1.96134327981 0)
(-6.343521 -2.18297885285 0)
(-6.6967305 -2.34575405883 0)
(-6.3777758 -2.57163131835 0)
(-6.7343363 -2.73725288999 0)
(-6.4098158 -2.96659826752 0)
(-6.7713483 -3.13260504132 0)
(-6.4429235 -3.36439558169 0)
(-6.8088879 -3.53216207201 0)
(7.430024 7.99524542969 0)
(7.7603476 7.78596205257 0)
(11.767133 -11.5357925406 0)
(-3.6631383 1.40620098173 0)
(-3.8795681 1.55848985252 0)
(-3.6344798 1.66177614581 0)
(-0.79739484 -2.81190216125 0)
(-0.62719055 -2.96456424372 0)
(8.8096523 -0.808583042671 0)
(8.8259746 -0.450420356028 0)
(9.1419954 -0.283009128284 0)
(8.8405216 -0.0944804291356 0)
(-1.3240683 -0.695811006356 0)
(-1.4378555 -0.584587474037 0)
(10.066585 3.33486243616 0)
(10.074097 -0.872805803002 0)
(-3.8419102 1.81796550856 0)
(-3.6001474 1.91954342326 0)
(16.160189 10.5489191545 0)
(16.179267 11.0277095108 0)
(15.775839 11.2834826851 0)
(-6.495201 -6.45065930506 0)
(16.199679 11.5069067659 0)
(15.849191 -11.3172982097 0)
(-5.6056165 6.76232472583 0)
(-1.1707105 7.19589252939 0)
(-1.4476613 7.0400002609 0)
(-0.89033502 7.34704010624 0)
(-0.61862804 7.18472659984 0)
(-0.60931933 7.50156431443 0)
(-0.33423162 7.3343202202 0)
(7.6876229 11.6762215389 0)
(7.2883992 11.4700137265 0)
(0.86779428 3.3138135864 0)
(1.0271262 3.17955158449 0)
(7.6445371 10.8010547218 0)
(6.4969591 1.29711337612 0)
(-0.12671413 3.96798584579 0)
(-1.6702023 -0.927841467968 0)
(-0.49910913 3.99360759978 0)
(-0.712901 3.91199087386 0)
(-0.74859173 3.68520315761 0)
(-0.92520896 3.82306295384 0)
(-0.9624103 3.60016440854 0)
(-1.1395169 3.73859177942 0)
(-1.1770214 3.51552533554 0)
(-1.352279 3.64791832084 0)
(-1.3921137 3.42943177468 0)
(-1.5693161 3.56083088934 0)
(-1.6089096 3.34328729308 0)
(16.278161 -11.0984856485 0)
(-4.9069691 1.21191914126 0)
(15.384094 -1.42994502308 0)
(15.756405 -1.67421574027 0)
(8.4522617 11.6399674941 0)
(-3.3787998 -2.44478814532 0)
(16.432784 3.91746062497 0)
(16.40826 3.46116195021 0)
(15.424455 -11.5281048988 0)
(-0.32627251 7.65771922154 0)
(-0.049511815 7.48681290304 0)
(8.528574 -0.258352964218 0)
(8.5415963 0.0913760598409 0)
(-6.6755461 6.89962450841 0)
(-6.6533134 6.48455802676 0)
(-6.8157829 -0.260920324694 0)
(15.252208 3.75786167766 0)
(16.252273 -11.5806306158 0)
(13.67521 -7.00601972029 0)
(-1.7916906 3.48998037581 0)
(-1.8266469 3.26023209572 0)
(-3.8178839 2.07990602061 0)
(-3.5793552 2.18110764982 0)
(-1.285638 -0.544823169592 0)
(-1.3959012 -0.43240063096 0)
(-1.1775247 -0.64769301109 0)
(-1.5491827 -0.470542155694 0)
(-1.5062155 -0.316486745275 0)
(-1.3503712 -0.285965068673 0)
(-1.4577878 -0.168202568079 0)
(-1.6149584 -0.200048773834 0)
(-1.567232 -0.049166177938 0)
(-1.4116387 -0.0177395609521 0)
(-1.5177699 0.0983672578087 0)
(-1.3683641 0.12841275747 0)
(-1.469877 0.241705002627 0)
(-1.3239369 0.27445380374 0)
(-1.4222968 0.382357308212 0)
(-1.2814539 0.416602667748 0)
(-1.3760563 0.521209322033 0)
(-1.2349051 0.554669495491 0)
(8.3961021 -11.6698054975 0)
(-2.0101591 3.40392689344 0)
(-2.0470029 3.17238729029 0)
(-2.2320159 3.31815477525 0)
(8.791865 -1.16729385984 0)
(12.215899 -10.355668763 0)
(-2.2693946 3.08348954395 0)
(9.1549222 0.0725403851355 0)
(-1.7271455 -0.0810709243724 0)
(8.7974101 -11.469871521 0)
(-2.4541541 3.22350876641 0)
(6.9033744 -11.1274419917 0)
(6.8694619 -11.5604865126 0)
(6.5058962 -11.3202126524 0)
(6.4717929 -11.7524927723 0)
(6.1085675 -11.5130067514 0)
(-0.67765793 4.14114201967 0)
(14.302636 -0.252881984345 0)
(15.358792 -1.87378358378 0)
(15.730325 -2.12104993466 0)
(16.13155 -1.91803886926 0)
(16.104846 -2.36951065282 0)
(16.510349 -2.1639732163 0)
(16.483397 -2.61855737891 0)
(16.076565 -2.82157586119 0)
(16.455852 -3.07271993686 0)
(9.7068788 -1.77169634367 0)
(6.0738165 -11.946845773 0)
(5.7083906 -11.7075002521 0)
(-6.4767226 -3.75962599948 0)
(-6.8472131 -3.92819780746 0)
(13.757506 6.44966154807 0)
(7.3139555 11.9101219251 0)
(6.9182739 11.7040615369 0)
(-6.9099016 -1.41325772036 0)
(9.7735655 -6.50432898443 0)
(7.774649 8.17706906995 0)
(8.1056633 7.967343973 0)
(-1.4410653 7.36377856068 0)
(-1.7308639 7.19808783668 0)
(-1.3332799 0.660129725272 0)
(-1.1896714 0.692926690202 0)
(16.60608 11.249637556 0)
(16.627004 11.7318913518 0)
(16.816046 3.66961489157 0)
(16.792034 3.21215795102 0)
(16.837522 4.12264056197 0)
(16.382937 3.00314939374 0)
(16.766025 2.75416561591 0)
(-7.6106423 3.24751880321 0)
(10.995189 -2.61785516459 0)
(-7.0053131 6.67435848173 0)
(-6.9762999 6.25957517955 0)
(-6.9940679 7.07610990419 0)
(-6.6267593 6.07156834214 0)
(-6.9603924 5.84659089118 0)
(12.158868 -11.7908873195 0)
(11.738077 -12.0037621312 0)
(-0.60478897 7.82619146582 0)
(-0.84909163 -3.03118108932 0)
(-1.0180744 -2.87752414031 0)
(-0.68914005 -3.18764685363 0)
(-0.45341768 -3.1146252062 0)
(-0.51501804 -3.34877924218 0)
(-0.27388914 -3.27166466043 0)
(-0.32332462 -3.50758729492 0)
(-0.089254003 -3.42999641395 0)
(-1.5679344 0.34667483649 0)
(15.793166 11.7637062855 0)
(-0.13906472 -3.6698029762 0)
(0.092752018 -3.58957106748 0)
(1.0640261 3.38616726798 0)
(1.2230937 3.25017868368 0)
(0.90213245 3.52240969354 0)
(16.048694 -3.27494288927 0)
(16.42785 -3.52840405819 0)
(16.836015 -3.32499868801 0)
(16.808927 -3.78293023005 0)
(8.7703263 -11.9194501953 0)
(5.5164101 2.87337304436 0)
(7.4421953 8.38367852499 0)
(16.68508 -11.3600004686 0)
(16.658329 -11.8463102704 0)
(-0.041203006 7.81450119934 0)
(0.24166267 7.64096078346 0)
(0.14150686 -3.3520632555 0)
(0.3222248 -3.50907430726 0)
(0.37019477 -3.28310640123 0)
(0.54662552 -3.43109973823 0)
(0.59419557 -3.20894418818 0)
(0.76767615 -3.35342752334 0)
(0.81250364 -3.13185704718 0)
(0.98559175 -3.27440522741 0)
(1.0272328 -3.06265001589 0)
(1.2005679 -3.19861189842 0)
(1.2430412 -2.97573625329 0)
(1.4136572 -3.12424564903 0)
(1.4595279 -2.91292669527 0)
(1.6268574 -3.05219838908 0)
(1.6727941 -2.84111318493 0)
(1.8399724 -2.97913964609 0)
(1.886691 -2.76920287516 0)
(6.3437894 -1.67963316031 0)
(6.7959187 -12.0048873676 0)
(-7.0834133 -2.86945688624 0)
(16.397774 -3.98651632558 0)
(16.779424 -4.24238518552 0)
(8.2348671 -0.0686408423367 0)
(8.2477744 0.274307363034 0)
(-5.0089967 0.291409527678 0)
(-1.1427995 0.456708989031 0)
(1.1878906 3.04466091032 0)
(1.3803817 3.1141755127 0)
(1.3453727 2.91231417042 0)
(1.5352149 2.98015172479 0)
(1.4984147 2.78130730018 0)
(1.6897087 2.84670862736 0)
(1.7275998 3.0479343754 0)
(1.8815725 2.91297365303 0)
(1.8430846 2.71316832023 0)
(2.0344379 2.77833908475 0)
(1.9957927 2.58104439659 0)
(2.1858219 2.64408535088 0)
(2.1475379 2.44810853691 0)
(2.3375602 2.51148375381 0)
(2.2981503 2.31413779827 0)
(2.488946 2.37813328209 0)
(2.4510339 2.18165530638 0)
(2.6411844 2.24436061132 0)
(2.6036235 2.04660003149 0)
(2.7964206 2.11014799993 0)
(2.7581613 1.9103725668 0)
(2.9515301 1.97369802432 0)
(2.9137688 1.77156508623 0)
(3.1102764 1.83583463245 0)
(3.0690764 1.62817876608 0)
(3.271668 1.69535018547 0)
(3.2295355 1.48453055837 0)
(3.4330824 1.54993570774 0)
(3.3926844 1.3372570596 0)
(3.5995551 1.40444172705 0)
(3.5586989 1.18824526148 0)
(3.772483 1.26039591097 0)
(3.7283669 1.03717665573 0)
(3.946474 1.11089739183 0)
(3.9008793 0.882438923171 0)
(3.1584042 2.04081070302 0)
(4.123973 0.957590860193 0)
(4.0762876 0.725984924888 0)
(3.8645921 0.649476313335 0)
(4.0297178 0.493974473462 0)
(3.818291 0.418010086825 0)
(3.9815037 0.26342462097 0)
(3.7593862 0.191311602411 0)
(3.9275571 0.0354499432083 0)
(3.7089426 -0.0368569249022 0)
(3.8780164 -0.192637572726 0)
(3.659881 -0.265995624222 0)
(3.8311529 -0.421201706299 0)
(3.6122577 -0.495622458101 0)
(3.7836842 -0.649931814042 0)
(3.5641151 -0.72452906239 0)
(3.7381058 -0.879542992084 0)
(3.5164716 -0.951750494245 0)
(3.6901802 -1.10894823819 0)
(3.4676023 -1.18164378668 0)
(3.6423363 -1.34053658505 0)
(3.4176682 -1.4122476091 0)
(4.0587934 -0.328375026767 0)
(3.8696017 -1.26673511103 0)
(3.8207117 -1.50432957223 0)
(4.0576518 -1.42641566228 0)
(3.7807157 1.49757725279 0)
(2.5295702 2.5772901541 0)
(4.250253 0.568506416765 0)
(5.6794934 -12.1518478994 0)
(5.3079231 -11.9039739156 0)
(-6.0048834 -1.98977076762 0)
(11.379549 -11.2796197198 0)
(-4.1030992 1.99281568199 0)
(2.053971 -2.90591383325 0)
(2.100807 -2.6945586745 0)
(-3.7883282 2.34154720956 0)
(-6.1150524 -3.59384334534 0)
(-6.1472317 -3.98589473925 0)
(6.9388925 12.1463893138 0)
(6.547429 11.9365493725 0)
(6.5287354 11.4978889397 0)
(6.1583991 11.729383005 0)
(6.1475399 11.2934009147 0)
(5.7770906 11.5223582557 0)
(5.7882001 11.9594501438 0)
(5.4023113 11.7513886543 0)
(-1.7217658 7.53614195 0)
(-2.0168616 7.37060215167 0)
(9.8994167 5.31396942185 0)
(5.4145718 12.1897583748 0)
(5.0289645 11.9797221095 0)
(-1.9939647 3.63473623386 0)
(-2.4926635 2.99315103533 0)
(-2.6973502 3.14374760044 0)
(5.0172531 11.5441445693 0)
(4.6453239 11.7696622112 0)
(4.6547744 12.2081428409 0)
(4.269668 11.9953492027 0)
(-6.6044839 5.66405611854 0)
(-6.9237443 5.44206476618 0)
(-5.275656 6.97574618647 0)
(-5.2564827 6.58746494042 0)
(-4.9350101 6.79079862524 0)
(-4.9158394 6.41592118735 0)
(-4.6021984 6.6136836244 0)
(-1.0739779 -3.10032305657 0)
(-1.2496363 -2.93695763005 0)
(7.790211 8.57077101392 0)
(7.4511426 8.78137632205 0)
(2.2692617 -2.83192478696 0)
(2.3111007 -2.60868176426 0)
(2.4850341 -2.75415700414 0)
(2.5288998 -2.52648633434 0)
(2.706698 -2.67906632238 0)
(8.7853871 -11.0313192807 0)
(16.357893 2.54723805661 0)
(16.739135 2.29413022308 0)
(4.0037136 -1.67599015767 0)
(4.2475839 -1.59621872606 0)
(4.2998016 -1.34232605459 0)
(1.9129933 3.11808728006 0)
(-7.3743109 6.44484597843 0)
(17.196111 3.41599220591 0)
(16.37269 -4.44662889201 0)
(16.751068 -4.70270049862 0)
(2.7521061 -2.44546276306 0)
(-1.2895553 0.79853602515 0)
(-1.1454741 0.825676767203 0)
(-1.4356658 0.764923111386 0)
(14.989073 -1.63086496856 0)
(14.962925 -2.07052447098 0)
(17.216833 -3.57701541919 0)
(17.035533 11.4724680885 0)
(17.056771 11.957690492 0)
(8.3279101 6.2610324513 0)
(0.9419767 -3.49831181613 0)
(1.10415 3.59568874848 0)
(0.93691276 3.73604017521 0)
(0.2481046 7.97359444106 0)
(0.53068013 7.79667759128 0)
(0.52213606 7.46787139874 0)
(0.80995576 7.62097778049 0)
(0.79370864 7.30606741972 0)
(1.0860141 7.44797816744 0)
(1.0988604 7.77506180198 0)
(1.37549 7.59844139247 0)
(1.3625806 7.27266719839 0)
(1.6576162 7.43925174403 0)
(1.6418523 7.11158398522 0)
(1.9253306 7.25757191173 0)
(1.9129098 6.94066223143 0)
(2.1763144 7.07800678375 0)
(2.1723129 6.76019839799 0)
(2.4696806 6.94428303557 0)
(2.4454673 6.60239855199 0)
(2.7165547 6.73023955613 0)
(2.7075611 6.42892857756 0)
(2.9789939 6.56320818401 0)
(2.9678342 6.25907353552 0)
(3.2390951 6.39519145382 0)
(3.2278465 6.09229003185 0)
(3.4970711 6.22664311838 0)
(3.4829376 5.92216437631 0)
(3.7507614 6.05382403006 0)
(3.7407385 5.75425000597 0)
(4.0088924 5.88867234918 0)
(3.9983598 5.58901796899 0)
(4.2662438 5.72315501072 0)
(4.2540167 5.4258071231 0)
(4.5234108 5.55821295561 0)
(4.5110775 5.26067979267 0)
(4.7813386 5.39337961371 0)
(4.8028362 5.71985302741 0)
(4.7718896 5.09512762069 0)
(5.0417466 5.23029582604 0)
(3.5078966 6.52452844955 0)
(5.0309945 4.92914834732 0)
(5.2998716 5.06243163138 0)
(5.2901931 4.75349145744 0)
(5.5631043 4.89894511319 0)
(2.2155828 7.43816587369 0)
(5.5520196 4.58147315966 0)
(5.8256842 4.73124903512 0)
(5.8123805 4.41685480364 0)
(6.0884754 4.5647167953 0)
(5.5521225 5.20589893586 0)
(8.2554806 4.47016843099 0)
(4.2792993 12.4339211118 0)
(3.8876362 12.2211151844 0)
(5.2782227 -12.3490333643 0)
(4.9076687 -12.0984951551 0)
(-1.2210925 3.29663799895 0)
(-1.3244007 3.87590154198 0)
(2.9318869 -2.60232637099 0)
(7.334119 12.3573950043 0)
(-6.4347887 -6.02769533695 0)
(-6.8345645 -6.18791570117 0)
(-6.8944815 -6.61759450389 0)
(-7.2433823 -6.34857772272 0)
(-7.3016859 -6.7897682019 0)
(-7.2048908 -5.85254735773 0)
(13.060944 -5.64090057222 0)
(9.1753534 -11.7170630316 0)
(9.1483171 -12.1716006061 0)
(8.7386691 -12.3742574859 0)
(17.093404 -11.624903591 0)
(17.118574 -11.137337667 0)
(17.068143 -12.1125270778 0)
(2.1080738 2.25066335536 0)
(-1.3031505 -3.177510987 0)
(-1.4853162 -3.00552120157 0)
(-3.3502208 2.06601913347 0)
(12.131139 -12.2633118401 0)
(2.5795806 -2.2893903284 0)
(4.9384517 -11.6552305538 0)
(4.5404468 -11.8487014536 0)
(4.506253 -12.2932730331 0)
(4.1373425 -12.0403426183 0)
(3.4522787 -0.0894649242247 0)
(-5.7604642 0.838689560512 0)
(-1.8727563 3.00990476417 0)
(11.247657 -4.56404014098 0)
(-0.57250623 -3.58900500651 0)
(4.1015524 -12.4851976812 0)
(3.7379123 -12.2469053575 0)
(11.735269 -12.4784394595 0)
(3.3361574 -0.810201466257 0)
(-1.8374838 9.190174257 0)
(16.631099 -12.3342016614 0)
(0.045763787 -3.83372477887 0)
(-4.5708219 3.51232400464 0)
(7.9474406 0.119940867164 0)
(7.9322077 -0.222655410296 0)
(7.961617 0.461734440672 0)
(8.2589838 0.615608248601 0)
(7.9723252 0.795670168661 0)
(8.2698191 0.953176221527 0)
(14.596479 -1.82979519887 0)
(-2.0198602 7.03196547808 0)
(-2.3079126 7.20470279362 0)
(-5.7920313 -3.81909578271 0)
(-5.8236011 -4.21060924271 0)
(2.5783005 1.84055558369 0)
(0.28859272 2.07261444016 0)
(-3.0793463 -0.891414046138 0)
(16.344037 -4.89931590101 0)
(16.727414 -5.16406250122 0)
(17.138318 -4.95919735283 0)
(17.107801 -5.42413591685 0)
(16.6953 -5.62974084831 0)
(17.07453 -5.8903901214 0)
(16.655592 -6.09632814526 0)
(17.041403 -6.35758074107 0)
(16.621161 -6.56352027316 0)
(17.010334 -6.8258505582 0)
(16.58818 -7.03222369955 0)
(16.978352 -7.29542542384 0)
(16.55497 -7.5029973198 0)
(16.946103 -7.76614873651 0)
(1.6497501 -1.1515942971 0)
(-1.2045376 0.171266937038 0)
(-2.5498935 0.539368768819 0)
(3.1908421 1.27650191645 0)
(17.434538 -6.607252492 0)
(-5.6738092 2.78636578236 0)
(6.0727891 4.25089968723 0)
(6.3547089 4.39480772639 0)
(1.3898265 7.92704818299 0)
(2.2322658 -3.06248736369 0)
(2.1023727 0.319449202169 0)
(0.81845726 1.65287938584 0)
(-4.587185 6.24605282525 0)
(-4.279447 6.44251634939 0)
(-4.8930792 6.04857887119 0)
(-4.2925823 6.80658413881 0)
(-3.9714656 6.6356740725 0)
(-3.9827494 6.99872730192 0)
(16.521523 -7.97459717066 0)
(16.914178 -8.23935148521 0)
(17.341769 -8.03067279178 0)
(17.309116 -8.50724345997 0)
(-0.69104201 5.42486556746 0)
(4.5740074 -11.4084597072 0)
(4.4735325 4.97352394138 0)
(-3.490082 4.14544543639 0)
(-5.7444727 -3.38558795427 0)
(0.71240059 5.1239601924 0)
(1.1454646 3.8108481366 0)
(3.604434 0.347341706998 0)
(-2.3649273 0.624126391282 0)
(-2.3836312 0.424977247014 0)
(0.3071758 -1.74161393103 0)
(-1.444863 5.28388362752 0)
(9.1717116 9.83698180004 0)
(-7.6567711 -6.51377565031 0)
(-7.716535 -6.95989438731 0)
(-7.3587248 -7.23572797148 0)
(-7.7775698 -7.40879809598 0)
(-7.4161871 -7.68594021957 0)
(-1.0495244 0.724420723323 0)
(-1.0067447 0.854489979862 0)
(-0.91442657 0.759712139019 0)
(-0.87116084 0.883448274376 0)
(-0.96141955 0.984087509079 0)
(-0.8276887 1.00807524876 0)
(-0.74002149 0.909079512844 0)
(-0.69646846 1.0307848553 0)
(-0.61482179 0.937728555759 0)
(-0.57146783 1.0520239831 0)
(-0.49217074 0.962438075934 0)
(-0.44888202 1.07184916575 0)
(-0.3712297 0.980469952995 0)
(-0.32737396 1.09264339071 0)
(-0.40750565 1.18810945238 0)
(-0.28440094 1.2078728382 0)
(-0.20502455 1.11181215191 0)
(-0.16053051 1.22596288122 0)
(-0.083883976 1.13027225136 0)
(-0.037623291 1.24487085735 0)
(0.036996674 1.14822460264 0)
(0.084903813 1.26353144811 0)
(0.16035388 1.16652440248 0)
(0.0073697664 1.3627448431 0)
(0.20794705 1.28181875275 0)
(0.28355321 1.18455191943 0)
(0.23772586 1.0723390378 0)
(0.35697735 1.08958867649 0)
(-0.65718026 0.805307722865 0)
(-0.36151203 1.30785545567 0)
(-0.91620523 1.11406601213 0)
(0.3129266 0.982548483948 0)
(0.42796584 0.99797649885 0)
(0.47382899 1.1051170363 0)
(0.54389548 1.0120736262 0)
(0.49863029 0.90692600772 0)
(0.61235387 0.920013234314 0)
(0.56822134 0.816776887836 0)
(0.68028366 0.829221995736 0)
(0.72626838 0.933644444928 0)
(0.79370888 0.840303247512 0)
(0.74641119 0.735991863676 0)
(0.86036178 0.746992686757 0)
(0.81315347 0.644251306379 0)
(0.92665525 0.654327780076 0)
(0.87944526 0.551758705318 0)
(0.99309803 0.561749843968 0)
(0.94601278 0.457633660148 0)
(1.0598245 0.468406149981 0)
(1.0118668 0.363774652619 0)
(1.1282076 0.374081765937 0)
(1.0795651 0.266498593925 0)
(1.1976903 0.278043769081 0)
(1.148212 0.168149194422 0)
(1.2705899 0.178992801764 0)
(1.2189324 0.0673133999879 0)
(1.0972887 0.0568078644728 0)
(1.1654561 -0.0457671852248 0)
(1.2911448 -0.0350817097634 0)
(1.2355801 -0.148133217552 0)
(1.1111417 -0.157852448198 0)
(1.1799209 -0.2599170457 0)
(1.0580263 -0.266781522481 0)
(1.1249146 -0.369478964937 0)
(1.0041222 -0.37672714536 0)
(1.070507 -0.47839148472 0)
(0.94946613 -0.486894140427 0)
(1.0162334 -0.587302052044 0)
(0.90159742 -0.59105792087 0)
(0.96301635 -0.696590903694 0)
(0.83016827 -0.684965711622 0)
(1.1402804 -0.580732179602 0)
(1.1093607 0.571828458665 0)
(0.90692966 -0.805217405003 0)
(0.78098479 -0.811271402215 0)
(1.3215186 0.292660511855 0)
(1.3644619 -0.140632872062 0)
(0.84223442 0.950340550754 0)
(0.2016294 0.963467253091 0)
(0.85284043 -0.920189203648 0)
(0.72765562 -0.926874701569 0)
(0.65912638 -0.82313084396 0)
(0.60513966 -0.933927227853 0)
(0.98099631 -0.913369686339 0)
(0.97348536 -0.156021445346 0)
(-2.0154441 7.70980776159 0)
(5.599151 -0.562254234769 0)
(3.9832862 5.28795132075 0)
(0.33062022 1.30099549467 0)
(3.2284683 5.7813101683 0)
(6.9569687 12.5929520458 0)
(-1.1424535 -0.50513034524 0)
(-1.0408184 -0.602771612152 0)
(-1.0083038 -0.470704388557 0)
(-0.91291848 -0.564272684462 0)
(-0.94216748 -0.692416087192 0)
(-0.81848302 -0.653175193942 0)
(-0.84497472 -0.778788870757 0)
(-0.72190964 -0.743762511381 0)
(-0.7503026 -0.865894209787 0)
(-0.6270507 -0.830774565549 0)
(-0.65576035 -0.952828515899 0)
(-0.53597137 -0.917106567233 0)
(-0.5616521 -1.04074396232 0)
(-0.41944214 -0.994451871074 0)
(-0.46182327 -1.12894232631 0)
(-0.33493117 -1.09044148057 0)
(-0.36454302 -1.22266867263 0)
(-0.23491313 -1.18015690569 0)
(-0.20496099 -1.05451287104 0)
(-0.10772056 -1.13810087545 0)
(-0.073239935 -0.990179673837 0)
(0.018566829 -1.09170731402 0)
(0.060100195 -0.967943687832 0)
(2.9777777 -2.36486469292 0)
(3.2460002 -1.25543806622 0)
(7.6408331 5.6084531571 0)
(3.1610182 -2.52444274691 0)
(5.7296072 1.52651749632 0)
(2.1153438 -2.50309684689 0)
(-2.4157703 1.58188964496 0)
(-0.78965137 3.47226423805 0)
(5.7852297 7.48188251895 0)
(4.5049228 8.26331152254 0)
(9.5537384 -11.9731694024 0)
(9.5297614 -12.4274263272 0)
(7.8368706 -8.25283820326 0)
(4.495443 -1.51554054757 0)
(10.342196 -2.1892276993 0)
(3.2026028 9.04713443318 0)
(1.8041567 2.51580671417 0)
(2.0599649 -1.51153209972 0)
(2.2402042 -1.4518946212 0)
(-5.9698699 -1.25966391757 0)
(5.7459742 -8.13745573861 0)
(5.4293217 -7.9254563619 0)
(5.768942 -7.75824333123 0)
(5.4561304 -7.54927693716 0)
(5.7915532 -7.38464390383 0)
(5.4833799 -7.17806006334 0)
(5.814666 -7.01557781934 0)
(5.5101727 -6.81249650304 0)
(5.8380489 -6.65062260939 0)
(5.1709096 -6.98785296174 0)
(5.2083005 -6.61465324217 0)
(4.8790853 -6.7811826912 0)
(4.9130282 -6.418040707 0)
(4.5910927 -6.58178869571 0)
(4.6236447 -6.22066195911 0)
(4.3096169 -6.38182377203 0)
(4.9256575 -6.06986980895 0)
(6.1439073 -6.85297577217 0)
(6.1674007 -6.48617671086 0)
(6.4738818 -6.68978714013 0)
(6.4973612 -6.32127569448 0)
(6.8053019 -6.52598959724 0)
(4.3394769 -6.03465200632 0)
(4.0349587 -6.18386092482 0)
(3.9962898 -6.53056770054 0)
(3.7302742 -6.33020109096 0)
(3.7009113 -6.66365123678 0)
(3.4294888 -6.47261151214 0)
(3.4036552 -6.80658369692 0)
(3.127997 -6.61574850711 0)
(3.099159 -6.95286983217 0)
(2.8214619 -6.76084488048 0)
(2.7916221 -7.09768516758 0)
(2.5113778 -6.90734513733 0)
(2.4841427 -7.24915223932 0)
(2.2018354 -7.05511484807 0)
(2.1729945 -7.40005835492 0)
(1.8879145 -7.20351230984 0)
(1.8586785 -7.5513374585 0)
(1.5710917 -7.35330890973 0)
(6.8269478 -6.1565599678 0)
(6.521175 -5.9535019643 0)
(7.1376255 -6.36114298646 0)
(1.5411499 -7.70409135823 0)
(1.2498509 -7.50410938898 0)
(1.5986552 -7.00373519482 0)
(6.8479866 -5.7890685685 0)
(6.5440459 -5.58789755985 0)
(3.4654224 -6.12453592873 0)
(2.5431119 -6.57096982907 0)
(1.2199679 -7.85923890392 0)
(0.92169601 -7.65556882271 0)
(2.7792597 -7.42683321089 0)
(0.89420533 -8.01711204311 0)
(0.59220504 -7.80996111378 0)
(6.8679596 -5.42490958176 0)
(6.5647131 -5.22749398843 0)
(0.56416436 -8.17683783712 0)
(0.26227278 -7.96740074812 0)
(0.29098948 -7.60204636135 0)
(-0.040347559 -7.75710302831 0)
(3.6860254 -7.01503144008 0)
(6.2458216 -5.38728134774 0)
(6.2666043 -5.03378911648 0)
(5.9659103 -5.18138372137 0)
(5.9751428 -4.84110168125 0)
(5.7020344 -4.99362370718 0)
(5.1020703 -7.7208381251 0)
(4.6383581 11.3366369799 0)
(5.0107709 11.1147082347 0)
(2.4325021 4.03831156617 0)
(2.6675224 6.11086955087 0)
(10.603416 8.94884184988 0)
(-2.3068527 2.84338495058 0)
(-2.5273134 2.75621942989 0)
(17.527655 -5.21808929785 0)
(5.6515089 -12.6023586976 0)
(0.94509992 -7.29633766639 0)
(14.879507 4.00179542008 0)
(14.85646 3.5603017437 0)
(14.48809 3.8004110531 0)
(14.466026 3.36196532083 0)
(14.102016 3.59944162201 0)
(11.407134 -10.8187854402 0)
(-4.4940398 0.525988004495 0)
(-1.5366302 -3.25269614602 0)
(-1.7246241 -3.08400787036 0)
(-1.6691479 -2.8318212948 0)
(-1.9081919 -2.91070519511 0)
(-1.8520437 -2.66254599229 0)
(-2.0938317 -2.73650028563 0)
(-2.0343185 -2.48887055797 0)
(-6.0423613 -5.87027741873 0)
(-7.8384831 -7.8613100527 0)
(-7.4730611 -8.14201163147 0)
(-7.8998706 -8.31797622428 0)
(-7.5313966 -8.60106945271 0)
(0.54061374 -0.831556796641 0)
(-6.5874451 5.27333531078 0)
(-6.9218373 5.05005309736 0)
(-7.3044366 5.25854771073 0)
(-0.22462648 3.28644245886 0)
(6.1103082 -11.0325111939 0)
(14.831572 3.12332093165 0)
(0.67134013 -1.03987765458 0)
(4.5463107 -1.2573856017 0)
(-0.46103788 5.28759254489 0)
(-1.3894513 0.912638477599 0)
(11.728483 -1.92237280047 0)
(-0.69230106 5.15815717997 0)
(0.96117659 0.264364040734 0)
(0.51799445 6.07121099146 0)
(0.54477408 -1.04593977699 0)
(15.998204 -4.18026132184 0)
(13.593202 -7.93792022609 0)
(4.0615275 -5.84884874521 0)
(4.3576765 -5.70201095476 0)
(4.0867688 -5.52002957402 0)
(4.3767116 -5.37658075802 0)
(4.1090917 -5.19518297795 0)
(3.8204867 -5.33908510376 0)
(4.396992 -5.05319859626 0)
(3.9359697 3.06953965635 0)
(3.9069606 12.6638132613 0)
(3.5104219 12.4507209593 0)
(3.4963048 12.0072045315 0)
(3.1198669 12.2347037506 0)
(3.1284895 12.6791826921 0)
(2.7416012 12.4601693231 0)
(2.7349248 12.0196868117 0)
(2.3576901 12.2420626686 0)
(2.3529322 11.8083182881 0)
(1.9773517 12.0262326895 0)
(1.9804539 12.4621118052 0)
(1.5989116 12.2449461851 0)
(1.5994804 12.687020976 0)
(1.2172021 12.4656968077 0)
(1.220024 12.0264240601 0)
(0.83775743 12.243625746 0)
(0.83383684 12.684703926 0)
(0.47636288 12.4622710185 0)
(12.690454 5.89171156313 0)
(-1.6432942 -8.79270725832 0)
(-2.452451 4.72025022208 0)
(9.5351023 -11.5287981845 0)
(7.1744014 -5.62495766604 0)
(1.6711545 -1.79864118733 0)
(5.7976036 4.10654358168 0)
(11.602112 1.19179477466 0)
(1.3088511 -2.76176092895 0)
(16.1368 10.0755640833 0)
(14.443024 2.92786272276 0)
(14.805774 2.68862407309 0)
(1.5164771 -8.06322895631 0)
(4.977539 4.58857890935 0)
(-3.9650831 6.27399991099 0)
(-3.6628706 6.4662966924 0)
(-0.77623427 -10.7891822529 0)
(-1.165937 -10.9628046784 0)
(-0.81421554 -11.2176546485 0)
(-1.2137382 -11.3930258628 0)
(-0.8565722 -11.6516640492 0)
(-1.2625063 -11.8292138488 0)
(-1.6183318 -11.5674893104 0)
(-1.6707936 -12.005369719 0)
(-2.0290928 -11.7430851748 0)
(-2.0815532 -12.1871160253 0)
(-2.4449811 -11.9214382923 0)
(-0.90616591 -12.0891985361 0)
(-0.49456024 -11.9095139059 0)
(-0.54560379 -12.3538024361 0)
(-0.13295075 -12.1690297703 0)
(-2.4956317 -12.3733284646 0)
(-2.8633686 -12.1026771951 0)
(-0.18036848 -12.6173148712 0)
(0.23089267 -12.4311877777 0)
(-2.9147218 -12.5593131522 0)
(-3.2847005 -12.2854142835 0)
(-3.2152229 -11.8296691714 0)
(-3.6508601 -12.0110105862 0)
(-3.5777967 -11.4945087866 0)
(-4.0194125 -11.7234516015 0)
(-4.0760674 -12.1927899634 0)
(-4.4460632 -11.9132717765 0)
(-4.3921657 -11.4531737298 0)
(-4.8167771 -11.6354427106 0)
(-4.7612799 -11.1759205152 0)
(-5.1890637 -11.3550485151 0)
(-5.2401084 -11.8200250119 0)
(-5.6177038 -11.5376480183 0)
(-5.5602915 -11.0725406663 0)
(-5.9906209 -11.2545033986 0)
(-6.0499167 -11.7216305772 0)
(-6.4275377 -11.4341736627 0)
(-6.4879754 -11.9059567632 0)
(-5.9306275 -10.7904286023 0)
(-6.8683932 -11.6151203252 0)
(-6.9309824 -12.0905192836 0)
(-6.5468834 -12.3826619149 0)
(-6.9933339 -12.5688897413 0)
(-7.3125063 -11.7980732186 0)
(-7.2586565 -11.2536955524 0)
(-2.1361494 -12.6321246037 0)
(-5.5018802 -10.6107002271 0)
(-5.8696367 -10.3310439054 0)
(-3.3362917 -12.7464313463 0)
(-4.4951508 -12.3764571046 0)
(0.65677862 -2.99894301164 0)
(17.014009 10.9880746895 0)
(17.44558 11.2119391189 0)
(17.424341 10.7260311564 0)
(16.6458 12.2176081072 0)
(17.077185 12.4448499332 0)
(17.489811 12.1834282147 0)
(16.891986 -2.41472810831 0)
(16.91811 -1.9557994411 0)
(17.303703 -2.20844680169 0)
(17.329239 -1.74433739336 0)
(1.7278426 -10.8170274765 0)
(2.0764153 -11.0559451215 0)
(1.6881251 -11.2379486151 0)
(2.0322604 -11.4664208407 0)
(9.390265 2.65542057682 0)
(3.6969008 -12.6828396986 0)
(11.758756 9.62005277455 0)
(17.151076 2.50383807903 0)
(17.123357 2.03958801833 0)
(17.539408 2.25144728869 0)
(17.511564 1.78568719314 0)
(17.094837 1.57820834504 0)
(17.483022 1.32135872495 0)
(13.249605 8.62886964396 0)
(16.331323 2.09183982194 0)
(17.719236 -2.00026286333 0)
(17.744967 -1.53161129857 0)
(8.6277237 -3.71058353262 0)
(9.8846897 -4.51562439839 0)
(-1.5434758 0.876420432731 0)
(6.2243138 -3.27836733425 0)
(12.59145 0.923795678716 0)
(8.1996543 2.75960019777 0)
(0.54130505 8.13142762222 0)
(0.25387614 8.31067031351 0)
(8.4000442 10.2569667308 0)
(9.1808601 -5.26924924373 0)
(16.487957 -8.44589378852 0)
(13.074123 -3.98543806554 0)
(10.75043 -7.99640984187 0)
(10.726061 -8.42465569331 0)
(11.111705 -8.2286915991 0)
(11.087308 -8.66007529891 0)
(10.700475 -8.85469232003 0)
(11.474486 -8.464650721 0)
(11.497897 -8.03101060253 0)
(7.1152635 -6.73500024644 0)
(7.4530446 -6.56867973872 0)
(-1.1796895 10.8165031612 0)
(-1.5392957 11.0155469274 0)
(-1.1831601 11.2304095623 0)
(-1.5508406 11.4346616275 0)
(-1.1910369 11.6489192937 0)
(-1.565173 11.8562247987 0)
(-1.9289417 11.6368279635 0)
(-1.9411485 12.0690025894 0)
(-2.3156601 11.8419264193 0)
(-2.3270536 12.2823947618 0)
(-2.7059303 12.0508522022 0)
(-1.5633231 12.2722252456 0)
(-2.7179524 12.4978623398 0)
(-3.1004951 12.2628962804 0)
(10.975994 7.01866943035 0)
(11.610942 2.35674177051 0)
(4.6663688 12.6480143882 0)
(15.718052 5.30541018872 0)
(-6.1899481 -4.37548615127 0)
(0.56101387 2.66398364006 0)
(1.8782531 6.65798541883 0)
(0.45100556 12.9075295603 0)
(-0.14051618 1.00465483912 0)
(9.231602 4.25734330491 0)
(0.31832677 -10.6813638728 0)
(0.28192656 6.22414094265 0)
(-0.32059258 -6.19037669668 0)
(-0.61662771 -6.34063640156 0)
(-0.8959579 -6.15527117733 0)
(-0.91912956 -6.49354512063 0)
(-1.2035817 -6.30314999165 0)
(-1.2269336 -6.6482730823 0)
(-1.5183245 -6.45321299503 0)
(-1.5404986 -6.80578736611 0)
(-1.8374004 -6.60698292999 0)
(-1.8598364 -6.96650659295 0)
(-2.1584695 -6.76459031204 0)
(-1.5591534 -7.16563226125 0)
(-1.8845527 -7.33076854616 0)
(-6.7775316 0.112586705905 0)
(-7.1242076 -0.0431751148954 0)
(-7.0817259 0.342430612823 0)
(-7.4398381 0.191226741112 0)
(-7.481293 -0.207627656313 0)
(0.97318224 3.95514681769 0)
(7.0548272 2.19509570841 0)
(9.5927644 6.2661985583 0)
(-2.6151818 1.50525289101 0)
(-2.5790767 1.72438092356 0)
(-3.5028761 2.46235412076 0)
(-3.733347 2.60129072822 0)
(-2.1350166 -6.40519157072 0)
(-2.4579481 -6.56254942689 0)
(-2.4317753 -6.20415412725 0)
(-2.7551533 -6.35855878041 0)
(-2.7297961 -6.00171854359 0)
(-3.0534736 -6.15597848099 0)
(-2.7996719 -6.70936818995 0)
(-3.0258211 -5.79828199067 0)
(-3.3537101 -5.9552539829 0)
(-3.327793 -5.59468076338 0)
(-3.6535774 -5.75255754371 0)
(-3.624829 -5.39132411039 0)
(-3.9552892 -5.54958611148 0)
(-3.9818987 -5.89110102806 0)
(-3.9215044 -5.17975511351 0)
(-4.2583861 -5.34420616617 0)
(-2.3340474 12.7315190461 0)
(-5.4005392 4.0092938621 0)
(6.3712241 4.71384053635 0)
(6.6422376 4.54029630235 0)
(-6.6265844 3.4096083098 0)
(-0.46776221 5.02206974711 0)
(-3.0897001 11.8197627808 0)
(-3.4831121 12.0262482402 0)
(-3.4974203 12.4761092997 0)
(-3.8825202 12.2371197502 0)
(-3.8607382 11.7065120973 0)
(-4.2674431 11.984765092 0)
(-4.2844151 12.4496468578 0)
(-4.670372 12.2039752131 0)
(-4.6511039 11.7503742771 0)
(-5.0550557 11.9595538654 0)
(-5.0333436 11.5048859384 0)
(-5.4400986 11.7135440245 0)
(-5.46288 12.17352945 0)
(-5.8513469 11.922651537 0)
(-5.8282979 11.4621000946 0)
(-6.2412425 11.6709275525 0)
(-6.2203659 11.2113284582 0)
(-6.6327429 11.4198768752 0)
(-6.6116222 10.9562863316 0)
(-6.650073 11.8920575882 0)
(-7.0235254 11.1664165074 0)
(-7.0013947 10.6980134312 0)
(-7.4183345 10.9126839137 0)
(-7.3936696 10.4434396047 0)
(-6.977581 10.2301438467 0)
(-7.3759429 9.98714172192 0)
(-5.8162736 11.0006668871 0)
(-4.6884929 12.6658329646 0)
(-5.8689833 12.3949188528 0)
(-4.1602022 -2.22311544769 0)
(-7.4421305 11.3847106283 0)
(-4.5784267 -8.85048836539 0)
(4.5966824 -9.82948927079 0)
(-5.9338747 -7.81742871995 0)
(2.9785212 6.86221730015 0)
(0.50105696 -3.65797624692 0)
(3.8809764 9.78375379225 0)
(-1.7761016 -0.242481034732 0)
(-1.8949762 -0.115175975539 0)
(-1.9452826 -0.286760272096 0)
(-4.272496 4.60381285568 0)
(0.58954255 1.12037625968 0)
(1.9837785 12.9079512992 0)
(-0.82610797 11.4457653185 0)
(2.1492238 -7.74092237762 0)
(7.983265 1.13089222613 0)
(8.281129 1.29103082105 0)
(8.5703319 1.11169615015 0)
(-2.3089814 6.869773111 0)
(5.1363714 9.00485594052 0)
(17.042405 -12.6018479832 0)
(17.480143 -12.3792799978 0)
(-6.0537632 8.60539603911 0)
(-6.4164003 8.37510184257 0)
(-2.0707058 -0.151625471729 0)
(-2.1210391 -0.32964327968 0)
(4.2984174 6.00269109519 0)
(16.22916 -0.136528917366 0)
(2.6489335 0.670672390958 0)
(1.423454 3.31612202468 0)
(-3.1649268 5.16668150476 0)
(-3.3816424 -6.3187399251 0)
(1.0634147 -5.4314144831 0)
(-7.1796814 -3.70769003161 0)
(-7.2251354 -4.11070143282 0)
(-7.5657731 -3.8797297931 0)
(-7.6086559 -4.30290129273 0)
(-1.7119611 7.87776799987 0)
(16.606122 -0.375381917948 0)
(-6.979704 -2.06396721571 0)
(13.13852 6.93239763992 0)
(7.6528133 -0.03064327582 0)
(7.6332516 -0.373124453918 0)
(17.528443 -11.4024883294 0)
(17.553659 -10.9135727863 0)
(-7.8071583 0.0325910271982 0)
(-7.8499478 -0.372864225363 0)
(4.1700237 1.1894932445 0)
(4.3528474 1.03291450924 0)
(4.4001409 1.27353054048 0)
(1.5994212 -4.31844886538 0)
(14.569794 -2.26553391017 0)
(3.4951573 1.74173062528 0)
(3.1961396 -1.47973073124 0)
(1.3699777 -3.34100870984 0)
(4.5880551 1.11011529566 0)
(1.152101 1.88777822326 0)
(2.844363 2.31939424754 0)
(-1.6825882 -1.44220106187 0)
(-1.7299585 -1.63543581196 0)
(-1.8793576 -1.4988760778 0)
(2.2274354 2.84355130593 0)
(2.8775315 1.57007559115 0)
(4.147417 0.0893610891476 0)
(4.1944522 -1.8489034464 0)
(-0.071244663 -8.12381803167 0)
(-3.7519867 -0.956152305877 0)
(-3.3903575 0.14847023233 0)
(-3.9817855 2.49928212969 0)
(1.3984324 0.191380248128 0)
(1.4516048 0.3128745784 0)
(0.30629276 -4.97185864419 0)
(-2.4341141 3.46654941467 0)
(3.3660623 -1.64072551533 0)
(2.5354978 0.138032054972 0)
(-0.7624112 2.33617634037 0)
(-0.5957011 -12.8043037232 0)
(-0.19335192 -3.91556071424 0)
(1.7970385 -3.20027558763 0)
(-2.3788937 -11.4758262191 0)
(-3.2371684 -9.87333420698 0)
(3.3231338 -8.92280727856 0)
(-5.4719554 -4.04412321361 0)
(-5.5029397 -4.43113505228 0)
(8.5814446 1.45468658065 0)
(8.8745757 1.27259733591 0)
(2.1214379 1.13511318703 0)
(-0.86770619 -0.437977970617 0)
(-0.96886134 -0.3488394885 0)
(-0.0062843486 -1.22565182189 0)
(-7.9628757 -4.04933924254 0)
(-8.0046981 -4.49039772487 0)
(-7.8599107 -3.61810447149 0)
(-4.2980994 12.9141211174 0)
(3.798515 -11.802844536 0)
(-1.4620747 2.11660328258 0)
(17.511297 12.6732282567 0)
(0.34184 -2.2109292042 0)
(2.4412698 -0.53561948839 0)
(-7.9622326 -8.77901531753 0)
(-7.5918244 -9.06132180696 0)
(-7.1625032 -8.88314213187 0)
(11.87573 -8.26844495149 0)
(11.887375 -7.83303093221 0)
(1.6070483 1.5088969318 0)
(0.83808104 -0.497365550182 0)
(-2.2748966 -2.56297691196 0)
(-2.2197309 -2.31485941354 0)
(4.4643808 -12.7415018918 0)
(4.6385359 1.35371079221 0)
(4.4434962 1.52955145207 0)
(0.59137328 -0.726996677208 0)
(-0.37604369 -7.91161346641 0)
(-0.20312008 -0.921061319359 0)
(-4.2294378 -4.9752775645 0)
(0.24901416 1.40140877426 0)
(-0.49283551 1.28478393187 0)
(-0.44471095 1.41287221912 0)
(0.20283569 3.63513830157 0)
(0.97541743 0.758476083465 0)
(11.0709 -9.09346250412 0)
(10.67204 -9.29112474951 0)
(1.3585545 6.98560176596 0)
(7.6564868 -4.2090131792 0)
(6.6245438 4.21829449929 0)
(6.9146656 4.36377508463 0)
(7.6886987 0.974013752474 0)
(12.109888 -12.7390348892 0)
(12.535059 -12.5217023967 0)
(-7.2713742 4.83598645397 0)
(-7.6224389 4.98921770804 0)
(1.2491451 -0.364000878893 0)
(2.796254 0.542332599959 0)
(6.3889432 -0.14122779361 0)
(0.99279706 -1.97201869825 0)
(7.3531279 12.8092410873 0)
(5.6941974 -4.65328111603 0)
(-6.2823429 5.46227480462 0)
(5.9925646 -4.50115672434 0)
(11.876047 -8.70499922023 0)
(-7.2214967 -9.34181478755 0)
(-7.6519892 -9.52433859683 0)
(6.0557418 3.94020436959 0)
(3.3242789 -12.4272652098 0)
(3.2864156 -12.874439006 0)
(2.9200638 -12.6370534614 0)
(2.8774458 -13.0750033319 0)
(2.5007171 -12.819420759 0)
(1.7173267 -2.62180514881 0)
(16.663855 12.7059999114 0)
(-7.6945607 -11.5045065117 0)
(-7.7592253 -11.9835894995 0)
(17.93039 1.99457811632 0)
(17.957487 2.46507364663 0)
(1.5374249 9.26995857931 0)
(1.8587244 9.0793496815 0)
(3.9470419 -1.92654683722 0)
(1.6528315 -11.628105269 0)
(1.5462286 10.4283720899 0)
(4.9271121 -10.0538544057 0)
(4.1394994 -2.10358131839 0)
(13.676664 1.4624546653 0)
(-4.2947124 -3.52187367704 0)
(-6.7951579 -9.1611856203 0)
(-1.329393 -3.41866784778 0)
(-0.42177454 0.86185545357 0)
(-0.58274842 1.39006596339 0)
(3.0279306 -1.32844329195 0)
(-7.7890257 10.1894338828 0)
(-7.7701427 9.73043905647 0)
(0.83952266 0.460602237006 0)
(1.3119174 2.7151664668 0)
(-0.41529618 4.23902059861 0)
(14.842203 -7.31335322355 0)
(-0.22454908 -13.0723658857 0)
(-4.5713893 5.88428922223 0)
(-4.8688176 5.68736599409 0)
(-4.6400798 11.2843908498 0)
(3.5361328 -4.21711855175 0)
(11.691084 -3.09506815047 0)
(2.9793202 -1.54984724459 0)
(-2.5991143 7.03811171707 0)
(-2.6027779 7.37593865824 0)
(-2.5979155 6.7031457162 0)
(9.9428822 -12.2194949281 0)
(9.9162526 -12.6840242133 0)
(-2.3432181 2.60733091021 0)
(-2.559582 2.52122249455 0)
(-0.7800968 -0.992588770684 0)
(0.050981044 12.6287239339 0)
(0.69329351 0.631277356828 0)
(1.1848099 4.03246406533 0)
(1.3589407 3.88530141275 0)
(0.53106563 10.6265015241 0)
(-0.5675275 -1.80227185095 0)
(9.499113 -12.8915185999 0)
(-1.4958223 1.03116405348 0)
(0.45823878 0.804595546785 0)
(16.601909 -12.8182606255 0)
(17.739901 -8.29696651686 0)
(17.706927 -8.7774287168 0)
(17.273765 -8.98741735371 0)
(11.678609 -12.9526362085 0)
(0.86904596 -8.3852185544 0)
(-6.6082138 -12.8615867224 0)
(-7.0560306 -13.0496007658 0)
(3.6383904 -13.1308200286 0)
(-0.69646605 -0.617540868925 0)
(1.5328467 0.201824993197 0)
(1.5900859 0.326574044726 0)
(1.5053351 0.441469550687 0)
(0.18846416 -3.11852811559 0)
(0.53342515 -8.54839374025 0)
(17.680167 -9.27494231453 0)
(-8.0749698 -6.68326907589 0)
(-8.0536016 -6.25205245579 0)
(17.926277 12.4105645628 0)
(17.95266 12.8930783798 0)
(14.20612 -2.02670754631 0)
(-6.3092747 5.07191192382 0)
(-3.4868931 2.72115220594 0)
(-0.262553 -1.31891453322 0)
(-0.087436179 2.57068865892 0)
(-2.7315757 12.9518591064 0)
(-7.8412096 11.1267889258 0)
(-7.8655047 11.6059365516 0)
(-2.0080502 8.04874159226 0)
(2.8941739 10.4130388044 0)
(6.4492498 -7.05522061961 0)
(7.805509 8.97000834014 0)
(7.464009 9.18233295047 0)
(8.1458483 8.75661137515 0)
(5.4684984 -1.76452440772 0)
(2.2057586 -1.64124649474 0)
(-3.6995591 2.86945516014 0)
(-2.2090271 0.500921224727 0)
(-1.5816068 -7.52513838113 0)
(-1.9087906 -7.70069403182 0)
(16.281812 -5.78854217522 0)
(0.43474369 11.9548469195 0)
(0.92425946 -1.03031325402 0)
(1.0529892 -1.02724448301 0)
(-2.4152325 -4.76430222906 0)
(-4.318707 -3.86550810585 0)
(-3.1162685 -1.67651432072 0)
(-2.8923312 -1.57001911848 0)
(-0.33633046 -6.52554654656 0)
(3.609695 -3.37402433229 0)
(-2.9626947 -13.0226647569 0)
(3.241891 10.5970121646 0)
(17.454661 -12.8707503163 0)
(17.894294 -12.6469209595 0)
(-0.49902167 -0.794204121455 0)
(6.9718297 13.0463096909 0)
(-2.9129221 -1.81540973032 0)
(-2.6938619 -1.73106966297 0)
(-2.6847367 -1.42474358651 0)
(0.38061501 1.42232578637 0)
(0.29381935 1.52695880134 0)
(0.12297618 -1.18069609638 0)
(6.6588956 4.86542435562 0)
(7.1088542 8.99217781587 0)
(7.1224818 9.3918190538 0)
(-3.0928486 -3.27872633388 0)
(0.055598548 13.1243174689 0)
(-4.338561 -10.997535901 0)
(-1.7954359 -2.42122272511 0)
(7.4293078 -6.94701602693 0)
(7.7718077 -6.7773017342 0)
(7.7945922 -6.39654993497 0)
(8.1158002 -6.60582346865 0)
(8.1391161 -6.22104264568 0)
(2.5997951 -3.87739369172 0)
(-1.9305732 5.87569159503 0)
(0.47336266 -0.721246113785 0)
(0.42685634 -0.8339027702 0)
(-5.4444998 -10.1541133581 0)
(17.852719 10.9504707677 0)
(17.829758 10.462682111 0)
(-3.458272 -4.05195517618 0)
(17.245526 -9.48733961728 0)
(0.55447656 8.47449141856 0)
(1.5977513 13.1362972311 0)
(-0.85263347 -0.316564888845 0)
(-0.9340766 -0.238164775039 0)
(-7.7437139 0.423107086995 0)
(-8.1781175 0.325417879467 0)
(8.0913321 7.57492611046 0)
(8.4378191 7.75722932593 0)
(0.260498 8.65640330819 0)
(4.3867908 -2.02600820826 0)
(0.61763705 -1.15504402043 0)
(17.965313 -11.1797415561 0)
(17.990293 -10.6894029842 0)
(-1.7789706 -3.33562020903 0)
(-1.1810397 -2.66926625213 0)
(18.110501 -9.05075070132 0)
(5.7760694 3.81290616626 0)
(6.0103018 3.59552593245 0)
(-3.4475568 2.97192609549 0)
(-0.00061290142 -4.08722519091 0)
(7.7003002 1.30449145364 0)
(-4.564924 -5.13848917292 0)
(-6.9574966 2.09406587363 0)
(-6.6371888 1.91638956051 0)
(-6.9505315 1.73078088458 0)
(-7.6118411 4.59697712073 0)
(-7.976644 4.76204793596 0)
(-8.001152 5.18231650774 0)
(-3.3933181 1.5165881232 0)
(10.99839 -11.0261184986 0)
(-2.3738775 2.37930020089 0)
(-6.3266704 2.09563857586 0)
(-6.9653618 4.61003433266 0)
(2.6608822 -2.91053833835 0)
(3.5193879 0.975176920288 0)
(5.5242614 3.96664930944 0)
(-5.052731 -6.64094284623 0)
(-2.3135289 -2.83077209825 0)
(14.231858 -1.59323760571 0)
(13.845778 -1.78865508298 0)
(13.870446 -1.35966023653 0)
(13.489112 -1.55333737863 0)
(13.519314 -1.12009533925 0)
(13.137416 -1.31865592919 0)
(13.167533 -0.889800778708 0)
(12.789003 -1.08506340861 0)
(12.811193 -0.671793974647 0)
(12.443899 -0.856899618405 0)
(12.464897 -0.449553046119 0)
(12.103889 -0.631762559955 0)
(12.125318 -0.22924155727 0)
(11.767854 -0.408968230152 0)
(-8.3638192 1.60136263738 0)
(-0.94112099 -6.83176547268 0)
(2.4267965 -11.29689245 0)
(18.138892 -1.79017135436 0)
(18.111772 -2.26067802219 0)
(18.164646 -1.31932021118 0)
(-6.4335503 8.79899683426 0)
(-6.7968165 8.58400838542 0)
(-0.34440696 7.01666669159 0)
(0.53712353 6.35483048689 0)
(6.5110075 11.064083661 0)
(6.1355117 10.8629629142 0)
(5.9544559 -5.52781510694 0)
(12.506885 -13.0022560687 0)
(12.936909 -12.7845600303 0)
(-3.5387041 8.53063681327 0)
(14.119595 4.04850765824 0)
(13.738844 3.83344858261 0)
(13.715482 3.40944255156 0)
(13.361036 3.64048273129 0)
(13.380486 4.06908571973 0)
(13.009157 3.8716776951 0)
(12.988087 3.45189044164 0)
(12.638901 3.67428451133 0)
(12.658633 4.09235724788 0)
(12.294208 3.89997124024 0)
(12.312525 4.30598881523 0)
(11.951194 4.11810771045 0)
(11.973155 4.51806019357 0)
(11.612736 4.33852857088 0)
(11.93291 3.7141327337 0)
(12.619515 3.26435727513 0)
(6.5816289 -4.87329440958 0)
(6.4948916 10.6354871949 0)
(6.120955 10.438985715 0)
(-7.2781568 -9.80653456969 0)
(-7.7117663 -9.99134358238 0)
(-3.3907125 -13.2132068727 0)
(4.8306142 1.19028539291 0)
(4.7665498 0.943380948191 0)
(4.8823279 1.44001994643 0)
(9.3528311 -7.4966264459 0)
(-6.6322673 1.55124311094 0)
(6.4245592 6.71926403252 0)
(6.4134549 6.36174342527 0)
(6.1122737 6.54940726884 0)
(6.1017358 6.20010559854 0)
(5.8063924 6.3830803449 0)
(-7.2767846 -4.52667280825 0)
(-0.69538458 4.89699172242 0)
(8.4927101 -0.971582362421 0)
(8.4750534 -1.32437235086 0)
(8.1809497 -1.13334338666 0)
(8.1629857 -1.48252789392 0)
(8.45528 -1.67467748264 0)
(7.8705326 -1.28298086558 0)
(8.1432458 -1.83250006036 0)
(8.4359657 -2.02550016456 0)
(8.1220921 -2.18267694939 0)
(7.8313958 -1.9906614342 0)
(8.4169317 -2.37793878748 0)
(3.8941617 -2.18330702607 0)
(8.4624418 -6.4330973714 0)
(11.30019 8.05246585426 0)
(16.627841 0.0677151224511 0)
(17.004905 -0.165487165701 0)
(6.9745477 -10.2664459985 0)
(8.8855485 1.61994245077 0)
(9.1831195 1.43564929306 0)
(-2.164382 2.46167832555 0)
(13.04177 -9.93994282067 0)
(-2.8948515 -10.1330106502 0)
(0.27656258 -11.9843074535 0)
(4.6296317 10.9106075097 0)
(4.9875448 10.6904783983 0)
(11.652804 6.1933521867 0)
(16.096664 -8.18191102076 0)
(16.062938 -8.6519580667 0)
(15.672727 -3.02062289173 0)
(8.2960198 1.61236546365 0)
(17.402728 10.2388192053 0)
(17.811216 9.97506654487 0)
(17.381149 9.75105197395 0)
(17.789097 9.48848909098 0)
(17.360375 9.26118406482 0)
(17.766578 9.00299563299 0)
(17.339371 8.7761956705 0)
(17.74391 8.51949805595 0)
(17.315343 8.29779827571 0)
(17.72137 8.03800139019 0)
(17.293699 7.81863881408 0)
(16.891222 8.0763597547 0)
(16.868974 7.60152880155 0)
(17.271545 7.33700855627 0)
(16.469052 7.85583953789 0)
(16.448189 7.38532671585 0)
(16.053754 7.63806823069 0)
(16.489824 8.32479153611 0)
(16.031847 7.17032201505 0)
(15.641534 7.42127224397 0)
(16.424736 6.91892600135 0)
(15.661135 7.88602367812 0)
(15.252281 7.67095812509 0)
(15.270899 8.1312242908 0)
(14.864532 7.91839566166 0)
(15.232566 7.20741869511 0)
(-0.35277105 12.895610594 0)
(-0.53651252 1.52205488233 0)
(-0.39242061 1.54552196217 0)
(11.628817 4.75672801796 0)
(11.26835 4.54240162527 0)
(11.257745 4.15675218497 0)
(10.926205 4.36944902237 0)
(-2.2780732 11.41228943 0)
(-4.7096854 13.1339427417 0)
(-6.373434 -5.60772732593 0)
(16.192884 -12.554609719 0)
(16.16333 -13.0391117952 0)
(15.757034 -12.7798126387 0)
(8.0629431 -10.1266763691 0)
(15.366499 11.5438481725 0)
(15.385776 12.0206610527 0)
(14.957252 11.8014240419 0)
(14.977509 12.2781880531 0)
(14.550815 12.0545951855 0)
(14.568738 12.5334613094 0)
(14.142278 12.3105834291 0)
(14.14851 12.7892008629 0)
(13.732846 12.5659271572 0)
(13.716228 12.0846105749 0)
(13.316003 12.3286001185 0)
(13.291227 11.861243557 0)
(12.895992 12.1018344233 0)
(12.873232 11.6393599376 0)
(12.472507 11.8904162585 0)
(12.467629 12.4068613771 0)
(12.05689 12.1320986972 0)
(12.053311 11.6709326908 0)
(11.654944 11.9186116369 0)
(11.657583 12.3710296927 0)
(11.255954 12.1636256522 0)
(11.258174 12.6161018408 0)
(10.85393 12.410174465 0)
(14.986963 12.7618239157 0)
(11.683962 12.84407548 0)
(13.244367 12.8272477834 0)
(10.857784 12.86314824 0)
(10.452522 12.6569177737 0)
(10.843665 11.945331964 0)
(11.641592 11.4539842819 0)
(12.036492 11.2083285608 0)
(13.271006 11.3890826349 0)
(-6.1609649 -12.6744303669 0)
(-2.4614474 -2.40504893206 0)
(9.4601991 -0.117382631472 0)
(9.4733337 0.243063995811 0)
(9.7812987 0.0505241296808 0)
(9.7957497 0.416316398817 0)
(10.1073 0.220494198123 0)
(10.121261 0.59038368887 0)
(10.435565 0.392293193982 0)
(9.6125437 -8.56344208247 0)
(17.517953 13.2263529711 0)
(4.6641164 -5.23261148521 0)
(4.6847927 -4.90812528832 0)
(14.631114 -11.003588396 0)
(15.087537 -9.90648023862 0)
(7.1935623 -5.25990269201 0)
(7.5007411 -5.45834131827 0)
(-0.25043549 -4.1703718948 0)
(16.099173 5.06220598285 0)
(16.127089 5.50472025424 0)
(16.507255 5.26798735888 0)
(17.772247 -7.81771740806 0)
(5.7144937 -4.32654724481 0)
(-3.6539962 6.11513469576 0)
(17.557207 -4.74941955285 0)
(17.950831 -5.0096642253 0)
(17.980503 -4.53605338065 0)
(17.917781 -5.47890255913 0)
(-1.5099652 -10.7053182113 0)
(-4.3048337 13.3735230573 0)
(-1.5016445 -6.10326156045 0)
(-7.9473795 4.34329024064 0)
(5.8039535 12.4013799833 0)
(7.9956047 -11.8683585344 0)
(12.431842 7.80243266078 0)
(-2.8999321 7.20686784946 0)
(-2.8996317 7.5551337755 0)
(10.826074 -6.3424680142 0)
(4.5282332 -6.95193076086 0)
(0.097176009 -1.31704472581 0)
(6.3010664 2.6912605183 0)
(11.78896 -0.0114391697496 0)
(11.435218 -0.191007580678 0)
(2.8307803 0.739050643025 0)
(2.9830267 0.612134238279 0)
(2.957393 0.400532914535 0)
(6.7662405 9.20279391094 0)
(-1.6540496 0.998143992362 0)
(-1.7032512 0.836973659031 0)
(5.2966577 -9.88148643071 0)
(7.7384182 12.5670739315 0)
(7.7582468 13.0244016413 0)
(8.1474962 12.7770281501 0)
(8.1674596 13.2401343133 0)
(8.5577482 12.9961366963 0)
(6.5897854 -2.45990228318 0)
(2.4662058 -13.2793497866 0)
(2.0820246 -13.0176059233 0)
(8.7350321 -2.21853076684 0)
(8.7163693 -2.57607940481 0)
(17.868371 -13.1405619002 0)
(10.466769 13.1273483921 0)
(10.066431 12.9057200839 0)
(10.042685 12.4381039004 0)
(-0.40954549 -8.28362246269 0)
(-3.947469 9.93468810219 0)
(0.53513695 -0.63325980434 0)
(18.234799 9.1749739249 0)
(1.0099541 4.17854681722 0)
(0.79539322 4.0986186027 0)
(0.83264473 4.32644623671 0)
(0.61228439 4.24375054677 0)
(-1.9946016 -0.464078818084 0)
(-2.1696758 -0.512531397723 0)
(-2.2215021 -7.49352494244 0)
(-2.2483926 -7.87253610356 0)
(-2.5671826 -7.65893157335 0)
(14.179896 -2.46053080643 0)
(14.542743 -2.69931151094 0)
(-3.7461333 0.633020836756 0)
(12.258746 -8.06962284909 0)
(12.274261 -7.63406262067 0)
(11.909111 -7.39870694058 0)
(12.293535 -7.20072443338 0)
(11.932 -6.96655089418 0)
(6.3807385 5.03495409758 0)
(3.114375 -2.76470599995 0)
(3.3495082 -2.68531786602 0)
(-2.3395816 13.1883273027 0)
(9.889159 -13.1522753828 0)
(6.8963007 4.03941090702 0)
(7.1895288 4.18605109048 0)
(7.2076077 4.51539064336 0)
(4.567449 -10.2232046811 0)
(-0.044939295 8.48943114763 0)
(-5.1951476 5.84789939066 0)
(-5.1679907 5.48796932099 0)
(-8.0875079 -9.70731700395 0)
(-8.1495524 -10.1781564589 0)
(10.939195 13.3363940015 0)
(-0.39976918 -1.36214623943 0)
(0.18610034 10.826155682 0)
(-1.9319115 -1.69729791168 0)
(4.3532858 -1.08619941389 0)
(4.5963607 -0.999112183572 0)
(-1.0558921 1.08968957239 0)
(-1.0080385 1.22607166711 0)
(0.22884862 -1.27091520936 0)
(8.4216852 7.36493312496 0)
(8.7694471 7.54677027504 0)
(8.7893784 7.93898875531 0)
(9.1242429 7.72814132389 0)
(9.1439467 8.12658577923 0)
(9.4826219 7.91232111756 0)
(8.7514396 7.15422362169 0)
(-0.38110599 -2.67273319368 0)
(12.359315 4.72974956877 0)
(1.6481026 0.456283366022 0)
(-8.3684344 -4.23069213086 0)
(-8.4100788 -4.67637823926 0)
(16.200457 -6.77635029191 0)
(-4.5848219 -5.49581695658 0)
(-4.9027661 -5.29190366875 0)
(-1.7005546 8.21647822073 0)
(-6.2218616 -13.1540635136 0)
(-5.7745036 -12.9658280864 0)
(-4.3597135 1.37092111485 0)
(-1.4384757 6.43169878972 0)
(-0.96828434 -0.820541536116 0)
(1.99218 13.3600199531 0)
(9.462683 7.51060399518 0)
(9.8226442 7.69436166707 0)
(7.4079822 1.14929201019 0)
(7.3980383 0.822859494429 0)
(10.422884 0.0258099768003 0)
(-4.3034762 7.17015220635 0)
(-4.0162755 7.35463930913 0)
(11.048721 -9.5317853313 0)
(10.656051 -9.74737852747 0)
(10.278121 -9.49085218816 0)
(10.261713 -9.9474508632 0)
(9.8855626 -9.68810584418 0)
(9.858914 -10.1268511654 0)
(9.4915502 -9.87912050658 0)
(-1.8379943 0.040313023588 0)
(17.41111 -13.3285289046 0)
(-0.82642625 -0.21219803502 0)
(-0.90030054 -0.134368327746 0)
(-1.0217278 -0.138100011856 0)
(-0.78622406 -0.113696941485 0)
(-0.86741804 -0.0377287299798 0)
(-0.64467662 -13.260845877 0)
(1.9953124 11.5078143657 0)
(4.9661599 -11.2181436977 0)
(1.4871403 -1.20841716622 0)
(1.5195812 -1.03895355519 0)
(-8.0412473 -4.93473545584 0)
(-8.2471491 -7.55633059013 0)
(8.1625551 9.16110475224 0)
(8.5030306 8.94456254936 0)
(4.7470038 -1.43272745773 0)
(-0.59770102 -1.16729859699 0)
(12.313604 -6.77020220566 0)
(9.0382041 -2.41402957281 0)
(9.0184622 -2.77940932745 0)
(9.3465037 -2.61307435994 0)
(9.3259046 -2.98386365928 0)
(7.3577705 -0.189291971843 0)
(7.3388046 -0.523717924054 0)
(4.1343982 -4.86921821344 0)
(0.36570483 -0.743400331692 0)
(-2.7496773 2.66791114192 0)
(-2.2483593 -0.203346565228 0)
(1.3997363 4.11081543779 0)
(7.5114663 9.56308922505 0)
(14.419212 2.49421209821 0)
(14.780706 2.2548795646 0)
(4.2583214 11.125581506 0)
(18.352769 2.20598043752 0)
(18.324095 1.73521298345 0)
(18.378616 2.67934476443 0)
(-2.784711 2.43852163877 0)
(12.905715 -13.2609318528 0)
(13.340415 -13.048023343 0)
(13.367439 -12.5655234576 0)
(13.772438 -12.82951748 0)
(13.797844 -12.3468214296 0)
(14.189298 -12.6094828553 0)
(14.135819 -13.1183210861 0)
(1.295652 -11.4162864625 0)
(10.333287 -12.474786761 0)
(-8.1329524 -11.687436197 0)
(-8.2110179 -12.1389111936 0)
(6.0074226 -4.16324334967 0)
(-3.2917085 -10.3020975163 0)
(3.2049686 -2.28582331088 0)
(-4.5509887 5.53174844591 0)
(18.358361 12.6245216852 0)
(18.34315 12.1431490304 0)
(18.415553 13.164813676 0)
(-2.7878766 1.63913108508 0)
(-8.4441605 -6.41048347291 0)
(-0.26897466 -13.5335606258 0)
(0.13727617 -13.3394393023 0)
(-8.449113 -5.12537647379 0)
(-0.75257368 -0.284517679653 0)
(1.1275202 -0.912426849975 0)
(18.37759 -4.79940875517 0)
(18.392865 -4.32201590911 0)
(12.965449 3.03907958188 0)
(10.90921 3.97989372034 0)
(10.583131 4.18889647259 0)
(16.011365 6.70518087442 0)
(0.6199382 -12.255223204 0)
(18.151349 8.25961442393 0)
(18.128416 7.77543067748 0)
(-8.1859755 9.9312669797 0)
(-8.1567349 9.45814095899 0)
(13.30267 -13.5069760142 0)
(18.246767 10.1985423001 0)
(-4.5387782 -4.76804607821 0)
(16.527145 5.72869729302 0)
(16.917673 5.4796102349 0)
(16.982377 5.96491667495 0)
(17.350088 5.67822654065 0)
(17.309255 5.22404392019 0)
(17.731914 5.43583662964 0)
(17.705932 4.96438175293 0)
(17.751661 5.91029511358 0)
(18.128629 5.18140745509 0)
(18.104458 4.70479404783 0)
(1.6730558 0.210645050867 0)
(1.6122853 0.0888830177264 0)
(-1.6020619 -1.77507782008 0)
(-0.29042985 -1.46439267284 0)
(-8.2698637 11.3436762247 0)
(-8.2885046 11.8266215884 0)
(-7.8845289 12.0889565749 0)
(-8.3109841 12.3114134616 0)
(-7.9054274 12.5743407461 0)
(-8.3289455 12.7990159486 0)
(-7.9279345 13.0620203538 0)
(-7.4937721 12.8372938663 0)
(-7.517301 13.3251151546 0)
(-7.0831726 13.099413252 0)
(-8.385053 13.3355088786 0)
(-5.7839039 -9.88341716642 0)
(18.173234 -8.08447601723 0)
(18.205677 -7.60168154268 0)
(-1.1530826 1.19887311515 0)
(7.7453789 -7.15644036147 0)
(7.401158 -7.33223879338 0)
(1.5376888 8.89840667563 0)
(1.8494482 8.71109826174 0)
(0.3016539 6.51113290585 0)
(-4.3172174 10.131756287 0)
(-3.9580209 10.3558124257 0)
(-4.6758459 9.9069117973 0)
(-6.9448787 1.37032896652 0)
(-0.039238682 8.84054869279 0)
(-0.35050293 8.66819023246 0)
(-0.71773983 -8.06827893806 0)
(14.153829 -2.89350114327 0)
(14.514398 -3.13318533489 0)
(14.126479 -3.32747147873 0)
(14.487395 -3.5676065764 0)
(2.398766 -1.57064190072 0)
(2.426387 -1.3793973768 0)
(5.5050851 3.68011586461 0)
(5.2608906 3.82752295431 0)
(15.728011 -13.2665175491 0)
(5.4315841 -4.47665425721 0)
(9.6589005 -2.81477853332 0)
(9.6384643 -3.19003688794 0)
(9.9757417 -3.01918977207 0)
(9.9550246 -3.39964725509 0)
(4.0842429 -2.36048490234 0)
(-8.3286874 4.52264057579 0)
(-8.3003771 4.09186731307 0)
(-2.1941081 8.9756316856 0)
(9.5000555 8.31823657484 0)
(10.932256 4.73059498085 0)
(-5.9848816 -5.45258841752 0)
(4.3582434 -8.42832145853 0)
(4.0474233 -8.21162570206 0)
(14.099129 -3.7617133572 0)
(14.462472 -4.00421812267 0)
(0.65219543 4.4766752904 0)
(0.42897734 4.39303797571 0)
(18.535887 -2.049298427 0)
(-2.6993139 -5.64709928209 0)
(10.102971 13.3670637844 0)
(1.5743383 3.96086260655 0)
(-3.6646982 3.13526350799 0)
(-3.4198986 3.24121956273 0)
(-3.9093017 3.025271534 0)
(-1.8175713 0.957129649543 0)
(11.627433 10.9922817129 0)
(12.016782 10.750026949 0)
(8.4833242 -6.04698362459 0)
(-0.34160602 13.3576374817 0)
(-0.73371932 13.1283407138 0)
(8.4398654 -6.821803607 0)
(18.521168 4.94168106011 0)
(-6.278581 -10.5371312379 0)
(11.431836 0.184405722627 0)
(-4.5954405 -3.67070232464 0)
(18.476788 4.46743003384 0)
(14.850061 -3.81339766426 0)
(14.827503 -4.24967892485 0)
(18.501404 -2.51087224099 0)
(8.5800158 13.4586989915 0)
(0.32008797 -0.837945195942 0)
(0.26905976 -0.749071736893 0)
(2.9015288 10.8151745219 0)
(10.296885 -3.22653182136 0)
(10.275858 -3.61216498912 0)
(10.622291 -3.43675707917 0)
(15.197313 2.87945801495 0)
(0.43792749 13.3483255013 0)
(12.75947 -1.50206152314 0)
(6.3545111 -9.36286513003 0)
(-6.7534936 -8.67356190223 0)
(-6.3886504 -8.9603444929 0)
(-3.3734838 6.3007400231 0)
(-2.7442247 13.4129480177 0)
(-6.6229423 1.19622823417 0)
(5.2743303 -10.2713723715 0)
(5.6411401 -10.1083197248 0)
(9.466546 -13.3614228154 0)
(-3.573251 -5.02734576768 0)
(12.477656 -13.4893129361 0)
(-0.67955781 1.495924273 0)
(-5.3697433 -9.70587570943 0)
(-5.0197186 -9.98228810059 0)
(6.4399248 8.20927895537 0)
(18.290493 -12.9151977985 0)
(18.331099 -12.4228340746 0)
(5.7942864 6.04230662062 0)
(5.504489 6.22278727129 0)
(5.5139023 6.56080868071 0)
(5.21534 6.40087584948 0)
(5.2243574 6.73790265138 0)
(4.926474 6.57807260778 0)
(4.9347775 6.91374687397 0)
(4.6375504 6.75486565984 0)
(4.6470099 7.09187530908 0)
(4.3492622 6.93094902094 0)
(4.3569829 7.26793905218 0)
(4.0589948 7.10864889339 0)
(4.066963 7.44551370179 0)
(3.7683886 7.28617510782 0)
(3.7764921 7.62410685037 0)
(3.4768471 7.46403984975 0)
(3.4861304 7.80542849029 0)
(3.184054 7.6429962014 0)
(3.1934362 7.98635411184 0)
(-8.3331133 -8.49375191792 0)
(2.3546336 -1.77427990032 0)
(2.1664031 -1.8323145461 0)
(-0.0066801236 -7.39378082011 0)
(-0.77852829 -0.0116990632902 0)
(-0.84312356 0.0548466733124 0)
(-0.75892985 0.0794418137581 0)
(-0.81876666 0.142299749892 0)
(-0.73679255 0.161894273577 0)
(-0.7960387 0.22836931556 0)
(-0.88753135 0.207514245083 0)
(-0.85895761 0.302127292874 0)
(-0.74875493 0.317189606054 0)
(-0.82343758 0.397828359316 0)
(-0.72081614 0.419879542336 0)
(7.6896541 6.66391989505 0)
(6.0834839 5.85809919279 0)
(17.117784 -10.6918307233 0)
(-1.1044786 1.34293895548 0)
(6.7857407 9.60119764324 0)
(6.4252922 9.41165269188 0)
(-0.82098416 11.8583356279 0)
(-2.0440977 -0.650748798325 0)
(-2.2265635 -0.700169391623 0)
(-2.0965069 -0.842825899374 0)
(-2.2948118 -0.889595744285 0)
(-2.4382441 -0.713427961892 0)
(-2.1495454 -1.03424958593 0)
(0.53521084 11.0277305055 0)
(0.84446042 -8.75997766809 0)
(2.9014035 7.84089796313 0)
(2.9010251 8.17151498316 0)
(2.6070931 8.02516011244 0)
(2.6027103 8.35039494374 0)
(0.46922624 4.62935276396 0)
(0.24225322 4.54425596583 0)
(0.28316856 4.7846909268 0)
(10.456062 0.75649697977 0)
(10.129037 0.977776764136 0)
(-2.2272736 0.317069171212 0)
(-2.4115284 0.230674750557 0)
(-2.0536301 0.388226598397 0)
(16.582921 -0.812446366063 0)
(5.0795665 1.27259185174 0)
(-2.0860958 -1.55532971433 0)
(-2.1363202 -1.78014453428 0)
(-0.05176594 -4.34632899405 0)
(0.18874032 -4.25591573772 0)
(-0.94052419 0.0268554428175 0)
(-7.7082559 9.24371816673 0)
(-8.1196255 8.9790894731 0)
(-8.5490455 9.19209628946 0)
(-8.516101 8.71923075319 0)
(-8.0929675 8.51144978372 0)
(-8.4833397 8.25016690796 0)
(-8.0629934 8.0421456505 0)
(-8.4369791 7.78689858957 0)
(-8.0339872 7.58067830403 0)
(-8.4018552 7.32791489283 0)
(-7.6530767 7.8305527275 0)
(8.8609577 0.928562565218 0)
(18.081728 -2.73287621967 0)
(18.453579 -2.97389518496 0)
(-6.2734592 -7.55621087952 0)
(9.1746618 1.79723392482 0)
(8.8932546 1.97083571731 0)
(9.4844389 1.58916480918 0)
(-2.0882091 -4.0060460131 0)
(7.522068 -5.09235736142 0)
(-3.3570796 5.95154552119 0)
(-3.6340188 5.77207081155 0)
(-3.0888646 6.12777245567 0)
(7.8294151 -5.29272537794 0)
(18.074716 4.23111057767 0)
(18.456806 3.9727609227 0)
(1.5569504 0.56755911369 0)
(5.7424816 -4.0027733645 0)
(0.50238985 -8.92652100119 0)
(12.636351 -7.43344621518 0)
(0.06546035 4.69520849328 0)
(-2.5589023 10.3790066031 0)
(-2.919662 10.5800833736 0)
(-0.48709923 1.65928918428 0)
(-1.0179823 -12.9894032769 0)
(-1.0687098 -13.450239053 0)
(4.6224197 10.492415183 0)
(4.985426 10.2738369264 0)
(10.966878 -11.4856074156 0)
(7.4196123 1.47432230839 0)
(6.6707684 5.19266195171 0)
(17.769291 -1.06115264624 0)
(18.200443 -0.866945337951 0)
(3.0226097 -2.1279643217 0)
(18.075286 -9.6082885473 0)
(-0.3417747 1.68936280238 0)
(-2.7503934 1.86696884208 0)
(0.99603962 -1.14653883206 0)
(5.1208148 1.52228402319 0)
(14.226322 -12.1276348558 0)
(-6.3169941 1.37337722694 0)
(18.283606 -13.4113130815 0)
(-8.7543151 12.5330541825 0)
(-3.0219109 -13.4685120388 0)
(-2.5011017 -0.938300342377 0)
(10.600975 -3.82749947961 0)
(10.942156 -3.66496167112 0)
(8.7903952 -6.64666556859 0)
(-0.35238151 9.01393704278 0)
(-0.66173044 8.85006648242 0)
(0.25129466 -1.1262842148 0)
(-1.6025151 1.15630566837 0)
(3.2477245 10.9820948778 0)
(14.597229 -12.4070318243 0)
(0.38650911 4.1579749364 0)
(17.063278 1.12301153639 0)
(17.454026 0.857417159809 0)
(-1.6155611 -7.92512016051 0)
(-1.868218 0.799485871117 0)
(11.953266 -6.53867416939 0)
(7.8098334 -2.33789168795 0)
(7.5219586 -2.14800689295 0)
(11.614011 10.5364324658 0)
(0.4402168 1.55331692947 0)
(0.51232521 1.44158880218 0)
(0.35538901 1.66454845315 0)
(0.2042543 1.6352513737 0)
(-0.67584677 -7.70135792261 0)
(9.6761024 12.6936950237 0)
(9.6384448 12.2181947524 0)
(-2.3126552 6.53926292074 0)
(7.1228397 0.994050691511 0)
(7.1084248 0.664120924923 0)
(-0.79071489 0.496088057796 0)
(-0.68952217 0.510460748428 0)
(-1.4051222 8.04158463015 0)
(-1.4074557 8.38332767318 0)
(11.787052 0.35162639001 0)
(2.0473673 -13.4809754976 0)
(1.6653389 -13.2172110259 0)
(1.700108 -12.756666033 0)
(2.4347011 -13.7455537206 0)
(18.751537 1.94590994217 0)
(0.56567031 8.81774948331 0)
(18.564389 5.38239319275 0)
(11.412428 -0.585070139827 0)
(-7.542635 4.15711128048 0)
(-2.9486891 -10.556535536 0)
(-7.9927455 1.3950256675 0)
(-8.3578494 1.17678706072 0)
(-6.9542223 9.79401904196 0)
(-6.5693122 10.0224746531 0)
(18.403753 -10.9566100679 0)
(18.428417 -10.4646955197 0)
(12.599182 2.85335157045 0)
(0.72847184 3.65341671135 0)
(-4.676986 10.3435978894 0)
(-5.0549325 10.1037671793 0)
(-2.5968652 -8.04762219242 0)
(3.0137814 0.819087500032 0)
(2.8605003 0.940196501933 0)
(3.1746214 0.681335853084 0)
(1.4194284 0.554239744975 0)
(1.4647162 0.680827153374 0)
(13.180206 -0.462478639218 0)
(0.10839901 4.92461125417 0)
(4.9438297 1.69679185027 0)
(14.882421 8.37673017791 0)
(14.478067 8.16322246934 0)
(14.459629 7.70937493251 0)
(14.077255 7.95177861242 0)
(15.289233 8.5907154947 0)
(14.059334 7.49896202013 0)
(13.680948 7.74195599591 0)
(7.7740631 13.4629978559 0)
(-7.5142573 -0.613537910067 0)
(-7.8878783 -0.788799460935 0)
(-8.2328945 -0.542103999078 0)
(-8.273893 -0.966077448181 0)
(-7.9220186 -1.21101668214 0)
(-8.309886 -1.39338268202 0)
(-7.9560318 -1.64119273257 0)
(-8.3465748 -1.82514155393 0)
(-7.9900745 -2.07481292544 0)
(-8.3826752 -2.26119648615 0)
(-8.0239843 -2.50745370967 0)
(-8.4206807 -2.69850938832 0)
(1.295509 -12.9776867859 0)
(1.2706337 -13.4107510277 0)
(-6.828316 8.13538845054 0)
(-8.6297601 -0.717349506796 0)
(1.1281197 -1.1526777622 0)
(-0.24722416 1.56860108209 0)
(-0.19520449 1.71284330286 0)
(12.491722 -0.0227179770946 0)
(18.514035 -9.32084216899 0)
(4.4020109 -0.827274626653 0)
(4.6451699 -0.738376111636 0)
(4.8466939 -0.912904820365 0)
(4.8919678 -0.649576102775 0)
(4.691233 -0.476681948139 0)
(4.9382913 -0.386437663486 0)
(4.7374208 -0.2162649288 0)
(4.9771551 -0.123075772091 0)
(4.7835375 0.0465883852996 0)
(5.0222193 0.139168595847 0)
(4.8299751 0.308303170669 0)
(5.078168 0.400352651454 0)
(2.3496086 -11.7000425231 0)
(-4.2051065 -4.60906014802 0)
(10.228791 -10.3802354033 0)
(-5.8205295 -13.4293443617 0)
(-5.3896684 -13.2450762152 0)
(2.7772811 -11.5363982787 0)
(2.8173091 -11.1095298817 0)
(-2.1960334 2.24051957497 0)
(10.517361 -11.1922623587 0)
(0.18340972 11.2295355162 0)
(1.8328895 -0.907404710945 0)
(0.2780709 0.862705650746 0)
(0.17121995 0.859589741818 0)
(0.22865276 0.77764538873 0)
(0.13491352 0.768800159869 0)
(0.076190366 0.842471418556 0)
(0.047209474 0.76016862017 0)
(0.095344554 0.700718398666 0)
(-0.011972487 0.823706650386 0)
(-8.7021705 4.28542104301 0)
(-8.6857201 3.82753980635 0)
(-1.9721893 -1.88271774214 0)
(7.4794288 4.32883690804 0)
(7.4805342 4.65404850178 0)
(-1.2544969 1.31566054274 0)
(-0.46008524 4.76434886125 0)
(-4.6267389 -4.08669797681 0)
(-0.036220876 0.731398513853 0)
(-0.097338842 0.804246838032 0)
(-0.12569349 0.723737702085 0)
(-0.1810486 0.784576624273 0)
(-0.20593728 0.706293458804 0)
(4.3952558 -8.048695689 0)
(4.0764814 -7.83882801807 0)
(3.7428191 -7.99748577275 0)
(1.5968523 13.592714465 0)
(-0.30518468 -4.43178986973 0)
(-0.50734909 -4.24670570604 0)
(-0.91938514 5.02900450915 0)
(-0.92234744 4.77189494994 0)
(0.54750914 6.6388620461 0)
(0.79729392 6.48535039395 0)
(0.30082612 6.80556200224 0)
(-0.022077088 2.12554921629 0)
(3.0747854 -1.10741851278 0)
(2.8657353 -1.17891152475 0)
(2.9082625 -0.967772438534 0)
(0.016667256 4.4572303799 0)
(-3.2022406 8.36781947863 0)
(-3.5168086 8.17308247898 0)
(-2.8847056 8.56508107963 0)
(-0.6275438 0.441431800715 0)
(-0.59691471 0.522667998297 0)
(-0.54463577 0.458083924974 0)
(-0.51436972 0.536439155334 0)
(5.4915123 5.88830283063 0)
(-3.0527594 5.81070487501 0)
(14.082857 -4.19863303324 0)
(12.078431 -1.03875537585 0)
(0.5239652 0.720619946189 0)
(0.42885705 0.706090562885 0)
(0.48220721 0.632147232593 0)
(0.3981357 0.6194705601 0)
(2.5609896 -1.68965082315 0)
(0.20126785 -1.40616275288 0)
(0.34006851 -1.36364866361 0)
(0.073548966 -1.45503448973 0)
(-1.7507157 0.673113632189 0)
(-7.3350003 -10.2752025807 0)
(8.6874576 -2.95662211102 0)
(-2.8367725 -0.508958377427 0)
(2.0046384 0.616104421994 0)
(14.255703 -1.15201510433 0)
(2.2949914 8.18400125162 0)
(4.4168276 -7.68282665155 0)
(9.8295655 -10.5681521893 0)
(7.060988 -0.349231793592 0)
(7.0470032 -0.674776488796 0)
(7.0771941 -0.0215430679853 0)
(5.863838 -6.2912633633 0)
(-6.0692123 -2.79810618813 0)
(15.946945 2.3500352749 0)
(15.91727 1.9048473755 0)
(0.32568054 -7.24315344545 0)
(2.1778085 8.88552084455 0)
(14.395067 2.06023880991 0)
(14.032764 2.30722281229 0)
(14.756583 1.81323282348 0)
(14.163751 4.9373035607 0)
(12.333705 -6.34257405509 0)
(12.694998 -6.57382571902 0)
(-5.6514061 -5.70294696867 0)
(1.4603764 2.5881235468 0)
(1.2775749 2.52445715627 0)
(1.4212187 2.40218896147 0)
(1.1316983 2.64798904597 0)
(1.2463859 2.34055099108 0)
(1.3876408 2.22012669153 0)
(-2.6317136 -0.394889794916 0)
(7.3193315 -0.85168542988 0)
(7.0300864 -1.00060941398 0)
(0.63328795 -0.623752102091 0)
(0.57089142 -0.547453951916 0)
(0.48647801 -0.553528705421 0)
(13.792712 -2.65608461543 0)
(-2.1139103 -6.04531039816 0)
(-0.56447834 0.602269512651 0)
(-0.48099878 0.616058777876 0)
(-8.7307136 4.74135584022 0)
(7.121893 -8.21352885363 0)
(6.7906388 -7.99606281416 0)
(0.44668489 0.553754027601 0)
(0.5272771 0.556815886765 0)
(7.8518336 -4.92333430727 0)
(-3.2697436 1.08742990446 0)
(-0.7381825 13.5896384959 0)
(-1.1316887 13.3556658186 0)
(-0.33641508 13.8235751445 0)
(7.5421892 -1.80398482856 0)
(7.2378718 -1.95931355677 0)
(-8.1093637 -11.1364811908 0)
(-8.5571769 -11.4087841903 0)
(-0.23686133 -3.04864751297 0)
(4.9492807 -5.09825898562 0)
(18.7746 12.3579601319 0)
(12.256982 3.07748362505 0)
(10.026745 11.975430036 0)
(-1.9908791 2.32338312105 0)
(-1.9574189 2.53933377008 0)
(-1.7891774 2.40222311778 0)
(-1.7540584 2.6139696508 0)
(-1.5894375 2.47942698678 0)
(-1.5539725 2.68855904878 0)
(-1.3919953 2.55567238879 0)
(-1.3627068 2.75668517037 0)
(-1.1976121 2.62992654812 0)
(-1.1737288 2.86132815431 0)
(-1.0051851 2.70948246115 0)
(-0.96865779 2.90843619016 0)
(-0.81115367 2.77976908558 0)
(-0.77726746 2.98146527073 0)
(-0.6196846 2.85255726205 0)
(1.558692 2.27941486743 0)
(1.5260815 2.10072303411 0)
(1.6949669 2.16028794787 0)
(1.6613874 1.98369280347 0)
(12.01295 -3.7387429929 0)
(16.95398 9.51911292867 0)
(-5.5786356 6.37492206693 0)
(-2.2747131 -8.26160608352 0)
(15.674413 -8.38759063072 0)
(15.707368 -7.92142891166 0)
(15.640109 -8.85620629909 0)
(16.027849 -9.12131990593 0)
(-3.2670636 7.32527854008 0)
(11.236841 3.76826542239 0)
(10.890738 3.59214469885 0)
(0.81094531 2.90774319124 0)
(7.2148821 -4.89397103096 0)
(3.8350274 -2.46399777525 0)
(14.443431 7.24452094563 0)
(1.830196 2.04199631469 0)
(1.7965259 1.86578372448 0)
(1.965404 1.92369668345 0)
(1.9318092 1.74737362388 0)
(2.1017123 1.80591870062 0)
(2.0672441 1.62824484578 0)
(0.31059298 -0.672730256295 0)
(0.22236926 -0.673989367656 0)
(0.18176025 -0.747943081294 0)
(0.13946569 -0.671958421266 0)
(0.097556917 -0.743105861704 0)
(-3.4591271 -13.6564359599 0)
(-3.8305735 -13.4004949739 0)
(-3.8883532 -13.8738334924 0)
(-4.2625663 -13.5942152397 0)
(11.238369 11.2360603506 0)
(16.102351 -13.5269877171 0)
(18.536308 7.99888714363 0)
(18.532891 7.51103829582 0)
(-1.1449223 4.90042615572 0)
(-1.1481185 4.64418345517 0)
(-1.3699614 4.77248270057 0)
(-1.3711519 4.51291553387 0)
(-1.1700246 4.38700008109 0)
(-1.5943363 4.6439362216 0)
(-1.5970437 4.3854202474 0)
(-1.8197582 4.51643286507 0)
(-1.8215793 4.25735295166 0)
(-1.1408108 13.8210388716 0)
(-8.5290976 -9.89098918625 0)
(-8.5924383 -10.3665693568 0)
(-0.71962594 1.36407381188 0)
(-0.8251295 1.46879006326 0)
(-2.0456248 4.38857741217 0)
(12.85186 11.1728855092 0)
(13.250476 10.9214573608 0)
(13.665758 11.1381276413 0)
(12.829768 10.710272668 0)
(14.521834 11.5797470744 0)
(-0.64992476 6.56603454557 0)
(-7.276835 3.43556472624 0)
(-3.3786014 6.69191036139 0)
(-0.58324687 3.04640137659 0)
(-0.42730963 2.92438040451 0)
(18.609839 -7.87185497179 0)
(18.64255 -7.38508501567 0)
(-8.9432131 8.92833627657 0)
(7.7064235 1.63151847118 0)
(16.681233 1.37028680267 0)
(9.4804903 1.24836153548 0)
(3.6652205 -2.02511695828 0)
(13.462965 -1.98085500407 0)
(-0.74033164 -8.42987341131 0)
(-0.44120798 -8.65985747428 0)
(-6.2528087 -13.683528514 0)
(-4.9916069 -6.26030269807 0)
(-4.6773761 -6.4831648351 0)
(-0.96343595 0.27948188717 0)
(-7.1050416 13.5870391392 0)
(-6.6724506 13.3606243254 0)
(0.66093789 2.37364200836 0)
(18.103819 7.2895258483 0)
(18.511488 7.02449603716 0)
(9.8612436 -13.6257782688 0)
(10.286961 -13.412936557 0)
(-2.0462738 4.13067181231 0)
(-2.2719166 4.25968814926 0)
(-2.2728798 4.00135898317 0)
(-2.4999702 4.13079213692 0)
(9.3018917 -3.35708638723 0)
(5.188823 1.73254956729 0)
(0.11371822 -13.818333222 0)
(-6.3130542 -5.19382148708 0)
(-8.0050162 7.12542723804 0)
(-8.3833343 6.87055871752 0)
(-0.89785885 0.477319198342 0)
(6.6054232 3.89954315517 0)
(6.8764613 3.71787865371 0)
(6.5903843 3.57200445053 0)
(18.767935 -12.7619354455 0)
(-7.5404952 13.8155642496 0)
(10.768785 0.566283317896 0)
(11.313365 -12.2142107782 0)
(6.2943703 -4.34738998151 0)
(6.3095706 -4.00731324795 0)
(-2.3801517 1.79214113144 0)
(-6.6848487 -5.34938479614 0)
(-2.5538332 -10.3759016475 0)
(-7.0560417 -7.9418776556 0)
(-2.4071299 -2.1326362215 0)
(16.241133 0.299007077249 0)
(16.234363 12.4768449448 0)
(16.24966 12.9670159672 0)
(16.674409 13.1823092077 0)
(16.265966 13.4563137633 0)
(16.736025 13.7082846856 0)
(9.0755318 -13.0993486563 0)
(9.0423023 -13.5705693557 0)
(8.648024 -13.3080485428 0)
(8.6166069 -13.7812922604 0)
(8.2230106 -13.5157183836 0)
(8.2545574 -13.0446573558 0)
(7.8316056 -13.2507768613 0)
(7.863824 -12.7839536393 0)
(7.4431224 -12.9883611854 0)
(7.4011234 -13.4376973183 0)
(7.0196819 -13.1891543414 0)
(6.9770069 -13.6397553335 0)
(6.6012075 -13.4042512785 0)
(6.6546801 -12.9373480808 0)
(-2.919902 -7.82908467846 0)
(-4.7161909 13.685780217 0)
(-5.1362028 13.3514287532 0)
(-2.9843687 2.58982410917 0)
(-4.0668223 -1.32839697436 0)
(-4.3352628 -1.44551814544 0)
(-4.3123232 -1.14880342485 0)
(-4.5907335 -1.2773680268 0)
(-4.5628605 -0.968815888832 0)
(-4.5678645 -1.59367101911 0)
(-4.8486327 -1.09957563868 0)
(-4.8197729 -0.782969602923 0)
(-4.5427103 -0.668517994307 0)
(-5.1112547 -0.917283186895 0)
(-5.1153065 -1.2395860815 0)
(-5.0812327 -0.594375493216 0)
(-5.3792245 -0.731201749787 0)
(11.574529 -6.7324206804 0)
(-7.4320085 -12.7570067677 0)
(-7.4955738 -13.240696462 0)
(-4.9453087 7.17592631372 0)
(18.031368 3.77535893673 0)
(-7.1195345 -13.5261813729 0)
(-7.5465477 -13.7281642979 0)
(-7.9549263 -13.4771974941 0)
(-5.4962319 5.64746567862 0)
(-5.4693252 5.28511719201 0)
(-5.1451877 5.12848580648 0)
(-5.4421304 4.92704515808 0)
(-2.5989338 -13.2861246954 0)
(5.6822944 -3.19391879834 0)
(15.768353 5.79731797787 0)
(17.87214 1.06342446788 0)
(17.850061 0.594925059524 0)
(18.26506 0.80290143414 0)
(18.237182 0.332591389316 0)
(18.661764 0.541875237973 0)
(18.641673 0.11152329 0)
(18.238065 -7.11819767499 0)
(18.67374 -6.89879944481 0)
(18.269412 -6.6321212006 0)
(18.699496 -6.41261633665 0)
(11.084327 -0.36958560119 0)
(18.547267 -8.83510324304 0)
(-3.9038751 13.1565739816 0)
(-3.9267257 13.6038946226 0)
(3.2077766 8.33123197743 0)
(18.37816 -11.4464529548 0)
(-3.6277546 3.42326453346 0)
(-3.3853939 3.51484004185 0)
(17.273916 -2.67061518158 0)
(18.001978 -4.07160951922 0)
(18.583017 8.48520770119 0)
(1.5336877 3.73794097331 0)
(1.7477069 3.81061022753 0)
(1.6870356 3.58862400792 0)
(1.9065618 3.66053452169 0)
(-3.6713277 -0.180525454331 0)
(-3.9084338 -0.280216091807 0)
(-3.8856665 -0.0183029655455 0)
(-4.1304811 -0.121322279802 0)
(11.039823 -10.0429219691 0)
(11.432456 -9.80681636513 0)
(2.5572839 10.6177379365 0)
(9.052783 -2.05706506451 0)
(15.835061 13.2281780181 0)
(15.850198 13.7204673581 0)
(15.417392 13.4898854653 0)
(1.3356766 0.666221113166 0)
(1.3829991 0.794455093676 0)
(1.2531612 0.777016151869 0)
(-0.039550204 -6.37311447082 0)
(1.3043691 0.902045052634 0)
(1.1710965 0.885035298854 0)
(1.2220089 1.00891179856 0)
(1.0906479 0.991489646334 0)
(1.1401434 1.11586574865 0)
(1.0111006 1.09525492557 0)
(12.505005 9.54996093497 0)
(-3.611909 -10.064475358 0)
(5.2448643 -12.8016234598 0)
(5.6043022 -13.0575852235 0)
(5.2073436 -13.2618893796 0)
(5.5939675 -13.5205636725 0)
(18.608177 -1.10822318961 0)
(8.5327223 12.5279839856 0)
(-8.3970669 -8.95905802621 0)
(-2.61021 -0.162726515603 0)
(2.7469213 12.9062058889 0)
(3.1386828 13.1299309821 0)
(-0.89971895 -2.45184372854 0)
(0.86425893 8.6235635965 0)
(-8.2120847 10.4031380567 0)
(-8.6121536 10.1431445248 0)
(14.898084 8.84444623417 0)
(-3.1308058 -1.93741069583 0)
(-2.9189178 -2.07491390849 0)
(6.1085473 -7.58732829551 0)
(2.2381743 1.68696331364 0)
(2.2034665 1.5079006583 0)
(2.3775447 1.56707078321 0)
(2.3421425 1.38493653367 0)
(3.9113369 -9.76450871597 0)
(5.4263618 12.6356108921 0)
(5.8220247 12.8514062264 0)
(5.4357884 13.0900287672 0)
(5.838302 13.3084390355 0)
(5.4439426 13.5509207654 0)
(5.059037 13.3207899822 0)
(-0.71275671 -0.0751193854977 0)
(5.0956816 -0.817234691098 0)
(-4.5813465 -3.32189883057 0)
(-4.8749074 -3.46670354461 0)
(-4.872151 -3.11654695605 0)
(-0.42540923 -11.0388853401 0)
(1.4513689 0.924493575156 0)
(-0.65121447 8.51273731336 0)
(1.1834207 -8.59453755187 0)
(1.1586891 -8.97297729182 0)
(1.4899789 -8.77806199623 0)
(15.645257 -3.47135277642 0)
(-5.0269674 11.0367775271 0)
(-8.4851746 -6.83724041307 0)
(-8.8719992 -6.57490808339 0)
(1.2069812 10.6284158107 0)
(1.5250771 10.9172769787 0)
(1.5598191 4.54263436322 0)
(2.8572883 7.50928276395 0)
(3.3401831 -2.97494787134 0)
(3.5416749 -2.84959897071 0)
(18.720702 1.4728680781 0)
(6.8580895 0.84220549178 0)
(15.31699 -12.9979117887 0)
(15.289805 -13.4888653082 0)
(3.5709735 10.3742446919 0)
(-1.3973795 -5.45890663849 0)
(4.9381347 -5.41397694768 0)
(-8.7014333 -1.57278201858 0)
(-6.0790953 9.01189415088 0)
(9.4461816 3.72234959126 0)
(6.9527253 5.01802621189 0)
(-3.2002253 3.07323640497 0)
(-1.8632208 -0.595564103063 0)
(-2.8877639 -7.4449205902 0)
(-3.2411331 -7.60929506552 0)
(-3.2102761 -7.22572100559 0)
(-3.5615749 -7.38646399907 0)
(17.796666 -0.637806883646 0)
(-0.45285356 0.469217934045 0)
(9.8027308 7.29113748202 0)
(10.164449 7.47461707728 0)
(10.184413 7.88232203463 0)
(10.535013 7.65939990192 0)
(10.552855 8.0787382799 0)
(9.4419845 7.11262380374 0)
(10.20589 8.30716573763 0)
(-8.6422718 10.6196629772 0)
(3.0710575 -3.01866071867 0)
(0.069359023 6.38375476342 0)
(0.074084125 2.84403204461 0)
(13.390961 -12.087844034 0)
(7.2353141 -1.55073122399 0)
(-2.3133056 7.88520028804 0)
(9.5209172 -9.44687697391 0)
(9.1310647 -9.64018204344 0)
(9.1016161 -10.071042794 0)
(6.95451 -1.76255875906 0)
(-0.75541182 0.590731777811 0)
(-1.9462105 12.9458686951 0)
(-1.9195078 13.3797499911 0)
(18.079358 6.80426979196 0)
(18.486894 6.53894202212 0)
(-5.5938421 -5.25256617505 0)
(-5.3344443 -12.7747660668 0)
(-8.5763271 -0.29260856665 0)
(5.0496947 -1.09220022002 0)
(-4.308982 7.53932973419 0)
(9.9302975 -3.77991198553 0)
(-1.8859584 10.7994161961 0)
(18.917458 5.15803001152 0)
(2.752917 13.3604921481 0)
(3.1488675 13.5880531609 0)
(2.7962345 13.8356043465 0)
(3.544254 13.3529639274 0)
(-6.6540643 12.8793289478 0)
(-6.2416108 13.1352350871 0)
(-6.2616072 13.6211546556 0)
(2.5180133 1.44554754781 0)
(2.4824787 1.26071552018 0)
(3.5488478 13.8046905748 0)
(3.9536954 13.5722627168 0)
(3.9843135 14.1068720034 0)
(5.2269582 7.08527605185 0)
(5.1742475 -13.7269488632 0)
(4.7855981 -13.462936609 0)
(4.6933066 -1.69757795574 0)
(4.9546321 -1.61405938627 0)
(4.9009849 -1.88532338835 0)
(3.8009316 7.96330541419 0)
(-3.5397282 -7.005833618 0)
(-8.8291074 -6.13972948938 0)
(-0.10189838 -4.61882795041 0)
(18.953492 -9.10126285984 0)
(-2.9659038 1.77890814647 0)
(-2.9126129 2.0073870334 0)
(-2.9950442 1.55375117404 0)
(8.5235666 9.35343591087 0)
(8.8557747 9.13578526677 0)
(8.1782776 9.56420351374 0)
(-5.4419442 -13.6664336804 0)
(-9.1256696 4.01818419334 0)
(-0.43694401 -1.51001000773 0)
(-0.32243997 -1.61721049986 0)
(-1.4385596 -13.1755373754 0)
(-1.4960626 -13.639240395 0)
(1.1563523 10.9819485419 0)
(0.058282222 -0.671022837399 0)
(0.015921229 -0.740148452004 0)
(-0.15477051 11.0222027342 0)
(2.7079657 -1.0354160718 0)
(2.7495945 -0.831756628582 0)
(2.9467261 -0.762297330479 0)
(2.7901709 -0.627895674124 0)
(2.9853909 -0.558977045932 0)
(2.8304418 -0.425089117299 0)
(3.0195111 -0.362930272018 0)
(2.868865 -0.224350417087 0)
(3.086484 -0.158033845256 0)
(2.9125982 -0.0229862062576 0)
(3.1016366 0.0464037804176 0)
(-6.7183379 0.490079051588 0)
(0.37493384 -0.933584251493 0)
(-3.4215118 -10.7692367249 0)
(-0.10227528 1.59354597055 0)
(-0.046354103 1.72658328762 0)
(0.25427954 1.77021990243 0)
(1.7582223 0.0915111448608 0)
(1.6943853 -0.0351703038239 0)
(8.9743296 13.2096703803 0)
(8.9965502 13.6779654022 0)
(8.5462658 13.9037642933 0)
(6.5962908 -4.18952185564 0)
(2.6613665 1.32074727584 0)
(2.5527519 11.0418989369 0)
(11.22139 3.37713815175 0)
(-5.1573109 13.8325428252 0)
(2.311268 -1.9728166883 0)
(2.1294833 -2.02948394166 0)
(-1.828619 -1.31481987401 0)
(5.6268347 -14.029063172 0)
(-0.47088625 11.6548570039 0)
(0.36049245 0.537900430548 0)
(0.77137718 1.04281366534 0)
(-0.66421004 4.39305204611 0)
(-8.0803084 -5.38029399124 0)
(-7.6915282 -5.19008135343 0)
(-2.6342502 -8.43980968062 0)
(4.0568853 6.77885199981 0)
(15.284701 -8.12010737269 0)
(1.0609719 4.39570282332 0)
(-8.7754165 -4.41508984937 0)
(-8.7341421 -3.8778665729 0)
(6.4170748 9.01758109269 0)
(6.0755787 9.22724700369 0)
(6.0849047 9.62278206249 0)
(5.7349807 9.43672068638 0)
(5.7392835 9.82961418765 0)
(5.3867622 9.63607791908 0)
(11.05833 -0.752763538291 0)
(10.735824 -0.545201593834 0)
(-8.7708932 -8.67848039154 0)
(-8.7067196 -8.23995107103 0)
(-8.8361159 -9.14502747792 0)
(-2.1945224 0.695170576956 0)
(18.81162 -11.2235414424 0)
(5.380829 10.4641875639 0)
(-0.54910942 -1.40182481249 0)
(0.52049895 -0.477880735216 0)
(0.60180966 -0.465842965928 0)
(0.87974418 8.962306415 0)
(-3.9648642 -0.544282586225 0)
(18.777096 -12.1950155301 0)
(-0.13970309 1.84391679823 0)
(0.015521063 1.86390653222 0)
(-2.7782606 5.98424592306 0)
(5.274508 4.12333016953 0)
(5.0289576 3.98026900808 0)
(4.3809535 7.60494109633 0)
(-0.069383445 9.16425157623 0)
(-7.2700446 1.54781911843 0)
(-7.2334914 1.19290188638 0)
(0.27323731 -0.925741435086 0)
(-4.7279564 -6.88338064701 0)
(-4.3659621 -6.72368557922 0)
(6.9676311 5.34867685064 0)
(6.6715507 5.51381032928 0)
(-0.05294383 -6.70992969847 0)
(0.25461475 -6.54829954436 0)
(-0.3479491 -6.86510957506 0)
(11.988379 10.3168665661 0)
(0.43653287 -0.484977353342 0)
(0.74471331 -1.15148936448 0)
(0.69055199 -1.27066793495 0)
(18.756322 11.8555719048 0)
(-4.2492602 5.72421984655 0)
(-4.2432467 5.37425194933 0)
(-4.532535 5.18374741363 0)
(13.658395 10.6619831137 0)
(1.6915917 0.582156095735 0)
(1.7909849 0.463092712385 0)
(1.8128987 0.231576490383 0)
(13.403518 -4.6442867574 0)
(-1.51992 2.89763538577 0)
(-8.7293599 1.38530699838 0)
(-8.7314216 0.913157092562 0)
(18.037772 -3.18234904914 0)
(-3.8624471 8.31740841027 0)
(5.8592326 13.7638871931 0)
(6.2440643 13.5260944893 0)
(5.463589 14.092594307 0)
(7.9142292 -0.573179028412 0)
(0.47786261 -1.16725150621 0)
(4.7200501 -8.25996097319 0)
(-0.75843231 12.6783953744 0)
(9.6264542 11.7655716939 0)
(10.019658 11.5196018243 0)
(9.2405588 12.0051530908 0)
(0.55172232 -0.40417175706 0)
(0.63008926 -0.388561273087 0)
(18.407219 -3.86846726251 0)
(-6.3309796 -7.98788977365 0)
(-5.9741493 -8.26741077923 0)
(-4.1040904 0.145401388303 0)
(-4.3638913 0.0312133205333 0)
(7.3864405 0.486145473646 0)
(1.9985146 13.8230400321 0)
(10.783482 0.944218394111 0)
(6.1197077 6.9053834288 0)
(14.633478 -11.9134525203 0)
(4.3657393 13.7812875904 0)
(8.4097261 6.9816426242 0)
(8.7384335 6.77267639819 0)
(6.8715786 10.8345481399 0)
(6.8522844 10.4130114915 0)
(7.4804221 -12.5336534593 0)
(-8.2821232 3.65310660979 0)
(-4.9660642 -13.0368496459 0)
(11.148918 0.761420311932 0)
(-1.2661049 -7.3417201384 0)
(-5.3426151 -0.41615614874 0)
(9.6733839 -2.44731246642 0)
(-2.6818771 -13.7704602439 0)
(3.2429733 -2.06016421283 0)
(4.0262742 -2.6181749625 0)
(4.2831919 -2.5390535197 0)
(8.764608 -7.03442554584 0)
(9.1172348 -6.86042302988 0)
(8.3882266 -7.21223956049 0)
(5.6354989 -10.5036503718 0)
(5.9788673 -10.3398553357 0)
(9.4719449 0.59326603917 0)
(7.2581794 5.15120530479 0)
(-6.6276365 -4.93765464279 0)
(3.7760803 -7.63804072149 0)
(3.4430467 -7.78920859561 0)
(3.4107014 -8.15329652208 0)
(3.097358 -7.949405984 0)
(3.0771734 -8.30735115619 0)
(2.7528954 -8.110608435 0)
(2.7417158 -8.46447583069 0)
(-8.7027329 11.5628586314 0)
(1.9635467 3.88098253901 0)
(2.1370864 3.73502512876 0)
(2.0654182 3.51589746795 0)
(2.3040228 3.5843622799 0)
(2.2191565 3.34296994459 0)
(2.4699136 3.43149674716 0)
(2.4263809 3.20806123719 0)
(2.6479105 3.28273192179 0)
(2.6033031 3.06219274587 0)
(2.8184259 3.12736035709 0)
(2.7727966 2.91355684965 0)
(2.9836769 2.98594033927 0)
(3.0402054 3.18990581693 0)
(2.9400232 2.76643911609 0)
(3.1512963 2.83640811543 0)
(3.108299 2.61714260536 0)
(3.3226081 2.68901227798 0)
(3.2777803 2.4679015826 0)
(3.4946499 2.5394850957 0)
(3.4478726 2.31430756437 0)
(3.6689716 2.38500816302 0)
(3.7150895 2.61612360662 0)
(3.8933623 2.46055093101 0)
(3.8455962 2.22587722533 0)
(4.074226 2.30325541729 0)
(4.0244241 2.06462729993 0)
(4.2582916 2.14290659053 0)
(3.3703255 2.94287101397 0)
(-1.9885888 0.926969145203 0)
(1.4934076 8.55708427527 0)
(0.57138498 1.5660208715 0)
(0.65862467 1.44437965144 0)
(15.014441 -12.1989812414 0)
(12.949642 2.63799520697 0)
(13.312134 2.81436231693 0)
(-4.7023345 -10.7231995556 0)
(-4.3068296 -10.5441254271 0)
(17.980104 2.93809442096 0)
(4.5941788 10.1021446212 0)
(4.5953622 0.217146108366 0)
(-4.9696259 -9.53266144981 0)
(-5.3261659 -9.25706429948 0)
(-4.614642 -9.79994061637 0)
(3.18191 -0.49169365447 0)
(4.2066449 1.90341903097 0)
(4.4440995 1.97924708392 0)
(4.4955258 2.22504229546 0)
(15.140836 2.01078655618 0)
(15.116281 1.53614645661 0)
(0.13594615 -0.817572023066 0)
(-6.3216605 1.0178066747 0)
(2.428089 -8.26784634975 0)
(2.4035297 -8.62289535728 0)
(2.109578 -8.42702827157 0)
(7.7576958 -7.52527480501 0)
(-2.2827742 8.22242853421 0)
(18.425447 3.52005305367 0)
(18.831804 3.73439980617 0)
(18.827769 3.25934717132 0)
(11.601119 -6.31788737556 0)
(-4.0300931 -4.04722309621 0)
(-3.0054917 -10.99354088 0)
(4.6051585 -10.9733600531 0)
(4.2175518 -11.1632753419 0)
(-0.15106101 0.639911372615 0)
(-0.23594401 0.631318660944 0)
(-0.2850476 0.688328282168 0)
(0.40111047 -0.568030403413 0)
(12.235317 2.67026891876 0)
(11.898162 2.89097628874 0)
(-9.1571847 -4.13820720944 0)
(-2.4086266 2.14945324626 0)
(14.232222 -11.6511803449 0)
(9.1436387 -6.46479169998 0)
(18.780295 -4.59059532607 0)
(18.767619 -5.05883192977 0)
(-2.7743516 0.206551221263 0)
(3.1639482 -11.330886119 0)
(3.1810433 -10.9080029882 0)
(10.534054 -11.6802023406 0)
(18.903176 6.76026923044 0)
(18.869651 6.18372542425 0)
(0.61278072 -12.7398649221 0)
(7.4639002 4.00363083446 0)
(7.745163 4.15105061808 0)
(17.642384 4.0369786433 0)
(5.2570741 3.53602430437 0)
(5.4914415 3.37496142642 0)
(0.80058005 6.7571236714 0)
(-3.8889913 -7.16997421673 0)
(-0.16837104 -1.57404870338 0)
(3.9653193 -0.795859068236 0)
(16.562749 10.2915718352 0)
(1.3015898 -12.5140475378 0)
(0.69686277 4.70040872337 0)
(4.6786076 2.05462587364 0)
(-6.4535638 -9.41860662351 0)
(-5.0565155 -0.282229729231 0)
(-6.8273405 8.99227629975 0)
(0.54063013 9.48875297309 0)
(4.4970021 -0.307800292456 0)
(-8.775884 -2.47109421412 0)
(-8.8158018 -2.90056064879 0)
(14.904691 -2.94834689097 0)
(-2.6037782 8.04763077446 0)
(2.8384008 -10.684806291 0)
(7.4325296 1.79512243066 0)
(7.0931431 1.68035113476 0)
(7.7147634 1.95678656072 0)
(-3.5950043 3.6806975507 0)
(0.0047045005 0.915659341002 0)
(-1.8120829 3.99812709704 0)
(15.219213 -4.07687141111 0)
(15.196569 -4.49450112314 0)
(14.804917 -4.68254629871 0)
(15.167656 -4.93899409034 0)
(15.562625 -4.77558956272 0)
(15.540111 -5.19035479608 0)
(4.6446359 0.473802213867 0)
(7.4868886 -5.82184861373 0)
(13.737624 -3.52038377653 0)
(11.383914 -0.953912644757 0)
(17.877919 11.4377322678 0)
(18.288586 11.1228861886 0)
(-0.53337052 0.685572404292 0)
(-0.4462346 0.696131470638 0)
(0.31009846 0.615114638593 0)
(17.381182 -0.825575474884 0)
(4.9224791 6.25184206846 0)
(5.162588 -0.270959747108 0)
(8.7497003 -9.81668302446 0)
(8.718028 -10.2489787023 0)
(15.149716 -5.38484900923 0)
(15.506322 -5.63909985161 0)
(-1.6780787 8.56413541403 0)
(-1.3831658 8.7452665801 0)
(10.311887 -2.84869307236 0)
(0.52195162 1.21820083188 0)
(0.63375718 1.22680657347 0)
(9.7641569 1.4081367437 0)
(16.839745 -9.19677925874 0)
(16.80173 -9.67912992491 0)
(0.82085878 -1.26769016843 0)
(0.76205783 -1.39272928949 0)
(0.60401112 -1.39100772849 0)
(3.4888761 7.1319786687 0)
(-8.8315581 7.11688781688 0)
(-8.7639867 6.61335127792 0)
(-8.3504485 6.41018182208 0)
(-8.7262262 6.15724812973 0)
(-8.316528 5.95782892362 0)
(-8.7163649 5.7069924184 0)
(-9.1470126 6.38116151816 0)
(9.7667962 -0.312682017293 0)
(-7.1705692 8.78034798587 0)
(-2.1830475 -0.00702008090148 0)
(2.2740223 1.86710339579 0)
(1.6096349 4.1755323684 0)
(4.2528324 10.3237643427 0)
(-0.65420169 9.21526747024 0)
(-0.3109442 0.616593958957 0)
(8.1466654 -5.84537698949 0)
(8.4930525 -5.66851799744 0)
(8.8337592 -5.87327340389 0)
(0.6544364 -11.8121089452 0)
(0.31867616 -11.5442453049 0)
(-4.1295438 -12.6556540515 0)
(1.8456437 -1.74489470282 0)
(1.8078249 -1.92753949437 0)
(1.6270164 -1.98510545596 0)
(1.7673179 -2.11779716908 0)
(1.5823309 -2.17754833397 0)
(1.1083362 8.10751485704 0)
(16.481914 4.81307156256 0)
(-2.5072223 3.8775454082 0)
(-2.7310421 4.00327758666 0)
(-2.7381965 3.74720834044 0)
(-3.014764 3.84480421519 0)
(-2.9722554 3.56290597429 0)
(15.792953 -12.2828489431 0)
(3.7997975 1.99500141475 0)
(-1.0634904 -8.22643566882 0)
(-5.4674996 12.6455585508 0)
(-2.2994951 -1.59928859889 0)
(-2.2436416 -1.39160571682 0)
(-1.3781508 -12.7158888978 0)
(1.0560616 1.22908000041 0)
(0.92050805 1.18584962126 0)
(0.58217605 -0.330725128158 0)
(0.65871735 -0.313446775075 0)
(0.70894214 -0.374036676326 0)
(0.74016209 -0.296628034207 0)
(0.67677451 -0.224743007758 0)
(0.76677504 -0.215736195795 0)
(0.71395117 -0.147737922412 0)
(0.79482909 -0.134349106473 0)
(0.73933579 -0.0697157442183 0)
(0.82103579 -0.0536269749226 0)
(0.76568455 0.0125075547151 0)
(0.85086 0.0276671714916 0)
(0.79222555 0.0940787586035 0)
(0.66905785 -0.0804236923655 0)
(0.71097857 0.0758924279991 0)
(0.73349322 0.15553062665 0)
(0.66039419 0.134331530321 0)
(0.67784091 0.215053697506 0)
(0.75699564 0.234455429623 0)
(0.70084806 0.291759056184 0)
(0.83553038 -0.286217992199 0)
(1.6420816 1.80991099529 0)
(-3.6259054 -7.75766644592 0)
(18.931441 -2.30230689055 0)
(18.988984 -1.84010884086 0)
(6.2039409 12.6097343905 0)
(8.48284 8.53965575155 0)
(-8.6281191 3.42669779615 0)
(17.280646 4.76429331079 0)
(4.9532564 -4.77502362369 0)
(4.7007595 -4.587824498 0)
(2.1034404 -8.77491621423 0)
(16.944248 -1.49453009692 0)
(5.6549952 -9.70443457945 0)
(0.32822181 5.02904008757 0)
(19.194113 -4.89751221438 0)
(18.978559 7.75023577466 0)
(-2.6306825 -0.803759672434 0)
(-2.7104792 -0.990192311695 0)
(-0.45078295 12.0834924738 0)
(0.19039143 -8.70878531197 0)
(0.15589711 -9.09179557398 0)
(4.3398218 13.3265677745 0)
(-3.5976564 10.1508316576 0)
(-3.6070943 10.5736735766 0)
(-3.9608298 10.7824742151 0)
(-3.615981 10.9949140113 0)
(19.177903 -12.4703465421 0)
(1.2021183 13.362061177 0)
(1.2273155 13.8301865473 0)
(-5.0327929 9.67908116986 0)
(-5.4218337 9.8738807153 0)
(-5.4321269 10.3138258359 0)
(-5.813977 10.0686945423 0)
(19.047707 0.32652895174 0)
(-8.4552618 -3.14111275347 0)
(2.5254973 3.65633749759 0)
(-5.1150779 4.78280956104 0)
(-5.4089731 4.59371373873 0)
(-5.7308407 4.72297728053 0)
(9.5063734 1.94506889225 0)
(-3.1327152 13.1708087439 0)
(-3.1819546 13.7060264123 0)
(-2.7546235 13.8231409886 0)
(-6.9108888 -10.0885045592 0)
(-6.9855522 -10.5273614043 0)
(16.400598 6.4542278902 0)
(16.815013 6.66566997206 0)
(-0.35788951 -4.69473145644 0)
(-0.15947887 -4.89898434043 0)
(6.5548566 -13.850914485 0)
(6.9761612 -14.1203716573 0)
(19.113282 -6.66344940176 0)
(9.1588348 8.53185938314 0)
(9.5191436 8.72827629526 0)
(1.8826782 10.6383155565 0)
(-0.65303157 1.14862567422 0)
(11.010885 -3.25847161515 0)
(5.231683 -5.26772248229 0)
(5.2129589 -5.60137948864 0)
(-0.91674596 3.10129737109 0)
(0.49335382 0.487058118346 0)
(0.57118699 0.488927166266 0)
(0.53653183 0.423466984833 0)
(0.6143831 0.421951939384 0)
(0.57834893 0.354808298948 0)
(0.65575625 0.486765161933 0)
(1.8988509 1.58491608643 0)
(-0.58742565 -1.55519011552 0)
(-8.8318622 7.92150545159 0)
(0.50746464 -13.5334436882 0)
(-5.1742592 -3.25244282882 0)
(-5.1549991 -2.90894884906 0)
(-4.8419014 -2.75741008052 0)
(-5.1242333 -2.55553746728 0)
(-4.8129945 -2.40822380067 0)
(-5.0997376 -2.20532179495 0)
(-5.4040991 -2.3737432066 0)
(-5.3814608 -2.00369361766 0)
(-5.0725148 -1.86116080552 0)
(-0.24396938 5.14893319153 0)
(-5.1728287 -4.26521562912 0)
(-5.1877255 -4.66154877345 0)
(18.288181 -6.15909423865 0)
(18.719938 -5.94150262568 0)
(-7.6314072 -2.32049932003 0)
(16.649819 0.931900074436 0)
(16.267429 1.18079911697 0)
(-7.5854661 -1.45587305188 0)
(1.0607335 6.59855442043 0)
(1.046522 6.32119884739 0)
(1.3054531 6.44361588388 0)
(1.2950863 6.16120794828 0)
(1.5502486 6.28384200117 0)
(1.5385126 6.00030984488 0)
(1.7939052 6.12552847678 0)
(1.780624 5.84405132884 0)
(2.0328335 5.9649436744 0)
(2.0205266 5.68668301827 0)
(2.2721673 5.80822509231 0)
(2.2577468 5.52795548099 0)
(2.5089039 5.6507481579 0)
(2.49549 5.37205271486 0)
(2.7460805 5.49661445415 0)
(2.7314336 5.21729200218 0)
(2.9805264 5.34085982381 0)
(2.9648199 5.06290745838 0)
(3.2151074 5.18751870512 0)
(3.197883 4.90974399849 0)
(3.4503567 5.03469426953 0)
(3.4312109 4.75639188659 0)
(3.6832595 4.88004542496 0)
(3.6632741 4.60414040164 0)
(3.9127343 4.72521155059 0)
(3.8949386 4.45037927135 0)
(4.1451481 4.571713181 0)
(4.1286576 4.29421885731 0)
(4.3785075 4.41787084982 0)
(4.3641665 4.14174712874 0)
(2.7195615 4.93330460315 0)
(4.6130025 4.26336618973 0)
(3.4676173 5.31822086191 0)
(4.5961257 3.98226795508 0)
(3.4000907 4.4864120773 0)
(17.808899 0.159383350564 0)
(9.2189065 11.5816014472 0)
(3.9320189 2.67763938385 0)
(-9.2244461 -8.92974255979 0)
(11.942902 0.940909900325 0)
(5.3105547 1.32121382893 0)
(5.2715465 1.08322398511 0)
(6.7984924 -0.488178434517 0)
(2.617707 1.13600595002 0)
(-0.021963203 -0.672310722943 0)
(-0.064066367 -0.736691924582 0)
(-0.10195957 -0.668347285587 0)
(-0.14271311 -0.736754385875 0)
(-0.18243239 -0.667467295383 0)
(-0.22289671 -0.738301541915 0)
(-0.26422745 -0.66091673558 0)
(-0.30587305 -0.732266371752 0)
(-0.34191002 -0.654880223954 0)
(-0.21531482 -0.589598988437 0)
(-0.030451739 -0.807749297258 0)
(1.7647255 3.25067830245 0)
(10.721956 -0.914022309101 0)
(-5.6905611 4.40721873517 0)
(-6.0314294 4.52438940313 0)
(-1.9007324 0.618508660335 0)
(-1.7732807 0.505125801318 0)
(3.225669 -3.23408051196 0)
(3.0038628 -3.26187210158 0)
(-3.8790331 7.9298369111 0)
(1.4183358 -0.0262137329126 0)
(1.4977984 -0.13156403973 0)
(1.4383992 -0.254849210384 0)
(1.576003 -0.248621132218 0)
(1.5170563 -0.375127868225 0)
(1.6610545 -0.365543960285 0)
(1.5899071 -0.495211342944 0)
(1.4504504 -0.505507040011 0)
(1.5242477 -0.628084614602 0)
(1.3840788 -0.639925246701 0)
(1.4623372 -0.76319932214 0)
(1.6241007 -0.739438510312 0)
(1.3161797 -0.764942622881 0)
(15.585857 -9.31187098573 0)
(15.99301 -9.58106945886 0)
(4.2353166 -10.7450686831 0)
(3.8749242 -10.929899973 0)
(3.8776983 -10.5375606148 0)
(-1.10706 -13.8879954458 0)
(-1.5176987 -14.1420864901 0)
(13.307291 2.41173479662 0)
(-3.8650414 0.243487118527 0)
(-2.5671466 10.7963094832 0)
(-2.9533376 10.9735079241 0)
(0.31228128 -1.49714783027 0)
(-0.68323024 0.093436286009 0)
(-0.65262316 0.182584301383 0)
(-1.0400676 2.52148236283 0)
(-4.621128 -6.12672386291 0)
(3.0767177 -1.90805164267 0)
(2.8601758 -1.97572563267 0)
(1.3714869 -1.09048890148 0)
(1.3391449 -1.26629411446 0)
(-0.65509209 2.65935757949 0)
(-6.5261676 9.60893470556 0)
(17.014856 0.249162186042 0)
(1.5229998 5.7148107204 0)
(-1.1975488 1.06786445068 0)
(3.1900844 0.890912914999 0)
(-6.0299435 -9.2085743958 0)
(5.2333075 3.2456828819 0)
(2.2752787 -2.18199008264 0)
(1.7259838 -12.3457209129 0)
(-0.30622068 0.897274028867 0)
(1.2257265 2.16913496428 0)
(6.955901 -2.10800875512 0)
(0.099723734 -0.605597894189 0)
(-1.071441 8.18829198509 0)
(-1.1292173 7.84343816435 0)
(3.0981843 -11.7811517562 0)
(-7.6659845 -2.74988558946 0)
(-4.0713409 0.4146912855 0)
(0.89519641 0.116929757278 0)
(-3.0073555 2.33412863532 0)
(-1.9212951 1.22042370364 0)
(2.7410403 -0.0976151959813 0)
(18.612699 -0.629329399187 0)
(-6.9819933 -5.1542476206 0)
(8.2216722 -14.0102094706 0)
(8.58493 -14.2389899594 0)
(10.929452 -4.04371762767 0)
(10.573202 -4.21512605072 0)
(11.28459 -3.86507063525 0)
(-1.8606505 -13.3621060871 0)
(1.0730908 -1.26841081172 0)
(0.89811843 -1.39743495764 0)
(2.014657 5.39417996635 0)
(-0.76303704 -8.79024288499 0)
(-0.47237577 -9.04179417653 0)
(1.4992128 -9.1146829909 0)
(17.200085 -9.95185733929 0)
(13.674082 7.31130984779 0)
(13.302103 7.55746107501 0)
(15.152833 -5.83416587331 0)
(15.494633 -6.08954259841 0)
(-0.26434488 -0.81686236631 0)
(-0.57189192 0.379966147999 0)
(-5.7757662 9.64729868327 0)
(-0.30328034 -14.0134638783 0)
(0.076242034 -14.2349368793 0)
(13.318171 7.96270309824 0)
(2.5695864 -12.3920717832 0)
(8.5398362 9.76856322361 0)
(1.282341 0.538176554249 0)
(2.3048108 6.11231943434 0)
(2.7468008 11.5171562961 0)
(16.746763 -10.1273483577 0)
(-3.3322555 3.78122684082 0)
(0.70440737 -11.3615686122 0)
(-5.3525428 -1.65048908698 0)
(-0.16876645 1.45807819617 0)
(6.601734 -3.84232097166 0)
(-0.72817965 -0.197408068469 0)
(-0.6654235 -0.258130754159 0)
(-0.68520137 -0.34179433984 0)
(-0.60703208 -0.313471724751 0)
(-0.61824015 -0.395398442035 0)
(-0.69613524 -0.423915302741 0)
(-0.63040436 -0.477199389746 0)
(-0.5526195 -0.448220797253 0)
(-0.56427289 -0.530089705148 0)
(-0.4895873 -0.499877946884 0)
(-0.49935205 -0.581723782216 0)
(-0.47664349 -0.414513726449 0)
(-0.42979477 -0.547482593425 0)
(-0.59120131 -0.235105262652 0)
(14.367168 1.65899989916 0)
(14.878256 -13.2196865319 0)
(14.852451 -13.7161845401 0)
(19.248447 3.47607168915 0)
(-4.9355321 -5.68186035636 0)
(-1.6037642 4.90179595043 0)
(1.3155548 -11.8283138359 0)
(-2.7019663 2.08835646641 0)
(0.784454 0.312757376747 0)
(0.69815989 0.421832641807 0)
(2.7918851 1.19417609531 0)
(-8.934732 -7.07234260772 0)
(1.8386758 8.33948438539 0)
(3.4730233 -7.41664223227 0)
(-2.0370687 4.6575196299 0)
(-8.8599616 -3.34912253161 0)
(9.8099448 6.89331956053 0)
(0.35645841 -0.487363917687 0)
(2.231138 3.10601666003 0)
(1.7253409 -2.30510646626 0)
(1.5326817 -2.36252607965 0)
(1.3902997 -2.23423534273 0)
(1.3409773 -2.42254886014 0)
(1.1979928 -2.29424661747 0)
(1.1491588 -2.47986300414 0)
(1.0065018 -2.35209463614 0)
(0.9599194 -2.54422904998 0)
(0.81352031 -2.41058485695 0)
(0.76809609 -2.60237488383 0)
(0.62227409 -2.46909887923 0)
(0.57319151 -2.6571263127 0)
(0.42897355 -2.52581292114 0)
(0.37827505 -2.71763006035 0)
(0.23753516 -2.58464746403 0)
(0.18072027 -2.77713678628 0)
(0.036750043 -2.63326000746 0)
(0.91254082 -2.73593268748 0)
(-0.37459746 -0.796964619119 0)
(-5.8499768 13.3725743922 0)
(-4.3426223 -0.248042946616 0)
(-4.582428 -0.096164841365 0)
(1.9018916 -2.24565049953 0)
(0.31363264 -0.550039591663 0)
(18.908372 -9.61850177669 0)
(-1.1974218 1.46131827103 0)
(-1.0549874 1.49364450799 0)
(-8.2907321 3.23860893483 0)
(-2.9406622 2.82065498518 0)
(0.52406854 11.4589949678 0)
(1.1911084 1.22068883583 0)
(3.4331565 -2.20419739148 0)
(-2.0757576 0.195327664485 0)
(-1.9130357 0.276698643877 0)
(-1.1289938 1.61357385236 0)
(10.245381 -13.8620205408 0)
(10.684968 -13.6657045199 0)
(10.715917 -13.1946574418 0)
(11.11162 -13.4695364235 0)
(11.077102 -13.9101552915 0)
(11.540331 -13.7818713661 0)
(9.8146138 -14.0592640054 0)
(4.9701427 -4.44272434832 0)
(4.7204988 -4.26711344164 0)
(4.439487 -4.41265475536 0)
(4.9904752 -4.12405122822 0)
(4.7392347 -3.95145703146 0)
(-5.8831507 13.8506244212 0)
(1.081412 2.27922407717 0)
(9.3689209 13.4299644222 0)
(9.4323018 13.8897431645 0)
(1.7207522 -0.241247275621 0)
(1.8124448 -0.35632214698 0)
(1.8780979 -0.225118270835 0)
(4.6314109 4.54642185713 0)
(0.14831389 5.17654380074 0)
(-8.9634343 9.38589560563 0)
(-7.9669964 6.21062119242 0)
(-7.9042487 5.68207765143 0)
(7.1190007 -7.82305845172 0)
(6.7856585 -7.6132697187 0)
(18.450389 6.07080243826 0)
(8.1709771 -5.10241896946 0)
(-9.2367275 -6.28392396189 0)
(6.8263521 1.15865692574 0)
(9.0716868 -10.5039973811 0)
(7.5103768 -2.47850340954 0)
(7.790206 -2.68137328952 0)
(19.10525 0.743511392443 0)
(-0.9900728 0.174265165988 0)
(-1.0738117 0.251171367104 0)
(6.9289747 -1.48155655338 0)
(-7.9972937 0.984910112399 0)
(1.9989673 -13.9287593632 0)
(2.3920558 -14.2097871531 0)
(2.7922615 -14.0111287424 0)
(-0.4355723 1.79975446239 0)
(-0.58806921 1.77459540151 0)
(-7.1932477 -14.004295407 0)
(-7.6191289 -14.2050312763 0)
(18.028449 -10.1743944647 0)
(-7.7069401 -5.63750814667 0)
(19.095465 -8.59950681324 0)
(6.8604585 0.496789740069 0)
(-3.6725031 7.21908204815 0)
(14.105981 8.37887231437 0)
(-0.96512634 9.05821264268 0)
(19.057697 -7.64047714383 0)
(19.082415 -0.918089999484 0)
(-4.2138109 5.00681116901 0)
(7.3045047 -1.17854767149 0)
(-2.3923067 -0.0522727579975 0)
(1.9035722 11.063558941 0)
(5.3087245 0.188742642578 0)
(5.3380609 0.488030395571 0)
(5.1260426 0.66210455765 0)
(6.6528539 -1.93715103519 0)
(-0.62387924 0.6760452957 0)
(-3.9889545 11.2175837156 0)
(-0.18645072 4.6475177968 0)
(-8.9738715 -10.0777558835 0)
(-0.3307187 -0.903030781241 0)
(-9.053411 10.3723247758 0)
(-5.3161933 -0.13621367613 0)
(-3.8409264 -6.78901222139 0)
(-3.2069919 7.73731227721 0)
(-1.6289652 0.56218282221 0)
(2.3257193 7.80955092547 0)
(15.320086 -7.66252971559 0)
(15.737093 -7.45850436961 0)
(15.347408 -7.18301628845 0)
(-5.9797626 1.15688069411 0)
(-6.0106658 1.54722101699 0)
(-5.7124777 1.3766551499 0)
(-5.7191441 1.71328199524 0)
(-5.4298988 1.54939147493 0)
(-5.4319851 1.87492327617 0)
(-5.1542459 1.71696312082 0)
(-5.155202 2.03309903292 0)
(-4.886012 1.87840254432 0)
(-4.887642 2.18797417767 0)
(-5.1543225 2.34447998449 0)
(-4.8873217 2.49703602525 0)
(-4.6248162 2.34240350678 0)
(-4.6243129 2.64454227244 0)
(-5.7263345 2.06681301629 0)
(-5.1509355 2.64893556306 0)
(-5.4289285 1.233089895 0)
(-5.4251773 2.49979714308 0)
(4.7542303 -13.9642947162 0)
(4.3670663 -13.6743757818 0)
(4.3283399 -14.166176092 0)
(3.9357148 -13.8777550507 0)
(3.9451994 -14.3928514166 0)
(2.6225838 -1.25497209332 0)
(-5.6508229 -0.541169203737 0)
(-4.8830721 1.56566281335 0)
(-4.6317276 1.73463567277 0)
(1.8661683 2.21957838306 0)
(-1.4452609 1.17382340723 0)
(-1.5264252 1.33047075422 0)
(-0.77616243 1.59224425853 0)
(6.8576662 3.3972565318 0)
(7.1444335 3.53929348588 0)
(-4.3854162 2.51155846636 0)
(-4.3822705 2.79347809715 0)
(-4.6178806 2.93819421202 0)
(-4.3577962 3.06657409924 0)
(-4.3367559 2.20901681474 0)
(19.295484 6.50155009718 0)
(-2.5477896 -1.17933991203 0)
(4.9434554 -10.8096300852 0)
(5.3256946 -11.0536789753 0)
(0.92151352 -0.0506924671514 0)
(-2.5885057 6.38219569723 0)
(-2.3151433 6.19111154589 0)
(-2.0369063 6.37190767727 0)
(-2.8611543 6.56846116658 0)
(-2.1963373 2.03218373181 0)
(2.4937348 -1.07414578235 0)
(0.3577834 0.7862132823 0)
(11.02357 -10.5629096366 0)
(11.42482 -10.3290914144 0)
(-3.1822357 1.69170569805 0)
(5.5023241 2.00319751843 0)
(-5.9602466 4.1471068894 0)
(-6.3215433 4.3109533053 0)
(3.8798511 4.17124054363 0)
(-0.35666297 -0.433035662642 0)
(-0.52397637 0.244009264525 0)
(0.56975207 -0.00888970223773 0)
(0.032018566 0.574589326001 0)
(0.11184419 0.576734416435 0)
(0.55610209 -0.139050546763 0)
(0.3696204 0.440544367715 0)
(-0.12701905 -0.548080790541 0)
(15.187542 -9.02558651731 0)
(-8.4652945 -5.55763510836 0)
(-8.8336007 -5.28748651873 0)
(-6.276688 14.0609682105 0)
(-8.9706773 -0.405914989759 0)
(-8.8567903 0.0601774448346 0)
(-9.1212206 -0.876123060896 0)
(-2.356267 -1.83056405393 0)
(-7.0185419 0.706347029635 0)
(0.47403559 0.297690182271 0)
(-0.14448431 0.886155409955 0)
(10.519131 7.25097554748 0)
(-7.4240674 -10.7548404325 0)
(-4.2948618 -14.0736346207 0)
(-4.7047183 -13.8124185603 0)
(-3.9373639 -14.3628530394 0)
(-3.9394979 5.23502241664 0)
(-0.57438863 -0.0386878873068 0)
(-0.63304351 0.0245033024578 0)
(-0.55384548 0.153422534676 0)
(15.304244 9.07125534594 0)
(15.699557 8.81036360516 0)
(15.72207 9.2917497048 0)
(16.115395 9.02703761829 0)
(0.54172463 0.140321290138 0)
(-0.95074708 0.614273786871 0)
(11.824959 -10.0910082711 0)
(11.842735 -9.60141046875 0)
(12.227535 -9.86970122339 0)
(12.24819 -9.40191551837 0)
(5.9629689 -12.8677055586 0)
(0.4744352 -0.279043234357 0)
(-5.6779857 -0.845527593103 0)
(-3.9203485 -10.7915462602 0)
(10.190891 -11.4244209968 0)
(2.6495015 -0.493071260638 0)
(19.367311 -2.09476266835 0)
(2.1684101 1.32440612818 0)
(-6.007136 -8.72603235554 0)
(-7.6151696 3.64565734141 0)
(6.2866359 -3.6442171162 0)
(2.5682183 2.8241777841 0)
(11.599633 10.0826691383 0)
(-0.018133307 -2.81953822344 0)
(0.84171265 -1.51917105205 0)
(0.50566154 7.17740386984 0)
(-2.7103096 3.51588797464 0)
(-2.921867 3.30598696916 0)
(-0.81179081 -9.2462753911 0)
(-1.9542999 -0.985983067804 0)
(-1.9189751 2.76731194815 0)
(-0.36604808 0.438935634151 0)
(-0.36454208 0.513333799732 0)
(-1.43076 2.33353944412 0)
(-9.4151817 9.08814175346 0)
(-0.42500986 0.381068516316 0)
(-4.5502593 0.215258756254 0)
(-5.1676388 -3.91247267615 0)
(19.153118 1.68252860263 0)
(19.180624 2.13541313965 0)
(-0.49956681 0.772515653956 0)
(1.3879659 -0.912727000432 0)
(-0.045036763 11.8936502024 0)
(9.4567716 6.66677713268 0)
(-0.99811777 1.6327747706 0)
(-5.4976498 -3.05468024391 0)
(3.350258 0.751552311356 0)
(3.3299995 0.549523044985 0)
(3.5160465 0.647647221933 0)
(0.39353086 -0.656937438643 0)
(-0.42048947 -4.97550202208 0)
(7.4021896 2.09503010573 0)
(10.914075 3.18599542849 0)
(10.548684 3.41444215539 0)
(19.005221 5.66153458932 0)
(-0.58028756 -0.613715293595 0)
(10.197622 -10.8126514746 0)
(0.29805436 0.705031612723 0)
(-3.2033896 2.48472903613 0)
(5.4291594 0.809969489153 0)
(16.135529 9.51492482504 0)
(6.573904 3.25504787059 0)
(12.711717 -6.17063926292 0)
(13.08426 -6.39307025411 0)
(12.34179 -5.9340774064 0)
(13.048063 -6.78900308888 0)
(1.1644364 -9.3138545491 0)
(11.217259 10.3208511636 0)
(-0.21333771 0.524825601627 0)
(-5.5459784 -4.83658188202 0)
(4.1683014 4.85163551604 0)
(12.635082 -9.66348097808 0)
(12.652553 -9.2012767389 0)
(13.038831 -9.45663528366 0)
(-0.65484445 0.356928540303 0)
(-0.59127105 0.30029215135 0)
(-0.66255623 0.271279253904 0)
(4.9588372 9.87006716324 0)
(-1.7406191 1.3078019788 0)
(-7.075846 14.1350096865 0)
(-7.528108 14.2407091244 0)
(-7.9613719 14.1096990961 0)
(-2.2789033 3.72985055625 0)
(-1.1442619 5.16009935693 0)
(6.213168 -13.6017814934 0)
(-0.018042828 0.642415656021 0)
(15.443208 13.9514461373 0)
(14.995908 13.7385236887 0)
(-2.4991216 4.39537509477 0)
(19.442626 -8.95824801114 0)
(18.470268 -9.90438144319 0)
(18.840218 -10.194354718 0)
(-0.84002828 4.27387132514 0)
(4.6043038 1.79750053344 0)
(-4.6696259 10.7879040268 0)
(11.092627 1.09290993151 0)
(0.18506017 0.694385607449 0)
(0.4908498 -9.27657685821 0)
(0.21928374 -9.46971006848 0)
(5.4846892 -5.45922973847 0)
(5.4961465 -5.79181145644 0)
(1.6723992 -0.989449290673 0)
(-4.5893303 -9.341004998 0)
(2.9395062 0.17968858348 0)
(3.1336643 0.251302032924 0)
(3.2993394 0.112637352677 0)
(2.7684982 0.300959744583 0)
(4.2240106 -2.80379417836 0)
(4.4700003 -2.71957041933 0)
(4.5298712 -2.45966374908 0)
(6.270395 13.9925808065 0)
(6.6494853 13.7433417441 0)
(6.6864011 14.2184806764 0)
(7.0854791 13.9639594013 0)
(1.3028423 -0.516309396119 0)
(-1.3020967 -8.57299993112 0)
(-1.6262025 -8.35565370133 0)
(-0.19980859 4.38163071112 0)
(-0.012775745 4.19024663796 0)
(-2.807541 -1.19113577505 0)
(-2.3378671 -8.68535219905 0)
(0.86595347 -13.1775164944 0)
(9.8100759 -10.9659449365 0)
(10.9156 7.8511473377 0)
(10.927654 8.27816898258 0)
(-0.97044506 9.40892038765 0)
(-1.2578967 9.27233119984 0)
(-0.011399907 1.03482308871 0)
(14.856349 -7.82294557159 0)
(3.5164226 -14.1536569948 0)
(-6.3079065 3.95377259816 0)
(-6.638327 4.11408324468 0)
(0.59735491 -0.197219677961 0)
(15.267536 -14.0008314195 0)
(14.822151 -14.2047878719 0)
(14.432952 -13.9143453022 0)
(15.697721 -14.2660137484 0)
(15.968976 6.24530618945 0)
(15.608494 6.51597752785 0)
(-3.1867643 6.99865200711 0)
(8.6938344 -7.44894715156 0)
(2.7334518 5.79379339726 0)
(1.2633521 -2.09764059412 0)
(-5.7895029 5.44605292829 0)
(-5.8242465 5.81621377881 0)
(14.902441 9.34838728227 0)
(11.546853 0.813271464995 0)
(-0.87206709 1.23884214285 0)
(11.286234 7.62413387342 0)
(15.904943 -5.4868483287 0)
(0.84241654 -2.22721046157 0)
(13.423334 -6.63052307377 0)
(13.446029 -6.27739942444 0)
(-1.6603482 1.44886584436 0)
(5.167172 -1.79799602328 0)
(5.0973481 -2.07632438547 0)
(5.2263076 -1.53434011904 0)
(4.8439216 -2.15016076091 0)
(5.049561 -2.36216694066 0)
(5.290976 -2.25706793588 0)
(0.45529172 -1.4486362134 0)
(0.42698388 -1.60922374919 0)
(6.6065175 0.965412166521 0)
(6.7968297 1.48601839927 0)
(-3.1370057 -2.22259478087 0)
(-2.9108129 -2.34298371322 0)
(2.1900571 3.95599827052 0)
(0.66075708 -0.533585874745 0)
(0.73165834 -0.606249731568 0)
(7.0725631 14.4386321664 0)
(1.2583791 -0.994389798627 0)
(1.8500263 -0.0187999452471 0)
(5.7606601 9.02839709563 0)
(5.0305148 4.26877989078 0)
(0.12194384 1.05421880128 0)
(7.8931879 -0.916907066839 0)
(-8.2061042 -10.6567767553 0)
(-8.6746111 -10.889782105 0)
(-9.0114227 -11.2288374446 0)
(-8.9048582 -11.7062822339 0)
(14.070714 10.8838333714 0)
(-4.5256818 -2.61728208836 0)
(-0.79539817 -0.53868685286 0)
(-9.165239 2.94544867946 0)
(-6.3210782 4.68490968634 0)
(0.69227462 -0.00637142907214 0)
(-0.19145819 -1.7307940371 0)
(-0.36366422 -1.77588561984 0)
(-7.2188833 9.2205686734 0)
(5.6138818 0.534494683781 0)
(5.0538306 1.97982552739 0)
(1.1144349 0.768547719212 0)
(7.7214419 3.80737927951 0)
(7.9923377 3.96479889261 0)
(13.065016 -9.00873774921 0)
(12.681247 -8.7522583909 0)
(13.082052 -8.54740040566 0)
(12.708046 -8.29924114228 0)
(13.097706 -8.05249276788 0)
(8.7692938 -9.39696574791 0)
(8.4075862 -9.56278774924 0)
(-9.2020242 -2.63760492591 0)
(2.6737614 -8.84688666355 0)
(19.081988 -0.474883712397 0)
(-0.78500928 0.788409487128 0)
(19.175505 -5.34814902585 0)
(-1.0844267 0.593697554791 0)
(0.8748727 -0.388006719312 0)
(-0.33668152 0.786189005604 0)
(5.0560049 -3.79240191487 0)
(5.2853896 -3.98036519667 0)
(-3.4837856 7.53634268535 0)
(-4.4309225 -7.12880726409 0)
(-1.2447217 -0.399406936074 0)
(-1.1940958 -0.272115485575 0)
(-1.2775726 -0.14137580057 0)
(-1.2563252 0.021963638818 0)
(-1.1288256 0.0562917694158 0)
(-1.1415291 -0.0664775583473 0)
(1.447726 4.31815673401 0)
(11.188838 -12.9888591385 0)
(13.673625 2.56133831775 0)
(-2.7359321 5.69484588845 0)
(-3.0427506 5.47246833992 0)
(-0.13231785 0.559381868806 0)
(0.62748274 0.283778590017 0)
(0.049875331 1.61579547164 0)
(-1.208251 -0.799077076206 0)
(-1.2428228 -0.969979437404 0)
(-1.097707 -1.05935277819 0)
(-1.1366688 -1.25662657088 0)
(-0.98154352 -1.18719870399 0)
(-1.0015945 -1.34669836847 0)
(-0.82864677 -1.28962846156 0)
(-0.9267425 -1.03398295927 0)
(0.57835401 0.638513224997 0)
(5.7617498 10.6620038666 0)
(-7.2504904 3.84286445191 0)
(-7.1587963 4.23650489957 0)
(-0.37743376 3.13465489581 0)
(-0.21610564 2.99815591065 0)
(-0.44635184 3.33370947471 0)
(-0.28593799 2.80225502339 0)
(-0.060935154 3.14288750693 0)
(0.76546964 0.544940387287 0)
(2.8943397 2.53940836186 0)
(6.4619507 2.97785901825 0)
(6.1761419 2.99099691338 0)
(5.9810153 2.80546670243 0)
(5.8998876 3.06974924995 0)
(6.0871612 3.27623809515 0)
(-0.62907307 -0.106036068199 0)
(-0.42345324 -0.641106390677 0)
(0.30392126 -2.91521045398 0)
(1.0416272 -0.0502691029804 0)
(3.7466955 2.82667835816 0)
(-2.7978917 -0.0314607288538 0)
(-2.5863601 0.0741302764078 0)
(-3.0609905 -1.16707173666 0)
(2.070212 0.148858072149 0)
(0.15073049 2.18321296832 0)
(0.10631594 2.00126728508 0)
(-3.1663372 -6.86119481832 0)
(1.8809144 -2.44121466271 0)
(-4.8159731 4.98781729524 0)
(0.70443317 -0.712728384285 0)
(-4.8339406 -4.46635869863 0)
(0.41991946 1.96103922025 0)
(3.5887997 -2.59733261997 0)
(-2.1008848 1.10554018485 0)
(1.4817653 -2.56520807078 0)
(-1.3587291 1.44518455602 0)
(-2.6830633 -2.20381841118 0)
(-2.5897467 -1.96180876942 0)
(7.247001 10.6037528399 0)
(7.2289487 10.1864285127 0)
(0.39767187 1.80814622296 0)
(-2.7512565 0.440293592113 0)
(2.5548101 1.63110358135 0)
(0.68295915 1.74612718105 0)
(-5.6741708 -1.79960663985 0)
(1.3712532 0.421185793946 0)
(0.93665354 1.55660635455 0)
(0.91698972 1.41974276541 0)
(-0.051283601 -3.2064289437 0)
(3.5300871 0.135771044474 0)
(-1.8393394 -4.18051715415 0)
(-1.5700753 -4.05430041003 0)
(-1.3272058 -4.21666155687 0)
(-1.3079161 -3.93477835949 0)
(-1.0693559 -4.09256826588 0)
(-1.0558056 -3.81521649407 0)
(-1.0643424 -4.39375272281 0)
(-0.83426175 -3.96095541958 0)
(-1.5526028 -3.77294831613 0)
(-0.81857544 -3.69223506126 0)
(-1.0402456 -3.52791468051 0)
(-0.75661145 -3.43094841047 0)
(1.8934938 -0.738300221038 0)
(1.7765127 -0.626250318299 0)
(1.2942304 -1.43709800102 0)
(-0.26202155 1.00084533213 0)
(3.2912793 -1.03391272564 0)
(7.0948174 3.16463826482 0)
(-5.8110064 10.5347131498 0)
(-1.8124483 -3.88907433869 0)
(-2.0552448 -3.71195323644 0)
(-2.3336043 -3.82912153245 0)
(-2.3029939 -3.53256948134 0)
(-2.5111966 -3.29669337992 0)
(-2.2196406 -3.23999397041 0)
(-2.8203521 -3.44359941354 0)
(-2.7757049 -3.14406649758 0)
(-3.0221424 -2.97104998698 0)
(-2.7548713 -2.83391472677 0)
(-2.9837849 -2.68047967091 0)
(-3.2473899 -2.77785530345 0)
(15.040049 -6.86753571565 0)
(15.437872 -6.76036690686 0)
(-3.0566273 -0.630116186159 0)
(0.88189587 0.357038949911 0)
(-4.2336832 8.1160603603 0)
(-2.4368441 -0.28434057365 0)
(-7.5563334 6.00505562472 0)
(-0.19221511 2.07633530555 0)
(1.978981 7.99266544603 0)
(1.9774659 7.65206634379 0)
(2.5136704 7.49743603842 0)
(2.6476766 7.23217386328 0)
(0.38893597 0.890157389718 0)
(-5.2587372 -5.94467748407 0)
(-4.8550781 3.36153107487 0)
(-3.7538501 3.96058784406 0)
(4.7388084 2.30812455816 0)
(4.5455041 2.46416112239 0)
(11.45351 -9.3455793774 0)
(5.1369801 -14.2501898749 0)
(5.5652329 -14.551761504 0)
(8.2914896 -12.5781358471 0)
(7.281397 5.50152799194 0)
(-1.1005203 -0.376819735466 0)
(-4.2921616 3.67160046647 0)
(-4.0590153 3.50623366193 0)
(-3.2183288 4.28757732458 0)
(5.5149782 -1.44282640608 0)
(-5.4073838 3.02726493881 0)
(3.8487637 -3.2339884905 0)
(3.8146207 -2.97361715184 0)
(-7.6443742 2.04714194862 0)
(-4.5178017 4.82318669639 0)
(-0.30524527 -0.589899476246 0)
(2.6936353 -0.296284573453 0)
(-0.84920872 2.58513751027 0)
(13.443275 -9.70931086223 0)
(12.930132 7.7730181882 0)
(12.944869 8.2099536529 0)
(12.899126 7.33569335487 0)
(1.0097582 0.160076980876 0)
(1.8151118 -1.09146052501 0)
(2.7986684 -2.20229700178 0)
(2.6521221 -2.04743925634 0)
(3.3449121 -3.48265794185 0)
(-1.2162494 2.39758675179 0)
(0.12444626 -1.79707196651 0)
(0.15747269 -1.65633104434 0)
(-0.0086533079 -1.67660546965 0)
(3.3595127 0.331406899718 0)
(1.7733903 1.70175354754 0)
(1.3533527 4.70302065631 0)
(-0.46976614 2.73944085224 0)
(1.8024882 4.42688992422 0)
(2.8461895 -3.75611282804 0)
(2.6205818 -3.61037489043 0)
(2.3826727 -3.72589345862 0)
(2.4046612 -3.46672858598 0)
(2.1734386 -3.57575173473 0)
(2.6237452 -3.36428941095 0)
(2.1479252 -3.82826374342 0)
(1.9436952 -3.68026855669 0)
(1.9420357 -3.39978664319 0)
(1.7294068 -3.5514413353 0)
(1.7144595 -3.78559976765 0)
(1.5110974 -3.65798187043 0)
(1.4943926 -3.8793850874 0)
(1.2921477 -3.75454529944 0)
(1.2752801 -4.01433986138 0)
(1.0707408 -3.85556214973 0)
(1.029531 -4.09123428999 0)
(0.84205589 -3.94748152333 0)
(0.79590841 -4.1974336757 0)
(0.6106371 -4.04549047822 0)
(1.0063214 -4.35047221472 0)
(0.59390173 -4.30544810756 0)
(1.691496 -4.03204467768 0)
(-0.73137249 -1.45458104542 0)
(2.5499717 -0.89570676175 0)
(2.5908038 -0.68645799634 0)
(0.46848394 -1.30867359324 0)
(0.93381483 4.98855228519 0)
(-1.0629304 -4.69708673253 0)
(-0.81546048 -4.57600753662 0)
(-0.78368436 -4.26355483063 0)
(3.3801621 -8.52138206057 0)
(8.8424898 -5.47944008466 0)
(9.177634 -5.6813510913 0)
(-1.6170805 -2.58545242958 0)
(-1.5651807 -2.35203915424 0)
(-1.7272674 -2.1940586324 0)
(-1.5198632 -2.12926359695 0)
(-1.3510675 -2.27822084965 0)
(1.5804353 6.55128885818 0)
(2.1346332 0.49316189466 0)
(1.955019 0.447449066019 0)
(6.436989 -7.79257272943 0)
(-4.6209314 2.03899011103 0)
(-4.3547066 1.90489096874 0)
(-4.1210018 1.72447921047 0)
(5.3667115 10.0510650926 0)
(5.0066952 9.44941097547 0)
(5.6078142 -0.253758587273 0)
(-4.6540749 -10.2663670774 0)
(-4.2771726 -10.0696746573 0)
(2.6493969 3.87409872107 0)
(-0.5478788 -0.366647438299 0)
(7.5648868 -1.41360244739 0)
(-1.9645329 -2.25584933205 0)
(12.628675 -10.1493030154 0)
(11.914244 3.30694168661 0)
(11.565012 3.13143986479 0)
(-6.0753213 -3.20313445384 0)
(-6.3266901 2.46154283285 0)
(-6.0261984 2.26538924948 0)
(-6.0174358 2.63224735205 0)
(-2.0093475 -1.18352904926 0)
(-3.3768824 -3.04749083238 0)
(-2.7216194 -2.56364004803 0)
(-0.5430882 1.93576320743 0)
(14.093148 11.3559161001 0)
(4.5480063 -0.0472780977937 0)
(4.2914916 -0.139632434814 0)
(-2.0048866 2.11226852838 0)
(0.22700476 7.33040437538 0)
(-0.064927698 7.17674611092 0)
(-0.042039056 6.85687109836 0)
(-0.36357253 6.71562209942 0)
(-2.3457453 0.829087445938 0)
(-0.93032483 5.56330829904 0)
(5.7185603 1.23143263348 0)
(-2.4561938 -0.488678182887 0)
(-1.8162136 2.1881790182 0)
(-1.6204012 2.25889536332 0)
(-5.4406226 -3.65054133122 0)
(17.858218 -6.38854466302 0)
(16.536346 9.23770513174 0)
(-1.0128642 3.39806315556 0)
(0.29216908 0.487633844387 0)
(2.4055093 2.95866586967 0)
(-6.9400184 3.61247937324 0)
(5.5784603 -0.856251574068 0)
(1.6491548 2.65126542254 0)
(6.1371902 -14.0623427705 0)
(5.8055587 3.33269477536 0)
(-7.6236973 -1.8858203178 0)
(-7.2330094 -1.70740726868 0)
(2.0068081 1.43826679467 0)
(-6.3234875 1.72842748049 0)
(-9.5824689 -0.746436678223 0)
(-9.4825903 -1.7221271012 0)
(-9.152539 -1.99261398394 0)
(-2.4090896 -5.84704830677 0)
(-2.3872019 -5.50058678961 0)
(-2.6714954 -5.30283973393 0)
(-2.3958646 -5.13993430332 0)
(-2.0987705 -5.69601692988 0)
(-1.8031237 -5.8789104917 0)
(-1.7871381 -5.53561560563 0)
(-2.99014 -5.44405080861 0)
(-2.9575085 -5.10142586607 0)
(-3.283034 -5.23912150828 0)
(-3.2466815 -4.89155175915 0)
(-3.5275142 -4.67869834448 0)
(-3.8733075 -4.81897982093 0)
(-3.8128133 -4.49917025637 0)
(-1.3925284 -2.50545827793 0)
(-1.1832553 -2.41905920668 0)
(-1.1595771 -2.1869846877 0)
(-1.4324582 -2.75574618537 0)
(-5.1610984 1.38855620806 0)
(14.084016 10.4020544026 0)
(4.419177 -4.73029492126 0)
(4.154939 -4.55590149225 0)
(3.8777902 -4.69202367577 0)
(4.1778717 -4.18941039471 0)
(3.8467807 -5.00994187897 0)
(3.5610428 -5.14973617769 0)
(3.5325032 -5.46097498547 0)
(3.2784764 -5.27872166442 0)
(3.2489357 -5.58715034381 0)
(2.9949144 -5.40551994438 0)
(2.9658436 -5.71359095931 0)
(2.7129516 -5.53160349243 0)
(2.6704627 -5.85659022569 0)
(2.4259779 -5.66149173664 0)
(3.0234559 -5.0998717989 0)
(2.3982153 -5.96806041676 0)
(2.1440191 -5.78641064978 0)
(2.0922963 -6.10913900065 0)
(1.853947 -5.91538909448 0)
(1.8142301 -6.22848211836 0)
(1.5688996 -6.04077669055 0)
(2.1739496 -5.47947085861 0)
(1.5333319 -6.35917515756 0)
(1.2740271 -6.17043557136 0)
(1.2407367 -6.49256737147 0)
(0.98504594 -6.2932409721 0)
(0.90947436 -6.62632856066 0)
(2.9081726 -6.06810686558 0)
(1.6045927 -5.73501873995 0)
(1.0200599 -5.99033784036 0)
(0.72291217 -6.11979164094 0)
(1.7963443 -6.54750711907 0)
(0.76033819 -5.84294435403 0)
(1.2239684 -6.81860387422 0)
(3.5893705 -4.83500353824 0)
(3.5027554 -5.78668739009 0)
(3.5841821 -4.52095056075 0)
(3.310996 -4.65649976692 0)
(3.8505472 -4.33599880027 0)
(3.1674571 -6.26602430227 0)
(2.8580388 -6.42066269798 0)
(-4.4933038 -2.2863794976 0)
(-4.7923122 -2.08026451458 0)
(-4.4689347 -1.93911515753 0)
(-0.30885441 1.43601487291 0)
(1.5059499 1.92463914745 0)
(1.3679673 2.05192006709 0)
(-9.5952614 -5.26124916639 0)
(-9.5713822 5.24383452266 0)
(-9.1521876 5.00022928159 0)
(-9.1368189 5.4674105439 0)
(-6.2191167 5.87099541911 0)
(-6.2719649 6.31053674382 0)
(2.4190919 -3.21891862564 0)
(2.196806 -3.3079591518 0)
(3.3953982 -0.34697494432 0)
(0.94087372 -0.270098770186 0)
(10.429146 11.7305894731 0)
(10.428843 11.2621326103 0)
(6.7154561 6.18060750408 0)
(7.4741503 -8.04247774909 0)
(1.0767166 7.15287130721 0)
(6.3933389 6.02014733888 0)
(2.1606961 6.44404140846 0)
(5.4677839 7.67817961053 0)
(5.1801509 7.48181867188 0)
(4.830674 7.68853519973 0)
(6.1098058 7.27989027091 0)
(5.8031713 7.10299562545 0)
(-2.0276217 6.69695963814 0)
(-1.7434916 6.54133593383 0)
(-1.7658414 6.20988492794 0)
(-1.7339137 6.8734598151 0)
(3.0978332 3.61675471258 0)
(2.8845826 3.53323566385 0)
(3.3088765 3.48104419659 0)
(3.2929419 3.22075417249 0)
(16.547159 9.7872114594 0)
(0.85053392 0.256649740221 0)
(3.7778849 6.9621160518 0)
(2.232706 5.20182866711 0)
(3.4809889 5.61507415203 0)
(2.1724928 8.52267819789 0)
(-2.9475283 -4.75123466871 0)
(0.1416789 -1.04932276126 0)
(0.46502783 5.24810963309 0)
(8.5236906 -5.27868611379 0)
(2.7307537 2.67719892603 0)
(0.79748474 1.49742987017 0)
(0.7921722 1.35564066762 0)
(1.4487951 -1.38151034061 0)
(11.327563 8.484559635 0)
(2.9485455 4.7867164359 0)
(3.1751858 4.63665035596 0)
(3.1956354 7.32181202544 0)
(5.2118519 6.07564644486 0)
(5.19717 5.73408265281 0)
(5.5261537 5.53491990512 0)
(5.7993404 5.69630373351 0)
(6.0944976 5.5188400483 0)
(12.407893 10.5060464049 0)
(12.384193 10.0524984631 0)
(0.61766789 -7.4450559112 0)
(0.64714657 -7.10816760009 0)
(0.37161608 -6.88909895756 0)
(0.5680009 -6.61381853369 0)
(2.8135173 -1.39946364943 0)
(2.7685616 -1.61451845122 0)
(-4.2689325 6.07830971069 0)
(-3.9447898 5.92261507851 0)
(-3.9422401 5.56382290033 0)
(-3.6563496 5.40760683262 0)
(-3.3574775 5.62224765475 0)
(-0.54833296 3.53280141825 0)
(-8.0028665 6.66495838535 0)
(-7.6116903 6.89686579764 0)
(-7.6443125 7.39178170684 0)
(-7.3186336 7.64270590397 0)
(-7.295839 8.09872136893 0)
(-7.7064462 8.29428843704 0)
(-7.7363709 8.75551737824 0)
(1.2861787 5.86996990828 0)
(-7.3241157 -5.39018666166 0)
(-6.0328546 -2.38641044641 0)
(-5.7117081 -2.62807823483 0)
(0.97266086 0.0458514456122 0)
(-1.6044654 4.1390804082 0)
(-1.5712664 3.92097200901 0)
(-1.3857618 4.26987153998 0)
(-1.1880315 4.12101340131 0)
(-5.9232888 -5.02019094563 0)
(2.1150239 -12.5643606946 0)
(4.4527744 -0.567978430677 0)
(4.2116615 -0.680916950988 0)
(1.8937073 -5.61205454668 0)
(1.915885 -5.28919852489 0)
(2.2051348 -5.17758466063 0)
(2.4513798 -5.35128122098 0)
(2.738654 -5.22618817475 0)
(2.7718592 -4.9108769573 0)
(3.0412453 -4.78256281484 0)
(-2.9747232 4.13844724458 0)
(-0.25324463 4.90515155423 0)
(-1.7545656 -14.5877879931 0)
(4.1840085 8.46024213159 0)
(4.1569321 8.11373309439 0)
(-1.277751 -14.5980363357 0)
(15.270677 -3.2008459631 0)
(3.7653081 -5.98837896666 0)
(4.8301679 8.06822252689 0)
(3.53486 8.85354328585 0)
(2.872248 9.24204103683 0)
(2.8702358 8.87187532585 0)
(2.5224533 9.06590160683 0)
(-5.2247419 -5.07332328614 0)
(-2.872823 8.95186990064 0)
(-2.536973 8.7661296802 0)
(-9.5699792 -7.73385806045 0)
(-9.0751796 -7.5411567025 0)
(-9.3290753 -6.68631068912 0)
(-8.6675315 -7.44389695269 0)
(5.0397672 3.68385094865 0)
(-9.6070107 7.7601149377 0)
(-9.1569522 7.53845997567 0)
(-4.7997861 -0.478543971465 0)
(-1.6370039 3.09243871269 0)
(-1.4286177 3.21229884933 0)
(-1.2575014 3.08212965565 0)
(1.3164731 -5.86761500627 0)
(1.3645497 -5.53365568167 0)
(-2.9329229 3.05418999904 0)
(-3.2087915 2.77740978559 0)
(5.2774619 4.42996127563 0)
(3.1347386 11.7827908151 0)
(3.5286536 11.5575993784 0)
(3.8754937 11.7760294991 0)
(3.8882805 11.3375827655 0)
(3.0341035 1.42742026906 0)
(15.8513 14.1839219976 0)
(-2.0908407 2.92652965702 0)
(3.585817 -13.6093620563 0)
(-2.5331709 9.16683900819 0)
(-2.2281063 8.58419045515 0)
(0.20005009 4.30402749167 0)
(0.1979956 4.05768528155 0)
(0.37979795 3.91533268524 0)
(0.5708013 4.00910612733 0)
(0.55046184 3.78065221871 0)
(-7.5324066 5.57632847572 0)
(4.1079654 -7.4822218818 0)
(4.4484572 -7.33292721249 0)
(4.116874 -7.10595641331 0)
(4.8078212 -7.1746002557 0)
(5.1434287 -7.34015514853 0)
(4.3470748 6.60597483414 0)
(4.0538942 6.47846429253 0)
(4.6368488 6.43167235074 0)
(4.6407442 6.07272661324 0)
(-3.0633797 -8.61287270471 0)
(-2.7257788 -8.85984173525 0)
(7.9517195 5.3941968933 0)
(7.6191258 5.21459153199 0)
(7.9323554 5.03073908925 0)
(8.260698 5.19649284815 0)
(8.2557367 4.82792321254 0)
(7.984439 4.65823894628 0)
(2.2537597 2.11197178274 0)
(-0.082556043 -11.7230740636 0)
(-0.035614316 -11.2842539987 0)
(3.7565065 -1.75447483585 0)
(-6.5950875 10.4886566508 0)
(-1.9200503 -0.786852918126 0)
(-1.7287397 -0.734205688977 0)
(6.8101366 -0.172819684764 0)
(6.8462855 0.157397703039 0)
(7.1020495 0.316459178224 0)
(7.3739189 0.147439676049 0)
(8.2162902 -8.06765709682 0)
(8.2335678 -7.64091131572 0)
(9.5105278 -5.47408256001 0)
(9.4970084 -5.88787770663 0)
(1.1929538 14.5814117469 0)
(1.2503395 -14.5787833391 0)
(1.0046318 -14.1460022115 0)
(1.5512752 -14.1518426078 0)
(1.6154622 0.935717558942 0)
(1.6360038 0.801648666193 0)
(1.5141216 1.05801631887 0)
(-4.9337977 8.03646633403 0)
(-5.2893728 7.80535801292 0)
(-4.9269008 7.61406692256 0)
(-4.3056337 -0.840963458327 0)
(-4.2713865 -0.539143548341 0)
(3.9243497 -4.07900398811 0)
(8.5126329 -0.613256014671 0)
(4.1118896 4.01577438342 0)
(5.5377202 -6.45717923301 0)
(-2.5968244 2.29653465665 0)
(3.7296101 3.21529477203 0)
(6.6518491 -1.57984136036 0)
(6.7081708 -1.2914321376 0)
(6.326125 -1.99133840549 0)
(1.8706842 -4.22041943667 0)
(-4.0718664 -7.80163803465 0)
(14.502798 11.1137395265 0)
(14.92094 10.8528432941 0)
(-5.0755967 -10.435483462 0)
(-9.1097855 -7.99941164036 0)
(5.7364201 1.82696828116 0)
(5.4753809 1.71311933998 0)
(10.671189 -10.2744901227 0)
(13.513529 -8.39526269046 0)
(13.274689 -7.60481103915 0)
(5.393767 11.3171710429 0)
(8.2024617 -0.769897368902 0)
(-4.8469155 5.33452281 0)
(-0.42655726 4.51466732221 0)
(10.568713 3.80659289082 0)
(10.246861 4.01628520322 0)
(10.261582 4.39273875252 0)
(9.9270277 4.2195188022 0)
(9.9396748 4.59027017619 0)
(10.267278 4.75886715832 0)
(9.8665308 3.86544672623 0)
(9.6023637 4.42227688041 0)
(9.6145381 4.78978657046 0)
(9.2753127 4.61842278981 0)
(3.1483368 4.37064889512 0)
(8.1481366 -4.78438838693 0)
(7.8618917 -4.55983812763 0)
(-7.1126654 -8.40065119711 0)
(1.1042606 2.45959023489 0)
(0.95458618 2.58019091911 0)
(0.97633236 2.77464003848 0)
(0.76354625 2.68904740087 0)
(0.94013256 2.39610829035 0)
(0.78598349 2.49945055209 0)
(0.99959926 2.97643358112 0)
(-0.23777737 5.41631318299 0)
(9.7120484 -7.30835429685 0)
(2.8715029 -3.48219456009 0)
(3.3007645 -4.96706664006 0)
(2.7526307 -14.5140507306 0)
(-5.9374052 6.54703389252 0)
(-7.5591242 -1.02859058926 0)
(-7.2010393 -0.827377789316 0)
(9.5232911 9.61943744802 0)
(9.5232407 9.16590025223 0)
(4.248292 -6.73351500143 0)
(8.0288156 10.5551448832 0)
(7.973297 10.1199292701 0)
(7.6441846 10.3641331851 0)
(12.276127 3.48952870719 0)
(9.8713817 8.96605174264 0)
(3.2813523 -0.186370733261 0)
(6.4278519 -8.17740068783 0)
(6.0828402 -8.34880587877 0)
(-4.3377177 -6.34420481733 0)
(3.3545485 1.12669441258 0)
(-2.7504386 14.5789333326 0)
(-2.747692 -14.5845155579 0)
(-2.9651111 -14.1860949194 0)
(2.4891266 5.0687924024 0)
(15.73785 9.80482197074 0)
(9.7504422 14.596630034 0)
(9.8993601 14.1263644798 0)
(10.473826 14.0751910263 0)
(10.740084 14.5564747402 0)
(10.979877 14.1337475467 0)
(10.245078 9.17966037017 0)
(10.227159 8.73886246239 0)
(3.3717571 -0.593721028867 0)
(-0.69345275 4.64225301888 0)
(5.0823465 -8.09221651656 0)
(4.7804537 -7.87333768115 0)
(5.0425284 -8.4770156792 0)
(-4.6047026 1.38159426878 0)
(1.2004388 9.47131258044 0)
(1.3106289 -4.44977104581 0)
(1.0571069 -4.60257190768 0)
(17.680284 -9.83262959207 0)
(-9.6044927 0.24889645801 0)
(-9.58694 0.749850358757 0)
(-9.1514777 0.500348690952 0)
(9.3943106 -1.56508286179 0)
(9.0897926 -1.36228405719 0)
(2.455863 -10.8741060612 0)
(-9.5613038 3.75053811615 0)
(-9.0746138 3.46662179459 0)
(-9.5628653 4.25223126997 0)
(-9.5770322 -3.82242207454 0)
(2.1422268 -12.1050179659 0)
(-2.1285784 -2.03432409576 0)
(19.545959 -0.7255640685 0)
(11.089452 0.00794636947005 0)
(-4.0410724 -1.00054806337 0)
(5.7455759 10.245819988 0)
(5.3853089 10.8892576734 0)
(6.5084933 1.64830635709 0)
(6.7676445 1.79818815222 0)
(0.63282505 0.729213617048 0)
(5.45114 -4.8212334101 0)
(3.730212 5.4546583119 0)
(7.5313425 -4.74069680407 0)
(7.2243001 -4.54763847382 0)
(6.9030168 -4.7079878027 0)
(6.9025658 -4.36437945546 0)
(7.2495527 -4.17480940173 0)
(-3.4577571 1.24755870541 0)
(-3.2236696 1.31422163503 0)
(-3.0487126 1.15178946927 0)
(7.1111265 1.32378178002 0)
(6.7613836 8.80266250668 0)
(6.432938 8.61087282567 0)
(7.1059984 8.59296171167 0)
(2.4413035 1.07493695505 0)
(2.5652096 0.955171621783 0)
(2.2968244 1.19768184779 0)
(3.057477 2.39509783481 0)
(-1.8229746 -0.409200037082 0)
(11.23975 14.5610695399 0)
(11.481235 14.1295710992 0)
(11.978141 14.1256382077 0)
(11.722042 13.7003749416 0)
(12.210548 13.6890778114 0)
(12.465236 14.1072812533 0)
(12.682056 13.667371865 0)
(12.443177 13.2582102206 0)
(12.932184 13.2472496794 0)
(13.210771 13.7151377865 0)
(12.70399 12.8509502059 0)
(12.213723 12.8569466016 0)
(6.1925059 -6.12078473671 0)
(5.8557165 -5.89037166635 0)
(-5.6996701 -6.1256039658 0)
(-9.5271786 6.7636487679 0)
(17.675874 7.06979869721 0)
(17.662899 6.60964547545 0)
(-1.8182367 -6.24881036105 0)
(11.213459 -6.51213375335 0)
(11.21789 -6.12880746975 0)
(11.183063 -6.9451942114 0)
(2.3541482 -3.99928511779 0)
(16.297666 1.63529365776 0)
(15.887098 1.45309097936 0)
(15.865639 0.98923245301 0)
(15.48102 1.23656997944 0)
(15.477176 0.784346085749 0)
(15.106821 1.04307724517 0)
(14.686637 1.31387151485 0)
(19.192227 12.0793895578 0)
(19.210388 12.5376858485 0)
(1.8448466 -9.61209100872 0)
(2.1857882 -9.44502582135 0)
(4.6362042 -5.88518043302 0)
(14.902319 4.44841472619 0)
(8.0723102 7.19089750687 0)
(8.0443317 6.82703804411 0)
(7.741062 7.40483099913 0)
(14.011053 1.91084402352 0)
(13.661135 2.17120209856 0)
(3.8522172 -11.3546774367 0)
(1.8796993 0.743641005092 0)
(2.5871588 -6.23436240652 0)
(6.5525766 -10.8651550031 0)
(-2.0172683 -8.94205751878 0)
(11.816018 -10.5930410152 0)
(-0.71936595 -1.66181538866 0)
(7.9108404 -12.3230026033 0)
(7.5599215 -12.0726656536 0)
(0.18008272 -0.60324738363 0)
(11.977992 -6.12732386761 0)
(11.969888 -5.72841495756 0)
(12.360618 -5.49695784909 0)
(11.995536 -4.15696697226 0)
(1.6028929 11.7959319712 0)
(1.2218931 11.5917258602 0)
(1.6038645 11.3784550845 0)
(0.84926274 11.7848839908 0)
(5.227076 -6.26568009532 0)
(9.9114405 -9.25231173925 0)
(9.5647903 -9.00811712375 0)
(10.306618 -9.05608690759 0)
(6.4771067 10.2168490197 0)
(12.031118 -3.3218351966 0)
(11.611961 -3.54133429349 0)
(13.780007 -3.08839477536 0)
(13.438566 -2.85723652329 0)
(13.454117 -2.41839791324 0)
(13.823598 -2.22187151346 0)
(13.057185 -2.20511044826 0)
(13.104795 -1.74637156682 0)
(12.731758 -1.90657926022 0)
(12.385963 -1.67547283651 0)
(12.345678 -2.08622848813 0)
(2.3031247 -1.10391645575 0)
(12.451529 11.4242108911 0)
(4.8831532 0.553251550747 0)
(0.57423972 -4.8525554028 0)
(0.33860368 -4.68374714452 0)
(2.7061094 4.65168148554 0)
(2.1793216 -6.67600793762 0)
(4.2625743 11.55680827 0)
(3.9198718 10.9239033288 0)
(4.1512251 2.92881559627 0)
(7.230768 -2.28251404115 0)
(6.9595031 -2.45043687851 0)
(14.07691 3.17221975612 0)
(-1.589021 0.723636112799 0)
(14.992614 13.2520504938 0)
(14.568806 13.5130414018 0)
(14.548351 14.0771608816 0)
(14.140934 13.781072373 0)
(14.147846 13.2779047496 0)
(13.711432 13.5405124717 0)
(13.687596 13.9984289975 0)
(13.209474 14.1999151514 0)
(11.576375 3.54067352553 0)
(10.019013 -1.97189592588 0)
(0.78055699 6.19812516878 0)
(7.4676169 -2.76868766869 0)
(7.7215222 -2.98907786022 0)
(8.0672915 -2.88547546895 0)
(8.3504303 -3.13580877087 0)
(7.8068149 -6.02228241887 0)
(8.8487725 0.254424926451 0)
(9.1566711 0.419069049738 0)
(5.7428253 -11.2669643673 0)
(15.976879 2.79502779774 0)
(15.568599 2.61675716532 0)
(16.003309 3.25166083865 0)
(16.23745 -6.27023588912 0)
(7.0646524 -12.7387059699 0)
(6.7151492 -12.4653097083 0)
(-4.774703 -7.30897883373 0)
(16.711259 1.83489117992 0)
(11.957336 13.2727897301 0)
(0.20135381 9.67222064231 0)
(-5.1317411 -10.8954821284 0)
(-3.9726056 -11.26808071 0)
(1.1868335 8.75754677271 0)
(2.1961301 9.26223537878 0)
(0.25293013 14.5731572443 0)
(0.52177255 14.139519981 0)
(-0.22631735 14.5742758972 0)
(-7.062919 12.6174490713 0)
(-6.6516008 12.3894769312 0)
(-7.4751008 12.3551782199 0)
(-1.2452843 14.5698038151 0)
(-1.7479168 14.5713606539 0)
(-2.0191283 14.1502794634 0)
(-1.5167329 14.1001425045 0)
(2.2406594 14.5872639267 0)
(2.7184158 14.589260288 0)
(3.75 14.5670841708 0)
(4.2467044 14.5770186154 0)
(6.8876272 -5.06459302194 0)
(5.25 14.5670779112 0)
(5.7398751 14.565959116 0)
(6.0228967 -3.82514052892 0)
(5.742918 -3.64807199338 0)
(-9.0754156 10.8463922247 0)
(-9.4224111 11.2230348346 0)
(10.661846 -2.39239318409 0)
(11.231153 10.7865047137 0)
(10.836773 11.0301287881 0)
(10.838045 11.483954405 0)
(10.419461 10.8079845101 0)
(9.9944242 11.0839576922 0)
(8.254311 14.5981269531 0)
(8.0565284 14.1524858157 0)
(8.7537511 14.6050170161 0)
(7.2402527 -14.5698907072 0)
(7.4949271 -14.1565880628 0)
(15.236542 -8.56042026949 0)
(14.727994 -9.17443415165 0)
(12.61076 2.47552872309 0)
(14.531083 4.69191974359 0)
(14.140185 4.49621322253 0)
(13.767083 4.73879280316 0)
(13.751941 4.29899830202 0)
(13.388627 4.54068929022 0)
(13.028531 4.31084781799 0)
(13.024076 4.70995188676 0)
(13.37351 4.96273563275 0)
(12.965964 5.13872795295 0)
(13.038595 5.63218864779 0)
(12.635083 5.47101985699 0)
(12.304272 5.74837078915 0)
(12.255455 5.36452296652 0)
(11.923186 5.62831263785 0)
(11.854648 5.20085284371 0)
(11.534611 5.5010125597 0)
(11.388216 5.13854095678 0)
(11.145804 5.38899545635 0)
(12.563149 5.06352248573 0)
(14.51013 4.24787706549 0)
(-9.5361838 10.2500716995 0)
(13.817065 -11.8707311258 0)
(13.818539 -11.4022444256 0)
(17.674079 4.50303653561 0)
(15.622278 6.96193589649 0)
(15.213578 6.75147938102 0)
(15.207095 6.28175680908 0)
(14.823517 6.55782838008 0)
(14.831051 7.00005872644 0)
(14.442309 6.81122514883 0)
(14.438259 6.33892298523 0)
(14.059763 7.07083624091 0)
(-4.5753848 7.85200483736 0)
(7.2680004 11.034870427 0)
(15.014549 -1.18927256496 0)
(15.040154 -0.747517665901 0)
(14.645951 -0.946541037043 0)
(-0.35084683 8.31698507909 0)
(9.7427515 -6.89904501706 0)
(4.2692738 10.7190378912 0)
(11.294547 -2.90596911892 0)
(9.2745641 12.47655769 0)
(-8.0628108 -2.93011057929 0)
(-7.7717294 -3.18086662196 0)
(18.045355 6.2915696483 0)
(-7.0038611 -7.49095352908 0)
(-0.39793133 0.626339436736 0)
(-5.7193709 -12.4856930829 0)
(-5.2918231 -12.2925461481 0)
(2.5031119 8.69590021998 0)
(12.964364 -12.3036213566 0)
(12.979662 -11.8331205374 0)
(1.0373 0.870682526083 0)
(9.0837927 6.9387058395 0)
(9.0603567 6.55393505516 0)
(8.6960669 6.40796653375 0)
(8.9857769 6.22638219767 0)
(3.9810451 1.83458176769 0)
(4.1854567 1.67355388516 0)
(3.7469026 1.74911260481 0)
(11.524706 -7.59562509846 0)
(15.703138 -2.56775297873 0)
(11.136467 -7.79704408869 0)
(13.752971 -3.96995359755 0)
(-9.2571992 -9.38312860038 0)
(11.619886 -4.36545323092 0)
(1.3170594 3.66804739831 0)
(12.273674 -8.95207863447 0)
(19.496529 0.49479717221 0)
(15.784623 -6.46038404077 0)
(19.574905 -3.24902311116 0)
(19.192179 -2.9933943538 0)
(19.17863 -3.488879192 0)
(19.578856 -3.74104738869 0)
(19.166602 -3.95497427027 0)
(19.584782 4.73183979971 0)
(19.204521 4.482332508 0)
(19.595971 5.20223070527 0)
(-1.1793883 -5.9676179348 0)
(-9.5778229 2.73298922355 0)
(13.643307 6.89582611951 0)
(10.577958 8.5137228038 0)
(-5.4152721 11.2564563261 0)
(-5.4286978 10.7780761692 0)
(11.232856 13.7083435239 0)
(8.1185062 12.3263965212 0)
(3.681152 0.810029996986 0)
(10.165283 7.07221917286 0)
(1.9641478 3.32347726406 0)
(6.2205645 -5.75004286647 0)
(3.6249053 2.158911058 0)
(3.393159 2.10181469822 0)
(10.76403 -14.5822908906 0)
(11.250859 -14.605794322 0)
(-1.1417802 12.9047063217 0)
(-1.1488743 12.4599709533 0)
(-5.2840357 7.38478423348 0)
(-7.2930556 2.26784582523 0)
(12.4272 -1.26769809812 0)
(-3.7505523 14.5713226637 0)
(-3.4682668 14.1564546419 0)
(-3.9626156 14.0850601443 0)
(-4.2444445 14.5633615204 0)
(-4.4775672 14.146890481 0)
(-2.524979 1.96640613173 0)
(1.8368503 -9.28391698962 0)
(13.245067 10.4496729481 0)
(12.821076 10.2423311257 0)
(7.8525393 -1.63437630805 0)
(14.847066 7.45781490131 0)
(10.734574 -12.7369577022 0)
(0.25144125 -6.22144878293 0)
(6.7223619 -0.80176925542 0)
(6.4302301 7.08467554836 0)
(0.3518112 -11.1098118195 0)
(0.71071534 -10.9252176778 0)
(-0.83139291 -1.13361817405 0)
(16.165003 -7.24938427322 0)
(-7.460134 11.868625701 0)
(5.3315742 -11.4675812323 0)
(-2.5308678 -7.28718932649 0)
(6.312763 3.77173287145 0)
(15.628055 3.50694309936 0)
(14.510656 8.59520370479 0)
(-2.7755195 -11.6531381593 0)
(16.912361 8.55172393463 0)
(-1.9746745 -11.3013834328 0)
(-2.2974641 -11.0348115442 0)
(-1.8975968 -10.8697552498 0)
(-6.9509519 -7.04969430444 0)
(10.888257 -4.75456975911 0)
(12.558993 -12.0458622416 0)
(15.33173 -2.31547785586 0)
(3.1455561 -7.58050041611 0)
(-6.8731562 -9.6170453521 0)
(-0.33881645 -7.54930544087 0)
(-0.64575798 -7.35696283355 0)
(16.130437 -7.71480380854 0)
(-2.6936782 11.6080888518 0)
(1.5991879 2.46247415613 0)
(16.02603 -3.72892199017 0)
(17.69912 7.55473409473 0)
(19.566987 -6.24995416211 0)
(10.9079 7.43027454674 0)
(13.786798 5.17084418912 0)
(11.548729 -7.1654548259 0)
(11.157778 -7.37343192579 0)
(13.899267 -0.909972967343 0)
(17.655986 -2.93186284498 0)
(17.359097 -1.2795910953 0)
(-2.7199552 4.57068463759 0)
(-4.8157383 4.63381405738 0)
(16.073357 8.10243867654 0)
(0.042160352 14.0944165072 0)
(-1.0143744 -7.89021094017 0)
(17.585203 -4.28487934122 0)
(17.523847 -10.3639843113 0)
(12.245959 14.5506491169 0)
(12.249052 -14.5690322235 0)
(11.931218 -14.1534816745 0)
(12.473463 -14.0426189133 0)
(13.009612 -14.1481157635 0)
(13.248412 -14.5665493898 0)
(13.49009 -14.1288652511 0)
(13.741428 -14.5716928857 0)
(13.711975 8.16276421779 0)
(13.719911 8.62097881197 0)
(8.6879629 -12.8385002571 0)
(9.7874939 0.76715531961 0)
(10.339273 -8.62089375724 0)
(10.438757 12.1946766782 0)
(15.540558 -9.75224314234 0)
(17.803488 -7.33893463181 0)
(14.671864 -0.499702829123 0)
(14.277156 -0.689186837254 0)
(13.923593 -0.439254732999 0)
(13.554229 -0.666763911057 0)
(13.545503 -0.244429573824 0)
(13.185925 -0.0358380876586 0)
(8.4053945 -10.7921497681 0)
(1.879674 -6.86000525532 0)
(2.4933218 -5.04385527068 0)
(5.2643082 2.15479377457 0)
(14.120422 11.8318573098 0)
(-6.2455211 -4.77490332308 0)
(9.0936475 2.85065360801 0)
(9.0776706 2.50691481807 0)
(8.781089 2.69841920674 0)
(8.7715169 2.3074881201 0)
(9.4105312 2.32117903012 0)
(8.4663566 2.53682774783 0)
(8.422706 2.20073942851 0)
(8.1685906 2.39856679686 0)
(8.1260143 2.0523678165 0)
(9.7024411 2.46743645598 0)
(8.8036204 3.0507933437 0)
(6.3835677 5.68606768586 0)
(16.223445 -12.0660083271 0)
(0.11163751 1.74662673982 0)
(0.15251229 1.50825649721 0)
(-6.2087167 -10.1042328427 0)
(-0.99665461 8.72132675282 0)
(3.1163192 -0.895815778012 0)
(0.35284322 -1.22666130319 0)
(8.595352 1.79246599913 0)
(16.691774 -10.9029574583 0)
(-0.45384831 9.6587554354 0)
(0.52952514 1.71036074873 0)
(-6.5648956 -4.53224090894 0)
(-9.4873754 -10.1941403681 0)
(13.938477 -0.0315670541987 0)
(-3.4149919 11.5654006465 0)
(10.539098 -4.93548419826 0)
(-5.2325871 14.5888942213 0)
(-5.2557407 -14.5877293901 0)
(-1.6638516 -1.98166426039 0)
(2.3017277 -6.32730794712 0)
(4.4152781 -13.2012360061 0)
(7.0101365 -9.84568741759 0)
(6.6455704 -10.0090759457 0)
(6.6109456 -10.4257668158 0)
(19.515329 7.76188547042 0)
(-1.4231584 7.69678103824 0)
(19.553045 -7.76797168923 0)
(-6.7695617 -11.1490409864 0)
(-9.5335824 -11.2382091039 0)
(5.9907856 -9.92717171709 0)
(-6.1067606 -12.195325101 0)
(14.622269 -1.3902876595 0)
(10.612729 1.82739545275 0)
(10.567558 1.45705786794 0)
(10.285773 1.67998146239 0)
(10.303436 2.04349818425 0)
(9.9401051 1.90928049044 0)
(-6.2461182 -14.5708583544 0)
(-6.0096425 -14.1621376146 0)
(-6.4741643 -14.1641257007 0)
(19.568707 8.75150614295 0)
(19.093108 8.52397478845 0)
(19.135772 8.9972588867 0)
(19.567542 9.24958002021 0)
(19.135313 9.49955348393 0)
(19.13826 9.99928378964 0)
(18.703837 9.74949472243 0)
(18.700643 9.2928932709 0)
(19.567534 10.2497346912 0)
(19.139124 10.4996504143 0)
(19.142937 11.0000496526 0)
(18.713969 10.8015906924 0)
(19.571086 11.2520709539 0)
(19.165322 11.53321212 0)
(3.518625 -1.80706315056 0)
(14.053695 2.74333391649 0)
(14.757017 14.5713943938 0)
(9.1455347 -11.2789418806 0)
(13.727556 14.5272069465 0)
(-9.5776838 -12.2619776388 0)
(-9.5691913 -12.7517266558 0)
(-9.135439 -12.9996681689 0)
(-9.1346503 -13.4981947579 0)
(-8.7200945 -13.2482761153 0)
(-8.7212754 -13.7462375179 0)
(-8.7145526 -12.7632466238 0)
(-9.1513742 -14.0015918134 0)
(-8.7295118 -14.2493864211 0)
(-8.2757247 -13.9716987352 0)
(-8.3192009 -13.0855182059 0)
(-9.1450872 -12.5153022129 0)
(-8.7128941 -12.2331841886 0)
(-9.573539 12.2508829224 0)
(-9.1218172 12.0081370405 0)
(-9.5789171 12.7499098403 0)
(-9.1031598 12.9916815745 0)
(-9.1422521 13.5196796381 0)
(-9.5665549 13.7487648155 0)
(-9.1338118 13.9967615077 0)
(-8.6805524 13.7795880717 0)
(-8.7082124 14.2716805581 0)
(-9.1856337 14.5417555787 0)
(-7.2356841 -14.5205281522 0)
(19.599922 -10.2352505821 0)
(19.572466 -11.2493223617 0)
(16.75 14.5670058934 0)
(17.250422 14.5669059686 0)
(17.500676 14.1344959556 0)
(17.999218 14.1348522053 0)
(17.749793 13.7027810464 0)
(18.242771 13.7005309399 0)
(17.26205 13.7074894482 0)
(17.017532 14.146139271 0)
(18.49638 14.1346665915 0)
(18.707774 13.6470404119 0)
(18.882929 13.2194836759 0)
(16.737931 -14.5605926724 0)
(16.514955 -14.1267230042 0)
(17.000392 -14.1434956648 0)
(16.793655 -13.7622357361 0)
(17.25 -14.5669720189 0)
(17.515147 -14.1360442465 0)
(17.999381 -14.1343091689 0)
(18.249449 -14.5666589029 0)
(18.498955 -14.153552933 0)
(19.002752 -14.1519756455 0)
(18.699122 -13.6691138277 0)
(19.239435 -13.7187279975 0)
(19.001413 -13.2535737757 0)
(19.556505 13.7867800579 0)
(-9.5698328 -13.7476283024 0)
(-3.6434484 0.0808599746257 0)
(-3.628396 0.357109513774 0)
(11.390669 -1.68754167316 0)
(11.729777 -1.56311161143 0)
(17.917423 -12.1560013622 0)
(-0.23034209 -1.90010135715 0)
(-0.64870499 -0.184417080232 0)
(12.141925 0.170215322518 0)
(12.475309 0.33307607306 0)
(18.248369 14.5676861412 0)
(4.6809804 -8.64408772294 0)
(-1.8033211 -3.60036087448 0)
(-3.6898237 6.83630038043 0)
(7.9915603 1.45774512969 0)
(-1.1830475 0.322095141861 0)
(4.1113015 -1.17917489107 0)
(18.236123 -0.0678794009553 0)
(8.5495089 0.433719961241 0)
(9.8906057 6.49822022016 0)
(10.750063 -0.169126116665 0)
(3.7969104 -5.65614103248 0)
(15.822128 12.7362709387 0)
(11.247155 11.7000380337 0)
(5.8129917 6.72631783828 0)
(12.937938 0.705067644348 0)
(11.350385 -11.7439059848 0)
(7.1030976 8.1979875928 0)
(12.432388 10.9619619542 0)
(19.066748 14.0781884592 0)
(6.7434337 -14.5761478233 0)
(6.9446649 -10.6877575759 0)
(7.6790609 0.643988479042 0)
(8.8609878 -5.06412775584 0)
(7.0463087 -9.42815919687 0)
(16.53412 -1.7124900425 0)
(14.808185 -5.1322504745 0)
(1.3776551 -4.22437011829 0)
(-0.62618161 6.87361066576 0)
(-0.40417885 6.41281970761 0)
(10.572915 5.6391830093 0)
(-5.6480589 -1.45372980451 0)
(17.80955 -13.6645929792 0)
(-9.164558 1.53902523583 0)
(16.36744 -9.83353178795 0)
(6.1007756 10.0275720574 0)
(11.738335 -0.793669140416 0)
(1.9982235 1.25041496072 0)
(-0.83084296 11.0250136967 0)
(9.1055983 7.33184507465 0)
(3.2208172 2.24925531921 0)
(7.4640897 -8.43510061551 0)
(12.899192 0.275595394611 0)
(14.442249 -4.43348833662 0)
(14.095375 -4.64428236247 0)
(8.220895 -0.415793389565 0)
(10.2482 -3.99050009167 0)
(14.434786 9.09122757145 0)
(16.281283 -10.654383109 0)
(-6.338223 -10.9815766907 0)
(17.564806 2.72120178625 0)
(-0.21552772 -0.508796007671 0)
(1.3640865 -10.9873830297 0)
(-6.0220835 1.90279541872 0)
(9.6151407 -3.56879530155 0)
(9.273628 -3.73790289833 0)
(8.9634163 -3.52530115279 0)
(9.5863421 -3.94448920342 0)
(8.9909394 -3.15872675994 0)
(17.017988 -13.0609078612 0)
(16.994168 10.5061072439 0)
(-7.6665073 -4.7391168219 0)
(16.260192 13.9618025069 0)
(-4.3344646 3.35635685135 0)
(2.682694 -11.9662318306 0)
(16.451742 -8.91885128673 0)
(0.60936605 2.85233089908 0)
(-1.1708585 5.43253893363 0)
(17.252231 6.84999370625 0)
(17.230725 6.3762722729 0)
(-3.893084 8.71268205341 0)
(-9.1392865 4.5075948385 0)
(-8.729563 5.22927115875 0)
(17.503195 -11.8902528899 0)
(7.3965312 7.23631242492 0)
(-1.6278736 -1.26162185746 0)
(-1.3335212 -4.52215432499 0)
(17.096971 12.9333877653 0)
(7.7674894 -13.770587829 0)
(17.46782 11.6978831179 0)
(5.3813382 -0.0864962330858 0)
(18.815539 -10.7231426121 0)
(15.350096 11.0665341087 0)
(19.097224 -1.36610951368 0)
(-0.67021039 6.27147014393 0)
(4.1866801 -11.603049277 0)
(13.725936 -13.3108130683 0)
(15.691045 -13.7631365924 0)
(16.586077 10.7686696816 0)
(16.179679 -1.02566936737 0)
(16.219304 11.9876159308 0)
(16.880494 -8.7119245919 0)
(15.028788 -11.2614420131 0)
(-3.898476 12.6924863872 0)
(7.613416 -0.706594282347 0)
(-1.0455227 0.365536279922 0)
(16.842661 7.13247302816 0)
(-0.44168336 -11.4749380804 0)
(-0.34261065 2.62100457913 0)
(-9.1187367 -1.36417527102 0)
(-1.4541887 -10.2861066407 0)
(-0.39459033 -10.6145455839 0)
(-7.375423 -12.2764845481 0)
(18.934736 7.24701077389 0)
(17.491302 -5.68019761187 0)
(15.680491 8.34767690814 0)
(8.3219318 -3.51013097746 0)
(8.7696164 -1.51688261059 0)
(-7.6316643 -6.06917161308 0)
(18.206156 8.71562469247 0)
(12.299467 -8.50807950437 0)
(1.9541104 2.38973182463 0)
(6.0917027 -7.96711805769 0)
(17.371078 -7.55839805809 0)
(7.0956374 -7.09967450477 0)
(11.857183 -9.15035903941 0)
(19.089511 -7.14257391466 0)
(12.014153 6.37271967315 0)
(10.222583 5.4721620521 0)
(10.554889 5.26762480602 0)
(9.441616 -13.8148706338 0)
(-4.5573841 -2.96909545607 0)
(8.8190587 -6.25786569798 0)
(-2.5064101 -9.95833375371 0)
(-7.9376729 13.5711160348 0)
(12.26246 1.15130700775 0)
(-0.41747183 -2.89068796788 0)
(16.973656 10.0156459616 0)
(-6.3681038 -8.45196852869 0)
(2.7609175 0.103105966297 0)
(14.239083 -10.7353117727 0)
(12.897021 9.79834069754 0)
(-7.3820797 0.567635485135 0)
(11.292749 6.0145022388 0)
(13.691036 11.6094512475 0)
(-2.8846666 6.86975802707 0)
(1.2637321 -7.1519944992 0)
(10.204466 -4.73153313667 0)
(1.6696448 7.75592257436 0)
(16.893071 5.02064904183 0)
(2.6037134 -1.48035833141 0)
(10.600513 4.55949703133 0)
(15.229077 3.31125203933 0)
(9.4650005 -10.3145979931 0)
(-6.6679089 -13.3414014726 0)
(-5.6857287 3.87788424066 0)
(18.141907 -8.56608104242 0)
(13.09125 -3.53745339394 0)
(17.901669 1.52825405436 0)
(16.862829 -2.8697981602 0)
(17.163394 -4.49829374144 0)
(0.22650783 -3.99263843667 0)
(-9.0392004 -10.5540454244 0)
(-6.6714924 13.8298140927 0)
(15.828918 -11.7886819669 0)
(-1.6730388 0.0671554698836 0)
(16.154388 -1.4726359304 0)
(12.669558 -6.99967797447 0)
(-2.9593467 -8.22637802013 0)
(11.592696 3.94132708691 0)
(12.054672 -13.1961869972 0)
(-3.2294562 2.2451546922 0)
(-5.2263929 6.21318426846 0)
(-4.8821901 2.79379060112 0)
(9.4412512 -10.7445185972 0)
(-6.7652597 -5.76293266026 0)
(3.6352776 4.33638779731 0)
(0.016996362 -0.610781219836 0)
(14.93566 -2.50897157644 0)
(-2.0217503 -3.43018912176 0)
(-0.86387888 -5.82652477847 0)
(3.6140773 -3.10664869488 0)
(17.404099 -7.0833296299 0)
(-6.3995503 7.94907250356 0)
(-6.7186005 7.69900061366 0)
(11.459819 13.3114577751 0)
(9.554012 4.06232506177 0)
(8.9374749 -3.9087376472 0)
(6.2806887 -4.68836643128 0)
(-0.83850348 -2.24960280024 0)
(-0.83452919 10.6135173684 0)
(10.919352 -11.9360839299 0)
(12.639319 -7.86940045822 0)
(3.7076669 5.16252643005 0)
(-7.7847192 -10.4417758705 0)
(18.340507 -5.26497197835 0)
(9.9873922 -8.38277982767 0)
(-1.8676749 10.392161916 0)
(15.810519 12.2452927324 0)
(-3.7062333 -12.4695537527 0)
(18.771599 2.41147094264 0)
(8.0857728 -6.98604065377 0)
(13.335272 3.22521539376 0)
(-7.1631227 -0.428981448628 0)
(16.075902 4.61160229459 0)
(1.628143 -13.6813442606 0)
(-4.1991635 0.664378477086 0)
(18.588968 -1.57887132393 0)
(7.1670536 3.86138588511 0)
(13.054592 -4.4172263415 0)
(17.69053 -2.46597389992 0)
(12.132269 9.33633669116 0)
(1.3997828 -10.5698522999 0)
(15.850419 0.0973349976694 0)
(18.18846 5.71710129543 0)
(6.037151 -3.53726755396 0)
(18.2301 9.68787268388 0)
(5.0542983 13.7840950199 0)
(-2.875857 1.00835624205 0)
(-3.0871397 0.931157845598 0)
(5.766828 11.0911924432 0)
(12.495554 8.24036829906 0)
(9.842099 8.10363581117 0)
(10.312692 -12.9426053891 0)
(10.774252 -7.57377784599 0)
(-8.8946407 8.41276657372 0)
(2.55246 10.2193403701 0)
(6.8976658 11.2675777902 0)
(-1.8996821 -13.8095292874 0)
(4.5273764 0.872012210001 0)
(6.3376616 4.0792468451 0)
(10.631006 -3.07594557015 0)
(12.451788 7.36408530216 0)
(-0.43837448 -3.99365038697 0)
(17.940204 -11.667918203 0)
(5.9751067 -3.05985704484 0)
(11.337024 7.20834677216 0)
(9.0308482 -14.1160878864 0)
(10.846128 -5.92763071785 0)
(-2.0046338 1.90957393456 0)
(-7.8154651 10.6582137292 0)
(10.487575 13.5874758217 0)
(9.2258881 4.9737770213 0)
(15.338201 5.53925678618 0)
(-0.41670875 -1.94729863329 0)
(-8.0251178 -9.2422855084 0)
(-0.96143548 -12.5381280153 0)
(9.9876806 -2.650995054 0)
(4.8737452 -12.5476010343 0)
(10.803036 -6.74943340985 0)
(14.031695 1.2458953623 0)
(-1.5579337 -11.1345503291 0)
(6.2211138 13.0662565781 0)
(-8.1268761 -7.10538235351 0)
(-6.2127259 -7.1320269412 0)
(13.31409 1.6612350436 0)
(4.6158913 3.40467859639 0)
(0.58084516 -4.57106730561 0)
(-6.3549246 7.53420413254 0)
(8.0466133 -10.5535046548 0)
(0.75920387 3.8721639417 0)
(0.5421865 3.56705701233 0)
(10.573448 6.84507046166 0)
(9.1132259 -12.6337750144 0)
(0.18359678 -12.8832756651 0)
(9.3574809 -2.25643465455 0)
(-0.69119645 -13.7146220787 0)
(0.53178096 -14.0774009815 0)
(7.9028295 2.60025003685 0)
(7.6213179 -11.6146288973 0)
(0.030604162 -7.04776743581 0)
(6.1214156 -7.2188752337 0)
(17.174563 2.96060842683 0)
(4.2727562 -9.59958600914 0)
(8.3682462 -12.115274412 0)
(-7.0425894 11.6462529832 0)
(-8.5798399 9.6655555391 0)
(8.1473613 13.679647168 0)
(7.1562765 -5.9913046129 0)
(11.937886 2.14678565146 0)
(-2.2927641 13.7029959759 0)
(6.0216565 -12.3934654493 0)
(7.374957 13.2549655185 0)
(2.8306223 -13.5335602559 0)
(11.269474 2.57873872797 0)
(8.8756638 9.55827437492 0)
(0.51622026 2.47822830791 0)
(8.5589282 0.772495739516 0)
(9.4485591 -0.47750541894 0)
(-5.0726847 12.4215945621 0)
(8.997687 14.1763272847 0)
(17.902352 11.9220868017 0)
(-4.6470413 9.48929831648 0)
(-2.5496413 -12.8237182021 0)
(-6.954728 3.220280746 0)
(6.7144326 -9.19010731476 0)
(12.156572 0.563362858865 0)
(-8.8048067 -4.86138940949 0)
(1.5005033 -8.41015622853 0)
(8.1226897 8.35970806472 0)
(5.0405498 12.4193729724 0)
(7.7114194 12.1205373398 0)
(3.586985 -1.57656351167 0)
(-0.22346335 -5.20237541739 0)
(-0.92461843 4.06653800061 0)
(1.0393266 6.04064834472 0)
(-1.7855764 -10.0348122885 0)
(3.0468533 1.01973880599 0)
(6.9340569 4.69048680534 0)
(-4.9116334 -8.60416685879 0)
(-5.3126822 -8.75629601838 0)
(3.9263718 13.112409441 0)
(5.3118639 -9.48017921048 0)
(5.5274152 0.326373357333 0)
(6.7820395 -6.89268305755 0)
(-0.15419201 -1.42182462809 0)
(9.1466944 3.90595374238 0)
(8.0992156 -2.53069817607 0)
(7.8280297 9.36061674667 0)
(3.1490334 0.459146248457 0)
(3.5258634 12.8981704522 0)
(-1.9017518 11.2159869908 0)
(0.70317904 -10.5040905216 0)
(10.091367 -0.14535202142 0)
(10.410095 -0.345688941165 0)
(1.2132767 12.9098411529 0)
(-5.7425689 5.07741672748 0)
(5.5398483 4.26752755295 0)
(-8.2636132 -8.03920520511 0)
(15.600539 3.06018332331 0)
(17.190865 -4.03817247258 0)
(1.8786832 10.2275894819 0)
(-3.5510623 -9.62378869532 0)
(5.391548 -3.32201393944 0)
(5.3865825 -3.64445750945 0)
(2.8329712 -3.0862878602 0)
(0.83502367 -9.11209826768 0)
(15.400285 12.504320708 0)
(3.6727115 -8.75759512022 0)
(8.6545605 -3.3377814187 0)
(-3.1158438 12.7138258424 0)
(9.1657517 1.09333537576 0)
(-5.6709473 -12.008811692 0)
(6.769396 8.01285677162 0)
(-2.5761702 0.319333763691 0)
(0.82029095 7.95377036748 0)
(1.1588018 2.84520124367 0)
(-1.0967734 -0.884987863651 0)
(-7.8221349 -12.4473095235 0)
(0.86842878 10.4305026244 0)
(7.3776876 6.86784969026 0)
(2.368076 11.3992283156 0)
(-2.2101829 4.86549860022 0)
(-2.0361421 3.87628273602 0)
(0.74508142 5.91551199899 0)
(8.7480052 -1.86648554708 0)
(6.1782978 12.1681542591 0)
(-4.0944531 2.24832433517 0)
(-5.5914322 -8.07766269218 0)
(-5.8718795 -4.6081496646 0)
(1.4476926 -2.04000925579 0)
(1.999009 5.1424671074 0)
(1.6342331 14.0370163538 0)
(0.2290193 -8.33561886668 0)
(3.5542476 -9.93239788799 0)
(-5.1037825 -7.05264360245 0)
(3.1819196 14.0338407803 0)
(4.4775087 -4.08623032083 0)
(-1.6923419 5.1553698763 0)
(6.101478 4.88072018155 0)
(6.1054831 5.19374643151 0)
(3.5296593 8.49564585485 0)
(-0.15051592 10.6211962675 0)
(-3.5896553 9.72989940139 0)
(8.8094697 10.0657007675 0)
(-4.1855141 -13.1191250342 0)
(-8.2624029 -3.76346106292 0)
(1.7908156 4.02341531036 0)
(15.168149 2.439478156 0)
(-1.9682313 -3.16298251326 0)
(4.2239906 5.13348580873 0)
(11.469906 -8.90318738622 0)
(5.3118644 -0.984973398877 0)
(-8.3232002 5.46887419064 0)
(-0.95051878 1.3760058973 0)
(4.2995478 2.37577381656 0)
(1.3360056 1.87521605898 0)
(-2.1302812 2.69092907633 0)
(-2.8134448 1.42771147588 0)
(8.3987227 -2.72920111281 0)
(7.4725404 -6.19363458532 0)
(4.2095685 9.58433823172 0)
(-2.2066964 10.1825767636 0)
(18.596469 -8.3487715212 0)
(-4.263798 -3.18860609281 0)
(2.3622099 12.683202703 0)
(3.2435424 6.68903528602 0)
(18.35544 -11.932931231 0)
(1.9700928 -0.383628045136 0)
(2.3538092 3.80685745914 0)
(-0.34899236 -2.46724656937 0)
(-0.16439781 -2.61007535667 0)
(-6.3253236 3.58893641288 0)
(0.96426881 0.970274154999 0)
(18.319237 11.6218450375 0)
(2.3380089 -2.35547874338 0)
(-2.2218457 1.64938582697 0)
(6.3877038 -1.37924921134 0)
(6.4589003 -1.05183651959 0)
(0.11663749 3.03699789264 0)
(1.5736659 3.17927891425 0)
(9.7821203 -14.5236354123 0)
(-1.9506292 12.5016588656 0)
(0.04515095 13.5843282771 0)
(-0.041784391 8.14992139274 0)
(15.303104 -2.76033623691 0)
(-1.3173568 -12.2688979176 0)
(6.6830996 -9.59504339262 0)
(-4.3286796 -4.21821924544 0)
(-3.4644627 -14.1586934712 0)
(3.7109434 -8.37223949928 0)
(-6.4232213 0.267947202054 0)
(-5.6997449 8.82020124028 0)
(-0.91842025 5.29130357852 0)
(-4.6169898 6.98266623874 0)
(2.7950066 -4.60095121592 0)
(4.6496979 -5.55667004265 0)
(2.471995 -10.4596890101 0)
(1.2070758 0.655564373222 0)
(-1.376148 5.02952834172 0)
(3.2097645 -5.92434796012 0)
(3.5562727 9.99152295195 0)
(-9.1770704 1.01059004234 0)
(-8.638398 0.448500638586 0)
(5.3470425 -0.699227128357 0)
(-5.1066477 4.15375638252 0)
(12.569527 -11.578044052 0)
(-2.7234316 2.90597771302 0)
(-0.74017318 14.0275944159 0)
(1.7332916 5.51717112342 0)
(-2.1685778 -10.2001926401 0)
(15.5088 1.73759780437 0)
(-0.03117409 -6.0431095029 0)
(2.536992 -4.72708155988 0)
(-1.9391751 -8.0986635062 0)
(0.25605061 8.98942247033 0)
(-2.1814405 -7.1260747007 0)
(1.1958599 -8.22029520381 0)
(9.1676895 -6.08081801898 0)
(-3.9990291 4.74411760667 0)
(17.834637 -6.86139663747 0)
(-4.2232508 8.49787451079 0)
(3.4003983 -2.42723137934 0)
(-6.5483715 -6.87074094154 0)
(0.043843698 6.09309032409 0)
(-0.63690457 -6.67531776534 0)
(5.0118526 1.02436166963 0)
(3.5306875 3.10971764099 0)
(2.4582544 -7.58475387091 0)
(4.7973643 -1.17452720067 0)
(0.42638634 -1.03765057491 0)
(1.8356154 -7.89618503626 0)
(-3.7042728 -6.09278600113 0)
(-8.3496091 0.756429917353 0)
(1.2652734 3.45687877547 0)
(8.0765419 11.8790183477 0)
(1.1885291 5.62115396407 0)
(4.2074358 1.43017711111 0)
(1.2290077 4.24730957965 0)
(3.3069822 -4.35206157253 0)
(1.4071691 5.47665804612 0)
(0.72121646 -3.57255621283 0)
(12.676315 4.49191022156 0)
(0.77905564 2.22896344213 0)
(2.0633794 2.98786713206 0)
(1.472855 3.52237073336 0)
(1.9175056 -3.93409450089 0)
(6.3756403 -0.441239858803 0)
(-1.2493945 -6.99535358737 0)
(-3.4447565 5.01673186845 0)
(-1.7172214 2.82216138566 0)
(-7.9124594 3.92118036543 0)
(-1.7994502 4.74303058013 0)
(0.70689639 3.44381958554 0)
(-4.2732589 -5.69066886377 0)
(6.4368278 9.81137849163 0)
(18.78229 -11.7146431806 0)
(4.3946173 4.696125686 0)
(18.294258 1.26819238389 0)
(2.9087486 8.51436449118 0)
(0.27312384 -3.74324751894 0)
(6.3971284 0.787234669979 0)
(2.3763473 2.71282852585 0)
(3.7577666 3.94915864303 0)
(5.6724781 -9.30716419585 0)
(1.8845532 -1.56666910986 0)
(0.50515567 4.85316956725 0)
(2.0227718 -4.96549077673 0)
(6.3918184 0.172397574397 0)
(16.455428 4.36667276028 0)
(-1.4427827 6.12289520613 0)
(17.605713 -3.82685766038 0)
(-2.191335 5.71506408995 0)
(-2.4533674 5.88721784898 0)
(-2.2692179 4.51965532234 0)
(0.89108566 4.5452275647 0)
(-7.6548637 1.62031158056 0)
(8.4583102 8.14802451345 0)
(13.69452 2.98765242183 0)
(8.247782 -14.5214340749 0)
(13.660453 -7.47409945925 0)
(4.3909275 3.55867163886 0)
(4.6293474 3.6750339951 0)
(15.409074 12.995421091 0)
(-0.71398535 3.16754753833 0)
(3.5369079 2.76170576126 0)
(4.2006293 0.323198391305 0)
(17.218641 3.85988731305 0)
(-5.2611709 -5.49121395851 0)
(-2.3101097 7.54294216117 0)
(-7.0541727 12.1332178188 0)
(4.3323355 -2.28143802961 0)
(1.1548961 -3.4127327615 0)
(-6.6517982 0.852018850308 0)
(-8.6924883 -1.1483137658 0)
(-0.43231681 -0.351970097803 0)
(-7.0394845 -2.44968979186 0)
(-7.1281063 -3.28776405636 0)
(16.411468 -9.38523210076 0)
(-0.43775563 6.10980576886 0)
(7.5085604 14.1914704341 0)
(-4.1875842 -2.53583343289 0)
(8.4972146 2.89667199544 0)
(9.9470607 -8.82119413987 0)
(4.8345007 -13.0024784812 0)
(-0.30475454 4.05578681027 0)
(-4.1300085 -1.89568717481 0)
(-8.2415695 10.8741618855 0)
(-2.7323835 4.2772806538 0)
(1.7293682 2.33664395994 0)
(-6.3590709 0.652757987953 0)
(1.205251 9.10475660091 0)
(-3.4290386 -0.0926103851089 0)
(-4.2462908 -9.57766793792 0)
(1.3627675 1.03153765327 0)
(14.736975 0.804063271901 0)
(1.514131 -6.67769815435 0)
(-5.4214784 2.19153407025 0)
(2.8386173 -10.2815156046 0)
(-1.4521546 6.72521645741 0)
(2.8863118 -2.84359604641 0)
(-1.4894054 -5.77813132779 0)
(-0.50299463 -9.41743728059 0)
(-5.9827519 -1.61902800533 0)
(-9.0923199 9.86801353343 0)
(-0.058304435 -10.8502109327 0)
(2.6881928 2.45596628612 0)
(1.4960806 -1.85373153748 0)
(-1.5425126 13.1467033983 0)
(9.2284724 -8.760408419 0)
(5.2596251 2.98876555 0)
(-4.9479774 -9.05694710584 0)
(-3.941726 2.76278612039 0)
(12.838856 -0.227798417434 0)
(4.3003168 0.801568887478 0)
(9.563548 -4.31680944963 0)
(0.032473061 3.77435560203 0)
(7.4287446 3.67585652872 0)
(-1.1331602 -5.64020428263 0)
(6.5930936 -4.52848991256 0)
(4.2400241 -9.98480794636 0)
(17.590646 3.17769742295 0)
(2.0065051 2.09664190644 0)
(1.0364679 1.99994203164 0)
(-3.7306524 -3.87953479128 0)
(3.1407042 -0.693301211715 0)
(-2.6444163 1.29636154816 0)
(3.9249224 -1.0247052424 0)
(2.0103482 -3.14259232993 0)
(6.8258767 10.0062471724 0)
(0.069415061 2.6457499196 0)
(-3.7631448 -12.9340774248 0)
(9.7812543 3.5219433763 0)
(4.4387384 -1.76715517912 0)
(19.011102 -8.13561172071 0)
(-8.4623752 -9.42462183078 0)
(-0.95312587 -2.66086361745 0)
(12.992587 -11.3668196243 0)
(1.5837843 -3.27053300766 0)
(5.6444292 3.11726704426 0)
(9.1688084 -9.21464157298 0)
(-2.0080142 0.0188892331232 0)
(3.9723864 1.35255737433 0)
(-1.279677 2.18229747005 0)
(-3.7931934 -1.22791962048 0)
(15.856944 0.541493743071 0)
(0.65765886 1.02656284567 0)
(-6.2098086 10.7424509168 0)
(3.0048354 2.18140243197 0)
(9.7579089 -0.67335526718 0)
(-3.3569836 -1.80196540014 0)
(17.46106 -6.1404633108 0)
(-9.3230375 8.62729211938 0)
(-3.3657891 0.39675023984 0)
(2.1202807 1.96106287916 0)
(-0.58213405 2.40021342023 0)
(-1.5822543 -0.640532061877 0)
(-0.93778065 2.28133546738 0)
(2.5133022 0.783331817941 0)
(17.242642 -3.12595017571 0)
(2.4469861 -2.9830612209 0)
(1.5474739 -0.893903370752 0)
(9.8609547 8.52703835146 0)
(13.030797 -7.23086774261 0)
(-0.92462601 4.48097077017 0)
(-8.3514839 4.94504448295 0)
(2.9352367 11.1408800846 0)
(-0.78286014 1.12989373233 0)
(5.0517023 12.8634320222 0)
(19.575696 -12.7650713642 0)
(14.693263 -9.62753946968 0)
(-5.175142 1.06272341548 0)
(8.4837054 12.0712398976 0)
(-8.1881443 -0.124073879613 0)
(3.5341215 -10.3252532823 0)
(2.5729202 0.315080192102 0)
(3.2318894 5.4660140588 0)
(2.4871912 -0.041476992574 0)
(0.29080501 -2.39420220763 0)
(16.094047 8.56599163338 0)
(-1.6467939 2.05029830671 0)
(-5.0003752 9.26619988068 0)
(-3.2428944 9.95123949312 0)
(-4.8671433 -12.1035412704 0)
(-3.3872349 -11.1623224513 0)
(7.5610411 9.95224830537 0)
(2.2499983 1.0169023716 0)
(1.48433 1.60459407609 0)
(18.717365 10.2679391807 0)
(-6.1715705 9.84030308771 0)
(5.8316461 5.04025901952 0)
(7.6668819 0.304767741355 0)
(-4.2806409 11.4889980474 0)
(-6.2498021 12.157461983 0)
(-5.7299546 2.42856042282 0)
(-3.7164896 -0.696879476715 0)
(13.970713 -14.1326534195 0)
(-6.195127 10.2828820393 0)
(14.876418 -3.38345514729 0)
(19.579743 -6.76324092844 0)
(-3.9564779 0.798744686237 0)
(-3.3185479 -7.98737522282 0)
(15.778665 -7.0137407313 0)
(6.5679108 12.375745086 0)
(-5.3865142 -1.04557463809 0)
(-8.7551265 1.79833179866 0)
(-1.2720413 -1.84708188211 0)
(-1.3184043 -2.06004976975 0)
(-2.4956665 -6.92155982732 0)
(7.3917071 3.32220564659 0)
(-3.197057 -4.23335947478 0)
(-2.139787 -2.98981216414 0)
(8.4888216 -9.10554643579 0)
(-0.293649 1.8621366406 0)
(4.7394718 4.80383770627 0)
(-0.3175232 7.9805940774 0)
(14.568913 13.0212472806 0)
(-6.2676923 14.5277102701 0)
(2.3927803 -0.742788063605 0)
(1.2731429 1.13295316195 0)
(-5.0869817 12.8838597358 0)
(4.1125052 2.5202230575 0)
(-0.37972745 -3.74877678567 0)
(16.864154 4.5673315885 0)
(18.693072 1.00961409456 0)
(-4.2322772 -9.10893005958 0)
(9.5588022 5.14436169096 0)
(1.0429263 -2.13259311784 0)
(0.21888392 5.40710793196 0)
(2.4056563 -0.369414797561 0)
(-4.835095 -1.4304287655 0)
(10.614261 -10.7270322847 0)
(1.7247692 1.41017776897 0)
(13.402333 -11.6187573713 0)
(10.248118 1.33524611405 0)
(-1.8348261 -10.4509840828 0)
(1.730423 0.340390485667 0)
(0.82761437 13.1309819494 0)
(3.5142934 8.1477472235 0)
(-8.6585912 11.0766611235 0)
(-2.1684138 0.902678194327 0)
(5.5088489 6.92372496167 0)
(-3.5113718 12.9335895213 0)
(8.8155056 11.3935667451 0)
(-0.17473084 -2.38797338906 0)
(-3.2212039 -4.5565348344 0)
(-7.5862638 1.20489151948 0)
(16.940598 9.0171921808 0)
(2.2174531 10.4249695468 0)
(3.2144476 8.68476275496 0)
(6.7687898 8.40443718215 0)
(-0.1062057 -8.49499469615 0)
(2.3671634 13.1323399472 0)
(-4.6222499 7.34352017228 0)
(-0.53016301 1.16778234755 0)
(2.4208071 1.98495619596 0)
(-5.0482227 10.5606588034 0)
(1.2472915 0.387692990482 0)
(8.1096578 -9.29189983769 0)
(-3.6502304 -10.4559328541 0)
(-1.6614509 -0.357280730661 0)
(-6.2355663 12.674740155 0)
(0.91221522 0.856180659585 0)
(-4.91569 -12.5673761126 0)
(0.83260814 8.2909628218 0)
(6.5058528 1.94164483707 0)
(16.563502 -1.25635175778 0)
(-0.63094734 1.62978698926 0)
(0.86100548 10.8211879775 0)
(0.40328974 1.20322710139 0)
(4.5667823 -3.7181168091 0)
(1.1559226 -1.94503214162 0)
(-5.6264776 -8.52595833112 0)
(-0.68080909 8.1716364061 0)
(-2.3534685 -1.08625535637 0)
(10.237797 3.6518549002 0)
(-1.777206 1.11678763756 0)
(0.69511436 -1.52170811668 0)
(-6.6791706 7.291581702 0)
(3.9465398 5.00681009939 0)
(5.4886015 7.30280803174 0)
(7.8735133 2.25113460732 0)
(0.79863513 -1.03553604505 0)
(1.3083011 -0.25727681429 0)
(-4.8754794 -4.8999448719 0)
(16.514762 8.78740715077 0)
(1.037262 -0.798351471255 0)
(1.1722237 -0.778496860682 0)
(-0.29302202 -7.20426359262 0)
(6.3174001 3.44409566081 0)
(0.68308935 -0.451134956542 0)
(3.9513603 3.78160629017 0)
(-8.8781799 -9.61986814977 0)
(10.071005 -0.50132911938 0)
(-1.1015122 0.95802018385 0)
(0.51667017 -2.15883174443 0)
(0.47739569 -2.34067431358 0)
(0.65820119 -2.28463346469 0)
(-1.5157728 13.5996123994 0)
(-4.309701 10.5653189836 0)
(-1.3005291 -3.66303195467 0)
(7.2212854 4.83222625218 0)
(15.098555 0.576354630145 0)
(16.967192 -1.04416930874 0)
(1.0393697 0.664511895998 0)
(-3.2403395 4.01387296516 0)
(-1.4128148 -1.71785570989 0)
(-0.65961057 -1.30276566392 0)
(1.3822993 -0.376128963707 0)
(0.86223768 -0.196084931042 0)
(7.8131702 -5.65296471118 0)
(-1.6210069 0.209970950886 0)
(-1.7401014 0.335025334819 0)
(-3.0062026 11.3765894126 0)
(-0.70568761 1.88364628367 0)
(1.9122043 0.116841825776 0)
(10.757677 0.200968044936 0)
(1.3443023 0.0778198342028 0)
(1.1127919 -2.66226572781 0)
(6.4317385 -7.41858279163 0)
(0.48645067 -0.936094775199 0)
(0.60206504 0.198307402328 0)
(-0.13419863 -1.27277158593 0)
(10.95809 8.71290531589 0)
(0.26151428 -0.604632340284 0)
(0.39187457 -0.412567173877 0)
(13.829019 -10.9401988441 0)
(13.7346 13.0355987803 0)
(14.931969 11.3339037759 0)
(0.61166307 0.5599887507 0)
(8.853654 0.594530666266 0)
(15.615241 -3.90483418673 0)
(4.0546262 -12.9408684762 0)
(-2.4438065 -1.38947361174 0)
(11.626188 -3.97846807865 0)
(15.357605 -12.5336925632 0)
(3.0247021 -8.69689557463 0)
(-5.5358987 6.01280852533 0)
(14.847407 -8.27375501685 0)
(-3.1457644 1.92023918736 0)
(-5.0001334 -14.2066939271 0)
(-2.8484306 -7.07499180657 0)
(-1.0723032 -0.741245258292 0)
(13.556777 0.173873582831 0)
(-5.8518269 12.884637946 0)
(-0.17396478 -0.825223690879 0)
(-3.3974091 1.78023110655 0)
(10.399675 -0.708352837702 0)
(-9.5887656 6.21241341285 0)
(-5.3819663 9.45514315851 0)
(-1.5226289 1.5318009964 0)
(2.0269402 -1.69420190613 0)
(-0.47226011 -1.66081923616 0)
(-2.5316617 -2.96723171474 0)
(-0.49523879 10.814810717 0)
(6.5404424 -3.44623473535 0)
(-9.5896745 -14.2344623334 0)
(-1.1574255 7.51468731087 0)
(1.1775379 -0.461787143476 0)
(19.239336 14.5863401073 0)
(19.234599 -14.5897838519 0)
(1.1733599 0.479271748089 0)
(9.8999342 -4.14930275739 0)
(14.948013 -12.7043894236 0)
(-2.6695023 -4.95039728903 0)
(4.3626711 3.8680138161 0)
(0.05403397 -0.81133263804 0)
(6.2863356 -2.2874906634 0)
(8.8093368 8.33518702312 0)
(-8.0932719 -5.81819122215 0)
(-0.280789 -14.5136871651 0)
(-3.8758267 3.29993787118 0)
(0.84226247 -2.04142961877 0)
(9.8310521 -5.69358056968 0)
(-2.0994552 -5.35571299029 0)
(3.362527 4.22676023205 0)
(2.4092694 1.74504750903 0)
(-2.1473269 -4.94471246397 0)
(6.3844343 5.35668058308 0)
(-0.77552715 -0.376891377136 0)
(-0.10752324 2.85627954362 0)
(4.6451302 -1.95656347064 0)
(17.375615 -0.406894552966 0)
(-5.8947378 6.17717034196 0)
(-1.7267232 -12.4471730861 0)
(2.9815362 5.64193339204 0)
(6.1109156 8.42046239991 0)
(0.24843411 0.647494564075 0)
(0.17571635 0.621145343606 0)
(-0.87548255 -0.902948355473 0)
(2.4877228 4.79173438297 0)
(18.258586 10.6608049345 0)
(-1.7866461 -1.09553969449 0)
(4.8208201 -3.60882252239 0)
(7.5943099 -1.05838583446 0)
(11.996301 -13.6634342412 0)
(1.2454529 -0.656908845887 0)
(-6.6064934 -7.30417131653 0)
(0.22426683 -0.831343085224 0)
(3.7668967 6.35032257674 0)
(6.5857081 12.8256252268 0)
(-6.5200882 -4.14995275295 0)
(-0.50542608 -1.26427288479 0)
(-6.8443462 -0.624842088493 0)
(-0.69212524 -1.0804409483 0)
(-2.2189633 10.5911080554 0)
(5.0045672 -1.35107158396 0)
(5.5504004 -6.1102477691 0)
(8.1628285 -5.47344843573 0)
(11.370507 -3.272463352 0)
(-9.5859423 -4.30080433008 0)
(3.3364983 1.89347211651 0)
(6.0059675 -9.52084812997 0)
(-2.6712333 -4.58200198135 0)
(4.300155 12.8752498326 0)
(2.4011244 13.6179407997 0)
(14.464259 -13.4439227504 0)
(-0.2149973 -2.82210489502 0)
(-0.23849228 1.32314050811 0)
(0.45280701 1.32090621334 0)
(7.1725926 9.78350504471 0)
(4.9281958 7.25593787684 0)
(2.7281519 1.70895302681 0)
(0.79490805 13.677393339 0)
(0.13058129 1.37812745798 0)
(-1.9730867 -8.52267281623 0)
(-0.95111424 -7.1722851972 0)
(-4.1065995 1.45444978986 0)
(0.26376464 1.91593043219 0)
(12.355684 6.14425434999 0)
(0.65248747 0.355823707298 0)
(6.7674118 -7.25240847276 0)
(4.1680824 -0.925311544582 0)
(-7.2950611 1.88466110358 0)
(7.7202628 7.03180855353 0)
(3.8539782 8.30515147748 0)
(0.88668441 1.06714421073 0)
(0.80978305 1.15551966761 0)
(1.773457 -5.03790523962 0)
(-0.10561125 12.2833814949 0)
(-2.6043562 7.71140193083 0)
(-2.8372752 -0.778369535076 0)
(9.933803 4.95073569501 0)
(3.1381067 -1.69562035461 0)
(1.6660653 8.05918181107 0)
(-0.51886658 -0.205303950475 0)
(0.92310243 11.2820627306 0)
(-0.1401578 -8.87630931167 0)
(13.412921 -4.21645882558 0)
(17.252904 4.3090281861 0)
(-1.0436094 -0.0182565425387 0)
(16.251906 0.739054080926 0)
(-8.7827715 -2.01835104273 0)
(6.0926 8.8286684956 0)
(15.959956 -4.6132087703 0)
(5.5146188 -2.10632345384 0)
(-9.1559443 -3.65003750399 0)
(19.109708 -6.19392722082 0)
(-3.2510036 10.363917734 0)
(4.6287632 7.38184333681 0)
(19.124488 1.21095943066 0)
(4.5146909 7.91738707324 0)
(8.9374737 12.7704259302 0)
(0.13626527 -0.538905413492 0)
(4.303863 -14.6193830947 0)
(-3.7605927 -8.12499338456 0)
(-3.0873439 -6.50535830705 0)
(3.9006434 10.1588554038 0)
(11.090592 0.375992440431 0)
(1.11263 4.61550668914 0)
(13.45698 -9.26983463185 0)
(10.335006 3.09949131655 0)
(7.9996159 1.77245972203 0)
(0.715458 -2.79350302533 0)
(8.8365067 11.8224010964 0)
(2.9542205 -9.10161107202 0)
(-4.3149031 0.307790250333 0)
(8.8299558 8.73172288219 0)
(13.676314 10.1914166218 0)
(-0.60231959 -0.714034644683 0)
(-0.17583893 6.2573939776 0)
(-0.36576881 0.698129636359 0)
(2.6952023 1.50872101378 0)
(9.0638672 -1.71334681416 0)
(3.9994821 -13.4057352376 0)
(-1.0136601 0.482639809256 0)
(4.9274957 -5.73734782164 0)
(-1.6120265 -5.24494963284 0)
(19.603043 1.77313803104 0)
(0.050554504 -5.09098358538 0)
(-3.5255415 13.3910189374 0)
(16.587819 -13.3512573171 0)
(9.1588415 0.759176659294 0)
(4.1027468 7.77687047014 0)
(-4.5475239 -12.8444240726 0)
(11.423827 -14.2203651912 0)
(10.393857 -1.07706050148 0)
(3.8319937 -7.33157897813 0)
(3.6502388 -2.2920850938 0)
(-1.7883249 -12.9002637214 0)
(19.593105 3.77867938359 0)
(16.310705 -5.33528653616 0)
(0.78385083 -0.356028285031 0)
(19.587142 -12.2150758354 0)
(17.415306 0.429398116162 0)
(-1.7620787 3.71563859884 0)
(-2.8426308 1.22147947933 0)
(7.9671062 3.60231158908 0)
(-0.010912947 1.48498445916 0)
(15.2419 -3.64052335505 0)
(2.2219181 10.8185382526 0)
(14.064491 -13.5986047558 0)
(6.8263865 -3.62452965601 0)
(10.603161 -14.1608754635 0)
(0.10635716 0.939943813589 0)
(-0.83121701 0.66915399647 0)
(-0.6409443 -7.01278756651 0)
(-3.5090989 -6.64626645947 0)
(18.735642 11.3017025164 0)
(-1.3483747 1.05361766272 0)
(-0.50912095 -0.667652555088 0)
(-0.4392707 -0.725104106418 0)
(4.379552 1.76891146195 0)
(-0.027031171 -1.37300631592 0)
(-0.11470178 1.33886480751 0)
(-4.5421336 4.46572860288 0)
(-0.87342931 7.66637432498 0)
(1.1643117 1.3458733286 0)
(0.51552903 3.36976303818 0)
(0.096751771 -4.79531973415 0)
(2.8389548 1.37912653359 0)
(-5.4767032 14.1243559856 0)
(-1.4755521 0.624031126456 0)
(5.4554175 8.82300373737 0)
(2.9684275 5.96336401431 0)
(17.626723 -3.379800747 0)
(10.223116 -4.36191924655 0)
(-0.35032031 -0.519685556388 0)
(10.648715 2.94067995867 0)
(9.8032101 -6.11376008348 0)
(-0.61517159 -3.84401895609 0)
(-6.6617219 -7.74055777084 0)
(10.714569 -1.28724567342 0)
(-3.3735879 -2.10133258575 0)
(3.0000091 1.21308287226 0)
(-5.7015295 -2.19688287572 0)
(2.4495639 14.1501320839 0)
(2.2689023 -1.27349249447 0)
(-6.894518 -4.31827971562 0)
(15.868297 -5.95577561507 0)
(-2.2377936 10.9981467424 0)
(12.01684 4.850777164 0)
(5.9411372 -10.7195537258 0)
(19.305725 -9.43101656204 0)
(3.3450994 -7.0924317051 0)
(-5.7375167 9.23473252362 0)
(8.0198367 6.46718272421 0)
(16.986323 -0.604992272492 0)
(1.4155176 8.24053739294 0)
(-2.2009814 1.84172417032 0)
(0.28274205 -0.478806887721 0)
(-0.49404709 11.2348131519 0)
(-2.1947701 -13.0866470493 0)
(15.541766 2.17658400134 0)
(-1.1278144 -3.31083956136 0)
(-0.15843539 -9.34210348202 0)
(6.7626168 2.08441037882 0)
(16.631184 0.493425225205 0)
(-8.6356708 12.0484175179 0)
(17.879817 -5.9236067577 0)
(0.13880497 -4.5211509203 0)
(6.6121602 13.2807408867 0)
(0.47614877 -0.415006297491 0)
(-0.094445144 -0.873638125875 0)
(9.9618103 -11.776802836 0)
(-0.97586744 -2.11613332883 0)
(-9.1470671 5.94328847338 0)
(9.1756983 8.93729954517 0)
(1.0813646 -0.687818515382 0)
(-3.2721294 10.767130437 0)
(3.1676892 3.03517436876 0)
(3.1864814 -10.5020437297 0)
(14.615737 5.96902541159 0)
(3.0789352 -7.26743090436 0)
(0.17098783 -2.26405878617 0)
(5.4020879 9.27434439578 0)
(19.594411 -1.70243873628 0)
(19.208389 3.98652457471 0)
(-2.4870401 -14.2129943066 0)
(4.0219071 -0.546370297189 0)
(5.1317874 -0.550719880379 0)
(6.6921333 5.84418011444 0)
(3.9144596 10.5412240845 0)
(2.2378904 4.17610089892 0)
(-7.9405017 3.45551645427 0)
(0.16542755 -0.922543405796 0)
(-5.4542502 0.934538585228 0)
(11.240563 2.98521290886 0)
(-1.1895115 12.055734623 0)
(2.7137865 -1.82453368286 0)
(1.9814531 -1.87317768875 0)
(2.370034 -8.93931387584 0)
(3.7788284 6.65192206122 0)
(-5.1005559 4.46116984277 0)
(7.8703339 -7.87453510132 0)
(4.4686167 0.644711426712 0)
(-1.5488883 12.7051891806 0)
(1.666105 -5.4777327545 0)
(1.8093397 -8.23805066934 0)
(5.2760156 -1.25961597768 0)
(-7.2055638 14.5926771361 0)
(0.63210989 0.0473689279484 0)
(-4.6017569 3.21675366695 0)
(-1.0446858 -0.26473326381 0)
(14.230138 -11.1949360122 0)
(-2.9002429 7.88238527207 0)
(-9.1623744 -4.60794923199 0)
(4.683845 13.0827382354 0)
(4.7410252 -7.53641286134 0)
(5.2232892 -5.92939019998 0)
(-0.25856962 0.762490370536 0)
(7.2050024 -11.8229508084 0)
(-3.4849174 -4.36831338432 0)
(9.3265434 12.9554510205 0)
(3.2321115 -13.3357016416 0)
(-9.0989836 6.80674529553 0)
(9.3728272 -1.91236102551 0)
(2.7774443 -7.7621696656 0)
(-0.085132037 0.668885303861 0)
(19.62419 2.25005186747 0)
(19.62289 -5.24995465336 0)
(19.183613 -11.9855623354 0)
(-0.13078992 11.4414538305 0)
(-5.4817847 -14.1208937218 0)
(4.5896897 -2.21576190476 0)
(10.349602 -12.0546026361 0)
(-3.7632744 -6.43365984528 0)
(2.4514133 -7.9244926948 0)
(-1.2428595 0.928836123188 0)
(11.04348 -1.11614873854 0)
(-2.0278287 0.752087188863 0)
(6.9988483 5.67135571635 0)
(8.3727175 6.61958959892 0)
(4.2742646 -0.408854415956 0)
(0.60977519 -0.263126464007 0)
(8.8882421 12.2484589451 0)
(7.0160846 13.4955627324 0)
(0.86097611 -2.9321832991 0)
(7.1818484 1.94081565547 0)
(16.086879 -14.0082831072 0)
(19.185163 -11.4889453506 0)
(12.889581 -13.717927935 0)
(18.309988 -5.71060599038 0)
(8.2579872 3.77863374725 0)
(-8.328588 2.84157887595 0)
(0.93436774 14.172975997 0)
(-9.6068913 -2.77638063132 0)
(-9.1728726 -8.47177153633 0)
(17.038078 0.680719449479 0)
(-0.42803569 0.556772575326 0)
(1.7572713 -0.774903015771 0)
(15.591968 -4.34087760545 0)
(6.328153 -9.75348547868 0)
(-6.7097378 -8.18879705585 0)
(-0.84518993 0.569510885006 0)
(12.138815 9.70639658484 0)
(2.9209829 -1.75941004216 0)
(7.1368444 -12.273028465 0)
(11.242916 1.36236151409 0)
(-6.1397039 9.4313620855 0)
(0.19659139 11.6136671164 0)
(13.751828 -4.86011789408 0)
(-9.1378726 -5.86569479908 0)
(2.5066839 -1.9029273305 0)
(12.63464 2.09777356692 0)
(9.5988729 11.3328115544 0)
(1.473985 0.0872566880843 0)
(-0.50055985 0.391171614442 0)
(-0.93381213 0.38415606177 0)
(9.1942354 11.1524842403 0)
(-3.8626492 -7.49203591437 0)
(8.9927609 -7.67806925997 0)
(0.70111411 1.58665528491 0)
(-0.061975113 0.879515121567 0)
(0.87165186 -1.14671410128 0)
(3.5814855 1.94336669861 0)
(0.5717687 1.33132729198 0)
(2.1339802 -8.08191692167 0)
(4.4962546 14.2138276443 0)
(10.874305 10.6427266203 0)
(4.4233964 0.390442656882 0)
(8.0421284 -7.30418280321 0)
(14.630852 -11.4370920377 0)
(1.7236444 -0.486727586785 0)
(-2.4527462 14.1709634828 0)
(0.82240586 0.175594538237 0)
(2.4973712 5.89519064529 0)
(19.620888 12.2556341368 0)
(11.330386 9.82406549611 0)
(2.2290671 -14.6052680829 0)
(-6.8934408 -1.02786477612 0)
(1.1501603 8.42953505686 0)
(-9.2024439 -5.04075828968 0)
(-0.70410724 0.010225679754 0)
(9.4340641 -6.68014116744 0)
(5.8182072 5.36499572131 0)
(10.975378 9.96255814902 0)
(7.347218 5.81880861505 0)
(3.2968419 -1.85340635809 0)
(0.94753232 -6.97412111541 0)
(-9.2263496 12.5067327672 0)
(13.366671 13.2731490917 0)
(9.0553585 -7.26622133251 0)
(18.016808 -3.62508778795 0)
(4.3774544 0.121425642052 0)
(4.3906403 -2.99824016868 0)
(4.214642 9.94373590224 0)
(-0.97462031 -7.52368935317 0)
(17.595609 3.60002793057 0)
(-2.1893418 3.51804385028 0)
(15.087637 14.2157256484 0)
(-7.856546 -12.9425258675 0)
(1.9462901 -2.07070385745 0)
(-7.6543744 0.826107209604 0)
(4.9283955 -10.4286768245 0)
(11.229268 -5.73550440536 0)
(-2.2234319 -10.609664006 0)
(0.35262523 3.49110863244 0)
(9.4634751 0.926582778383 0)
(1.1872485 -1.31178304089 0)
(10.231872 10.4114450748 0)
(-8.4860201 0.0940834507057 0)
(-7.6722285 -11.0847500077 0)
(8.6238376 6.06650049707 0)
(0.92752848 4.76565407705 0)
(-4.1463719 2.91193181435 0)
(4.5586062 9.75579146451 0)
(6.8731954 -4.01758464778 0)
(4.8164583 9.13133343736 0)
(10.755541 -12.3155443628 0)
(18.740811 -5.51502745002 0)
(3.8907613 -10.1508491825 0)
(-0.6148923 1.26857746033 0)
(19.194768 -10.9897245972 0)
(0.87445167 9.30509618146 0)
(11.990378 5.98805448775 0)
(-3.0362614 14.1725766573 0)
(-2.6326833 -0.598374750387 0)
(10.540011 -4.56682645319 0)
(10.597943 4.92442922548 0)
(10.954344 5.10622247317 0)
(1.9550862 0.283938827869 0)
(-5.5781698 0.000701826407251 0)
(4.7891393 -2.41850041848 0)
(-1.5192712 0.481004327617 0)
(17.261015 -13.7497909967 0)
(-4.3611773 -14.5426477114 0)
(-6.7578464 -13.8083578746 0)
(18.420671 -3.43660028574 0)
(-6.9506743 1.03227404058 0)
(4.0606551 -0.107169059154 0)
(9.4023814 -7.08513496931 0)
(1.6223803 3.38177113586 0)
(19.177433 13.5155913759 0)
(7.4025964 13.6840554684 0)
(17.975746 13.3375109922 0)
(-2.0311214 -1.36609757576 0)
(-9.1801274 -12.0381204872 0)
(-2.2520015 -13.5388970141 0)
(15.376068 5.93867810088 0)
(12.106436 -1.44793655621 0)
(0.70033919 1.13334200899 0)
(4.9668943 14.198932329 0)
(-0.71276129 -14.1646856757 0)
(19.616694 -4.73045755403 0)
(-3.1865053 3.37636299871 0)
(-1.7876187 0.179273544484 0)
(3.5183027 -11.1284714595 0)
(3.5287619 -10.7218711035 0)
(-0.098717322 9.49431625035 0)
(3.9496785 -6.80974492213 0)
(-1.6759232 8.89176961081 0)
(2.4572115 6.33971149032 0)
(15.027008 -11.7092487069 0)
(9.6780977 -2.1125592017 0)
(4.8313396 3.53607932176 0)
(8.9092009 5.86407788749 0)
(6.4029186 -12.2000128608 0)
(0.98013362 -1.545755535 0)
(-1.7865415 -1.82816670608 0)
(-4.7542236 0.401557780479 0)
(11.597153 -5.92865286338 0)
(14.455745 -4.89706100364 0)
(2.0200705 -0.206393569056 0)
(-0.91749059 -3.25775344328 0)
(13.24532 14.6468872074 0)
(19.177665 2.58414439609 0)
(4.8097727 3.84387143016 0)
(19.206874 3.01499879851 0)
(4.7073652 1.59734161821 0)
(0.4916062 -5.73905506472 0)
(-4.6155045 -13.3155996093 0)
(-2.6227053 11.1941560099 0)
(4.7036833 0.710996951819 0)
(11.3805 -1.32358178121 0)
(19.627889 12.7537663447 0)
(-9.1547412 11.556123657 0)
(15.75 14.6383231066 0)
(14.75 -14.6384214695 0)
(-0.42277171 -0.470732492056 0)
(-9.1849289 -3.09687917998 0)
(11.577508 2.76399027824 0)
(4.9550163 5.97082985577 0)
(-0.90272266 0.120740196245 0)
(-9.6425585 -8.7499191791 0)
(-0.072974749 1.97608828665 0)
(-2.0531625 6.11813444773 0)
(3.10223 3.39770503833 0)
(-7.7725717 -14.5939069125 0)
(5.2758635 5.3794042381 0)
(-2.504626 -2.66753260521 0)
(-2.7129973 5.40820350181 0)
(5.019791 5.49140189773 0)
(10.245986 5.11463180376 0)
(4.3517034 6.30437345207 0)
(-5.0266403 -13.4865673725 0)
(5.2001695 -2.58274112738 0)
(1.0607165 -2.86311957835 0)
(-5.648649 -8.98898400508 0)
(-0.63978766 3.34289385911 0)
(15.425041 -11.9701435932 0)
(-2.6175833 -10.7894990705 0)
(1.0461193 -10.7366900951 0)
(-1.6500345 5.95371688163 0)
(-4.8692248 3.0701489388 0)
(1.8430722 0.597880104787 0)
(-0.43195027 -0.881152888829 0)
(15.137125 -9.46635909685 0)
(-0.12388461 6.58370139104 0)
(-1.7013038 -0.534549973877 0)
(1.3132557 1.2551816279 0)
(-0.5626733 -4.48990808334 0)
(15.937063 -5.05010048772 0)
(2.0995652 -2.26664638133 0)
(-1.2972837 1.18609874966 0)
(-7.4918922 -3.45975848856 0)
(-1.4648395 -1.91850171154 0)
(5.7398687 2.69072944964 0)
(2.6796447 3.49137123743 0)
(19.059924 -5.75008975766 0)
(4.0384276 6.1797243168 0)
(4.6989596 13.5443403209 0)
(0.56283944 9.14641181174 0)
(19.271317 6.06000899481 0)
(-1.1929415 9.66002068812 0)
(6.0241313 2.52316459829 0)
(3.5073773 6.82190140903 0)
(7.3543866 2.36185350779 0)
(0.42572043 0.488253184872 0)
(2.6280919 -3.13578418581 0)
(-3.1223519 -2.47396999878 0)
(3.573163 10.7475331846 0)
(9.7622269 13.6337697076 0)
(19.200739 -10.4725882571 0)
(3.8044584 -2.7208990853 0)
(-0.72412504 0.689174732274 0)
(10.895553 -4.39013059306 0)
(4.5063305 5.81532720242 0)
(17.988108 3.34991436508 0)
(-6.9536596 -4.7431679864 0)
(13.750262 -4.40814216874 0)
(1.020157 1.34897162255 0)
(19.248303 -9.9444546144 0)
(-8.6708988 13.009075882 0)
(-1.5502411 -3.50722126189 0)
(9.770684 1.09294990887 0)
(8.8263687 -14.6110121397 0)
(6.7041882 14.6346357211 0)
(-3.9192564 -0.780077720997 0)
(1.268931 -5.27939715419 0)
(8.2729921 4.15445304458 0)
(-6.4806334 9.20495841381 0)
(9.4698627 -6.2886199031 0)
(11.952216 -5.34294906215 0)
(-0.65905522 0.598561017733 0)
(-6.9277009 3.97478115711 0)
(-5.9479244 -0.539804916953 0)
(11.914596 2.54819363896 0)
(6.2770582 -13.1257799238 0)
(-0.54553568 0.848900761844 0)
(1.6264856 1.65309195274 0)
(-6.0592875 0.815517879074 0)
(9.7171992 13.1642775842 0)
(9.9102361 10.6629884805 0)
(5.9065642 14.1849618687 0)
(-2.2893988 0.128485620358 0)
(-2.6803341 -11.2159796384 0)
(5.0404166 3.39310200767 0)
(-2.0508972 0.550411100426 0)
(-0.73369651 1.7340780687 0)
(0.31262005 -14.6007785849 0)
(19.635189 6.74610505797 0)
(-5.3785379 -2.70419957796 0)
(14.463076 -5.33822025661 0)
(5.0417438 3.12397388172 0)
(4.2281385 -10.3645314249 0)
(18.384379 3.09416825848 0)
(-8.5037799 -11.8349200489 0)
(-7.2580809 -1.25568515677 0)
(1.8042933 -8.58394012761 0)
(12.261262 2.31812773283 0)
(2.0165557 6.20575762429 0)
(0.8102945 -4.45925401745 0)
(0.89183762 -3.7074812268 0)
(1.5523709 -0.025033840707 0)
(2.4438237 -2.12500821618 0)
(-1.534621 9.44878340076 0)
(0.45043765 -3.87650820277 0)
(2.0169629 4.08307176714 0)
(-5.6975457 -9.44293035076 0)
(-6.6230036 4.85441487518 0)
(-0.61144193 0.10497474278 0)
(0.9010288 -12.4933512796 0)
(11.736232 -1.18682774051 0)
(-2.5010735 -1.62879978317 0)
(1.1116792 -3.62816058567 0)
(-2.9118851 -1.02423818074 0)
(3.1837019 -13.8086524612 0)
(-0.79808924 12.2609196942 0)
(-9.6585412 -6.24989073436 0)
(3.6110826 1.58855801474 0)
(1.7331546 0.709474492532 0)
(19.617291 3.20261868328 0)
(-6.0213889 4.88722951914 0)
(2 14.2370452929 0)
(-0.59685446 0.230319378058 0)
(-2.1888377 -1.21728027945 0)
(-8.2727244 -12.6017825702 0)
(18.781166 12.8038228593 0)
(-5.4625696 13.1024029259 0)
(-4.369106 1.61457831961 0)
(4.8119863 4.11867790027 0)
(-4.9195522 14.1808936539 0)
(-4.113796 3.19438682447 0)
(1.8350448 3.45349761072 0)
(1.2754072 -13.8015732336 0)
(9.9980274 -2.31585529942 0)
(6.2933864 -10.1568458837 0)
(3.4717264 -11.5762694364 0)
(3.527469 14.2225468989 0)
(19.181848 -4.41751326525 0)
(-1.0385883 1.75793415178 0)
(-7.9513431 3.05133508831 0)
(12.063869 -1.82351015512 0)
(-2.291109 -0.397997096816 0)
(0.50977655 -2.86243803399 0)
(-2.5747582 8.3978280035 0)
(18.820057 -3.21848811954 0)
(12.933764 12.5119327425 0)
(0.66954028 -3.80124613925 0)
(8.059009 -9.70820559993 0)
(-7.361725 9.57284395462 0)
(11.087512 -12.5908560529 0)
(-5.981339 -0.892412336399 0)
(-2.0222972 -14.2167535868 0)
(-1.3059943 -7.72737825028 0)
(13.121131 -2.63630426816 0)
(0.94919834 -1.26959421036 0)
(7.4632107 4.9356958322 0)
(12.241676 -5.13987956703 0)
(-1.1359222 -0.176556976311 0)
(-1.1003553 3.92502183741 0)
(0.51035309 -0.341033768947 0)
(0.21073475 7.04564670034 0)
(18.771368 2.83277220061 0)
(-4.1683003 2.65215552042 0)
(-6.6276435 3.77560848871 0)
(11.267221 -4.20114697227 0)
(-0.74253482 1.2478554494 0)
(13.430673 -3.30403811488 0)
(10.499119 1.10205132854 0)
(-2.8900355 8.21701494845 0)
(1.7445225 1.5493822909 0)
(-1.3836984 -8.15838330016 0)
(12.965087 2.26025131803 0)
(13.421633 -3.74521655755 0)
(1.8187349 6.37918352336 0)
(-3.1069333 -11.3915271639 0)
(-0.72614826 -1.19556404952 0)
(-0.03597106 -1.51314895343 0)
(-5.0442477 -0.0150845904032 0)
(0.55330606 0.286881765694 0)
(0.37304223 -4.41576502679 0)
(7.9978056 4.30802408445 0)
(16.230073 5.97390306627 0)
(6.5226496 -2.18705911351 0)
(-5.8196728 -3.01391766831 0)
(0.40156388 13.7605846691 0)
(0.56109146 -1.52352430061 0)
(-8.7381876 7.53663062839 0)
(14.535479 -12.9171392356 0)
(1.612132 6.82532892132 0)
(-0.70404541 -0.511606960661 0)
(9.1235274 2.15794206352 0)
(-0.37075098 -0.592381170123 0)
(-4.2815842 13.7847422899 0)
(-1.9734109 8.38799435534 0)
(19.198681 -12.8985048377 0)
(0.43419146 -3.07808944358 0)
(-0.10112823 -0.796017041864 0)
(-4.5216777 -4.44743531 0)
(1.019487 -12.1041431478 0)
(15.507028 -10.1631784493 0)
(-5.1382345 2.91405173643 0)
(0.11500556 -2.44809478721 0)
(12.742453 -5.4560895794 0)
(-0.5719065 0.757666719409 0)
(5.4747301 -4.16762367809 0)
(-6.6265115 4.46432494795 0)
(-8.7429337 -14.6684871196 0)
(1.0675056 -5.71457931006 0)
(9.1875634 9.37561380162 0)
(7.0949684 -7.43978129294 0)
(18.789675 -4.14416776038 0)
(-2.9124474 5.24148271497 0)
(3.400412 -12.0481427361 0)
(1.0232503 -11.1718249065 0)
(-5.6671766 1.10796959681 0)
(0.23212887 9.32589666676 0)
(-1.0252542 0.0814620077148 0)
(0.74769033 -0.516612715817 0)
(13.310001 2.02932418598 0)
(-6.8948287 9.39893241796 0)
(-8.7287692 14.6760897795 0)
(-4.0630796 -4.34994814411 0)
(0.31799651 -1.02765812586 0)
(0.80307652 7.02611916425 0)
(19.631712 6.24843990897 0)
(4.5846522 -10.5907447492 0)
(4.9373402 0.784832544101 0)
(-6.1255578 -9.65723125013 0)
(-0.7226336 0.235193289627 0)
(11.548731 -13.3298634846 0)
(-5.3784375 4.2943036552 0)
(0.75921975 -1.63103782439 0)
(-3.0117937 1.36105135107 0)
(-0.63509525 -0.550032113343 0)
(19.664682 -13.749994362 0)
(5.3733323 -0.438502926024 0)
(14.812183 -5.59378752011 0)
(2.7490418 6.99588929436 0)
(11.619529 5.83373118851 0)
(3.5641785 11.1494664586 0)
(-8.3982443 -13.505784817 0)
(16.588275 6.11314729037 0)
(6.2599942 -10.5717644041 0)
(-0.40245096 12.4717534336 0)
(3.222244 7.00628247442 0)
(8.3959719 -9.96267958116 0)
(-4.0557795 7.64124609105 0)
(19.197069 8.10108152798 0)
(0.0011508667 -0.888815657672 0)
(13.06593 -6.01817231017 0)
(0.40439582 -4.15109300603 0)
(3.9727606 1.60022721211 0)
(0.052642414 -0.546989965327 0)
(-3.7633046 -4.19935916037 0)
(10.310114 -2.5227566905 0)
(-4.3083053 11.0211121499 0)
(10.83053 5.43143711197 0)
(-5.494319 13.6056543614 0)
(1.0364656 -1.38415897585 0)
(-3.5188467 0.552328333394 0)
(11.443803 0.525503856214 0)
(0.37775195 3.69155693375 0)
(18.866067 -2.7067209223 0)
(17.394664 0.00566277720586 0)
(0.46141435 -13.1347074731 0)
(0.0602581 0.63761556362 0)
(1.3282616 -3.54068137835 0)
(-7.8029434 14.6060689392 0)
(-8.1373351 -3.32977053957 0)
(4.8224942 2.5140669878 0)
(-3.8349984 3.67086222708 0)
(1.0021313 -11.6157087992 0)
(14.817758 -6.05643114033 0)
(1.8219898 4.23011864636 0)
(-5.2877548 0.153305216279 0)
(0.72873113 -6.4094896954 0)
(1.3374747 6.71216278895 0)
(-8.7647294 3.07158715384 0)
(1.2939179 4.47038940061 0)
(2.9992032 -12.208654045 0)
(1.4919834 1.7620333413 0)
(-2.5638154 6.11992658376 0)
(-7.1139402 8.42160820164 0)
(-8.275573 13.7888317683 0)
(1.072856 6.87207268216 0)
(8.3736356 -10.3628472717 0)
(17.065198 13.3400672842 0)
(-2.5337492 3.66740850033 0)
(-8.6533695 -7.80995373249 0)
(10.852381 1.26274796422 0)
(4.8133074 4.36721928324 0)
(5.1968183 -14.6561089055 0)
(-3.1922075 8.0388226609 0)
(4.6623914 -2.86919236165 0)
(-4.3181752 -1.69828146436 0)
(0.46055439 -6.04718368592 0)
(6.3233116 3.18884697505 0)
(-0.87193713 7.93918589295 0)
(-6.8843617 -1.74509072956 0)
(-0.13741268 -0.618194523239 0)
(0.47071586 -1.74096637041 0)
(14.076878 14.1879084645 0)
(18.731677 8.85498272008 0)
(-4.8018771 -1.78141958603 0)
(7.4528845 -7.6728946257 0)
(-0.04361221 -2.48965857017 0)
(18.800593 -3.69274230025 0)
(0.72383179 4.91508880799 0)
(-0.063684824 5.27144676248 0)
(10.13967 13.761172125 0)
(5.2235552 -4.30067063883 0)
(2.9276102 7.19029161008 0)
(1.62718 -0.13410064999 0)
(5.5094819 1.09545056635 0)
(-6.5635846 -9.8814384633 0)
(6.5263723 -14.2374646356 0)
(6.3390719 -12.6649369242 0)
(15.92612 -9.99781436262 0)
(-4.7927974 0.0948575791802 0)
(0.52806469 6.90845161911 0)
(-0.60405173 -4.75070763374 0)
(0.12346084 -2.92962469315 0)
(-9.6406088 -9.22036048043 0)
(-9.2043732 -5.47349948942 0)
(1.2787089 -2.57833030819 0)
(1.7994771 5.23199074674 0)
(9.4638396 -14.2161558514 0)
(9.3159578 6.07218557656 0)
(-0.41585099 0.768928687261 0)
(-4.1649081 -7.34442212045 0)
(-7.3451552 -2.13555917017 0)
(-4.2952478 -6.01229035413 0)
(1.2350063 1.77596908183 0)
(18.249362 -13.8152192655 0)
(-9.2488425 8.06415088171 0)
(-2.8355198 2.24131772139 0)
(2.6900842 0.850759278736 0)
(5.191071 0.877895195556 0)
(-0.28035573 0.562669932663 0)
(-7.3157648 -4.9572474681 0)
(2.8712365 3.31851085286 0)
(-1.0773859 14.2067066931 0)
(-3.1782348 3.61602723291 0)
(-4.1311884 -6.95256660459 0)
(10.834851 13.7661475525 0)
(-0.95883492 -0.0601256040935 0)
(-1.8438788 -2.0434988938 0)
(0.7727544 -0.430526604507 0)
(0.90931196 -13.6911131274 0)
(5.7300652 3.56465783194 0)
(-5.0868791 -1.5789162153 0)
(-3.5169572 3.9086162385 0)
(-7.3872207 -2.55610844583 0)
(0.13851366 1.87008318625 0)
(-5.6681611 -1.15276805432 0)
(13.796231 -6.15459834288 0)
(1.2524537 -0.872591964674 0)
(5.2059482 -4.63653587718 0)
(-1.9211092 1.06536928517 0)
(-2.8383224 6.27673186829 0)
(15.14905 -6.24432072401 0)
(0.80534325 -5.55861230827 0)
(15.737537 -14.6761959975 0)
(-8.453804 -5.97615954898 0)
(6.6469725 0.342916360621 0)
(18.842551 4.23592624231 0)
(0.10118308 6.62819972461 0)
(10.632356 -2.73531987657 0)
(-0.2414615 0.839147797713 0)
(-1.8527812 13.7865561598 0)
(-0.64758418 -4.0794886337 0)
(9.7120709 2.18050967722 0)
(-0.8943273 2.4317300427 0)
(-0.40093472 14.2069629192 0)
(-8.0081195 0.650335691593 0)
(12.480156 -2.40654316284 0)
(16.606018 14.1926523927 0)
(-1.9088325 0.432053842541 0)
(7.7244478 4.8254599347 0)
(5.4967847 -2.44842659919 0)
(19.272669 6.99732266133 0)
(18.610054 -13.1801325284 0)
(-3.1213038 6.45857531227 0)
(3.2273774 11.3480782017 0)
(-0.6933203 -0.136506094355 0)
(-3.6268608 -14.6209570143 0)
(3.1342955 -3.42423838798 0)
(-0.067599987 -0.611316326238 0)
(12.674253 -5.7954554646 0)
(12.012599 -2.14513194604 0)
(4.06653 -3.92478273669 0)
(7.4250243 -3.9377631996 0)
(1.2179405 2.02315580075 0)
(-0.54336228 -0.286630834613 0)
(13.779804 -6.5931449059 0)
(19.362142 0.15831070168 0)
(0.54419682 -0.267889915711 0)
(0.7248007 0.354193610926 0)
(-4.085769 -6.56784651477 0)
(19.268859 -2.53539466394 0)
(11.234397 4.85489749559 0)
(5.2077134 -4.99291701073 0)
(7.881508 9.74233186109 0)
(5.2971495 -10.6673519126 0)
(0.45935759 -0.623328250552 0)
(1.8488823 0.353286675542 0)
(-3.9284822 -9.84470654417 0)
(-0.70832419 2.510099826 0)
(-3.864016 0.451156241692 0)
(3.4313634 -1.98999154646 0)
(1.8444992 1.45946146406 0)
(0.90599043 0.195903605263 0)
(0.50681091 0.359405650533 0)
(0.83395166 1.25832013444 0)
(12.851671 14.0386218157 0)
(-6.6093794 -10.3243994832 0)
(-1.9405349 0.146478897121 0)
(-2.9068561 -1.36352026237 0)
(7.7353031 4.48760892473 0)
(9.4665551 14.2765161338 0)
(-8.5020693 -3.49513449306 0)
(6.8101908 -2.69021521357 0)
(6.6104046 0.00908847347731 0)
(0.35960933 0.678320337038 0)
(19.632223 0.863047410296 0)
(-7.4228235 -3.00021787377 0)
(-3.080155 2.13570876138 0)
(1.528053 -2.74055997933 0)
(1.5164365 0.808662434242 0)
(-0.54454141 3.20822987117 0)
(1.5946031 0.687430055747 0)
(0.27684766 0.552747282388 0)
(1.245989 -1.14562697269 0)
(0.64944528 2.54392990558 0)
(-1.4147851 4.06536905883 0)
(-3.5119572 7.82769384 0)
(-1.081923 3.03075019564 0)
(-0.29539589 -0.996775836951 0)
(2.4229465 -1.21718646452 0)
(13.378523 -7.25769604004 0)
(0.34316645 -0.61221528222 0)
(10.921945 -2.93245625656 0)
(3.6312886 -14.6354409611 0)
(4.5888565 2.67015629576 0)
(-1.3555771 2.92878550803 0)
(0.67747282 1.32854048614 0)
(12.02163 12.5137489708 0)
(-5.366983 2.76774945488 0)
(-9.2512672 -11.5532516441 0)
(7.8756204 -14.2071497524 0)
(-1.0845004 0.146886678218 0)
(-3.5765471 13.7753111154 0)
(2.036784 -6.37769108495 0)
(5.170405 -0.0305247710848 0)
(9.3050868 6.37785562513 0)
(19.242191 13.0036465194 0)
(11.239787 12.9942349464 0)
(-4.9295202 -4.11028635722 0)
(8.7424688 -10.6224994188 0)
(0.083331746 -0.881635696078 0)
(1.0814419 2.13939873454 0)
(-5.5590504 -0.267242234378 0)
(13.421804 -5.88109060418 0)
(0.4977091 -6.3266745159 0)
(1.6476825 -0.595141687637 0)
(6.5866532 -0.305085272499 0)
(0.20675134 3.83673267089 0)
(-4.1235576 -0.346601680355 0)
(3.1929311 -0.309201374081 0)
(-1.9311852 8.76564842972 0)
(5.9174457 -13.3243868899 0)
(-5.3729305 -1.3732630434 0)
(-0.27642001 -0.533114063448 0)
(16.310342 -10.2556218117 0)
(1.8133065 -8.94747303243 0)
(-7.3010328 0.867168730361 0)
(1.542406 -3.45384503114 0)
(11.280894 5.68795590798 0)
(7.5041458 -4.44589629528 0)
(-0.062450694 5.04323907681 0)
(-1.3806021 1.29833961892 0)
(18.865045 4.69577632417 0)
(1.9726828 -11.776629616 0)
(0.57662885 -1.26019689316 0)
(-3.3130537 11.1533226964 0)
(5.6755 -10.9206636286 0)
(-0.036945433 -3.01068043771 0)
(7.3244664 -13.8159810023 0)
(-9.6339746 -14.633971106 0)
(-9.6339746 14.6339789567 0)
(19.633975 14.6339766138 0)
(19.633975 -14.6339733284 0)
(-9.6847109 8.71321196868 0)
(0.46013212 0.427772352406 0)
(8.2066908 9.8913999355 0)
(1.4098205 -12.1551563185 0)
(-0.930952 1.53395503106 0)
(-1.2224232 1.71315416061 0)
(-5.4487166 -3.36786750096 0)
(17.401377 6.0351630941 0)
(5.4773678 -5.17000835688 0)
(2.7283106 1.02016468977 0)
(0.5282836 5.05379560711 0)
(7.7690121 13.8467060121 0)
(5.5164406 -3.8748457346 0)
(1.6289975 4.36652509981 0)
(-8.8254505 -5.70589133955 0)
(0.59975031 0.113527034313 0)
(-5.1574159 -3.60019272944 0)
(19.256691 7.45498741332 0)
(0.59500041 -0.0796703754478 0)
(-6.6628598 -10.732841314 0)
(3.1215206 -14.2097161895 0)
(-0.88849838 -1.41952611148 0)
(-0.053762104 2.72632057315 0)
(4.6815853 -2.62489039891 0)
(19.648739 -2.37865430029 0)
(-0.21894085 0.925618033856 0)
(1.1925342 -4.22856304839 0)
(12.807826 8.52852980582 0)
(-3.1689143 1.49729320706 0)
(3.5928086 2.93755553853 0)
(2.3948247 7.2276791343 0)
(-0.24514447 2.50434549818 0)
(-4.0280301 -6.22364707139 0)
(-0.5212336 2.58048085333 0)
(-3.401907 5.31907933781 0)
(-3.1029683 6.72838590232 0)
(-4.5566446 -0.405754052276 0)
(13.337492 7.20426311257 0)
(17.814625 -0.240593109818 0)
(-0.38906647 9.33872506827 0)
(0.026473702 0.695771942895 0)
(2.8093046 -3.28276971909 0)
(5.522041 1.40206958111 0)
(-7.8791339 -13.9345610575 0)
(-7.6849589 5.32404120441 0)
(2.7047139 3.6879517683 0)
(12.718298 7.06114457182 0)
(-9.2008118 -10.903013951 0)
(3.1846028 1.10766844659 0)
(-0.76718861 -0.456405803672 0)
(-4.8919436 -3.80784126348 0)
(4.8610408 2.11598077026 0)
(5.9266242 -14.3820116428 0)
(8.4993559 14.2898327569 0)
(3.6849178 0.560839727328 0)
(-0.18753513 0.5865792017 0)
(9.7414013 1.68723487069 0)
(6.5658967 -0.567967657614 0)
(-1.0120363 -2.32267237453 0)
(11.244031 -3.53217813823 0)
(-1.6586252 0.437447570854 0)
(12.921054 -7.65077282693 0)
(1.7778958 -0.126951400561 0)
(-9.2677395 -0.0418725485667 0)
(8.3458767 1.89241410252 0)
(7.2589254 -2.55561474595 0)
(-0.5850321 -0.173373252104 0)
(5.8647959 -13.7559065289 0)
(-7.2506993 5.69394397758 0)
(-7.7091682 6.45387583223 0)
(15.618819 6.15245872995 0)
(-6.9896476 -5.50613316446 0)
(-4.6003369 -5.82920880418 0)
(-4.2557728 7.82584636402 0)
(-7.0064991 7.45916706415 0)
(2.07476 3.18105199876 0)
(4.7164292 13.9044950948 0)
(19.695012 -9.28613988013 0)
(18.263229 -0.485160157912 0)
(16.679677 -10.4987882423 0)
(12.317903 0.840353330502 0)
(4.1447789 2.72858330302 0)
(3.4333395 -3.23171771302 0)
(5.6224667 -3.41980193637 0)
(-3.4828909 -2.7517505388 0)
(-8.338298 14.1722171145 0)
(0.68369256 0.559673923311 0)
(-3.9909638 -10.337401619 0)
(9.108397 -10.8670118187 0)
(-0.87966944 1.68583318034 0)
(-7.3095429 7.22242208721 0)
(-7.2236072 6.05000052869 0)
(13.421631 6.60357590994 0)
(19.231824 4.9257537283 0)
(4.3433072 2.59354389595 0)
(-1.5960599 -0.791778290912 0)
(0.94366979 2.25374555027 0)
(-3.9564364 4.98010111329 0)
(13.381386 8.30576987306 0)
(13.659411 1.79816740921 0)
(-1.0778502 3.1948003259 0)
(0.64470438 -0.147741808998 0)
(-1.0526255 2.36409042257 0)
(-0.91472543 8.41660729463 0)
(0.74124602 1.24302571098 0)
(-7.258985 6.86291834797 0)
(11.799817 0.659901239254 0)
(-0.65281126 -0.0405052191136 0)
(1.6678902 -2.45775889227 0)
(0.22960777 0.59036061429 0)
(-2.270727 -13.9122375974 0)
(8.0199704 -4.31279595673 0)
(-9.0152905 11.2235747019 0)
(1.5584905 -9.47628141812 0)
(-5.9286687 14.2320484183 0)
(13.639382 -13.7344686384 0)
(-7.056239 -10.8944750012 0)
(0.28050145 -1.61519838131 0)
(-3.6881614 5.14057478053 0)
(14.849134 6.20455348901 0)
(-5.8052511 -13.8146897674 0)
(4.0030253 -2.83317468579 0)
(16.856742 6.31721773834 0)
(17.036238 -13.4638492666 0)
(-0.2056902 1.94553976515 0)
(-3.4545271 7.01025834138 0)
(-0.065860842 0.955758643671 0)
(-0.85848079 3.27947593732 0)
(14.081551 6.65474986827 0)
(0.63163897 -0.0255980301582 0)
(-0.091746002 0.610146700651 0)
(6.6397736 0.664059768923 0)
(-4.8137069 -0.219841697882 0)
(2.6284772 0.0247265224032 0)
(1.1625994 -1.04647293883 0)
(-7.9752169 -14.2619703237 0)
(1.9402166 -2.60597470492 0)
(-6.0263271 5.26040372585 0)
(1.9298362 -0.113736061122 0)
(1.4920509 -4.08886193048 0)
(10.99453 -14.295653939 0)
(-6.6294034 14.2186223993 0)
(-0.83262785 1.35142734932 0)
(-1.7931949 1.47927056547 0)
(0.78134462 0.395802956713 0)
(-7.2976515 4.50803844488 0)
(5.7127829 -5.32734346753 0)
(18.861963 8.19957857253 0)
(-3.6509125 11.3283364326 0)
(19.63478 -8.63187857032 0)
(9.9965008 1.54159429194 0)
(-0.53386015 0.326265455191 0)
(18.704796 -0.2831547366 0)
(0.75353114 0.470992269625 0)
(1.1812087 -9.63944798247 0)
(-8.7925653 13.3439666394 0)
(3.4794771 0.473252110107 0)
(3.2414215 -0.044553618888 0)
(-6.8606349 -14.2143914691 0)
(-1.0786492 -8.86994468268 0)
(-0.37269528 -0.720430674459 0)
(13.325394 -6.96622360097 0)
(12.246986 5.04608881638 0)
(14.061571 6.27214817837 0)
(-6.8633395 4.2799428406 0)
(11.929498 9.96859610621 0)
(5.3031796 -1.97908618721 0)
(-0.35751866 0.579253674815 0)
(13.572351 8.9329454341 0)
(-1.1250813 -9.25148530594 0)
(-9.23277 7.12921469589 0)
(-0.69863212 -9.62797956325 0)
(0.8075715 2.36350798624 0)
(1.8490379 -0.476071255682 0)
(-9.6488251 9.39181142881 0)
(7.3986593 -3.05084816113 0)
(12.708084 -2.22528004302 0)
(2.9057132 1.08449575195 0)
(0.12564467 0.64612004407 0)
(3.7210093 -4.08375538435 0)
(14.01221 1.56693583646 0)
(-9.7274094 -6.74333076478 0)
(-2.4395597 0.0892462227802 0)
(0.18232407 -1.53470511973 0)
(17.074565 -10.3108112577 0)
(-2.6373883 3.328406922 0)
(0.052228824 3.95127946213 0)
(3.352548 0.958667823227 0)
(9.9903941 1.25083863349 0)
(3.9419492 2.87611224602 0)
(1.9919777 -14.3043344323 0)
(5.894561 -3.32405206921 0)
(6.7998976 -1.06292617685 0)
(2.6038121 -0.173288833012 0)
(18.630935 5.77582850009 0)
(0.35803959 -1.12007984883 0)
(0.81280929 -0.576120380089 0)
(-4.8920328 -5.96789490526 0)
(-3.9878713 0.599792038621 0)
(1.3115209 14.2234048055 0)
(8.6400869 2.04359625815 0)
(2.8593241 14.2297025164 0)
(8.2775181 -4.52114340176 0)
(-7.4339402 8.53867735275 0)
(2.203828 11.1532788252 0)
(0.87462029 -0.11815361307 0)
(-7.4545805 8.96462504348 0)
(-0.99299796 -0.940362887232 0)
(-7.8663262 -10.801835039 0)
(12.680267 7.58733951873 0)
(-9.3263856 -0.494531498339 0)
(0.98099916 -12.8131266203 0)
(-7.0339895 7.84228379084 0)
(9.4813761 -11.110571303 0)
(-0.070518234 4.83274387489 0)
(-9.2440495 -9.79265759297 0)
(-2.3145422 -0.569445074573 0)
(15.403412 -6.42446224256 0)
(12.69321 7.9840733134 0)
(0.62253735 1.65734725604 0)
(19.241357 5.35793585021 0)
(-0.68902371 9.48387610343 0)
(-0.34703071 3.46894051215 0)
(19.063779 -0.0620243857301 0)
(1.7285309 -3.36500501539 0)
(5.7515077 2.90863139677 0)
(7.3948173 14.6521209293 0)
(5.6965859 -5.61532129149 0)
(2.6608699 0.206820031348 0)
(15.508815 14.3292134731 0)
(-0.98952098 -8.57789550716 0)
(-3.6904595 -11.0803389394 0)
(16.417132 -13.755096856 0)
(12.617109 0.618354509652 0)
(-3.7764683 7.57508105208 0)
(0.20050725 12.2401746671 0)
(6.9646134 1.94309436174 0)
(-0.64851325 -5.03570159368 0)
(1.6789792 -0.861622611506 0)
(-0.5866448 -1.67002648001 0)
(-1.2563913 1.57074310606 0)
(6.3632304 1.0451943277 0)
(0.84931647 -9.42267163229 0)
(4.8081629 1.87367659404 0)
(1.698413 -11.9761285355 0)
(-1.0812247 -14.2650804918 0)
(7.6505157 -3.25447927143 0)
(-1.4516283 3.04437024295 0)
(7.6178354 2.2335607781 0)
(-2.3352977 -3.05792065529 0)
(0.69577256 -6.84330380552 0)
(0.92288757 1.30212967902 0)
(-2.3588065 1.9534523249 0)
(10.158758 -14.227056691 0)
(11.422526 -12.6713084173 0)
(0.0044948945 -9.70695064893 0)
(-0.49018739 -0.342252550048 0)
(-9.0328015 -1.70243830038 0)
(-2.1968969 5.95305294884 0)
(-1.4869727 9.08672876202 0)
(4.7916251 9.63801709043 0)
(-1.0453423 -2.52932772434 0)
(9.8554645 -11.3306931061 0)
(14.464929 -14.2889712327 0)
(3.5111357 0.813596696989 0)
(5.7382493 0.336623430821 0)
(14.164215 8.7312541362 0)
(-3.120757 -13.8398454345 0)
(12.715576 4.79010913738 0)
(6.5851061 2.76004014123 0)
(-1.1546885 8.49096262339 0)
(-2.3490517 -1.24788056788 0)
(-5.1150022 -13.8402553146 0)
(-4.6291484 -14.2457475676 0)
(-4.121869 -0.702518777494 0)
(-0.029618131 2.98393358446 0)
(-6.0185049 5.60064618316 0)
(14.327272 1.32525890545 0)
(-9.0959862 -2.32130638846 0)
(5.3235229 1.53824680664 0)
(-0.40838967 -0.402773323059 0)
(13.258611 -13.8565813543 0)
(5.4215798 3.13514095365 0)
(17.639441 6.24502278289 0)
(15.150882 -6.56769440464 0)
(-4.177727 2.43133168712 0)
(19.698569 0.203955967623 0)
(-2.5332477 -1.79081109838 0)
(7.0378679 -1.24592512595 0)
(6.7424271 -2.23734000786 0)
(0.51347538 -9.58033997606 0)
(-3.3403741 2.6176049671 0)
(10.110253 -11.1380635569 0)
(-3.4030884 2.2903084296 0)
(3.7410068 3.02541384485 0)
(0.17936858 0.559666626458 0)
(1.2940196 11.2524848725 0)
(-1.509779 3.73395597889 0)
(-0.20137529 4.18495411044 0)
(-1.8246712 -0.909298606807 0)
(2.0892487 4.98908841375 0)
(-9.3249961 9.50188855524 0)
(0.23162597 -1.01948899881 0)
(-5.6157508 4.1458252867 0)
(-1.2179632 8.97677256 0)
(-3.0767921 2.92945538602 0)
(0.29064036 0.782895322408 0)
(-0.18706911 2.68014800286 0)
(0.073744272 -1.5671681088 0)
(5.2968223 1.92836348718 0)
(14.687439 -6.88623191927 0)
(-0.21977526 3.14053766136 0)
(2.647601 7.75189426433 0)
(-2.7717688 -1.94568548106 0)
(1.1930343 0.561203127974 0)
(11.346504 1.02278495409 0)
(5.7206123 0.736331705279 0)
(-0.99702544 -1.47604027503 0)
(-1.0215807 4.26033100115 0)
(-8.4598585 -7.18676952366 0)
(2.5537064 -0.361196345756 0)
(2.1446894 -9.13291520059 0)
(19.57247 4.25769599255 1)
(19.585054 -4.22771268566 1)
(9.2529846 14.5935148134 1)
(9.25 -14.5669206925 1)
(19.566987 -1.24994054474 1)
(6.2619767 14.516064803 1)
(6.2983132 -14.5469866552 1)
(-0.55994194 0.0535862983261 1)
(3.25 -14.566890569 1)
(3.2185841 14.5202174071 1)
(-2.2509295 -14.5816386601 1)
(-2.2365914 14.5752938337 1)
(0.74063874 14.576388216 1)
(0.76904804 -14.5786468975 1)
(-9.5371392 -7.18687034838 1)
(-9.5855988 7.27890029472 1)
(-9.5621126 4.74814366913 1)
(-9.5871719 -4.78548715519 1)
(19.566987 -7.24995770852 1)
(19.612904 7.25550799586 1)
(11.742808 14.5636642145 1)
(11.748918 -14.5752355019 1)
(19.579556 1.31239207542 1)
(-9.5219992 -2.27770485135 1)
(-9.5748362 2.24449674593 1)
(-9.5988572 -0.250892690122 1)
(14.279951 14.5556748646 1)
(14.239354 -14.6020915463 1)
(-4.7848509 -14.593341999 1)
(-9.5854173 9.75482398988 1)
(19.566662 9.74896955695 1)
(19.63484 -9.71501664931 1)
(-4.7368517 14.5755563453 1)
(-9.6236217 -9.68839018136 1)
(16.251647 14.5091780625 1)
(16.178412 -14.5282263261 1)
(-6.726777 -14.5803891795 1)
(-9.5406045 11.7558763676 1)
(19.582266 11.7625435705 1)
(19.572351 -11.7480330354 1)
(-6.7862549 14.579131044 1)
(-9.5936149 -11.7618047951 1)
(-0.74392835 14.5149576313 1)
(-0.81301723 -14.5932627102 1)
(4.7457755 -14.5378893102 1)
(7.7258825 -14.5826697498 1)
(7.7801642 14.5861071537 1)
(4.7496582 14.5743289662 1)
(19.530401 5.72038528512 1)
(19.607227 2.75780741389 1)
(19.607524 -2.76311825236 1)
(19.553659 -5.75183647037 1)
(17.749876 14.5672340672 1)
(17.749805 -14.5670339538 1)
(-8.2812752 -14.5471716471 1)
(-9.5669563 13.2492117369 1)
(19.607003 13.2589761752 1)
(19.523122 -13.2674630303 1)
(-9.5672178 -13.2493663384 1)
(-8.25 14.5670108484 1)
(-9.5817416 1.25569506743 1)
(-9.5711194 3.23561248817 1)
(-9.5605496 -1.23607021109 1)
(-9.5859824 -3.29906561174 1)
(-9.5546914 -5.78496117168 1)
(-9.5672142 5.73450227571 1)
(-9.5828327 -8.23312144206 1)
(-9.6446135 8.27691697863 1)
(1.6981584 14.5210381314 1)
(1.7377385 -14.6034340248 1)
(-3.2324774 -14.5832359042 1)
(-3.2615835 14.5756340412 1)
(10.247049 14.568840204 1)
(10.297357 -14.5832539498 1)
(19.544367 -0.210469222531 1)
(12.789568 14.5073119924 1)
(12.747991 -14.5664773377 1)
(-5.7391094 14.5965865098 1)
(-5.7499054 -14.5765235086 1)
(19.575805 8.2648725032 1)
(19.535837 -8.26895521793 1)
(15.254467 14.6227253234 1)
(-9.5645145 -10.7411057953 1)
(15.25173 -14.5540436495 1)
(-9.5522591 10.7359365355 1)
(19.56684 10.749790976 1)
(19.573117 -10.7499659765 1)
(18.744742 14.5693622354 1)
(18.745761 -14.569294866 1)
(-9.2038815 -14.5458756214 1)
(-9.5773455 14.2292949216 1)
(19.570353 14.2664191142 1)
(19.546993 -14.2042101009 1)
(-9.5789598 1.75661729835 1)
(-9.1526229 2.00048138508 1)
(-9.1557429 2.47238165183 1)
(-8.7535245 2.24262780498 1)
(-8.7533338 2.66805353032 1)
(-8.364743 2.44525923873 1)
(-8.3668743 2.0211723465 1)
(-7.9996374 2.23814426843 1)
(-7.9913962 2.66017783097 1)
(-7.6422146 2.44998786623 1)
(-7.6254437 2.85063875866 1)
(-7.2910375 2.64795764886 1)
(-0.47356775 0.311964945241 1)
(-7.2875639 3.04016335404 1)
(-6.9571813 2.83880713009 1)
(-6.9614085 2.46219580761 1)
(-6.6375911 2.64932777758 1)
(-6.6393628 2.28318745699 1)
(-6.6332954 3.01526923767 1)
(-6.3188119 2.82699270813 1)
(-6.3209461 3.19553301604 1)
(-6.0136484 3.00221069987 1)
(-6.0138812 3.36431480112 1)
(-5.7080884 3.17363542585 1)
(-5.7134346 3.53163176657 1)
(-5.417292 3.34404498689 1)
(-5.4188911 3.6934864053 1)
(-5.1285813 3.5088984084 1)
(-0.29266831 0.486704386538 1)
(-5.1212203 3.837339322 1)
(-4.8426921 3.66754405778 1)
(-4.834982 3.98967339335 1)
(-4.5621064 3.82470877716 1)
(-4.553722 4.13953552304 1)
(-4.2863935 3.97914522729 1)
(-4.2781952 4.28927224039 1)
(-4.015209 4.1316874419 1)
(-4.0080064 4.43969286514 1)
(-3.7473743 4.28234491043 1)
(-3.7396461 4.5870122415 1)
(-3.4821093 4.43100698617 1)
(-3.4751465 4.73198123105 1)
(-3.2199974 4.57769647949 1)
(-3.2131195 4.87548457858 1)
(-2.9617762 4.72284286864 1)
(-0.046923364 0.568040508947 1)
(-2.9502132 5.01095096694 1)
(-2.704322 4.86522145872 1)
(-2.691349 5.14911848108 1)
(-2.4478286 5.00923929864 1)
(-2.4381812 5.29255280153 1)
(-2.194405 5.15099923021 1)
(-2.1876459 5.43742039197 1)
(-1.9425049 5.29209008485 1)
(-1.9357926 5.57747461762 1)
(-1.6910879 5.43186043379 1)
(-1.6817415 5.7116068945 1)
(-1.434806 5.5698592144 1)
(-1.4292335 5.8485069922 1)
(-1.1876476 5.70576301809 1)
(-2.4465046 5.57114056791 1)
(-1.1821835 5.99158863898 1)
(-0.93466024 5.84440854861 1)
(-0.9274353 6.13258403497 1)
(-0.6833199 5.98161609445 1)
(-1.178896 6.28269304264 1)
(-0.68978878 5.69956086521 1)
(-0.44589373 5.83301559883 1)
(-0.4535357 5.55603011948 1)
(-0.21317135 5.68769986878 1)
(0.2251661 0.524598854225 1)
(-0.20241719 5.96119884017 1)
(0.029977334 5.81605152179 1)
(0.0087349103 5.54616708995 1)
(0.26103277 5.67285564931 1)
(0.27277674 5.94488977787 1)
(0.50320336 5.79563557884 1)
(0.49387895 5.52752747864 1)
(0.73071466 5.64794210341 1)
(0.71989328 5.38154140082 1)
(0.95422897 5.50247708345 1)
(0.94108252 5.23962834944 1)
(1.1746268 5.35876085916 1)
(1.1618499 5.09843565564 1)
(1.3943392 5.21706615591 1)
(1.3813871 4.95837820731 1)
(1.6044403 5.07680343649 1)
(1.5984048 4.81895522162 1)
(1.8513153 4.95411078575 1)
(0.42875535 0.367871359826 1)
(1.8204667 4.68285705567 1)
(2.0461502 4.79550714907 1)
(2.0338123 4.54187060357 1)
(2.2611235 4.65666254953 1)
(2.2519806 4.40755212971 1)
(2.4749933 4.52547150288 1)
(2.4665442 4.2721030395 1)
(2.6883618 4.38081361313 1)
(2.6763206 4.13075111131 1)
(2.9047885 4.24655384478 1)
(2.8888272 3.99409987846 1)
(3.1174839 4.10891052847 1)
(3.101582 3.85735084094 1)
(3.3254509 3.97068735299 1)
(3.3132922 3.72053862049 1)
(3.5355522 3.83511070809 1)
(3.5242593 3.58445288396 1)
(3.7458144 3.69870685917 1)
(3.734177 3.44820179646 1)
(3.9579339 3.56298891581 1)
(3.9455337 3.31036645281 1)
(4.1718069 3.42617505264 1)
(4.15896 3.17050720151 1)
(4.3883062 3.28773025502 1)
(4.3750062 3.02822089544 1)
(4.6082962 3.14761807615 1)
(4.6006481 2.8934514284 1)
(4.8292051 3.00084632124 1)
(4.8259926 2.75010549876 1)
(5.0559098 2.85478921752 1)
(5.0503992 2.59577989927 1)
(5.2893056 2.71152664159 1)
(5.2745228 2.43509081984 1)
(5.5188159 2.56104419143 1)
(5.5093489 2.27988918333 1)
(5.7600559 2.40252579181 1)
(5.7482216 2.12201201329 1)
(0.55916235 0.0627646550618 1)
(6.0096949 2.24628240039 1)
(5.9916338 1.95753525794 1)
(6.2541151 2.09297268453 1)
(6.2409777 1.80090789293 1)
(6.2720762 2.38282719652 1)
(4.8319989 3.26064940935 1)
(3.548522 4.08750984583 1)
(2.2754222 4.9144914909 1)
(6.5184909 2.23228299872 1)
(6.5428002 2.5144072853 1)
(6.7906013 2.36751839804 1)
(6.8146956 2.65557088054 1)
(7.0650773 2.50976629995 1)
(7.0819861 2.82045436412 1)
(7.3438288 2.65596988328 1)
(7.3609306 2.97023061064 1)
(5.9738999 1.66424017908 1)
(6.2203857 1.50315107805 1)
(5.9580748 1.36838945609 1)
(6.1895386 1.20856680677 1)
(5.9393232 1.07314340913 1)
(6.169938 0.913231841787 1)
(5.9321457 0.794978410854 1)
(6.1712369 0.619272025841 1)
(5.8938977 0.50468320092 1)
(6.1544163 0.32381387062 1)
(5.9069176 0.188533492548 1)
(6.1432914 0.0230147022195 1)
(5.8775736 -0.113458213982 1)
(6.1260313 -0.277198271258 1)
(5.8580959 -0.413901113896 1)
(6.1083767 -0.577566487969 1)
(5.8400363 -0.714848574979 1)
(6.1116364 -0.880878133931 1)
(5.8256124 -1.01750705961 1)
(6.0987316 -1.18444524701 1)
(5.8076153 -1.32087718574 1)
(6.3652928 -0.742673103922 1)
(6.0647814 -1.48831756335 1)
(5.7863656 -1.62634691462 1)
(0.43343935 -0.349388530816 1)
(6.0429153 -1.79432477078 1)
(5.7704123 -1.93059197166 1)
(6.032439 -2.11037978768 1)
(5.75774 -2.25494249294 1)
(6.0129734 -2.42398329679 1)
(5.7347304 -2.57659782343 1)
(5.995479 -2.74177481451 1)
(6.2805362 -2.59667072909 1)
(5.7083592 -2.88407777064 1)
(6.2642313 -2.91848989692 1)
(6.548677 -2.78122974056 1)
(6.5385116 -3.09892959704 1)
(6.8266261 -2.96157663197 1)
(7.6308867 2.79384879812 1)
(7.6461005 3.12343650883 1)
(6.816286 -3.28195611579 1)
(7.1072924 -3.1474533294 1)
(7.9220057 2.94293702539 1)
(7.9366895 3.26962804829 1)
(7.1004072 -3.46998757681 1)
(7.4049885 -3.31521009206 1)
(8.2165254 3.09206443601 1)
(8.2320842 3.42543317408 1)
(7.3949238 -3.64970354479 1)
(7.6891179 -3.51769583495 1)
(7.1374723 -3.81186609561 1)
(8.516042 3.24232641872 1)
(8.5354522 3.57979115033 1)
(7.6866857 -3.84342749867 1)
(7.9937848 -3.69381173729 1)
(0.97029931 5.76862568839 1)
(7.9866303 -4.03347266358 1)
(8.3003862 -3.88130948024 1)
(8.8221996 3.39702994265 1)
(8.837906 3.74497238362 1)
(8.5444669 3.93104905879 1)
(8.8541389 4.09448524852 1)
(8.5615099 4.29120791805 1)
(8.8891132 4.45034447332 1)
(8.2760679 -4.24726836668 1)
(8.600149 -4.08370000802 1)
(9.1327187 3.55783671564 1)
(8.5693639 4.63657789862 1)
(8.5922615 -4.43387945149 1)
(8.9070409 4.80642926945 1)
(8.9128132 -4.28073650793 1)
(-5.1330024 3.19525601659 1)
(8.8890764 -4.65911556242 1)
(8.5291399 -4.82763544393 1)
(8.5777344 4.99938185189 1)
(9.2248494 -4.48633475119 1)
(8.9052979 5.16720855764 1)
(4.3686509 2.80236700531 1)
(9.2471192 -4.11420384149 1)
(5.4531395 -2.72840190513 1)
(5.4233804 -3.02509267214 1)
(5.1659576 -2.86088858885 1)
(5.1413919 -3.16090132427 1)
(4.889904 -3.00221751161 1)
(4.8646544 -3.29426156455 1)
(4.6219728 -3.14653053103 1)
(4.5919702 -3.42607859668 1)
(4.3507395 -3.27234356634 1)
(4.3273996 -3.55706674933 1)
(4.0861489 -3.39614738624 1)
(0.22273133 -0.526537333113 1)
(4.0726101 -3.67597926283 1)
(3.8290236 -3.52353335315 1)
(3.8186993 -3.84051628905 1)
(3.5751003 -3.65797130346 1)
(3.5535451 -3.93512005148 1)
(3.3217122 -3.78044758943 1)
(3.3029086 -4.05897740235 1)
(3.0723557 -3.90502413481 1)
(3.0536781 -4.18210568506 1)
(2.8242105 -4.02880121059 1)
(2.8056441 -4.30514991199 1)
(3.0539954 -4.47671979928 1)
(2.5769506 -4.1521827341 1)
(2.5573337 -4.42733033566 1)
(2.3294483 -4.27492847785 1)
(-0.28996497 -0.469300142069 1)
(-0.034241778 -0.550207715336 1)
(2.3104844 -4.55072700342 1)
(2.0816856 -4.3977978123 1)
(2.0628184 -4.67392219226 1)
(1.833311 -4.52043004206 1)
(1.8133519 -4.79569606974 1)
(1.582389 -4.64281628888 1)
(1.5634861 -4.92039910302 1)
(1.331696 -4.76661992733 1)
(1.3101021 -5.04269559291 1)
(1.0780674 -4.89066702922 1)
(1.0547982 -5.17047987281 1)
(0.81665856 -5.01481419928 1)
(0.80206721 -5.29828406213 1)
(0.55312071 -5.14326603121 1)
(1.5517903 -5.21873752625 1)
(0.53244389 -5.44057835153 1)
(0.28241844 -5.27306516167 1)
(0.25425724 -5.57965122982 1)
(0.0037115587 -5.40721018798 1)
(-0.01978324 -5.71962710877 1)
(0.24419817 -5.89201202985 1)
(-0.27454311 -5.53755294879 1)
(-0.30275794 -5.86207460738 1)
(9.2006699 -4.8706349259 1)
(9.5430602 -4.69311225584 1)
(8.5909655 5.3628179017 1)
(-0.56970635 -5.68275299547 1)
(-0.59464536 -6.00932836065 1)
(9.5235508 -5.07156332761 1)
(8.9144769 5.52732332 1)
(9.2289326 5.33604655948 1)
(1.1526697 4.8393757973 1)
(4.1111071 -3.07036061702 1)
(9.2530479 5.70126539189 1)
(9.563596 5.5065635535 1)
(9.8667155 -4.89826545106 1)
(9.8472224 -5.28521216748 1)
(3.5137533 3.33715122045 1)
(5.6237847 0.0781487723332 1)
(8.6023523 5.72487038296 1)
(-0.5405347 -5.30401247872 1)
(-0.47185835 -0.281950460699 1)
(-0.8348072 -5.49300577348 1)
(-0.81341904 -5.18263063599 1)
(-4.0352965 3.8231393284 1)
(-1.9423234 4.9954844434 1)
(-1.0991824 -5.32185767327 1)
(-1.0775492 -5.00710273895 1)
(9.1144057 3.20493444033 1)
(9.429216 3.36765241638 1)
(9.594537 5.88256705829 1)
(9.9039705 5.67896816055 1)
(9.4110506 3.01211896429 1)
(9.7303627 3.17436738947 1)
(-1.3601111 -5.14419535927 1)
(-1.342893 -4.831542668 1)
(10.194454 -5.10919349495 1)
(10.17627 -5.49943032385 1)
(2.0281312 4.29940058655 1)
(-2.9694888 4.42509410485 1)
(9.9158794 6.07287876437 1)
(10.244536 5.8561967084 1)
(9.7114047 2.81597138319 1)
(10.03337 2.97671622634 1)
(10.015905 2.61516749168 1)
(10.342304 2.78154541769 1)
(10.323506 2.41098496521 1)
(10.653136 2.57728752239 1)
(10.634952 2.20476016395 1)
(-1.6209258 -4.96765757517 1)
(-1.603882 -4.65641345548 1)
(-3.7300208 4.88490784343 1)
(10.255795 6.25627514898 1)
(10.528318 -5.3212012086 1)
(10.506248 -5.71993428658 1)
(10.152074 -5.90112268479 1)
(10.591747 6.03431942501 1)
(10.971024 2.37681418281 1)
(10.95134 1.99920292219 1)
(3.0982938 -3.64100043823 1)
(-1.8806816 -4.7930771137 1)
(-1.8945779 -5.11835670584 1)
(-1.8588079 -4.48385884874 1)
(10.48523 -6.12172475487 1)
(10.126563 -6.30902501032 1)
(10.605742 6.43576953748 1)
(-2.1391627 -4.61799602357 1)
(-2.1165409 -4.3097313453 1)
(10.860289 -5.53260780065 1)
(10.883742 -5.13616746831 1)
(0.82768346 -4.72853304605 1)
(10.945044 6.21479274243 1)
(11.291404 2.17205289322 1)
(11.275492 1.79532096131 1)
(10.959159 6.62143022027 1)
(10.215379 6.67135793421 1)
(2.0984371 -4.1235370907 1)
(-2.3967221 -4.44331709539 1)
(-2.3711733 -4.13368862061 1)
(10.463211 -6.52768183607 1)
(10.097459 -6.71159003366 1)
(11.21951 -5.34890712397 1)
(11.242609 -4.9499106301 1)
(11.30303 6.39796409756 1)
(11.320009 6.8008893552 1)
(11.616104 1.96516348986 1)
(-2.6550969 -4.26885598366 1)
(-2.6283572 -3.95826876877 1)
(11.600007 1.58383846083 1)
(10.440339 -6.93619692679 1)
(10.072277 -7.11962028276 1)
(11.580525 -5.16189849735 1)
(11.604926 -4.76098467034 1)
(-1.5852669 -4.35001493556 1)
(11.664408 6.58239157135 1)
(11.683855 6.99328674732 1)
(-2.9136788 -4.09489356441 1)
(-2.8831328 -3.77687839659 1)
(11.944193 1.75496989692 1)
(-4.8148484 4.30474034586 1)
(4.3077526 -3.8485709803 1)
(11.923732 1.36370832414 1)
(11.949913 -4.98595959795 1)
(-2.9298925 -4.41182676091 1)
(-3.1749092 -3.91853969609 1)
(-3.1527475 -3.60261814291 1)
(10.41763 -7.34838341886 1)
(10.043668 -7.53609056131 1)
(11.970438 -4.57496926957 1)
(12.033252 6.77135232528 1)
(12.051661 7.18702779492 1)
(11.688973 7.4082375601 1)
(-2.5806381 -3.64722083387 1)
(12.275599 1.54067719086 1)
(12.068829 7.60682271269 1)
(7.9793024 -3.29037947303 1)
(12.313627 -4.78868909861 1)
(12.338229 -4.38095476775 1)
(-3.4417197 -3.74140216141 1)
(-3.4195073 -3.4182491278 1)
(12.395089 6.94629086901 1)
(10.394603 -7.76642133212 1)
(10.01922 -7.95416076303 1)
(11.700435 7.830750369 1)
(12.086494 8.03101158358 1)
(12.688925 -4.60933782142 1)
(12.632004 -5.08484040747 1)
(12.709381 -4.19155619226 1)
(-3.7127614 -3.5604640548 1)
(-3.6895934 -3.23193710437 1)
(10.928584 1.61788960779 1)
(9.6681252 -7.72349399541 1)
(9.6429301 -8.14094502973 1)
(9.2981923 -7.91816762409 1)
(9.2686446 -8.32707181356 1)
(8.9260172 -8.10619521666 1)
(8.8959646 -8.51210810347 1)
(8.5516297 -8.28381319112 1)
(10.370217 -8.18848629659 1)
(11.713124 8.25985376087 1)
(13.038243 -4.84635163867 1)
(13.022596 -5.25961297979 1)
(6.4139957 0.48157671857 1)
(8.2776157 5.55737130093 1)
(8.2876972 5.91898295804 1)
(7.9657156 5.75190798246 1)
(7.9764222 6.11509226991 1)
(7.6596966 5.95457952032 1)
(7.6664742 6.31024081267 1)
(7.3511785 6.15045717923 1)
(7.3595466 6.50730137336 1)
(7.0398768 6.33744844192 1)
(7.0510806 6.69939340247 1)
(6.7317353 6.52920561591 1)
(6.7424758 6.89074427815 1)
(7.0665253 7.0637853123 1)
(6.752179 7.25858588529 1)
(7.0822246 7.4343932596 1)
(6.762067 7.63207790679 1)
(7.0931746 7.81287005747 1)
(6.4326527 7.45418309155 1)
(6.442186 7.82872428649 1)
(6.1120453 7.65129995394 1)
(6.1211579 8.02283773137 1)
(5.7922542 7.84708289021 1)
(5.8014566 8.21839272593 1)
(5.4727062 8.04279338753 1)
(5.4811848 8.41311245618 1)
(5.1527487 8.23821595929 1)
(5.7909753 8.60791452989 1)
(5.1612254 8.6093992352 1)
(4.8320636 8.43421973072 1)
(4.8391549 8.80424508435 1)
(4.5102642 8.6302815256 1)
(8.524108 -8.69440816066 1)
(8.1810498 -8.46704658259 1)
(12.104569 8.45991895082 1)
(-3.9884038 -3.37626990042 1)
(-4.0117455 -3.71039368246 1)
(-3.9613247 -3.04546343533 1)
(-3.6838043 -2.90284020695 1)
(-3.9323617 -2.7183162945 1)
(-3.6653777 -2.58009124903 1)
(-3.9040232 -2.40119934605 1)
(-3.6292957 -2.25624506865 1)
(-3.8770508 -2.09260574536 1)
(-3.608637 -1.94500760857 1)
(-3.8502038 -1.79148045225 1)
(-3.5883349 -1.65885067791 1)
(-3.8253323 -1.50131782158 1)
(-3.5637774 -1.38151120242 1)
(-3.3375094 -1.53248809103 1)
(-3.3160035 -1.26534817263 1)
(-3.5375144 -1.11292827007 1)
(-3.2955366 -1.00147511552 1)
(-3.105275 -1.42511381699 1)
(-3.5090382 -0.849211869323 1)
(-3.2733527 -0.741318040678 1)
(-4.0888056 -1.6174046998 1)
(-3.4830965 -0.590812205676 1)
(-3.2513824 -0.484848029454 1)
(12.289855 1.93065030442 1)
(12.634036 1.71493728772 1)
(12.610911 1.3193437708 1)
(12.971641 1.50132764609 1)
(12.979258 1.88696380277 1)
(12.949763 1.09502215475 1)
(13.314899 1.28059805904 1)
(13.292994 0.868795198893 1)
(4.5172848 9.00171003724 1)
(4.1872112 8.82721354259 1)
(-3.4587636 -0.336192388338 1)
(-3.2277747 -0.23371422679 1)
(8.1535443 -8.87695382632 1)
(7.809906 -8.65256546602 1)
(-4.2322027 -2.85558442865 1)
(12.358143 -3.96565503456 1)
(13.398084 -5.07408764624 1)
(13.390684 -5.48032046508 1)
(11.727498 8.6910918793 1)
(4.1976193 9.20594534826 1)
(3.8630535 9.02588121892 1)
(-3.0291732 -0.376367140656 1)
(-3.0056896 -0.133163098148 1)
(-3.2008365 0.00548619765894 1)
(-2.9837027 0.103450568373 1)
(7.7844498 -9.06054813012 1)
(7.4412723 -8.83660770284 1)
(-3.171917 0.240923605966 1)
(-2.9587003 0.333634382428 1)
(12.123069 8.89285198739 1)
(12.483036 8.67774450497 1)
(13.6624 1.05659385011 1)
(13.628556 0.631180189952 1)
(5.5486817 -1.15228987539 1)
(8.8639318 -8.93095083892 1)
(4.5827853 9.39644923321 1)
(3.8735984 9.40706330461 1)
(3.536542 9.22510969336 1)
(7.415339 -9.24670064727 1)
(7.075422 -9.01773572043 1)
(7.1004459 -8.61258746328 1)
(6.7392431 -8.79096459442 1)
(6.7648927 -8.39090914034 1)
(6.4087683 -8.56855986813 1)
(6.3821002 -8.96560671189 1)
(6.0515671 -8.74262714232 1)
(6.0255633 -9.13597309053 1)
(5.6961986 -8.9149843513 1)
(5.7245284 -8.5242671455 1)
(5.3666236 -8.69534608866 1)
(5.3402798 -9.08656772296 1)
(5.0088786 -8.86525480425 1)
(4.9860467 -9.25726559223 1)
(4.6565162 -9.03505625453 1)
(-3.1447484 0.472080915175 1)
(-2.9333899 0.563541205507 1)
(4.6296122 -9.42886448769 1)
(4.3027426 -9.20488230674 1)
(-2.818163 -0.268793426652 1)
(-3.1172102 0.701715682935 1)
(-2.9061494 0.791387880075 1)
(-3.3299074 0.616394450902 1)
(-2.7277728 0.657444696771 1)
(-2.7024567 0.876380184642 1)
(4.3315837 -8.81366236678 1)
(3.9815696 -8.98176005512 1)
(3.9472945 -9.37358472957 1)
(3.6256861 -9.14870229311 1)
(3.5894493 -9.54203369272 1)
(3.2662711 -9.32068415083 1)
(12.510821 9.10004050579 1)
(12.873914 8.88196771047 1)
(13.761936 -5.30367755594 1)
(13.771005 -5.71514921927 1)
(3.5470443 9.60864120892 1)
(3.2075911 9.42536366739 1)
(11.75463 9.12483091571 1)
(14.012034 0.828470974446 1)
(13.979102 0.404826760413 1)
(-2.531194 0.747651177731 1)
(-2.5057157 0.958855595595 1)
(-2.673926 1.08783857092 1)
(-2.4774254 1.16818201613 1)
(5.1459071 7.86767335546 1)
(-2.3162532 1.04121836646 1)
(-2.2836299 1.24888304405 1)
(-2.4473365 1.3757301762 1)
(-2.2539496 1.44988559102 1)
(-2.0943303 1.32683987507 1)
(-2.0644658 1.52273031855 1)
(-1.9101301 1.39857347349 1)
(-1.8922462 1.59355078108 1)
(-2.0346001 1.71528442616 1)
(-1.8517244 1.78375667111 1)
(-1.700441 1.62769434709 1)
(-1.66803 1.84878659625 1)
(-1.5154417 1.71808641539 1)
(-1.4897604 1.91197983866 1)
(-1.3489996 1.80186521967 1)
(-1.3157081 1.97881584979 1)
(-1.1771292 1.87148862671 1)
(-1.142614 2.04339833622 1)
(-1.0041079 1.93334537788 1)
(-0.97065602 2.10592245537 1)
(-0.83476674 1.99073089671 1)
(-0.79919798 2.16603906987 1)
(-0.66749834 2.04952278192 1)
(-0.63195133 2.22746268398 1)
(-0.49691529 2.11119115125 1)
(-0.46434417 2.28856781539 1)
(-0.32708332 2.17525013981 1)
(-0.29455431 2.34342650686 1)
(-0.15963086 2.23599162511 1)
(-0.40672464 2.45264053708 1)
(-0.12712131 2.40386691247 1)
(0.0097071382 2.29509179563 1)
(-1.1106557 2.22383392207 1)
(0.038929381 2.47223241394 1)
(0.17933813 2.35641405288 1)
(0.20892837 2.53665555706 1)
(0.34771779 2.41847417843 1)
(0.31829181 2.24117927396 1)
(0.48485945 2.30120375842 1)
(0.45238654 2.12808412586 1)
(0.61519724 2.18664893643 1)
(0.58424531 2.02015669523 1)
(0.74253108 2.07598847079 1)
(0.71278404 1.9145517307 1)
(0.86693652 1.96867216673 1)
(0.83771637 1.81083686923 1)
(0.98880388 1.86380412366 1)
(0.9602342 1.70874146641 1)
(1.1058337 1.75722728019 1)
(1.0801495 1.60710252781 1)
(1.2240436 1.65489792614 1)
(1.1981276 1.50939936486 1)
(1.3448291 1.55827506474 1)
(1.3179932 1.4064614404 1)
(1.4629623 1.45851461551 1)
(1.4404623 1.30653784703 1)
(1.5813192 1.3588429861 1)
(1.5538547 1.20663408022 1)
(1.6994131 1.25901435313 1)
(1.6711516 1.10446697512 1)
(1.826639 1.16596568494 1)
(1.7919309 1.00210719519 1)
(1.951108 1.06468202548 1)
(1.9149813 0.895771546872 1)
(2.0708358 0.951222532271 1)
(2.0394343 0.784471998131 1)
(2.1996864 0.841144790347 1)
(2.1673944 0.669042107842 1)
(2.3332181 0.728729121604 1)
(2.3001189 0.551715138688 1)
(2.4710866 0.613424344496 1)
(2.4373037 0.435178054181 1)
(1.3570474 1.70473751921 1)
(2.265869 0.37397417347 1)
(2.4021949 0.256474908578 1)
(2.232163 0.198604734986 1)
(2.3672679 0.0799617976608 1)
(2.1986106 0.0227282226309 1)
(2.3325991 -0.0953495633683 1)
(2.1699869 -0.15413943423 1)
(2.2991949 -0.269961880413 1)
(2.1388502 -0.32882605434 1)
(2.2659664 -0.444063150753 1)
(2.1003867 -0.502005673617 1)
(2.2316188 -0.618330560772 1)
(2.0631944 -0.676964911804 1)
(2.4554928 -0.222922248457 1)
(2.1965285 -0.793243415038 1)
(2.0277974 -0.852607301892 1)
(1.8475452 1.31455834568 1)
(2.6144783 0.483847818665 1)
(2.1660987 -0.972663045026 1)
(1.9939169 -1.02827715039 1)
(2.3464893 -0.927383066662 1)
(2.3699017 0.901301301798 1)
(0.90525286 2.11595109326 1)
(2.1319883 -1.15193420097 1)
(1.9574866 -1.20655026655 1)
(3.2296977 -9.7129769443 1)
(2.9043761 -9.49007284346 1)
(12.898076 9.31597049939 1)
(13.266946 9.09113067898 1)
(3.8582787 8.65389653936 1)
(-1.8242835 1.97733538441 1)
(4.0118431 -8.59205546825 1)
(-6.0131683 3.74136541995 1)
(3.2181928 9.81163073454 1)
(2.8765516 9.62664905142 1)
(7.6157816 2.4760960553 1)
(14.128742 -5.5406225902 1)
(14.129311 -5.969609338 1)
(14.101431 -5.10096674581 1)
(2.8675118 -9.88422005296 1)
(2.5364822 -9.65438464833 1)
(14.368392 0.60112676348 1)
(14.39037 1.02576753275 1)
(14.334688 0.175834999235 1)
(2.0953987 -1.33017732807 1)
(1.9200218 -1.38665640928 1)
(12.380376 6.54620232341 1)
(12.748337 6.71741761171 1)
(13.2927 9.52719706263 1)
(13.666113 9.2986735635 1)
(1.7842285 -1.26548523232 1)
(1.746123 -1.44322684706 1)
(2.8861888 3.75460628618 1)
(1.6131037 -1.32413335587 1)
(1.5759986 -1.49917088639 1)
(1.7086257 -1.61950689302 1)
(1.5369335 -1.67379261946 1)
(1.4038891 -1.5520757448 1)
(1.3665362 -1.72596759612 1)
(1.2361673 -1.60924860474 1)
(1.1995791 -1.77749407716 1)
(1.0783766 -1.66249510421 1)
(1.0369426 -1.82819535312 1)
(0.9044459 -1.69081272734 1)
(0.87311546 -1.87500031587 1)
(0.74522949 -1.76526221077 1)
(0.71115165 -1.92994820908 1)
(0.5870527 -1.82181482263 1)
(0.54843391 -1.98411645151 1)
(0.42277058 -1.87394694874 1)
(0.38281926 -2.0380437008 1)
(0.25319449 -1.91684070855 1)
(0.21416265 -2.08996929491 1)
(0.0815419 -1.96906856345 1)
(0.041374645 -2.14579054612 1)
(-0.095046779 -2.02182494586 1)
(0.67693036 -2.10140080975 1)
(-0.13544808 -2.20425971713 1)
(-0.27390357 -2.07690879819 1)
(-3.6961364 -0.441291525788 1)
(13.258098 0.444812940361 1)
(0.38087302 2.60086365261 1)
(0.23803617 2.72102689203 1)
(2.5022048 -10.0551488036 1)
(2.1698993 -9.82349613417 1)
(-0.0024324873 -2.32272710535 1)
(2.8865303 10.01625534 1)
(2.5447983 9.82861808625 1)
(2.5377177 9.44120823024 1)
(2.2050836 9.64212547803 1)
(2.2116949 10.0282895297 1)
(1.8736336 9.83911015975 1)
(12.734273 6.31475771511 1)
(13.104732 6.48676700809 1)
(1.3271501 -1.89888029979 1)
(2.5443373 -9.23519888252 1)
(1.867864 9.45521483573 1)
(1.5366673 9.64989383892 1)
(1.5405589 10.0361774936 1)
(1.2036128 9.84347525524 1)
(13.696525 9.72427838632 1)
(14.089213 9.4599599054 1)
(-1.3743886 1.6204871354 1)
(1.7593798 0.848547421561 1)
(1.204852 10.233146935 1)
(0.86820511 10.0382101383 1)
(0.8623782 9.66100380719 1)
(0.53197591 9.8452273344 1)
(13.087942 6.06648413169 1)
(13.464091 6.25323267806 1)
(14.475083 -5.792536173 1)
(14.469169 -6.22560214972 1)
(3.2320785 10.2041466101 1)
(0.55795936 1.85835372151 1)
(0.53168366 10.2326841063 1)
(0.19398579 10.0357526653 1)
(11.35156 8.92000110298 1)
(11.379907 9.34982410023 1)
(13.447222 5.82970482316 1)
(13.815609 6.03798146635 1)
(13.814946 5.60679307091 1)
(14.214931 5.87942731945 1)
(3.1999729 -10.1076899454 1)
(14.186705 5.38436366872 1)
(14.578268 5.58020067715 1)
(2.1357825 -10.2275908518 1)
(1.8008158 -9.99534612406 1)
(14.722755 0.369341528026 1)
(14.703386 -0.0623563367828 1)
(-0.31635525 -2.26305215941 1)
(-0.45950318 -2.13212537064 1)
(14.093129 -6.41049703519 1)
(14.428254 -6.65307534195 1)
(14.073513 -6.85374355304 1)
(14.402986 -7.09478083244 1)
(14.032215 -7.2954231 1)
(14.408915 -7.5435036135 1)
(14.008882 -7.7427268827 1)
(14.414438 -8.0042131775 1)
(13.976202 -8.19623201468 1)
(14.383222 -8.45047790744 1)
(13.947614 -8.64863688447 1)
(14.344481 -8.90170349615 1)
(13.910233 -9.09541578257 1)
(14.315255 -9.35898348685 1)
(13.873004 -9.53838634252 1)
(1.9426109 -0.565254980093 1)
(7.0206705 5.9984542414 1)
(14.554732 5.13713397 1)
(0.41786058 2.78760785601 1)
(0.26793736 2.90971086164 1)
(14.088318 9.93246348811 1)
(14.500852 9.64574360211 1)
(2.0267805 -0.0360245061463 1)
(14.283758 -9.81365072909 1)
(-0.35743582 2.00318283673 1)
(10.990963 9.14925154821 1)
(11.017904 9.58734594822 1)
(5.6798938 0.94091838549 1)
(13.285565 9.97804919156 1)
(1.7654317 -10.4035102273 1)
(1.4308733 -10.1679108285 1)
(1.4666055 -9.76082501311 1)
(1.1068858 -9.95263625567 1)
(1.0600095 -10.3383391599 1)
(0.72942073 -10.1051658237 1)
(0.191425 10.4275332364 1)
(-0.14622486 10.2276955621 1)
(-0.1476318 9.84667661197 1)
(-0.48429294 10.0287042806 1)
(-0.48872053 10.4191599421 1)
(-0.82730025 10.2175377513 1)
(-0.83068781 9.78071216108 1)
(-1.1631203 10.0125665935 1)
(-1.1744807 10.4104980694 1)
(-1.5152925 10.2016410831 1)
(-1.5062683 9.80641842607 1)
(-1.8555204 9.99158300707 1)
(-1.8503515 9.60422176302 1)
(-2.1951647 9.78294478045 1)
(-2.1828954 9.38447534225 1)
(-2.5355564 9.56899575729 1)
(-2.5477351 9.97264991773 1)
(-2.8896884 9.75814109612 1)
(-2.8766696 9.35392687426 1)
(-3.2320047 9.5415759941 1)
(-3.2166134 9.13814833002 1)
(-3.5742826 9.32677419071 1)
(-3.5576877 8.9248113612 1)
(-3.9173549 9.11145115477 1)
(-3.9344757 9.51884157807 1)
(-4.2811092 9.29925844385 1)
(-4.2590596 8.89390347825 1)
(-4.3002021 9.71328114629 1)
(-4.6272735 9.0776215414 1)
(-4.6055979 8.66973218763 1)
(-4.9758749 8.85448226409 1)
(-4.9565886 8.44324520413 1)
(0.78131759 -9.73180232464 1)
(0.35634201 -9.8511414561 1)
(0.35014883 -10.2695130631 1)
(0.001512601 -10.0474365076 1)
(-0.017338781 -10.4394122792 1)
(-0.3566189 -10.2009197188 1)
(-3.3051651 0.846265327158 1)
(-3.5240078 0.758372261126 1)
(-0.91864786 6.42595566247 1)
(14.811102 -6.50836565877 1)
(-3.4983149 0.994521436465 1)
(-3.7261086 0.89830680405 1)
(14.759006 -8.70240534564 1)
(-0.35016204 -9.75709010035 1)
(-0.6862882 -9.95364124846 1)
(-0.73363638 -10.368667684 1)
(-1.0697604 -10.120394114 1)
(-1.0261545 -9.65007839037 1)
(-1.4053032 -9.862078576 1)
(-1.3821317 -9.44476863204 1)
(-1.7424359 -9.61960651552 1)
(-1.6939536 -9.21001933242 1)
(-2.0720755 -9.37445623948 1)
(-2.1201039 -9.78963791188 1)
(-2.4565799 -9.53953009086 1)
(-2.3950283 -9.1134285736 1)
(-2.7924029 -9.28184317687 1)
(-2.8449811 -9.70583404384 1)
(-3.1826841 -9.44859312706 1)
(-3.1317446 -9.02574727063 1)
(-3.5194931 -9.19135162783 1)
(-3.4675423 -8.77101429225 1)
(-3.8557962 -8.93354282383 1)
(-3.8787838 -9.38033049712 1)
(-3.8065237 -8.52021500727 1)
(-4.192024 -8.67723318759 1)
(-4.144034 -8.26395014529 1)
(-4.5295766 -8.4220152801 1)
(-4.4767419 -8.00243846098 1)
(-4.86551 -8.1647241528 1)
(-4.814244 -7.73799532805 1)
(13.8614 -10.005781195 1)
(-1.1182665 -10.5389741693 1)
(14.946867 5.33805836674 1)
(14.985752 5.83951049747 1)
(14.924251 4.89530980915 1)
(10.632 9.38296592219 1)
(10.644459 9.81236691032 1)
(-1.5282344 10.6053366772 1)
(-0.86477878 1.83423511866 1)
(-0.50408848 -2.32805265189 1)
(-0.65298672 -2.18970166008 1)
(-0.60531196 -1.99649945213 1)
(-0.79696172 -2.05084611103 1)
(-0.75231161 -1.85664854854 1)
(-0.9404501 -1.91416076957 1)
(-0.89924397 -1.72468188221 1)
(14.497028 10.1470630472 1)
(1.411594 1.16280742435 1)
(10.000904 2.25958187034 1)
(10.263467 9.61440594969 1)
(10.274373 10.0422295961 1)
(10.666879 10.2681655705 1)
(9.8941989 9.84571113817 1)
(9.9070636 10.2766052073 1)
(9.524954 10.07699274 1)
(12.72858 -3.77442109646 1)
(12.37768 -3.55008523039 1)
(4.958325 -9.65596937076 1)
(10.946466 2.77737249671 1)
(-5.2007267 -7.90684524813 1)
(-5.1521614 -7.47519808185 1)
(-5.2572775 -8.32960731512 1)
(2.1066049 -10.6379766301 1)
(7.7483013 -9.47334793348 1)
(1.1334881 -1.49610128872 1)
(15.088311 0.135312511271 1)
(15.065678 -0.304932193639 1)
(1.0505195 1.46572831035 1)
(6.787131 2.99645066146 1)
(7.1263624 -2.79792943105 1)
(2.9250479 4.50998818243 1)
(14.902224 9.90195226054 1)
(0.45328583 2.97867367736 1)
(0.29929499 3.10512332934 1)
(2.2939462 -4.82875721577 1)
(1.5941493 5.30720896717 1)
(-5.326644 8.63228270792 1)
(-5.3048526 8.21897070655 1)
(-5.3488239 9.04249429821 1)
(4.1833971 3.6814155324 1)
(9.534754 10.5029622154 1)
(9.1562355 10.3091823064 1)
(-1.0817752 -1.78150419959 1)
(-1.0383626 -1.60580640325 1)
(-1.1201955 -1.97960703369 1)
(-0.70103407 -2.39008032883 1)
(-0.54509849 -2.53216601256 1)
(-3.3924275 -8.37419511516 1)
(14.91664 10.3756283754 1)
(15.320036 5.09793806935 1)
(15.29825 4.65110874592 1)
(14.261307 -10.2758633373 1)
(14.678163 -10.0688761328 1)
(-4.5802929 8.26757483274 1)
(-4.4213766 -7.58378103242 1)
(-3.6965113 1.15088165636 1)
(-3.93275 1.04912024049 1)
(13.843789 -10.4825581221 1)
(13.447865 -10.2152092055 1)
(-0.056379257 -1.84674618593 1)
(5.1062742 -3.47062954938 1)
(-5.5395839 -7.64816611064 1)
(-5.486829 -7.22268361475 1)
(12.747513 -3.35804610564 1)
(12.397154 -3.13414818695 1)
(-1.176042 6.5799046388 1)
(-0.90852375 6.72670841936 1)
(9.16689 10.7368032232 1)
(8.7867701 10.5410565839 1)
(15.458789 -0.102195056235 1)
(15.434712 -0.544305722909 1)
(15.468634 0.337266426403 1)
(-1.2197279 -1.65051931456 1)
(-1.1522209 -1.45591982987 1)
(15.324355 10.1045607454 1)
(15.318455 9.57565589555 1)
(15.334727 10.5937587824 1)
(14.487053 10.6347617001 1)
(0.60959637 -1.65823720655 1)
(14.655778 -10.5349092274 1)
(15.067447 -10.3345513288 1)
(13.414794 5.39507741001 1)
(0.51697339 -0.204148002681 1)
(-0.54504093 -0.123054559623 1)
(0.51834995 0.222363307012 1)
(13.427396 -10.6921206352 1)
(13.033599 -10.4281173021 1)
(-5.677937 8.40723479866 1)
(-5.6571438 7.99139026002 1)
(-1.3266804 -9.04635921935 1)
(5.006893 2.30569305154 1)
(0.48589078 3.17395810581 1)
(0.32900625 3.3000954512 1)
(0.64102089 3.04531295985 1)
(9.5690417 10.9027639861 1)
(15.696521 4.85658936552 1)
(15.674302 4.40850872819 1)
(10.946476 5.76817263886 1)
(-0.87624064 -1.55482050697 1)
(8.7961953 10.9673603336 1)
(8.4142681 10.7710446925 1)
(8.6059907 -7.87622333423 1)
(-8.0032518 1.81746772827 1)
(-1.3553792 -1.51834918021 1)
(-1.3098249 -1.32995611644 1)
(13.012779 -10.904916636 1)
(12.618166 -10.6389075124 1)
(-5.8765128 -7.39188041435 1)
(-5.8219038 -6.9691817851 1)
(-5.4336553 -6.80370900426 1)
(-5.7660345 -6.55081402822 1)
(-0.74828267 -2.59730921474 1)
(-0.58529538 -2.74347876728 1)
(15.049741 -10.7960180925 1)
(15.464372 -10.5935763385 1)
(-3.2048723 8.74026932292 1)
(12.766047 -2.91988418724 1)
(12.424109 -2.72971287517 1)
(12.051187 -2.91150631822 1)
(12.108888 -2.46556574969 1)
(13.102361 -3.10155817697 1)
(11.713545 -2.6816177106 1)
(11.723978 -2.28876407927 1)
(11.368283 -2.46736718443 1)
(11.38457 -2.06735699666 1)
(11.032175 -2.2500897062 1)
(11.049099 -1.85499690134 1)
(10.701104 -2.0355938598 1)
(10.715471 -1.65015962759 1)
(10.3734 -1.82400732185 1)
(10.387786 -1.4420173728 1)
(10.051465 -1.61540572385 1)
(10.065059 -1.23791962141 1)
(9.7335086 -1.40922546835 1)
(9.7492801 -1.03640779968 1)
(9.4202842 -1.20636905714 1)
(9.4363883 -0.836265693662 1)
(9.8811584 9.41342878038 1)
(15.830718 -0.342318212089 1)
(15.806863 -0.785210783235 1)
(-3.9013666 1.30387381315 1)
(-4.1443864 1.20264915991 1)
(-4.1749663 0.939483509246 1)
(-4.4026824 1.11543225171 1)
(-4.4275558 0.824351957373 1)
(-4.6645703 1.00948339134 1)
(-4.6922538 0.710516006316 1)
(15.744654 10.3189441968 1)
(15.758241 10.8054089236 1)
(0.13953014 3.2276923578 1)
(0.16973258 3.43239253975 1)
(-0.024884031 3.35638291642 1)
(0.0091660322 3.56894427455 1)
(-0.18285115 3.50298911087 1)
(-0.15488395 3.70917429666 1)
(-0.35249609 3.64045354851 1)
(-6.1575215 -6.71076614581 1)
(-6.1001935 -6.2908841447 1)
(-1.1733436 6.88489803409 1)
(-0.89861909 7.03566539493 1)
(0.67656904 3.24253144589 1)
(0.83272303 3.11134649693 1)
(-4.9284926 0.880362616114 1)
(-4.9636865 0.584088847851 1)
(9.1128505 -1.00537022863 1)
(9.1280666 -0.64233843685 1)
(-6.034858 8.18166724063 1)
(-6.0119549 7.76266649252 1)
(-5.6409055 7.57507998294 1)
(-5.987931 7.34982401261 1)
(-5.6260706 7.16252608526 1)
(-5.9659705 6.94153939227 1)
(-5.2061457 0.755825395392 1)
(-5.2396433 0.456349358539 1)
(-5.4979077 0.633371990026 1)
(-5.5392783 0.322667411501 1)
(7.3847628 -9.6612031436 1)
(7.7229314 -9.89270111032 1)
(7.3549596 -10.0807713012 1)
(7.7086209 -10.3165440866 1)
(7.3284869 -10.5052712035 1)
(7.6856572 -10.745053187 1)
(7.2980582 -10.9364649302 1)
(7.6602674 -11.1786437683 1)
(8.0509728 -10.9842855408 1)
(5.3993418 -8.30663881469 1)
(-5.379288 -6.39401354144 1)
(-1.4927921 -1.38963221444 1)
(-1.4476203 -1.20888979391 1)
(-1.539997 -1.57695922055 1)
(-1.273371 -1.1528528925 1)
(-1.4041793 -1.02872953665 1)
(-1.5782968 -1.08230090104 1)
(-1.523918 -0.911337750957 1)
(12.59596 -11.1126089741 1)
(12.208578 -10.8592859732 1)
(8.4292457 11.2059977393 1)
(8.0438127 11.0035221315 1)
(11.58676 -5.53397728656 1)
(-2.9009259 10.1660910194 1)
(7.675216 3.45977493181 1)
(-0.80534554 -4.87089200719 1)
(4.9216307 -2.67726603473 1)
(-5.801889 0.531532491549 1)
(-5.8478156 0.178793087925 1)
(10.788605 -7.16097748758 1)
(15.447269 -11.0570870377 1)
(15.872788 -10.840734249 1)
(15.889634 -10.4103376914 1)
(7.4158168 7.60958279996 1)
(15.27573 4.20368957584 1)
(15.651502 3.95882464171 1)
(16.051872 4.16412915561 1)
(16.028195 3.71333743356 1)
(7.2647032 -11.366968127 1)
(-1.362685 -0.85615113061 1)
(-1.475185 -0.744972799729 1)
(11.051664 -1.47723024281 1)
(13.959178 9.02507892924 1)
(-6.3305641 7.12440279669 1)
(-6.3075059 6.71571107364 1)
(13.415182 -11.1517865706 1)
(12.784646 -2.52697306408 1)
(12.18195 -11.3250130716 1)
(11.794369 -11.0709569067 1)
(-0.32415164 3.85072146169 1)
(-0.53469391 3.77003985838 1)
(15.409595 -0.987220866304 1)
(15.781529 -1.22944880105 1)
(8.0261339 -11.4234643466 1)
(8.4223095 -11.2253667042 1)
(16.206294 -0.58431123432 1)
(13.531265 -8.84420775231 1)
(8.0596296 11.4415620736 1)
(7.6659457 11.2366155064 1)
(-6.101538 0.415186755717 1)
(-6.1530501 0.0328905482538 1)
(-5.8560972 -0.209496580561 1)
(-6.1916555 -0.317959774488 1)
(-6.4816383 -0.108825480698 1)
(-6.5171042 -0.468262414992 1)
(-6.220066 -0.678011171007 1)
(-6.5463228 -0.834385894453 1)
(-6.261725 -1.04589141288 1)
(-6.5850422 -1.20459261888 1)
(-6.2852042 -1.41655166822 1)
(-6.6138318 -1.58044132306 1)
(-6.3143243 -1.79486045345 1)
(-6.6484823 -1.96134327981 1)
(-6.343521 -2.18297885285 1)
(-6.6967305 -2.34575405883 1)
(-6.3777758 -2.57163131835 1)
(-6.7343363 -2.73725288999 1)
(-6.4098158 -2.96659826752 1)
(-6.7713483 -3.13260504132 1)
(-6.4429235 -3.36439558169 1)
(-6.8088879 -3.53216207201 1)
(7.430024 7.99524542969 1)
(7.7603476 7.78596205257 1)
(11.767133 -11.5357925406 1)
(-3.6631383 1.40620098173 1)
(-3.8795681 1.55848985252 1)
(-3.6344798 1.66177614581 1)
(-0.79739484 -2.81190216125 1)
(-0.62719055 -2.96456424372 1)
(8.8096523 -0.808583042671 1)
(8.8259746 -0.450420356028 1)
(9.1419954 -0.283009128284 1)
(8.8405216 -0.0944804291356 1)
(-1.3240683 -0.695811006356 1)
(-1.4378555 -0.584587474037 1)
(10.066585 3.33486243616 1)
(10.074097 -0.872805803002 1)
(-3.8419102 1.81796550856 1)
(-3.6001474 1.91954342326 1)
(16.160189 10.5489191545 1)
(16.179267 11.0277095108 1)
(15.775839 11.2834826851 1)
(-6.495201 -6.45065930506 1)
(16.199679 11.5069067659 1)
(15.849191 -11.3172982097 1)
(-5.6056165 6.76232472583 1)
(-1.1707105 7.19589252939 1)
(-1.4476613 7.0400002609 1)
(-0.89033502 7.34704010624 1)
(-0.61862804 7.18472659984 1)
(-0.60931933 7.50156431443 1)
(-0.33423162 7.3343202202 1)
(7.6876229 11.6762215389 1)
(7.2883992 11.4700137265 1)
(0.86779428 3.3138135864 1)
(1.0271262 3.17955158449 1)
(7.6445371 10.8010547218 1)
(6.4969591 1.29711337612 1)
(-0.12671413 3.96798584579 1)
(-1.6702023 -0.927841467968 1)
(-0.49910913 3.99360759978 1)
(-0.712901 3.91199087386 1)
(-0.74859173 3.68520315761 1)
(-0.92520896 3.82306295384 1)
(-0.9624103 3.60016440854 1)
(-1.1395169 3.73859177942 1)
(-1.1770214 3.51552533554 1)
(-1.352279 3.64791832084 1)
(-1.3921137 3.42943177468 1)
(-1.5693161 3.56083088934 1)
(-1.6089096 3.34328729308 1)
(16.278161 -11.0984856485 1)
(-4.9069691 1.21191914126 1)
(15.384094 -1.42994502308 1)
(15.756405 -1.67421574027 1)
(8.4522617 11.6399674941 1)
(-3.3787998 -2.44478814532 1)
(16.432784 3.91746062497 1)
(16.40826 3.46116195021 1)
(15.424455 -11.5281048988 1)
(-0.32627251 7.65771922154 1)
(-0.049511815 7.48681290304 1)
(8.528574 -0.258352964218 1)
(8.5415963 0.0913760598409 1)
(-6.6755461 6.89962450841 1)
(-6.6533134 6.48455802676 1)
(-6.8157829 -0.260920324694 1)
(15.252208 3.75786167766 1)
(16.252273 -11.5806306158 1)
(13.67521 -7.00601972029 1)
(-1.7916906 3.48998037581 1)
(-1.8266469 3.26023209572 1)
(-3.8178839 2.07990602061 1)
(-3.5793552 2.18110764982 1)
(-1.285638 -0.544823169592 1)
(-1.3959012 -0.43240063096 1)
(-1.1775247 -0.64769301109 1)
(-1.5491827 -0.470542155694 1)
(-1.5062155 -0.316486745275 1)
(-1.3503712 -0.285965068673 1)
(-1.4577878 -0.168202568079 1)
(-1.6149584 -0.200048773834 1)
(-1.567232 -0.049166177938 1)
(-1.4116387 -0.0177395609521 1)
(-1.5177699 0.0983672578087 1)
(-1.3683641 0.12841275747 1)
(-1.469877 0.241705002627 1)
(-1.3239369 0.27445380374 1)
(-1.4222968 0.382357308212 1)
(-1.2814539 0.416602667748 1)
(-1.3760563 0.521209322033 1)
(-1.2349051 0.554669495491 1)
(8.3961021 -11.6698054975 1)
(-2.0101591 3.40392689344 1)
(-2.0470029 3.17238729029 1)
(-2.2320159 3.31815477525 1)
(8.791865 -1.16729385984 1)
(12.215899 -10.355668763 1)
(-2.2693946 3.08348954395 1)
(9.1549222 0.0725403851355 1)
(-1.7271455 -0.0810709243724 1)
(8.7974101 -11.469871521 1)
(-2.4541541 3.22350876641 1)
(6.9033744 -11.1274419917 1)
(6.8694619 -11.5604865126 1)
(6.5058962 -11.3202126524 1)
(6.4717929 -11.7524927723 1)
(6.1085675 -11.5130067514 1)
(-0.67765793 4.14114201967 1)
(14.302636 -0.252881984345 1)
(15.358792 -1.87378358378 1)
(15.730325 -2.12104993466 1)
(16.13155 -1.91803886926 1)
(16.104846 -2.36951065282 1)
(16.510349 -2.1639732163 1)
(16.483397 -2.61855737891 1)
(16.076565 -2.82157586119 1)
(16.455852 -3.07271993686 1)
(9.7068788 -1.77169634367 1)
(6.0738165 -11.946845773 1)
(5.7083906 -11.7075002521 1)
(-6.4767226 -3.75962599948 1)
(-6.8472131 -3.92819780746 1)
(13.757506 6.44966154807 1)
(7.3139555 11.9101219251 1)
(6.9182739 11.7040615369 1)
(-6.9099016 -1.41325772036 1)
(9.7735655 -6.50432898443 1)
(7.774649 8.17706906995 1)
(8.1056633 7.967343973 1)
(-1.4410653 7.36377856068 1)
(-1.7308639 7.19808783668 1)
(-1.3332799 0.660129725272 1)
(-1.1896714 0.692926690202 1)
(16.60608 11.249637556 1)
(16.627004 11.7318913518 1)
(16.816046 3.66961489157 1)
(16.792034 3.21215795102 1)
(16.837522 4.12264056197 1)
(16.382937 3.00314939374 1)
(16.766025 2.75416561591 1)
(-7.6106423 3.24751880321 1)
(10.995189 -2.61785516459 1)
(-7.0053131 6.67435848173 1)
(-6.9762999 6.25957517955 1)
(-6.9940679 7.07610990419 1)
(-6.6267593 6.07156834214 1)
(-6.9603924 5.84659089118 1)
(12.158868 -11.7908873195 1)
(11.738077 -12.0037621312 1)
(-0.60478897 7.82619146582 1)
(-0.84909163 -3.03118108932 1)
(-1.0180744 -2.87752414031 1)
(-0.68914005 -3.18764685363 1)
(-0.45341768 -3.1146252062 1)
(-0.51501804 -3.34877924218 1)
(-0.27388914 -3.27166466043 1)
(-0.32332462 -3.50758729492 1)
(-0.089254003 -3.42999641395 1)
(-1.5679344 0.34667483649 1)
(15.793166 11.7637062855 1)
(-0.13906472 -3.6698029762 1)
(0.092752018 -3.58957106748 1)
(1.0640261 3.38616726798 1)
(1.2230937 3.25017868368 1)
(0.90213245 3.52240969354 1)
(16.048694 -3.27494288927 1)
(16.42785 -3.52840405819 1)
(16.836015 -3.32499868801 1)
(16.808927 -3.78293023005 1)
(8.7703263 -11.9194501953 1)
(5.5164101 2.87337304436 1)
(7.4421953 8.38367852499 1)
(16.68508 -11.3600004686 1)
(16.658329 -11.8463102704 1)
(-0.041203006 7.81450119934 1)
(0.24166267 7.64096078346 1)
(0.14150686 -3.3520632555 1)
(0.3222248 -3.50907430726 1)
(0.37019477 -3.28310640123 1)
(0.54662552 -3.43109973823 1)
(0.59419557 -3.20894418818 1)
(0.76767615 -3.35342752334 1)
(0.81250364 -3.13185704718 1)
(0.98559175 -3.27440522741 1)
(1.0272328 -3.06265001589 1)
(1.2005679 -3.19861189842 1)
(1.2430412 -2.97573625329 1)
(1.4136572 -3.12424564903 1)
(1.4595279 -2.91292669527 1)
(1.6268574 -3.05219838908 1)
(1.6727941 -2.84111318493 1)
(1.8399724 -2.97913964609 1)
(1.886691 -2.76920287516 1)
(6.3437894 -1.67963316031 1)
(6.7959187 -12.0048873676 1)
(-7.0834133 -2.86945688624 1)
(16.397774 -3.98651632558 1)
(16.779424 -4.24238518552 1)
(8.2348671 -0.0686408423367 1)
(8.2477744 0.274307363034 1)
(-5.0089967 0.291409527678 1)
(-1.1427995 0.456708989031 1)
(1.1878906 3.04466091032 1)
(1.3803817 3.1141755127 1)
(1.3453727 2.91231417042 1)
(1.5352149 2.98015172479 1)
(1.4984147 2.78130730018 1)
(1.6897087 2.84670862736 1)
(1.7275998 3.0479343754 1)
(1.8815725 2.91297365303 1)
(1.8430846 2.71316832023 1)
(2.0344379 2.77833908475 1)
(1.9957927 2.58104439659 1)
(2.1858219 2.64408535088 1)
(2.1475379 2.44810853691 1)
(2.3375602 2.51148375381 1)
(2.2981503 2.31413779827 1)
(2.488946 2.37813328209 1)
(2.4510339 2.18165530638 1)
(2.6411844 2.24436061132 1)
(2.6036235 2.04660003149 1)
(2.7964206 2.11014799993 1)
(2.7581613 1.9103725668 1)
(2.9515301 1.97369802432 1)
(2.9137688 1.77156508623 1)
(3.1102764 1.83583463245 1)
(3.0690764 1.62817876608 1)
(3.271668 1.69535018547 1)
(3.2295355 1.48453055837 1)
(3.4330824 1.54993570774 1)
(3.3926844 1.3372570596 1)
(3.5995551 1.40444172705 1)
(3.5586989 1.18824526148 1)
(3.772483 1.26039591097 1)
(3.7283669 1.03717665573 1)
(3.946474 1.11089739183 1)
(3.9008793 0.882438923171 1)
(3.1584042 2.04081070302 1)
(4.123973 0.957590860193 1)
(4.0762876 0.725984924888 1)
(3.8645921 0.649476313335 1)
(4.0297178 0.493974473462 1)
(3.818291 0.418010086825 1)
(3.9815037 0.26342462097 1)
(3.7593862 0.191311602411 1)
(3.9275571 0.0354499432083 1)
(3.7089426 -0.0368569249022 1)
(3.8780164 -0.192637572726 1)
(3.659881 -0.265995624222 1)
(3.8311529 -0.421201706299 1)
(3.6122577 -0.495622458101 1)
(3.7836842 -0.649931814042 1)
(3.5641151 -0.72452906239 1)
(3.7381058 -0.879542992084 1)
(3.5164716 -0.951750494245 1)
(3.6901802 -1.10894823819 1)
(3.4676023 -1.18164378668 1)
(3.6423363 -1.34053658505 1)
(3.4176682 -1.4122476091 1)
(4.0587934 -0.328375026767 1)
(3.8696017 -1.26673511103 1)
(3.8207117 -1.50432957223 1)
(4.0576518 -1.42641566228 1)
(3.7807157 1.49757725279 1)
(2.5295702 2.5772901541 1)
(4.250253 0.568506416765 1)
(5.6794934 -12.1518478994 1)
(5.3079231 -11.9039739156 1)
(-6.0048834 -1.98977076762 1)
(11.379549 -11.2796197198 1)
(-4.1030992 1.99281568199 1)
(2.053971 -2.90591383325 1)
(2.100807 -2.6945586745 1)
(-3.7883282 2.34154720956 1)
(-6.1150524 -3.59384334534 1)
(-6.1472317 -3.98589473925 1)
(6.9388925 12.1463893138 1)
(6.547429 11.9365493725 1)
(6.5287354 11.4978889397 1)
(6.1583991 11.729383005 1)
(6.1475399 11.2934009147 1)
(5.7770906 11.5223582557 1)
(5.7882001 11.9594501438 1)
(5.4023113 11.7513886543 1)
(-1.7217658 7.53614195 1)
(-2.0168616 7.37060215167 1)
(9.8994167 5.31396942185 1)
(5.4145718 12.1897583748 1)
(5.0289645 11.9797221095 1)
(-1.9939647 3.63473623386 1)
(-2.4926635 2.99315103533 1)
(-2.6973502 3.14374760044 1)
(5.0172531 11.5441445693 1)
(4.6453239 11.7696622112 1)
(4.6547744 12.2081428409 1)
(4.269668 11.9953492027 1)
(-6.6044839 5.66405611854 1)
(-6.9237443 5.44206476618 1)
(-5.275656 6.97574618647 1)
(-5.2564827 6.58746494042 1)
(-4.9350101 6.79079862524 1)
(-4.9158394 6.41592118735 1)
(-4.6021984 6.6136836244 1)
(-1.0739779 -3.10032305657 1)
(-1.2496363 -2.93695763005 1)
(7.790211 8.57077101392 1)
(7.4511426 8.78137632205 1)
(2.2692617 -2.83192478696 1)
(2.3111007 -2.60868176426 1)
(2.4850341 -2.75415700414 1)
(2.5288998 -2.52648633434 1)
(2.706698 -2.67906632238 1)
(8.7853871 -11.0313192807 1)
(16.357893 2.54723805661 1)
(16.739135 2.29413022308 1)
(4.0037136 -1.67599015767 1)
(4.2475839 -1.59621872606 1)
(4.2998016 -1.34232605459 1)
(1.9129933 3.11808728006 1)
(-7.3743109 6.44484597843 1)
(17.196111 3.41599220591 1)
(16.37269 -4.44662889201 1)
(16.751068 -4.70270049862 1)
(2.7521061 -2.44546276306 1)
(-1.2895553 0.79853602515 1)
(-1.1454741 0.825676767203 1)
(-1.4356658 0.764923111386 1)
(14.989073 -1.63086496856 1)
(14.962925 -2.07052447098 1)
(17.216833 -3.57701541919 1)
(17.035533 11.4724680885 1)
(17.056771 11.957690492 1)
(8.3279101 6.2610324513 1)
(0.9419767 -3.49831181613 1)
(1.10415 3.59568874848 1)
(0.93691276 3.73604017521 1)
(0.2481046 7.97359444106 1)
(0.53068013 7.79667759128 1)
(0.52213606 7.46787139874 1)
(0.80995576 7.62097778049 1)
(0.79370864 7.30606741972 1)
(1.0860141 7.44797816744 1)
(1.0988604 7.77506180198 1)
(1.37549 7.59844139247 1)
(1.3625806 7.27266719839 1)
(1.6576162 7.43925174403 1)
(1.6418523 7.11158398522 1)
(1.9253306 7.25757191173 1)
(1.9129098 6.94066223143 1)
(2.1763144 7.07800678375 1)
(2.1723129 6.76019839799 1)
(2.4696806 6.94428303557 1)
(2.4454673 6.60239855199 1)
(2.7165547 6.73023955613 1)
(2.7075611 6.42892857756 1)
(2.9789939 6.56320818401 1)
(2.9678342 6.25907353552 1)
(3.2390951 6.39519145382 1)
(3.2278465 6.09229003185 1)
(3.4970711 6.22664311838 1)
(3.4829376 5.92216437631 1)
(3.7507614 6.05382403006 1)
(3.7407385 5.75425000597 1)
(4.0088924 5.88867234918 1)
(3.9983598 5.58901796899 1)
(4.2662438 5.72315501072 1)
(4.2540167 5.4258071231 1)
(4.5234108 5.55821295561 1)
(4.5110775 5.26067979267 1)
(4.7813386 5.39337961371 1)
(4.8028362 5.71985302741 1)
(4.7718896 5.09512762069 1)
(5.0417466 5.23029582604 1)
(3.5078966 6.52452844955 1)
(5.0309945 4.92914834732 1)
(5.2998716 5.06243163138 1)
(5.2901931 4.75349145744 1)
(5.5631043 4.89894511319 1)
(2.2155828 7.43816587369 1)
(5.5520196 4.58147315966 1)
(5.8256842 4.73124903512 1)
(5.8123805 4.41685480364 1)
(6.0884754 4.5647167953 1)
(5.5521225 5.20589893586 1)
(8.2554806 4.47016843099 1)
(4.2792993 12.4339211118 1)
(3.8876362 12.2211151844 1)
(5.2782227 -12.3490333643 1)
(4.9076687 -12.0984951551 1)
(-1.2210925 3.29663799895 1)
(-1.3244007 3.87590154198 1)
(2.9318869 -2.60232637099 1)
(7.334119 12.3573950043 1)
(-6.4347887 -6.02769533695 1)
(-6.8345645 -6.18791570117 1)
(-6.8944815 -6.61759450389 1)
(-7.2433823 -6.34857772272 1)
(-7.3016859 -6.7897682019 1)
(-7.2048908 -5.85254735773 1)
(13.060944 -5.64090057222 1)
(9.1753534 -11.7170630316 1)
(9.1483171 -12.1716006061 1)
(8.7386691 -12.3742574859 1)
(17.093404 -11.624903591 1)
(17.118574 -11.137337667 1)
(17.068143 -12.1125270778 1)
(2.1080738 2.25066335536 1)
(-1.3031505 -3.177510987 1)
(-1.4853162 -3.00552120157 1)
(-3.3502208 2.06601913347 1)
(12.131139 -12.2633118401 1)
(2.5795806 -2.2893903284 1)
(4.9384517 -11.6552305538 1)
(4.5404468 -11.8487014536 1)
(4.506253 -12.2932730331 1)
(4.1373425 -12.0403426183 1)
(3.4522787 -0.0894649242247 1)
(-5.7604642 0.838689560512 1)
(-1.8727563 3.00990476417 1)
(11.247657 -4.56404014098 1)
(-0.57250623 -3.58900500651 1)
(4.1015524 -12.4851976812 1)
(3.7379123 -12.2469053575 1)
(11.735269 -12.4784394595 1)
(3.3361574 -0.810201466257 1)
(-1.8374838 9.190174257 1)
(16.631099 -12.3342016614 1)
(0.045763787 -3.83372477887 1)
(-4.5708219 3.51232400464 1)
(7.9474406 0.119940867164 1)
(7.9322077 -0.222655410296 1)
(7.961617 0.461734440672 1)
(8.2589838 0.615608248601 1)
(7.9723252 0.795670168661 1)
(8.2698191 0.953176221527 1)
(14.596479 -1.82979519887 1)
(-2.0198602 7.03196547808 1)
(-2.3079126 7.20470279362 1)
(-5.7920313 -3.81909578271 1)
(-5.8236011 -4.21060924271 1)
(2.5783005 1.84055558369 1)
(0.28859272 2.07261444016 1)
(-3.0793463 -0.891414046138 1)
(16.344037 -4.89931590101 1)
(16.727414 -5.16406250122 1)
(17.138318 -4.95919735283 1)
(17.107801 -5.42413591685 1)
(16.6953 -5.62974084831 1)
(17.07453 -5.8903901214 1)
(16.655592 -6.09632814526 1)
(17.041403 -6.35758074107 1)
(16.621161 -6.56352027316 1)
(17.010334 -6.8258505582 1)
(16.58818 -7.03222369955 1)
(16.978352 -7.29542542384 1)
(16.55497 -7.5029973198 1)
(16.946103 -7.76614873651 1)
(1.6497501 -1.1515942971 1)
(-1.2045376 0.171266937038 1)
(-2.5498935 0.539368768819 1)
(3.1908421 1.27650191645 1)
(17.434538 -6.607252492 1)
(-5.6738092 2.78636578236 1)
(6.0727891 4.25089968723 1)
(6.3547089 4.39480772639 1)
(1.3898265 7.92704818299 1)
(2.2322658 -3.06248736369 1)
(2.1023727 0.319449202169 1)
(0.81845726 1.65287938584 1)
(-4.587185 6.24605282525 1)
(-4.279447 6.44251634939 1)
(-4.8930792 6.04857887119 1)
(-4.2925823 6.80658413881 1)
(-3.9714656 6.6356740725 1)
(-3.9827494 6.99872730192 1)
(16.521523 -7.97459717066 1)
(16.914178 -8.23935148521 1)
(17.341769 -8.03067279178 1)
(17.309116 -8.50724345997 1)
(-0.69104201 5.42486556746 1)
(4.5740074 -11.4084597072 1)
(4.4735325 4.97352394138 1)
(-3.490082 4.14544543639 1)
(-5.7444727 -3.38558795427 1)
(0.71240059 5.1239601924 1)
(1.1454646 3.8108481366 1)
(3.604434 0.347341706998 1)
(-2.3649273 0.624126391282 1)
(-2.3836312 0.424977247014 1)
(0.3071758 -1.74161393103 1)
(-1.444863 5.28388362752 1)
(9.1717116 9.83698180004 1)
(-7.6567711 -6.51377565031 1)
(-7.716535 -6.95989438731 1)
(-7.3587248 -7.23572797148 1)
(-7.7775698 -7.40879809598 1)
(-7.4161871 -7.68594021957 1)
(-1.0495244 0.724420723323 1)
(-1.0067447 0.854489979862 1)
(-0.91442657 0.759712139019 1)
(-0.87116084 0.883448274376 1)
(-0.96141955 0.984087509079 1)
(-0.8276887 1.00807524876 1)
(-0.74002149 0.909079512844 1)
(-0.69646846 1.0307848553 1)
(-0.61482179 0.937728555759 1)
(-0.57146783 1.0520239831 1)
(-0.49217074 0.962438075934 1)
(-0.44888202 1.07184916575 1)
(-0.3712297 0.980469952995 1)
(-0.32737396 1.09264339071 1)
(-0.40750565 1.18810945238 1)
(-0.28440094 1.2078728382 1)
(-0.20502455 1.11181215191 1)
(-0.16053051 1.22596288122 1)
(-0.083883976 1.13027225136 1)
(-0.037623291 1.24487085735 1)
(0.036996674 1.14822460264 1)
(0.084903813 1.26353144811 1)
(0.16035388 1.16652440248 1)
(0.0073697664 1.3627448431 1)
(0.20794705 1.28181875275 1)
(0.28355321 1.18455191943 1)
(0.23772586 1.0723390378 1)
(0.35697735 1.08958867649 1)
(-0.65718026 0.805307722865 1)
(-0.36151203 1.30785545567 1)
(-0.91620523 1.11406601213 1)
(0.3129266 0.982548483948 1)
(0.42796584 0.99797649885 1)
(0.47382899 1.1051170363 1)
(0.54389548 1.0120736262 1)
(0.49863029 0.90692600772 1)
(0.61235387 0.920013234314 1)
(0.56822134 0.816776887836 1)
(0.68028366 0.829221995736 1)
(0.72626838 0.933644444928 1)
(0.79370888 0.840303247512 1)
(0.74641119 0.735991863676 1)
(0.86036178 0.746992686757 1)
(0.81315347 0.644251306379 1)
(0.92665525 0.654327780076 1)
(0.87944526 0.551758705318 1)
(0.99309803 0.561749843968 1)
(0.94601278 0.457633660148 1)
(1.0598245 0.468406149981 1)
(1.0118668 0.363774652619 1)
(1.1282076 0.374081765937 1)
(1.0795651 0.266498593925 1)
(1.1976903 0.278043769081 1)
(1.148212 0.168149194422 1)
(1.2705899 0.178992801764 1)
(1.2189324 0.0673133999879 1)
(1.0972887 0.0568078644728 1)
(1.1654561 -0.0457671852248 1)
(1.2911448 -0.0350817097634 1)
(1.2355801 -0.148133217552 1)
(1.1111417 -0.157852448198 1)
(1.1799209 -0.2599170457 1)
(1.0580263 -0.266781522481 1)
(1.1249146 -0.369478964937 1)
(1.0041222 -0.37672714536 1)
(1.070507 -0.47839148472 1)
(0.94946613 -0.486894140427 1)
(1.0162334 -0.587302052044 1)
(0.90159742 -0.59105792087 1)
(0.96301635 -0.696590903694 1)
(0.83016827 -0.684965711622 1)
(1.1402804 -0.580732179602 1)
(1.1093607 0.571828458665 1)
(0.90692966 -0.805217405003 1)
(0.78098479 -0.811271402215 1)
(1.3215186 0.292660511855 1)
(1.3644619 -0.140632872062 1)
(0.84223442 0.950340550754 1)
(0.2016294 0.963467253091 1)
(0.85284043 -0.920189203648 1)
(0.72765562 -0.926874701569 1)
(0.65912638 -0.82313084396 1)
(0.60513966 -0.933927227853 1)
(0.98099631 -0.913369686339 1)
(0.97348536 -0.156021445346 1)
(-2.0154441 7.70980776159 1)
(5.599151 -0.562254234769 1)
(3.9832862 5.28795132075 1)
(0.33062022 1.30099549467 1)
(3.2284683 5.7813101683 1)
(6.9569687 12.5929520458 1)
(-1.1424535 -0.50513034524 1)
(-1.0408184 -0.602771612152 1)
(-1.0083038 -0.470704388557 1)
(-0.91291848 -0.564272684462 1)
(-0.94216748 -0.692416087192 1)
(-0.81848302 -0.653175193942 1)
(-0.84497472 -0.778788870757 1)
(-0.72190964 -0.743762511381 1)
(-0.7503026 -0.865894209787 1)
(-0.6270507 -0.830774565549 1)
(-0.65576035 -0.952828515899 1)
(-0.53597137 -0.917106567233 1)
(-0.5616521 -1.04074396232 1)
(-0.41944214 -0.994451871074 1)
(-0.46182327 -1.12894232631 1)
(-0.33493117 -1.09044148057 1)
(-0.36454302 -1.22266867263 1)
(-0.23491313 -1.18015690569 1)
(-0.20496099 -1.05451287104 1)
(-0.10772056 -1.13810087545 1)
(-0.073239935 -0.990179673837 1)
(0.018566829 -1.09170731402 1)
(0.060100195 -0.967943687832 1)
(2.9777777 -2.36486469292 1)
(3.2460002 -1.25543806622 1)
(7.6408331 5.6084531571 1)
(3.1610182 -2.52444274691 1)
(5.7296072 1.52651749632 1)
(2.1153438 -2.50309684689 1)
(-2.4157703 1.58188964496 1)
(-0.78965137 3.47226423805 1)
(5.7852297 7.48188251895 1)
(4.5049228 8.26331152254 1)
(9.5537384 -11.9731694024 1)
(9.5297614 -12.4274263272 1)
(7.8368706 -8.25283820326 1)
(4.495443 -1.51554054757 1)
(10.342196 -2.1892276993 1)
(3.2026028 9.04713443318 1)
(1.8041567 2.51580671417 1)
(2.0599649 -1.51153209972 1)
(2.2402042 -1.4518946212 1)
(-5.9698699 -1.25966391757 1)
(5.7459742 -8.13745573861 1)
(5.4293217 -7.9254563619 1)
(5.768942 -7.75824333123 1)
(5.4561304 -7.54927693716 1)
(5.7915532 -7.38464390383 1)
(5.4833799 -7.17806006334 1)
(5.814666 -7.01557781934 1)
(5.5101727 -6.81249650304 1)
(5.8380489 -6.65062260939 1)
(5.1709096 -6.98785296174 1)
(5.2083005 -6.61465324217 1)
(4.8790853 -6.7811826912 1)
(4.9130282 -6.418040707 1)
(4.5910927 -6.58178869571 1)
(4.6236447 -6.22066195911 1)
(4.3096169 -6.38182377203 1)
(4.9256575 -6.06986980895 1)
(6.1439073 -6.85297577217 1)
(6.1674007 -6.48617671086 1)
(6.4738818 -6.68978714013 1)
(6.4973612 -6.32127569448 1)
(6.8053019 -6.52598959724 1)
(4.3394769 -6.03465200632 1)
(4.0349587 -6.18386092482 1)
(3.9962898 -6.53056770054 1)
(3.7302742 -6.33020109096 1)
(3.7009113 -6.66365123678 1)
(3.4294888 -6.47261151214 1)
(3.4036552 -6.80658369692 1)
(3.127997 -6.61574850711 1)
(3.099159 -6.95286983217 1)
(2.8214619 -6.76084488048 1)
(2.7916221 -7.09768516758 1)
(2.5113778 -6.90734513733 1)
(2.4841427 -7.24915223932 1)
(2.2018354 -7.05511484807 1)
(2.1729945 -7.40005835492 1)
(1.8879145 -7.20351230984 1)
(1.8586785 -7.5513374585 1)
(1.5710917 -7.35330890973 1)
(6.8269478 -6.1565599678 1)
(6.521175 -5.9535019643 1)
(7.1376255 -6.36114298646 1)
(1.5411499 -7.70409135823 1)
(1.2498509 -7.50410938898 1)
(1.5986552 -7.00373519482 1)
(6.8479866 -5.7890685685 1)
(6.5440459 -5.58789755985 1)
(3.4654224 -6.12453592873 1)
(2.5431119 -6.57096982907 1)
(1.2199679 -7.85923890392 1)
(0.92169601 -7.65556882271 1)
(2.7792597 -7.42683321089 1)
(0.89420533 -8.01711204311 1)
(0.59220504 -7.80996111378 1)
(6.8679596 -5.42490958176 1)
(6.5647131 -5.22749398843 1)
(0.56416436 -8.17683783712 1)
(0.26227278 -7.96740074812 1)
(0.29098948 -7.60204636135 1)
(-0.040347559 -7.75710302831 1)
(3.6860254 -7.01503144008 1)
(6.2458216 -5.38728134774 1)
(6.2666043 -5.03378911648 1)
(5.9659103 -5.18138372137 1)
(5.9751428 -4.84110168125 1)
(5.7020344 -4.99362370718 1)
(5.1020703 -7.7208381251 1)
(4.6383581 11.3366369799 1)
(5.0107709 11.1147082347 1)
(2.4325021 4.03831156617 1)
(2.6675224 6.11086955087 1)
(10.603416 8.94884184988 1)
(-2.3068527 2.84338495058 1)
(-2.5273134 2.75621942989 1)
(17.527655 -5.21808929785 1)
(5.6515089 -12.6023586976 1)
(0.94509992 -7.29633766639 1)
(14.879507 4.00179542008 1)
(14.85646 3.5603017437 1)
(14.48809 3.8004110531 1)
(14.466026 3.36196532083 1)
(14.102016 3.59944162201 1)
(11.407134 -10.8187854402 1)
(-4.4940398 0.525988004495 1)
(-1.5366302 -3.25269614602 1)
(-1.7246241 -3.08400787036 1)
(-1.6691479 -2.8318212948 1)
(-1.9081919 -2.91070519511 1)
(-1.8520437 -2.66254599229 1)
(-2.0938317 -2.73650028563 1)
(-2.0343185 -2.48887055797 1)
(-6.0423613 -5.87027741873 1)
(-7.8384831 -7.8613100527 1)
(-7.4730611 -8.14201163147 1)
(-7.8998706 -8.31797622428 1)
(-7.5313966 -8.60106945271 1)
(0.54061374 -0.831556796641 1)
(-6.5874451 5.27333531078 1)
(-6.9218373 5.05005309736 1)
(-7.3044366 5.25854771073 1)
(-0.22462648 3.28644245886 1)
(6.1103082 -11.0325111939 1)
(14.831572 3.12332093165 1)
(0.67134013 -1.03987765458 1)
(4.5463107 -1.2573856017 1)
(-0.46103788 5.28759254489 1)
(-1.3894513 0.912638477599 1)
(11.728483 -1.92237280047 1)
(-0.69230106 5.15815717997 1)
(0.96117659 0.264364040734 1)
(0.51799445 6.07121099146 1)
(0.54477408 -1.04593977699 1)
(15.998204 -4.18026132184 1)
(13.593202 -7.93792022609 1)
(4.0615275 -5.84884874521 1)
(4.3576765 -5.70201095476 1)
(4.0867688 -5.52002957402 1)
(4.3767116 -5.37658075802 1)
(4.1090917 -5.19518297795 1)
(3.8204867 -5.33908510376 1)
(4.396992 -5.05319859626 1)
(3.9359697 3.06953965635 1)
(3.9069606 12.6638132613 1)
(3.5104219 12.4507209593 1)
(3.4963048 12.0072045315 1)
(3.1198669 12.2347037506 1)
(3.1284895 12.6791826921 1)
(2.7416012 12.4601693231 1)
(2.7349248 12.0196868117 1)
(2.3576901 12.2420626686 1)
(2.3529322 11.8083182881 1)
(1.9773517 12.0262326895 1)
(1.9804539 12.4621118052 1)
(1.5989116 12.2449461851 1)
(1.5994804 12.687020976 1)
(1.2172021 12.4656968077 1)
(1.220024 12.0264240601 1)
(0.83775743 12.243625746 1)
(0.83383684 12.684703926 1)
(0.47636288 12.4622710185 1)
(12.690454 5.89171156313 1)
(-1.6432942 -8.79270725832 1)
(-2.452451 4.72025022208 1)
(9.5351023 -11.5287981845 1)
(7.1744014 -5.62495766604 1)
(1.6711545 -1.79864118733 1)
(5.7976036 4.10654358168 1)
(11.602112 1.19179477466 1)
(1.3088511 -2.76176092895 1)
(16.1368 10.0755640833 1)
(14.443024 2.92786272276 1)
(14.805774 2.68862407309 1)
(1.5164771 -8.06322895631 1)
(4.977539 4.58857890935 1)
(-3.9650831 6.27399991099 1)
(-3.6628706 6.4662966924 1)
(-0.77623427 -10.7891822529 1)
(-1.165937 -10.9628046784 1)
(-0.81421554 -11.2176546485 1)
(-1.2137382 -11.3930258628 1)
(-0.8565722 -11.6516640492 1)
(-1.2625063 -11.8292138488 1)
(-1.6183318 -11.5674893104 1)
(-1.6707936 -12.005369719 1)
(-2.0290928 -11.7430851748 1)
(-2.0815532 -12.1871160253 1)
(-2.4449811 -11.9214382923 1)
(-0.90616591 -12.0891985361 1)
(-0.49456024 -11.9095139059 1)
(-0.54560379 -12.3538024361 1)
(-0.13295075 -12.1690297703 1)
(-2.4956317 -12.3733284646 1)
(-2.8633686 -12.1026771951 1)
(-0.18036848 -12.6173148712 1)
(0.23089267 -12.4311877777 1)
(-2.9147218 -12.5593131522 1)
(-3.2847005 -12.2854142835 1)
(-3.2152229 -11.8296691714 1)
(-3.6508601 -12.0110105862 1)
(-3.5777967 -11.4945087866 1)
(-4.0194125 -11.7234516015 1)
(-4.0760674 -12.1927899634 1)
(-4.4460632 -11.9132717765 1)
(-4.3921657 -11.4531737298 1)
(-4.8167771 -11.6354427106 1)
(-4.7612799 -11.1759205152 1)
(-5.1890637 -11.3550485151 1)
(-5.2401084 -11.8200250119 1)
(-5.6177038 -11.5376480183 1)
(-5.5602915 -11.0725406663 1)
(-5.9906209 -11.2545033986 1)
(-6.0499167 -11.7216305772 1)
(-6.4275377 -11.4341736627 1)
(-6.4879754 -11.9059567632 1)
(-5.9306275 -10.7904286023 1)
(-6.8683932 -11.6151203252 1)
(-6.9309824 -12.0905192836 1)
(-6.5468834 -12.3826619149 1)
(-6.9933339 -12.5688897413 1)
(-7.3125063 -11.7980732186 1)
(-7.2586565 -11.2536955524 1)
(-2.1361494 -12.6321246037 1)
(-5.5018802 -10.6107002271 1)
(-5.8696367 -10.3310439054 1)
(-3.3362917 -12.7464313463 1)
(-4.4951508 -12.3764571046 1)
(0.65677862 -2.99894301164 1)
(17.014009 10.9880746895 1)
(17.44558 11.2119391189 1)
(17.424341 10.7260311564 1)
(16.6458 12.2176081072 1)
(17.077185 12.4448499332 1)
(17.489811 12.1834282147 1)
(16.891986 -2.41472810831 1)
(16.91811 -1.9557994411 1)
(17.303703 -2.20844680169 1)
(17.329239 -1.74433739336 1)
(1.7278426 -10.8170274765 1)
(2.0764153 -11.0559451215 1)
(1.6881251 -11.2379486151 1)
(2.0322604 -11.4664208407 1)
(9.390265 2.65542057682 1)
(3.6969008 -12.6828396986 1)
(11.758756 9.62005277455 1)
(17.151076 2.50383807903 1)
(17.123357 2.03958801833 1)
(17.539408 2.25144728869 1)
(17.511564 1.78568719314 1)
(17.094837 1.57820834504 1)
(17.483022 1.32135872495 1)
(13.249605 8.62886964396 1)
(16.331323 2.09183982194 1)
(17.719236 -2.00026286333 1)
(17.744967 -1.53161129857 1)
(8.6277237 -3.71058353262 1)
(9.8846897 -4.51562439839 1)
(-1.5434758 0.876420432731 1)
(6.2243138 -3.27836733425 1)
(12.59145 0.923795678716 1)
(8.1996543 2.75960019777 1)
(0.54130505 8.13142762222 1)
(0.25387614 8.31067031351 1)
(8.4000442 10.2569667308 1)
(9.1808601 -5.26924924373 1)
(16.487957 -8.44589378852 1)
(13.074123 -3.98543806554 1)
(10.75043 -7.99640984187 1)
(10.726061 -8.42465569331 1)
(11.111705 -8.2286915991 1)
(11.087308 -8.66007529891 1)
(10.700475 -8.85469232003 1)
(11.474486 -8.464650721 1)
(11.497897 -8.03101060253 1)
(7.1152635 -6.73500024644 1)
(7.4530446 -6.56867973872 1)
(-1.1796895 10.8165031612 1)
(-1.5392957 11.0155469274 1)
(-1.1831601 11.2304095623 1)
(-1.5508406 11.4346616275 1)
(-1.1910369 11.6489192937 1)
(-1.565173 11.8562247987 1)
(-1.9289417 11.6368279635 1)
(-1.9411485 12.0690025894 1)
(-2.3156601 11.8419264193 1)
(-2.3270536 12.2823947618 1)
(-2.7059303 12.0508522022 1)
(-1.5633231 12.2722252456 1)
(-2.7179524 12.4978623398 1)
(-3.1004951 12.2628962804 1)
(10.975994 7.01866943035 1)
(11.610942 2.35674177051 1)
(4.6663688 12.6480143882 1)
(15.718052 5.30541018872 1)
(-6.1899481 -4.37548615127 1)
(0.56101387 2.66398364006 1)
(1.8782531 6.65798541883 1)
(0.45100556 12.9075295603 1)
(-0.14051618 1.00465483912 1)
(9.231602 4.25734330491 1)
(0.31832677 -10.6813638728 1)
(0.28192656 6.22414094265 1)
(-0.32059258 -6.19037669668 1)
(-0.61662771 -6.34063640156 1)
(-0.8959579 -6.15527117733 1)
(-0.91912956 -6.49354512063 1)
(-1.2035817 -6.30314999165 1)
(-1.2269336 -6.6482730823 1)
(-1.5183245 -6.45321299503 1)
(-1.5404986 -6.80578736611 1)
(-1.8374004 -6.60698292999 1)
(-1.8598364 -6.96650659295 1)
(-2.1584695 -6.76459031204 1)
(-1.5591534 -7.16563226125 1)
(-1.8845527 -7.33076854616 1)
(-6.7775316 0.112586705905 1)
(-7.1242076 -0.0431751148954 1)
(-7.0817259 0.342430612823 1)
(-7.4398381 0.191226741112 1)
(-7.481293 -0.207627656313 1)
(0.97318224 3.95514681769 1)
(7.0548272 2.19509570841 1)
(9.5927644 6.2661985583 1)
(-2.6151818 1.50525289101 1)
(-2.5790767 1.72438092356 1)
(-3.5028761 2.46235412076 1)
(-3.733347 2.60129072822 1)
(-2.1350166 -6.40519157072 1)
(-2.4579481 -6.56254942689 1)
(-2.4317753 -6.20415412725 1)
(-2.7551533 -6.35855878041 1)
(-2.7297961 -6.00171854359 1)
(-3.0534736 -6.15597848099 1)
(-2.7996719 -6.70936818995 1)
(-3.0258211 -5.79828199067 1)
(-3.3537101 -5.9552539829 1)
(-3.327793 -5.59468076338 1)
(-3.6535774 -5.75255754371 1)
(-3.624829 -5.39132411039 1)
(-3.9552892 -5.54958611148 1)
(-3.9818987 -5.89110102806 1)
(-3.9215044 -5.17975511351 1)
(-4.2583861 -5.34420616617 1)
(-2.3340474 12.7315190461 1)
(-5.4005392 4.0092938621 1)
(6.3712241 4.71384053635 1)
(6.6422376 4.54029630235 1)
(-6.6265844 3.4096083098 1)
(-0.46776221 5.02206974711 1)
(-3.0897001 11.8197627808 1)
(-3.4831121 12.0262482402 1)
(-3.4974203 12.4761092997 1)
(-3.8825202 12.2371197502 1)
(-3.8607382 11.7065120973 1)
(-4.2674431 11.984765092 1)
(-4.2844151 12.4496468578 1)
(-4.670372 12.2039752131 1)
(-4.6511039 11.7503742771 1)
(-5.0550557 11.9595538654 1)
(-5.0333436 11.5048859384 1)
(-5.4400986 11.7135440245 1)
(-5.46288 12.17352945 1)
(-5.8513469 11.922651537 1)
(-5.8282979 11.4621000946 1)
(-6.2412425 11.6709275525 1)
(-6.2203659 11.2113284582 1)
(-6.6327429 11.4198768752 1)
(-6.6116222 10.9562863316 1)
(-6.650073 11.8920575882 1)
(-7.0235254 11.1664165074 1)
(-7.0013947 10.6980134312 1)
(-7.4183345 10.9126839137 1)
(-7.3936696 10.4434396047 1)
(-6.977581 10.2301438467 1)
(-7.3759429 9.98714172192 1)
(-5.8162736 11.0006668871 1)
(-4.6884929 12.6658329646 1)
(-5.8689833 12.3949188528 1)
(-4.1602022 -2.22311544769 1)
(-7.4421305 11.3847106283 1)
(-4.5784267 -8.85048836539 1)
(4.5966824 -9.82948927079 1)
(-5.9338747 -7.81742871995 1)
(2.9785212 6.86221730015 1)
(0.50105696 -3.65797624692 1)
(3.8809764 9.78375379225 1)
(-1.7761016 -0.242481034732 1)
(-1.8949762 -0.115175975539 1)
(-1.9452826 -0.286760272096 1)
(-4.272496 4.60381285568 1)
(0.58954255 1.12037625968 1)
(1.9837785 12.9079512992 1)
(-0.82610797 11.4457653185 1)
(2.1492238 -7.74092237762 1)
(7.983265 1.13089222613 1)
(8.281129 1.29103082105 1)
(8.5703319 1.11169615015 1)
(-2.3089814 6.869773111 1)
(5.1363714 9.00485594052 1)
(17.042405 -12.6018479832 1)
(17.480143 -12.3792799978 1)
(-6.0537632 8.60539603911 1)
(-6.4164003 8.37510184257 1)
(-2.0707058 -0.151625471729 1)
(-2.1210391 -0.32964327968 1)
(4.2984174 6.00269109519 1)
(16.22916 -0.136528917366 1)
(2.6489335 0.670672390958 1)
(1.423454 3.31612202468 1)
(-3.1649268 5.16668150476 1)
(-3.3816424 -6.3187399251 1)
(1.0634147 -5.4314144831 1)
(-7.1796814 -3.70769003161 1)
(-7.2251354 -4.11070143282 1)
(-7.5657731 -3.8797297931 1)
(-7.6086559 -4.30290129273 1)
(-1.7119611 7.87776799987 1)
(16.606122 -0.375381917948 1)
(-6.979704 -2.06396721571 1)
(13.13852 6.93239763992 1)
(7.6528133 -0.03064327582 1)
(7.6332516 -0.373124453918 1)
(17.528443 -11.4024883294 1)
(17.553659 -10.9135727863 1)
(-7.8071583 0.0325910271982 1)
(-7.8499478 -0.372864225363 1)
(4.1700237 1.1894932445 1)
(4.3528474 1.03291450924 1)
(4.4001409 1.27353054048 1)
(1.5994212 -4.31844886538 1)
(14.569794 -2.26553391017 1)
(3.4951573 1.74173062528 1)
(3.1961396 -1.47973073124 1)
(1.3699777 -3.34100870984 1)
(4.5880551 1.11011529566 1)
(1.152101 1.88777822326 1)
(2.844363 2.31939424754 1)
(-1.6825882 -1.44220106187 1)
(-1.7299585 -1.63543581196 1)
(-1.8793576 -1.4988760778 1)
(2.2274354 2.84355130593 1)
(2.8775315 1.57007559115 1)
(4.147417 0.0893610891476 1)
(4.1944522 -1.8489034464 1)
(-0.071244663 -8.12381803167 1)
(-3.7519867 -0.956152305877 1)
(-3.3903575 0.14847023233 1)
(-3.9817855 2.49928212969 1)
(1.3984324 0.191380248128 1)
(1.4516048 0.3128745784 1)
(0.30629276 -4.97185864419 1)
(-2.4341141 3.46654941467 1)
(3.3660623 -1.64072551533 1)
(2.5354978 0.138032054972 1)
(-0.7624112 2.33617634037 1)
(-0.5957011 -12.8043037232 1)
(-0.19335192 -3.91556071424 1)
(1.7970385 -3.20027558763 1)
(-2.3788937 -11.4758262191 1)
(-3.2371684 -9.87333420698 1)
(3.3231338 -8.92280727856 1)
(-5.4719554 -4.04412321361 1)
(-5.5029397 -4.43113505228 1)
(8.5814446 1.45468658065 1)
(8.8745757 1.27259733591 1)
(2.1214379 1.13511318703 1)
(-0.86770619 -0.437977970617 1)
(-0.96886134 -0.3488394885 1)
(-0.0062843486 -1.22565182189 1)
(-7.9628757 -4.04933924254 1)
(-8.0046981 -4.49039772487 1)
(-7.8599107 -3.61810447149 1)
(-4.2980994 12.9141211174 1)
(3.798515 -11.802844536 1)
(-1.4620747 2.11660328258 1)
(17.511297 12.6732282567 1)
(0.34184 -2.2109292042 1)
(2.4412698 -0.53561948839 1)
(-7.9622326 -8.77901531753 1)
(-7.5918244 -9.06132180696 1)
(-7.1625032 -8.88314213187 1)
(11.87573 -8.26844495149 1)
(11.887375 -7.83303093221 1)
(1.6070483 1.5088969318 1)
(0.83808104 -0.497365550182 1)
(-2.2748966 -2.56297691196 1)
(-2.2197309 -2.31485941354 1)
(4.4643808 -12.7415018918 1)
(4.6385359 1.35371079221 1)
(4.4434962 1.52955145207 1)
(0.59137328 -0.726996677208 1)
(-0.37604369 -7.91161346641 1)
(-0.20312008 -0.921061319359 1)
(-4.2294378 -4.9752775645 1)
(0.24901416 1.40140877426 1)
(-0.49283551 1.28478393187 1)
(-0.44471095 1.41287221912 1)
(0.20283569 3.63513830157 1)
(0.97541743 0.758476083465 1)
(11.0709 -9.09346250412 1)
(10.67204 -9.29112474951 1)
(1.3585545 6.98560176596 1)
(7.6564868 -4.2090131792 1)
(6.6245438 4.21829449929 1)
(6.9146656 4.36377508463 1)
(7.6886987 0.974013752474 1)
(12.109888 -12.7390348892 1)
(12.535059 -12.5217023967 1)
(-7.2713742 4.83598645397 1)
(-7.6224389 4.98921770804 1)
(1.2491451 -0.364000878893 1)
(2.796254 0.542332599959 1)
(6.3889432 -0.14122779361 1)
(0.99279706 -1.97201869825 1)
(7.3531279 12.8092410873 1)
(5.6941974 -4.65328111603 1)
(-6.2823429 5.46227480462 1)
(5.9925646 -4.50115672434 1)
(11.876047 -8.70499922023 1)
(-7.2214967 -9.34181478755 1)
(-7.6519892 -9.52433859683 1)
(6.0557418 3.94020436959 1)
(3.3242789 -12.4272652098 1)
(3.2864156 -12.874439006 1)
(2.9200638 -12.6370534614 1)
(2.8774458 -13.0750033319 1)
(2.5007171 -12.819420759 1)
(1.7173267 -2.62180514881 1)
(16.663855 12.7059999114 1)
(-7.6945607 -11.5045065117 1)
(-7.7592253 -11.9835894995 1)
(17.93039 1.99457811632 1)
(17.957487 2.46507364663 1)
(1.5374249 9.26995857931 1)
(1.8587244 9.0793496815 1)
(3.9470419 -1.92654683722 1)
(1.6528315 -11.628105269 1)
(1.5462286 10.4283720899 1)
(4.9271121 -10.0538544057 1)
(4.1394994 -2.10358131839 1)
(13.676664 1.4624546653 1)
(-4.2947124 -3.52187367704 1)
(-6.7951579 -9.1611856203 1)
(-1.329393 -3.41866784778 1)
(-0.42177454 0.86185545357 1)
(-0.58274842 1.39006596339 1)
(3.0279306 -1.32844329195 1)
(-7.7890257 10.1894338828 1)
(-7.7701427 9.73043905647 1)
(0.83952266 0.460602237006 1)
(1.3119174 2.7151664668 1)
(-0.41529618 4.23902059861 1)
(14.842203 -7.31335322355 1)
(-0.22454908 -13.0723658857 1)
(-4.5713893 5.88428922223 1)
(-4.8688176 5.68736599409 1)
(-4.6400798 11.2843908498 1)
(3.5361328 -4.21711855175 1)
(11.691084 -3.09506815047 1)
(2.9793202 -1.54984724459 1)
(-2.5991143 7.03811171707 1)
(-2.6027779 7.37593865824 1)
(-2.5979155 6.7031457162 1)
(9.9428822 -12.2194949281 1)
(9.9162526 -12.6840242133 1)
(-2.3432181 2.60733091021 1)
(-2.559582 2.52122249455 1)
(-0.7800968 -0.992588770684 1)
(0.050981044 12.6287239339 1)
(0.69329351 0.631277356828 1)
(1.1848099 4.03246406533 1)
(1.3589407 3.88530141275 1)
(0.53106563 10.6265015241 1)
(-0.5675275 -1.80227185095 1)
(9.499113 -12.8915185999 1)
(-1.4958223 1.03116405348 1)
(0.45823878 0.804595546785 1)
(16.601909 -12.8182606255 1)
(17.739901 -8.29696651686 1)
(17.706927 -8.7774287168 1)
(17.273765 -8.98741735371 1)
(11.678609 -12.9526362085 1)
(0.86904596 -8.3852185544 1)
(-6.6082138 -12.8615867224 1)
(-7.0560306 -13.0496007658 1)
(3.6383904 -13.1308200286 1)
(-0.69646605 -0.617540868925 1)
(1.5328467 0.201824993197 1)
(1.5900859 0.326574044726 1)
(1.5053351 0.441469550687 1)
(0.18846416 -3.11852811559 1)
(0.53342515 -8.54839374025 1)
(17.680167 -9.27494231453 1)
(-8.0749698 -6.68326907589 1)
(-8.0536016 -6.25205245579 1)
(17.926277 12.4105645628 1)
(17.95266 12.8930783798 1)
(14.20612 -2.02670754631 1)
(-6.3092747 5.07191192382 1)
(-3.4868931 2.72115220594 1)
(-0.262553 -1.31891453322 1)
(-0.087436179 2.57068865892 1)
(-2.7315757 12.9518591064 1)
(-7.8412096 11.1267889258 1)
(-7.8655047 11.6059365516 1)
(-2.0080502 8.04874159226 1)
(2.8941739 10.4130388044 1)
(6.4492498 -7.05522061961 1)
(7.805509 8.97000834014 1)
(7.464009 9.18233295047 1)
(8.1458483 8.75661137515 1)
(5.4684984 -1.76452440772 1)
(2.2057586 -1.64124649474 1)
(-3.6995591 2.86945516014 1)
(-2.2090271 0.500921224727 1)
(-1.5816068 -7.52513838113 1)
(-1.9087906 -7.70069403182 1)
(16.281812 -5.78854217522 1)
(0.43474369 11.9548469195 1)
(0.92425946 -1.03031325402 1)
(1.0529892 -1.02724448301 1)
(-2.4152325 -4.76430222906 1)
(-4.318707 -3.86550810585 1)
(-3.1162685 -1.67651432072 1)
(-2.8923312 -1.57001911848 1)
(-0.33633046 -6.52554654656 1)
(3.609695 -3.37402433229 1)
(-2.9626947 -13.0226647569 1)
(3.241891 10.5970121646 1)
(17.454661 -12.8707503163 1)
(17.894294 -12.6469209595 1)
(-0.49902167 -0.794204121455 1)
(6.9718297 13.0463096909 1)
(-2.9129221 -1.81540973032 1)
(-2.6938619 -1.73106966297 1)
(-2.6847367 -1.42474358651 1)
(0.38061501 1.42232578637 1)
(0.29381935 1.52695880134 1)
(0.12297618 -1.18069609638 1)
(6.6588956 4.86542435562 1)
(7.1088542 8.99217781587 1)
(7.1224818 9.3918190538 1)
(-3.0928486 -3.27872633388 1)
(0.055598548 13.1243174689 1)
(-4.338561 -10.997535901 1)
(-1.7954359 -2.42122272511 1)
(7.4293078 -6.94701602693 1)
(7.7718077 -6.7773017342 1)
(7.7945922 -6.39654993497 1)
(8.1158002 -6.60582346865 1)
(8.1391161 -6.22104264568 1)
(2.5997951 -3.87739369172 1)
(-1.9305732 5.87569159503 1)
(0.47336266 -0.721246113785 1)
(0.42685634 -0.8339027702 1)
(-5.4444998 -10.1541133581 1)
(17.852719 10.9504707677 1)
(17.829758 10.462682111 1)
(-3.458272 -4.05195517618 1)
(17.245526 -9.48733961728 1)
(0.55447656 8.47449141856 1)
(1.5977513 13.1362972311 1)
(-0.85263347 -0.316564888845 1)
(-0.9340766 -0.238164775039 1)
(-7.7437139 0.423107086995 1)
(-8.1781175 0.325417879467 1)
(8.0913321 7.57492611046 1)
(8.4378191 7.75722932593 1)
(0.260498 8.65640330819 1)
(4.3867908 -2.02600820826 1)
(0.61763705 -1.15504402043 1)
(17.965313 -11.1797415561 1)
(17.990293 -10.6894029842 1)
(-1.7789706 -3.33562020903 1)
(-1.1810397 -2.66926625213 1)
(18.110501 -9.05075070132 1)
(5.7760694 3.81290616626 1)
(6.0103018 3.59552593245 1)
(-3.4475568 2.97192609549 1)
(-0.00061290142 -4.08722519091 1)
(7.7003002 1.30449145364 1)
(-4.564924 -5.13848917292 1)
(-6.9574966 2.09406587363 1)
(-6.6371888 1.91638956051 1)
(-6.9505315 1.73078088458 1)
(-7.6118411 4.59697712073 1)
(-7.976644 4.76204793596 1)
(-8.001152 5.18231650774 1)
(-3.3933181 1.5165881232 1)
(10.99839 -11.0261184986 1)
(-2.3738775 2.37930020089 1)
(-6.3266704 2.09563857586 1)
(-6.9653618 4.61003433266 1)
(2.6608822 -2.91053833835 1)
(3.5193879 0.975176920288 1)
(5.5242614 3.96664930944 1)
(-5.052731 -6.64094284623 1)
(-2.3135289 -2.83077209825 1)
(14.231858 -1.59323760571 1)
(13.845778 -1.78865508298 1)
(13.870446 -1.35966023653 1)
(13.489112 -1.55333737863 1)
(13.519314 -1.12009533925 1)
(13.137416 -1.31865592919 1)
(13.167533 -0.889800778708 1)
(12.789003 -1.08506340861 1)
(12.811193 -0.671793974647 1)
(12.443899 -0.856899618405 1)
(12.464897 -0.449553046119 1)
(12.103889 -0.631762559955 1)
(12.125318 -0.22924155727 1)
(11.767854 -0.408968230152 1)
(-8.3638192 1.60136263738 1)
(-0.94112099 -6.83176547268 1)
(2.4267965 -11.29689245 1)
(18.138892 -1.79017135436 1)
(18.111772 -2.26067802219 1)
(18.164646 -1.31932021118 1)
(-6.4335503 8.79899683426 1)
(-6.7968165 8.58400838542 1)
(-0.34440696 7.01666669159 1)
(0.53712353 6.35483048689 1)
(6.5110075 11.064083661 1)
(6.1355117 10.8629629142 1)
(5.9544559 -5.52781510694 1)
(12.506885 -13.0022560687 1)
(12.936909 -12.7845600303 1)
(-3.5387041 8.53063681327 1)
(14.119595 4.04850765824 1)
(13.738844 3.83344858261 1)
(13.715482 3.40944255156 1)
(13.361036 3.64048273129 1)
(13.380486 4.06908571973 1)
(13.009157 3.8716776951 1)
(12.988087 3.45189044164 1)
(12.638901 3.67428451133 1)
(12.658633 4.09235724788 1)
(12.294208 3.89997124024 1)
(12.312525 4.30598881523 1)
(11.951194 4.11810771045 1)
(11.973155 4.51806019357 1)
(11.612736 4.33852857088 1)
(11.93291 3.7141327337 1)
(12.619515 3.26435727513 1)
(6.5816289 -4.87329440958 1)
(6.4948916 10.6354871949 1)
(6.120955 10.438985715 1)
(-7.2781568 -9.80653456969 1)
(-7.7117663 -9.99134358238 1)
(-3.3907125 -13.2132068727 1)
(4.8306142 1.19028539291 1)
(4.7665498 0.943380948191 1)
(4.8823279 1.44001994643 1)
(9.3528311 -7.4966264459 1)
(-6.6322673 1.55124311094 1)
(6.4245592 6.71926403252 1)
(6.4134549 6.36174342527 1)
(6.1122737 6.54940726884 1)
(6.1017358 6.20010559854 1)
(5.8063924 6.3830803449 1)
(-7.2767846 -4.52667280825 1)
(-0.69538458 4.89699172242 1)
(8.4927101 -0.971582362421 1)
(8.4750534 -1.32437235086 1)
(8.1809497 -1.13334338666 1)
(8.1629857 -1.48252789392 1)
(8.45528 -1.67467748264 1)
(7.8705326 -1.28298086558 1)
(8.1432458 -1.83250006036 1)
(8.4359657 -2.02550016456 1)
(8.1220921 -2.18267694939 1)
(7.8313958 -1.9906614342 1)
(8.4169317 -2.37793878748 1)
(3.8941617 -2.18330702607 1)
(8.4624418 -6.4330973714 1)
(11.30019 8.05246585426 1)
(16.627841 0.0677151224511 1)
(17.004905 -0.165487165701 1)
(6.9745477 -10.2664459985 1)
(8.8855485 1.61994245077 1)
(9.1831195 1.43564929306 1)
(-2.164382 2.46167832555 1)
(13.04177 -9.93994282067 1)
(-2.8948515 -10.1330106502 1)
(0.27656258 -11.9843074535 1)
(4.6296317 10.9106075097 1)
(4.9875448 10.6904783983 1)
(11.652804 6.1933521867 1)
(16.096664 -8.18191102076 1)
(16.062938 -8.6519580667 1)
(15.672727 -3.02062289173 1)
(8.2960198 1.61236546365 1)
(17.402728 10.2388192053 1)
(17.811216 9.97506654487 1)
(17.381149 9.75105197395 1)
(17.789097 9.48848909098 1)
(17.360375 9.26118406482 1)
(17.766578 9.00299563299 1)
(17.339371 8.7761956705 1)
(17.74391 8.51949805595 1)
(17.315343 8.29779827571 1)
(17.72137 8.03800139019 1)
(17.293699 7.81863881408 1)
(16.891222 8.0763597547 1)
(16.868974 7.60152880155 1)
(17.271545 7.33700855627 1)
(16.469052 7.85583953789 1)
(16.448189 7.38532671585 1)
(16.053754 7.63806823069 1)
(16.489824 8.32479153611 1)
(16.031847 7.17032201505 1)
(15.641534 7.42127224397 1)
(16.424736 6.91892600135 1)
(15.661135 7.88602367812 1)
(15.252281 7.67095812509 1)
(15.270899 8.1312242908 1)
(14.864532 7.91839566166 1)
(15.232566 7.20741869511 1)
(-0.35277105 12.895610594 1)
(-0.53651252 1.52205488233 1)
(-0.39242061 1.54552196217 1)
(11.628817 4.75672801796 1)
(11.26835 4.54240162527 1)
(11.257745 4.15675218497 1)
(10.926205 4.36944902237 1)
(-2.2780732 11.41228943 1)
(-4.7096854 13.1339427417 1)
(-6.373434 -5.60772732593 1)
(16.192884 -12.554609719 1)
(16.16333 -13.0391117952 1)
(15.757034 -12.7798126387 1)
(8.0629431 -10.1266763691 1)
(15.366499 11.5438481725 1)
(15.385776 12.0206610527 1)
(14.957252 11.8014240419 1)
(14.977509 12.2781880531 1)
(14.550815 12.0545951855 1)
(14.568738 12.5334613094 1)
(14.142278 12.3105834291 1)
(14.14851 12.7892008629 1)
(13.732846 12.5659271572 1)
(13.716228 12.0846105749 1)
(13.316003 12.3286001185 1)
(13.291227 11.861243557 1)
(12.895992 12.1018344233 1)
(12.873232 11.6393599376 1)
(12.472507 11.8904162585 1)
(12.467629 12.4068613771 1)
(12.05689 12.1320986972 1)
(12.053311 11.6709326908 1)
(11.654944 11.9186116369 1)
(11.657583 12.3710296927 1)
(11.255954 12.1636256522 1)
(11.258174 12.6161018408 1)
(10.85393 12.410174465 1)
(14.986963 12.7618239157 1)
(11.683962 12.84407548 1)
(13.244367 12.8272477834 1)
(10.857784 12.86314824 1)
(10.452522 12.6569177737 1)
(10.843665 11.945331964 1)
(11.641592 11.4539842819 1)
(12.036492 11.2083285608 1)
(13.271006 11.3890826349 1)
(-6.1609649 -12.6744303669 1)
(-2.4614474 -2.40504893206 1)
(9.4601991 -0.117382631472 1)
(9.4733337 0.243063995811 1)
(9.7812987 0.0505241296808 1)
(9.7957497 0.416316398817 1)
(10.1073 0.220494198123 1)
(10.121261 0.59038368887 1)
(10.435565 0.392293193982 1)
(9.6125437 -8.56344208247 1)
(17.517953 13.2263529711 1)
(4.6641164 -5.23261148521 1)
(4.6847927 -4.90812528832 1)
(14.631114 -11.003588396 1)
(15.087537 -9.90648023862 1)
(7.1935623 -5.25990269201 1)
(7.5007411 -5.45834131827 1)
(-0.25043549 -4.1703718948 1)
(16.099173 5.06220598285 1)
(16.127089 5.50472025424 1)
(16.507255 5.26798735888 1)
(17.772247 -7.81771740806 1)
(5.7144937 -4.32654724481 1)
(-3.6539962 6.11513469576 1)
(17.557207 -4.74941955285 1)
(17.950831 -5.0096642253 1)
(17.980503 -4.53605338065 1)
(17.917781 -5.47890255913 1)
(-1.5099652 -10.7053182113 1)
(-4.3048337 13.3735230573 1)
(-1.5016445 -6.10326156045 1)
(-7.9473795 4.34329024064 1)
(5.8039535 12.4013799833 1)
(7.9956047 -11.8683585344 1)
(12.431842 7.80243266078 1)
(-2.8999321 7.20686784946 1)
(-2.8996317 7.5551337755 1)
(10.826074 -6.3424680142 1)
(4.5282332 -6.95193076086 1)
(0.097176009 -1.31704472581 1)
(6.3010664 2.6912605183 1)
(11.78896 -0.0114391697496 1)
(11.435218 -0.191007580678 1)
(2.8307803 0.739050643025 1)
(2.9830267 0.612134238279 1)
(2.957393 0.400532914535 1)
(6.7662405 9.20279391094 1)
(-1.6540496 0.998143992362 1)
(-1.7032512 0.836973659031 1)
(5.2966577 -9.88148643071 1)
(7.7384182 12.5670739315 1)
(7.7582468 13.0244016413 1)
(8.1474962 12.7770281501 1)
(8.1674596 13.2401343133 1)
(8.5577482 12.9961366963 1)
(6.5897854 -2.45990228318 1)
(2.4662058 -13.2793497866 1)
(2.0820246 -13.0176059233 1)
(8.7350321 -2.21853076684 1)
(8.7163693 -2.57607940481 1)
(17.868371 -13.1405619002 1)
(10.466769 13.1273483921 1)
(10.066431 12.9057200839 1)
(10.042685 12.4381039004 1)
(-0.40954549 -8.28362246269 1)
(-3.947469 9.93468810219 1)
(0.53513695 -0.63325980434 1)
(18.234799 9.1749739249 1)
(1.0099541 4.17854681722 1)
(0.79539322 4.0986186027 1)
(0.83264473 4.32644623671 1)
(0.61228439 4.24375054677 1)
(-1.9946016 -0.464078818084 1)
(-2.1696758 -0.512531397723 1)
(-2.2215021 -7.49352494244 1)
(-2.2483926 -7.87253610356 1)
(-2.5671826 -7.65893157335 1)
(14.179896 -2.46053080643 1)
(14.542743 -2.69931151094 1)
(-3.7461333 0.633020836756 1)
(12.258746 -8.06962284909 1)
(12.274261 -7.63406262067 1)
(11.909111 -7.39870694058 1)
(12.293535 -7.20072443338 1)
(11.932 -6.96655089418 1)
(6.3807385 5.03495409758 1)
(3.114375 -2.76470599995 1)
(3.3495082 -2.68531786602 1)
(-2.3395816 13.1883273027 1)
(9.889159 -13.1522753828 1)
(6.8963007 4.03941090702 1)
(7.1895288 4.18605109048 1)
(7.2076077 4.51539064336 1)
(4.567449 -10.2232046811 1)
(-0.044939295 8.48943114763 1)
(-5.1951476 5.84789939066 1)
(-5.1679907 5.48796932099 1)
(-8.0875079 -9.70731700395 1)
(-8.1495524 -10.1781564589 1)
(10.939195 13.3363940015 1)
(-0.39976918 -1.36214623943 1)
(0.18610034 10.826155682 1)
(-1.9319115 -1.69729791168 1)
(4.3532858 -1.08619941389 1)
(4.5963607 -0.999112183572 1)
(-1.0558921 1.08968957239 1)
(-1.0080385 1.22607166711 1)
(0.22884862 -1.27091520936 1)
(8.4216852 7.36493312496 1)
(8.7694471 7.54677027504 1)
(8.7893784 7.93898875531 1)
(9.1242429 7.72814132389 1)
(9.1439467 8.12658577923 1)
(9.4826219 7.91232111756 1)
(8.7514396 7.15422362169 1)
(-0.38110599 -2.67273319368 1)
(12.359315 4.72974956877 1)
(1.6481026 0.456283366022 1)
(-8.3684344 -4.23069213086 1)
(-8.4100788 -4.67637823926 1)
(16.200457 -6.77635029191 1)
(-4.5848219 -5.49581695658 1)
(-4.9027661 -5.29190366875 1)
(-1.7005546 8.21647822073 1)
(-6.2218616 -13.1540635136 1)
(-5.7745036 -12.9658280864 1)
(-4.3597135 1.37092111485 1)
(-1.4384757 6.43169878972 1)
(-0.96828434 -0.820541536116 1)
(1.99218 13.3600199531 1)
(9.462683 7.51060399518 1)
(9.8226442 7.69436166707 1)
(7.4079822 1.14929201019 1)
(7.3980383 0.822859494429 1)
(10.422884 0.0258099768003 1)
(-4.3034762 7.17015220635 1)
(-4.0162755 7.35463930913 1)
(11.048721 -9.5317853313 1)
(10.656051 -9.74737852747 1)
(10.278121 -9.49085218816 1)
(10.261713 -9.9474508632 1)
(9.8855626 -9.68810584418 1)
(9.858914 -10.1268511654 1)
(9.4915502 -9.87912050658 1)
(-1.8379943 0.040313023588 1)
(17.41111 -13.3285289046 1)
(-0.82642625 -0.21219803502 1)
(-0.90030054 -0.134368327746 1)
(-1.0217278 -0.138100011856 1)
(-0.78622406 -0.113696941485 1)
(-0.86741804 -0.0377287299798 1)
(-0.64467662 -13.260845877 1)
(1.9953124 11.5078143657 1)
(4.9661599 -11.2181436977 1)
(1.4871403 -1.20841716622 1)
(1.5195812 -1.03895355519 1)
(-8.0412473 -4.93473545584 1)
(-8.2471491 -7.55633059013 1)
(8.1625551 9.16110475224 1)
(8.5030306 8.94456254936 1)
(4.7470038 -1.43272745773 1)
(-0.59770102 -1.16729859699 1)
(12.313604 -6.77020220566 1)
(9.0382041 -2.41402957281 1)
(9.0184622 -2.77940932745 1)
(9.3465037 -2.61307435994 1)
(9.3259046 -2.98386365928 1)
(7.3577705 -0.189291971843 1)
(7.3388046 -0.523717924054 1)
(4.1343982 -4.86921821344 1)
(0.36570483 -0.743400331692 1)
(-2.7496773 2.66791114192 1)
(-2.2483593 -0.203346565228 1)
(1.3997363 4.11081543779 1)
(7.5114663 9.56308922505 1)
(14.419212 2.49421209821 1)
(14.780706 2.2548795646 1)
(4.2583214 11.125581506 1)
(18.352769 2.20598043752 1)
(18.324095 1.73521298345 1)
(18.378616 2.67934476443 1)
(-2.784711 2.43852163877 1)
(12.905715 -13.2609318528 1)
(13.340415 -13.048023343 1)
(13.367439 -12.5655234576 1)
(13.772438 -12.82951748 1)
(13.797844 -12.3468214296 1)
(14.189298 -12.6094828553 1)
(14.135819 -13.1183210861 1)
(1.295652 -11.4162864625 1)
(10.333287 -12.474786761 1)
(-8.1329524 -11.687436197 1)
(-8.2110179 -12.1389111936 1)
(6.0074226 -4.16324334967 1)
(-3.2917085 -10.3020975163 1)
(3.2049686 -2.28582331088 1)
(-4.5509887 5.53174844591 1)
(18.358361 12.6245216852 1)
(18.34315 12.1431490304 1)
(18.415553 13.164813676 1)
(-2.7878766 1.63913108508 1)
(-8.4441605 -6.41048347291 1)
(-0.26897466 -13.5335606258 1)
(0.13727617 -13.3394393023 1)
(-8.449113 -5.12537647379 1)
(-0.75257368 -0.284517679653 1)
(1.1275202 -0.912426849975 1)
(18.37759 -4.79940875517 1)
(18.392865 -4.32201590911 1)
(12.965449 3.03907958188 1)
(10.90921 3.97989372034 1)
(10.583131 4.18889647259 1)
(16.011365 6.70518087442 1)
(0.6199382 -12.255223204 1)
(18.151349 8.25961442393 1)
(18.128416 7.77543067748 1)
(-8.1859755 9.9312669797 1)
(-8.1567349 9.45814095899 1)
(13.30267 -13.5069760142 1)
(18.246767 10.1985423001 1)
(-4.5387782 -4.76804607821 1)
(16.527145 5.72869729302 1)
(16.917673 5.4796102349 1)
(16.982377 5.96491667495 1)
(17.350088 5.67822654065 1)
(17.309255 5.22404392019 1)
(17.731914 5.43583662964 1)
(17.705932 4.96438175293 1)
(17.751661 5.91029511358 1)
(18.128629 5.18140745509 1)
(18.104458 4.70479404783 1)
(1.6730558 0.210645050867 1)
(1.6122853 0.0888830177264 1)
(-1.6020619 -1.77507782008 1)
(-0.29042985 -1.46439267284 1)
(-8.2698637 11.3436762247 1)
(-8.2885046 11.8266215884 1)
(-7.8845289 12.0889565749 1)
(-8.3109841 12.3114134616 1)
(-7.9054274 12.5743407461 1)
(-8.3289455 12.7990159486 1)
(-7.9279345 13.0620203538 1)
(-7.4937721 12.8372938663 1)
(-7.517301 13.3251151546 1)
(-7.0831726 13.099413252 1)
(-8.385053 13.3355088786 1)
(-5.7839039 -9.88341716642 1)
(18.173234 -8.08447601723 1)
(18.205677 -7.60168154268 1)
(-1.1530826 1.19887311515 1)
(7.7453789 -7.15644036147 1)
(7.401158 -7.33223879338 1)
(1.5376888 8.89840667563 1)
(1.8494482 8.71109826174 1)
(0.3016539 6.51113290585 1)
(-4.3172174 10.131756287 1)
(-3.9580209 10.3558124257 1)
(-4.6758459 9.9069117973 1)
(-6.9448787 1.37032896652 1)
(-0.039238682 8.84054869279 1)
(-0.35050293 8.66819023246 1)
(-0.71773983 -8.06827893806 1)
(14.153829 -2.89350114327 1)
(14.514398 -3.13318533489 1)
(14.126479 -3.32747147873 1)
(14.487395 -3.5676065764 1)
(2.398766 -1.57064190072 1)
(2.426387 -1.3793973768 1)
(5.5050851 3.68011586461 1)
(5.2608906 3.82752295431 1)
(15.728011 -13.2665175491 1)
(5.4315841 -4.47665425721 1)
(9.6589005 -2.81477853332 1)
(9.6384643 -3.19003688794 1)
(9.9757417 -3.01918977207 1)
(9.9550246 -3.39964725509 1)
(4.0842429 -2.36048490234 1)
(-8.3286874 4.52264057579 1)
(-8.3003771 4.09186731307 1)
(-2.1941081 8.9756316856 1)
(9.5000555 8.31823657484 1)
(10.932256 4.73059498085 1)
(-5.9848816 -5.45258841752 1)
(4.3582434 -8.42832145853 1)
(4.0474233 -8.21162570206 1)
(14.099129 -3.7617133572 1)
(14.462472 -4.00421812267 1)
(0.65219543 4.4766752904 1)
(0.42897734 4.39303797571 1)
(18.535887 -2.049298427 1)
(-2.6993139 -5.64709928209 1)
(10.102971 13.3670637844 1)
(1.5743383 3.96086260655 1)
(-3.6646982 3.13526350799 1)
(-3.4198986 3.24121956273 1)
(-3.9093017 3.025271534 1)
(-1.8175713 0.957129649543 1)
(11.627433 10.9922817129 1)
(12.016782 10.750026949 1)
(8.4833242 -6.04698362459 1)
(-0.34160602 13.3576374817 1)
(-0.73371932 13.1283407138 1)
(8.4398654 -6.821803607 1)
(18.521168 4.94168106011 1)
(-6.278581 -10.5371312379 1)
(11.431836 0.184405722627 1)
(-4.5954405 -3.67070232464 1)
(18.476788 4.46743003384 1)
(14.850061 -3.81339766426 1)
(14.827503 -4.24967892485 1)
(18.501404 -2.51087224099 1)
(8.5800158 13.4586989915 1)
(0.32008797 -0.837945195942 1)
(0.26905976 -0.749071736893 1)
(2.9015288 10.8151745219 1)
(10.296885 -3.22653182136 1)
(10.275858 -3.61216498912 1)
(10.622291 -3.43675707917 1)
(15.197313 2.87945801495 1)
(0.43792749 13.3483255013 1)
(12.75947 -1.50206152314 1)
(6.3545111 -9.36286513003 1)
(-6.7534936 -8.67356190223 1)
(-6.3886504 -8.9603444929 1)
(-3.3734838 6.3007400231 1)
(-2.7442247 13.4129480177 1)
(-6.6229423 1.19622823417 1)
(5.2743303 -10.2713723715 1)
(5.6411401 -10.1083197248 1)
(9.466546 -13.3614228154 1)
(-3.573251 -5.02734576768 1)
(12.477656 -13.4893129361 1)
(-0.67955781 1.495924273 1)
(-5.3697433 -9.70587570943 1)
(-5.0197186 -9.98228810059 1)
(6.4399248 8.20927895537 1)
(18.290493 -12.9151977985 1)
(18.331099 -12.4228340746 1)
(5.7942864 6.04230662062 1)
(5.504489 6.22278727129 1)
(5.5139023 6.56080868071 1)
(5.21534 6.40087584948 1)
(5.2243574 6.73790265138 1)
(4.926474 6.57807260778 1)
(4.9347775 6.91374687397 1)
(4.6375504 6.75486565984 1)
(4.6470099 7.09187530908 1)
(4.3492622 6.93094902094 1)
(4.3569829 7.26793905218 1)
(4.0589948 7.10864889339 1)
(4.066963 7.44551370179 1)
(3.7683886 7.28617510782 1)
(3.7764921 7.62410685037 1)
(3.4768471 7.46403984975 1)
(3.4861304 7.80542849029 1)
(3.184054 7.6429962014 1)
(3.1934362 7.98635411184 1)
(-8.3331133 -8.49375191792 1)
(2.3546336 -1.77427990032 1)
(2.1664031 -1.8323145461 1)
(-0.0066801236 -7.39378082011 1)
(-0.77852829 -0.0116990632902 1)
(-0.84312356 0.0548466733124 1)
(-0.75892985 0.0794418137581 1)
(-0.81876666 0.142299749892 1)
(-0.73679255 0.161894273577 1)
(-0.7960387 0.22836931556 1)
(-0.88753135 0.207514245083 1)
(-0.85895761 0.302127292874 1)
(-0.74875493 0.317189606054 1)
(-0.82343758 0.397828359316 1)
(-0.72081614 0.419879542336 1)
(7.6896541 6.66391989505 1)
(6.0834839 5.85809919279 1)
(17.117784 -10.6918307233 1)
(-1.1044786 1.34293895548 1)
(6.7857407 9.60119764324 1)
(6.4252922 9.41165269188 1)
(-0.82098416 11.8583356279 1)
(-2.0440977 -0.650748798325 1)
(-2.2265635 -0.700169391623 1)
(-2.0965069 -0.842825899374 1)
(-2.2948118 -0.889595744285 1)
(-2.4382441 -0.713427961892 1)
(-2.1495454 -1.03424958593 1)
(0.53521084 11.0277305055 1)
(0.84446042 -8.75997766809 1)
(2.9014035 7.84089796313 1)
(2.9010251 8.17151498316 1)
(2.6070931 8.02516011244 1)
(2.6027103 8.35039494374 1)
(0.46922624 4.62935276396 1)
(0.24225322 4.54425596583 1)
(0.28316856 4.7846909268 1)
(10.456062 0.75649697977 1)
(10.129037 0.977776764136 1)
(-2.2272736 0.317069171212 1)
(-2.4115284 0.230674750557 1)
(-2.0536301 0.388226598397 1)
(16.582921 -0.812446366063 1)
(5.0795665 1.27259185174 1)
(-2.0860958 -1.55532971433 1)
(-2.1363202 -1.78014453428 1)
(-0.05176594 -4.34632899405 1)
(0.18874032 -4.25591573772 1)
(-0.94052419 0.0268554428175 1)
(-7.7082559 9.24371816673 1)
(-8.1196255 8.9790894731 1)
(-8.5490455 9.19209628946 1)
(-8.516101 8.71923075319 1)
(-8.0929675 8.51144978372 1)
(-8.4833397 8.25016690796 1)
(-8.0629934 8.0421456505 1)
(-8.4369791 7.78689858957 1)
(-8.0339872 7.58067830403 1)
(-8.4018552 7.32791489283 1)
(-7.6530767 7.8305527275 1)
(8.8609577 0.928562565218 1)
(18.081728 -2.73287621967 1)
(18.453579 -2.97389518496 1)
(-6.2734592 -7.55621087952 1)
(9.1746618 1.79723392482 1)
(8.8932546 1.97083571731 1)
(9.4844389 1.58916480918 1)
(-2.0882091 -4.0060460131 1)
(7.522068 -5.09235736142 1)
(-3.3570796 5.95154552119 1)
(-3.6340188 5.77207081155 1)
(-3.0888646 6.12777245567 1)
(7.8294151 -5.29272537794 1)
(18.074716 4.23111057767 1)
(18.456806 3.9727609227 1)
(1.5569504 0.56755911369 1)
(5.7424816 -4.0027733645 1)
(0.50238985 -8.92652100119 1)
(12.636351 -7.43344621518 1)
(0.06546035 4.69520849328 1)
(-2.5589023 10.3790066031 1)
(-2.919662 10.5800833736 1)
(-0.48709923 1.65928918428 1)
(-1.0179823 -12.9894032769 1)
(-1.0687098 -13.450239053 1)
(4.6224197 10.492415183 1)
(4.985426 10.2738369264 1)
(10.966878 -11.4856074156 1)
(7.4196123 1.47432230839 1)
(6.6707684 5.19266195171 1)
(17.769291 -1.06115264624 1)
(18.200443 -0.866945337951 1)
(3.0226097 -2.1279643217 1)
(18.075286 -9.6082885473 1)
(-0.3417747 1.68936280238 1)
(-2.7503934 1.86696884208 1)
(0.99603962 -1.14653883206 1)
(5.1208148 1.52228402319 1)
(14.226322 -12.1276348558 1)
(-6.3169941 1.37337722694 1)
(18.283606 -13.4113130815 1)
(-8.7543151 12.5330541825 1)
(-3.0219109 -13.4685120388 1)
(-2.5011017 -0.938300342377 1)
(10.600975 -3.82749947961 1)
(10.942156 -3.66496167112 1)
(8.7903952 -6.64666556859 1)
(-0.35238151 9.01393704278 1)
(-0.66173044 8.85006648242 1)
(0.25129466 -1.1262842148 1)
(-1.6025151 1.15630566837 1)
(3.2477245 10.9820948778 1)
(14.597229 -12.4070318243 1)
(0.38650911 4.1579749364 1)
(17.063278 1.12301153639 1)
(17.454026 0.857417159809 1)
(-1.6155611 -7.92512016051 1)
(-1.868218 0.799485871117 1)
(11.953266 -6.53867416939 1)
(7.8098334 -2.33789168795 1)
(7.5219586 -2.14800689295 1)
(11.614011 10.5364324658 1)
(0.4402168 1.55331692947 1)
(0.51232521 1.44158880218 1)
(0.35538901 1.66454845315 1)
(0.2042543 1.6352513737 1)
(-0.67584677 -7.70135792261 1)
(9.6761024 12.6936950237 1)
(9.6384448 12.2181947524 1)
(-2.3126552 6.53926292074 1)
(7.1228397 0.994050691511 1)
(7.1084248 0.664120924923 1)
(-0.79071489 0.496088057796 1)
(-0.68952217 0.510460748428 1)
(-1.4051222 8.04158463015 1)
(-1.4074557 8.38332767318 1)
(11.787052 0.35162639001 1)
(2.0473673 -13.4809754976 1)
(1.6653389 -13.2172110259 1)
(1.700108 -12.756666033 1)
(2.4347011 -13.7455537206 1)
(18.751537 1.94590994217 1)
(0.56567031 8.81774948331 1)
(18.564389 5.38239319275 1)
(11.412428 -0.585070139827 1)
(-7.542635 4.15711128048 1)
(-2.9486891 -10.556535536 1)
(-7.9927455 1.3950256675 1)
(-8.3578494 1.17678706072 1)
(-6.9542223 9.79401904196 1)
(-6.5693122 10.0224746531 1)
(18.403753 -10.9566100679 1)
(18.428417 -10.4646955197 1)
(12.599182 2.85335157045 1)
(0.72847184 3.65341671135 1)
(-4.676986 10.3435978894 1)
(-5.0549325 10.1037671793 1)
(-2.5968652 -8.04762219242 1)
(3.0137814 0.819087500032 1)
(2.8605003 0.940196501933 1)
(3.1746214 0.681335853084 1)
(1.4194284 0.554239744975 1)
(1.4647162 0.680827153374 1)
(13.180206 -0.462478639218 1)
(0.10839901 4.92461125417 1)
(4.9438297 1.69679185027 1)
(14.882421 8.37673017791 1)
(14.478067 8.16322246934 1)
(14.459629 7.70937493251 1)
(14.077255 7.95177861242 1)
(15.289233 8.5907154947 1)
(14.059334 7.49896202013 1)
(13.680948 7.74195599591 1)
(7.7740631 13.4629978559 1)
(-7.5142573 -0.613537910067 1)
(-7.8878783 -0.788799460935 1)
(-8.2328945 -0.542103999078 1)
(-8.273893 -0.966077448181 1)
(-7.9220186 -1.21101668214 1)
(-8.309886 -1.39338268202 1)
(-7.9560318 -1.64119273257 1)
(-8.3465748 -1.82514155393 1)
(-7.9900745 -2.07481292544 1)
(-8.3826752 -2.26119648615 1)
(-8.0239843 -2.50745370967 1)
(-8.4206807 -2.69850938832 1)
(1.295509 -12.9776867859 1)
(1.2706337 -13.4107510277 1)
(-6.828316 8.13538845054 1)
(-8.6297601 -0.717349506796 1)
(1.1281197 -1.1526777622 1)
(-0.24722416 1.56860108209 1)
(-0.19520449 1.71284330286 1)
(12.491722 -0.0227179770946 1)
(18.514035 -9.32084216899 1)
(4.4020109 -0.827274626653 1)
(4.6451699 -0.738376111636 1)
(4.8466939 -0.912904820365 1)
(4.8919678 -0.649576102775 1)
(4.691233 -0.476681948139 1)
(4.9382913 -0.386437663486 1)
(4.7374208 -0.2162649288 1)
(4.9771551 -0.123075772091 1)
(4.7835375 0.0465883852996 1)
(5.0222193 0.139168595847 1)
(4.8299751 0.308303170669 1)
(5.078168 0.400352651454 1)
(2.3496086 -11.7000425231 1)
(-4.2051065 -4.60906014802 1)
(10.228791 -10.3802354033 1)
(-5.8205295 -13.4293443617 1)
(-5.3896684 -13.2450762152 1)
(2.7772811 -11.5363982787 1)
(2.8173091 -11.1095298817 1)
(-2.1960334 2.24051957497 1)
(10.517361 -11.1922623587 1)
(0.18340972 11.2295355162 1)
(1.8328895 -0.907404710945 1)
(0.2780709 0.862705650746 1)
(0.17121995 0.859589741818 1)
(0.22865276 0.77764538873 1)
(0.13491352 0.768800159869 1)
(0.076190366 0.842471418556 1)
(0.047209474 0.76016862017 1)
(0.095344554 0.700718398666 1)
(-0.011972487 0.823706650386 1)
(-8.7021705 4.28542104301 1)
(-8.6857201 3.82753980635 1)
(-1.9721893 -1.88271774214 1)
(7.4794288 4.32883690804 1)
(7.4805342 4.65404850178 1)
(-1.2544969 1.31566054274 1)
(-0.46008524 4.76434886125 1)
(-4.6267389 -4.08669797681 1)
(-0.036220876 0.731398513853 1)
(-0.097338842 0.804246838032 1)
(-0.12569349 0.723737702085 1)
(-0.1810486 0.784576624273 1)
(-0.20593728 0.706293458804 1)
(4.3952558 -8.048695689 1)
(4.0764814 -7.83882801807 1)
(3.7428191 -7.99748577275 1)
(1.5968523 13.592714465 1)
(-0.30518468 -4.43178986973 1)
(-0.50734909 -4.24670570604 1)
(-0.91938514 5.02900450915 1)
(-0.92234744 4.77189494994 1)
(0.54750914 6.6388620461 1)
(0.79729392 6.48535039395 1)
(0.30082612 6.80556200224 1)
(-0.022077088 2.12554921629 1)
(3.0747854 -1.10741851278 1)
(2.8657353 -1.17891152475 1)
(2.9082625 -0.967772438534 1)
(0.016667256 4.4572303799 1)
(-3.2022406 8.36781947863 1)
(-3.5168086 8.17308247898 1)
(-2.8847056 8.56508107963 1)
(-0.6275438 0.441431800715 1)
(-0.59691471 0.522667998297 1)
(-0.54463577 0.458083924974 1)
(-0.51436972 0.536439155334 1)
(5.4915123 5.88830283063 1)
(-3.0527594 5.81070487501 1)
(14.082857 -4.19863303324 1)
(12.078431 -1.03875537585 1)
(0.5239652 0.720619946189 1)
(0.42885705 0.706090562885 1)
(0.48220721 0.632147232593 1)
(0.3981357 0.6194705601 1)
(2.5609896 -1.68965082315 1)
(0.20126785 -1.40616275288 1)
(0.34006851 -1.36364866361 1)
(0.073548966 -1.45503448973 1)
(-1.7507157 0.673113632189 1)
(-7.3350003 -10.2752025807 1)
(8.6874576 -2.95662211102 1)
(-2.8367725 -0.508958377427 1)
(2.0046384 0.616104421994 1)
(14.255703 -1.15201510433 1)
(2.2949914 8.18400125162 1)
(4.4168276 -7.68282665155 1)
(9.8295655 -10.5681521893 1)
(7.060988 -0.349231793592 1)
(7.0470032 -0.674776488796 1)
(7.0771941 -0.0215430679853 1)
(5.863838 -6.2912633633 1)
(-6.0692123 -2.79810618813 1)
(15.946945 2.3500352749 1)
(15.91727 1.9048473755 1)
(0.32568054 -7.24315344545 1)
(2.1778085 8.88552084455 1)
(14.395067 2.06023880991 1)
(14.032764 2.30722281229 1)
(14.756583 1.81323282348 1)
(14.163751 4.9373035607 1)
(12.333705 -6.34257405509 1)
(12.694998 -6.57382571902 1)
(-5.6514061 -5.70294696867 1)
(1.4603764 2.5881235468 1)
(1.2775749 2.52445715627 1)
(1.4212187 2.40218896147 1)
(1.1316983 2.64798904597 1)
(1.2463859 2.34055099108 1)
(1.3876408 2.22012669153 1)
(-2.6317136 -0.394889794916 1)
(7.3193315 -0.85168542988 1)
(7.0300864 -1.00060941398 1)
(0.63328795 -0.623752102091 1)
(0.57089142 -0.547453951916 1)
(0.48647801 -0.553528705421 1)
(13.792712 -2.65608461543 1)
(-2.1139103 -6.04531039816 1)
(-0.56447834 0.602269512651 1)
(-0.48099878 0.616058777876 1)
(-8.7307136 4.74135584022 1)
(7.121893 -8.21352885363 1)
(6.7906388 -7.99606281416 1)
(0.44668489 0.553754027601 1)
(0.5272771 0.556815886765 1)
(7.8518336 -4.92333430727 1)
(-3.2697436 1.08742990446 1)
(-0.7381825 13.5896384959 1)
(-1.1316887 13.3556658186 1)
(-0.33641508 13.8235751445 1)
(7.5421892 -1.80398482856 1)
(7.2378718 -1.95931355677 1)
(-8.1093637 -11.1364811908 1)
(-8.5571769 -11.4087841903 1)
(-0.23686133 -3.04864751297 1)
(4.9492807 -5.09825898562 1)
(18.7746 12.3579601319 1)
(12.256982 3.07748362505 1)
(10.026745 11.975430036 1)
(-1.9908791 2.32338312105 1)
(-1.9574189 2.53933377008 1)
(-1.7891774 2.40222311778 1)
(-1.7540584 2.6139696508 1)
(-1.5894375 2.47942698678 1)
(-1.5539725 2.68855904878 1)
(-1.3919953 2.55567238879 1)
(-1.3627068 2.75668517037 1)
(-1.1976121 2.62992654812 1)
(-1.1737288 2.86132815431 1)
(-1.0051851 2.70948246115 1)
(-0.96865779 2.90843619016 1)
(-0.81115367 2.77976908558 1)
(-0.77726746 2.98146527073 1)
(-0.6196846 2.85255726205 1)
(1.558692 2.27941486743 1)
(1.5260815 2.10072303411 1)
(1.6949669 2.16028794787 1)
(1.6613874 1.98369280347 1)
(12.01295 -3.7387429929 1)
(16.95398 9.51911292867 1)
(-5.5786356 6.37492206693 1)
(-2.2747131 -8.26160608352 1)
(15.674413 -8.38759063072 1)
(15.707368 -7.92142891166 1)
(15.640109 -8.85620629909 1)
(16.027849 -9.12131990593 1)
(-3.2670636 7.32527854008 1)
(11.236841 3.76826542239 1)
(10.890738 3.59214469885 1)
(0.81094531 2.90774319124 1)
(7.2148821 -4.89397103096 1)
(3.8350274 -2.46399777525 1)
(14.443431 7.24452094563 1)
(1.830196 2.04199631469 1)
(1.7965259 1.86578372448 1)
(1.965404 1.92369668345 1)
(1.9318092 1.74737362388 1)
(2.1017123 1.80591870062 1)
(2.0672441 1.62824484578 1)
(0.31059298 -0.672730256295 1)
(0.22236926 -0.673989367656 1)
(0.18176025 -0.747943081294 1)
(0.13946569 -0.671958421266 1)
(0.097556917 -0.743105861704 1)
(-3.4591271 -13.6564359599 1)
(-3.8305735 -13.4004949739 1)
(-3.8883532 -13.8738334924 1)
(-4.2625663 -13.5942152397 1)
(11.238369 11.2360603506 1)
(16.102351 -13.5269877171 1)
(18.536308 7.99888714363 1)
(18.532891 7.51103829582 1)
(-1.1449223 4.90042615572 1)
(-1.1481185 4.64418345517 1)
(-1.3699614 4.77248270057 1)
(-1.3711519 4.51291553387 1)
(-1.1700246 4.38700008109 1)
(-1.5943363 4.6439362216 1)
(-1.5970437 4.3854202474 1)
(-1.8197582 4.51643286507 1)
(-1.8215793 4.25735295166 1)
(-1.1408108 13.8210388716 1)
(-8.5290976 -9.89098918625 1)
(-8.5924383 -10.3665693568 1)
(-0.71962594 1.36407381188 1)
(-0.8251295 1.46879006326 1)
(-2.0456248 4.38857741217 1)
(12.85186 11.1728855092 1)
(13.250476 10.9214573608 1)
(13.665758 11.1381276413 1)
(12.829768 10.710272668 1)
(14.521834 11.5797470744 1)
(-0.64992476 6.56603454557 1)
(-7.276835 3.43556472624 1)
(-3.3786014 6.69191036139 1)
(-0.58324687 3.04640137659 1)
(-0.42730963 2.92438040451 1)
(18.609839 -7.87185497179 1)
(18.64255 -7.38508501567 1)
(-8.9432131 8.92833627657 1)
(7.7064235 1.63151847118 1)
(16.681233 1.37028680267 1)
(9.4804903 1.24836153548 1)
(3.6652205 -2.02511695828 1)
(13.462965 -1.98085500407 1)
(-0.74033164 -8.42987341131 1)
(-0.44120798 -8.65985747428 1)
(-6.2528087 -13.683528514 1)
(-4.9916069 -6.26030269807 1)
(-4.6773761 -6.4831648351 1)
(-0.96343595 0.27948188717 1)
(-7.1050416 13.5870391392 1)
(-6.6724506 13.3606243254 1)
(0.66093789 2.37364200836 1)
(18.103819 7.2895258483 1)
(18.511488 7.02449603716 1)
(9.8612436 -13.6257782688 1)
(10.286961 -13.412936557 1)
(-2.0462738 4.13067181231 1)
(-2.2719166 4.25968814926 1)
(-2.2728798 4.00135898317 1)
(-2.4999702 4.13079213692 1)
(9.3018917 -3.35708638723 1)
(5.188823 1.73254956729 1)
(0.11371822 -13.818333222 1)
(-6.3130542 -5.19382148708 1)
(-8.0050162 7.12542723804 1)
(-8.3833343 6.87055871752 1)
(-0.89785885 0.477319198342 1)
(6.6054232 3.89954315517 1)
(6.8764613 3.71787865371 1)
(6.5903843 3.57200445053 1)
(18.767935 -12.7619354455 1)
(-7.5404952 13.8155642496 1)
(10.768785 0.566283317896 1)
(11.313365 -12.2142107782 1)
(6.2943703 -4.34738998151 1)
(6.3095706 -4.00731324795 1)
(-2.3801517 1.79214113144 1)
(-6.6848487 -5.34938479614 1)
(-2.5538332 -10.3759016475 1)
(-7.0560417 -7.9418776556 1)
(-2.4071299 -2.1326362215 1)
(16.241133 0.299007077249 1)
(16.234363 12.4768449448 1)
(16.24966 12.9670159672 1)
(16.674409 13.1823092077 1)
(16.265966 13.4563137633 1)
(16.736025 13.7082846856 1)
(9.0755318 -13.0993486563 1)
(9.0423023 -13.5705693557 1)
(8.648024 -13.3080485428 1)
(8.6166069 -13.7812922604 1)
(8.2230106 -13.5157183836 1)
(8.2545574 -13.0446573558 1)
(7.8316056 -13.2507768613 1)
(7.863824 -12.7839536393 1)
(7.4431224 -12.9883611854 1)
(7.4011234 -13.4376973183 1)
(7.0196819 -13.1891543414 1)
(6.9770069 -13.6397553335 1)
(6.6012075 -13.4042512785 1)
(6.6546801 -12.9373480808 1)
(-2.919902 -7.82908467846 1)
(-4.7161909 13.685780217 1)
(-5.1362028 13.3514287532 1)
(-2.9843687 2.58982410917 1)
(-4.0668223 -1.32839697436 1)
(-4.3352628 -1.44551814544 1)
(-4.3123232 -1.14880342485 1)
(-4.5907335 -1.2773680268 1)
(-4.5628605 -0.968815888832 1)
(-4.5678645 -1.59367101911 1)
(-4.8486327 -1.09957563868 1)
(-4.8197729 -0.782969602923 1)
(-4.5427103 -0.668517994307 1)
(-5.1112547 -0.917283186895 1)
(-5.1153065 -1.2395860815 1)
(-5.0812327 -0.594375493216 1)
(-5.3792245 -0.731201749787 1)
(11.574529 -6.7324206804 1)
(-7.4320085 -12.7570067677 1)
(-7.4955738 -13.240696462 1)
(-4.9453087 7.17592631372 1)
(18.031368 3.77535893673 1)
(-7.1195345 -13.5261813729 1)
(-7.5465477 -13.7281642979 1)
(-7.9549263 -13.4771974941 1)
(-5.4962319 5.64746567862 1)
(-5.4693252 5.28511719201 1)
(-5.1451877 5.12848580648 1)
(-5.4421304 4.92704515808 1)
(-2.5989338 -13.2861246954 1)
(5.6822944 -3.19391879834 1)
(15.768353 5.79731797787 1)
(17.87214 1.06342446788 1)
(17.850061 0.594925059524 1)
(18.26506 0.80290143414 1)
(18.237182 0.332591389316 1)
(18.661764 0.541875237973 1)
(18.641673 0.11152329 1)
(18.238065 -7.11819767499 1)
(18.67374 -6.89879944481 1)
(18.269412 -6.6321212006 1)
(18.699496 -6.41261633665 1)
(11.084327 -0.36958560119 1)
(18.547267 -8.83510324304 1)
(-3.9038751 13.1565739816 1)
(-3.9267257 13.6038946226 1)
(3.2077766 8.33123197743 1)
(18.37816 -11.4464529548 1)
(-3.6277546 3.42326453346 1)
(-3.3853939 3.51484004185 1)
(17.273916 -2.67061518158 1)
(18.001978 -4.07160951922 1)
(18.583017 8.48520770119 1)
(1.5336877 3.73794097331 1)
(1.7477069 3.81061022753 1)
(1.6870356 3.58862400792 1)
(1.9065618 3.66053452169 1)
(-3.6713277 -0.180525454331 1)
(-3.9084338 -0.280216091807 1)
(-3.8856665 -0.0183029655455 1)
(-4.1304811 -0.121322279802 1)
(11.039823 -10.0429219691 1)
(11.432456 -9.80681636513 1)
(2.5572839 10.6177379365 1)
(9.052783 -2.05706506451 1)
(15.835061 13.2281780181 1)
(15.850198 13.7204673581 1)
(15.417392 13.4898854653 1)
(1.3356766 0.666221113166 1)
(1.3829991 0.794455093676 1)
(1.2531612 0.777016151869 1)
(-0.039550204 -6.37311447082 1)
(1.3043691 0.902045052634 1)
(1.1710965 0.885035298854 1)
(1.2220089 1.00891179856 1)
(1.0906479 0.991489646334 1)
(1.1401434 1.11586574865 1)
(1.0111006 1.09525492557 1)
(12.505005 9.54996093497 1)
(-3.611909 -10.064475358 1)
(5.2448643 -12.8016234598 1)
(5.6043022 -13.0575852235 1)
(5.2073436 -13.2618893796 1)
(5.5939675 -13.5205636725 1)
(18.608177 -1.10822318961 1)
(8.5327223 12.5279839856 1)
(-8.3970669 -8.95905802621 1)
(-2.61021 -0.162726515603 1)
(2.7469213 12.9062058889 1)
(3.1386828 13.1299309821 1)
(-0.89971895 -2.45184372854 1)
(0.86425893 8.6235635965 1)
(-8.2120847 10.4031380567 1)
(-8.6121536 10.1431445248 1)
(14.898084 8.84444623417 1)
(-3.1308058 -1.93741069583 1)
(-2.9189178 -2.07491390849 1)
(6.1085473 -7.58732829551 1)
(2.2381743 1.68696331364 1)
(2.2034665 1.5079006583 1)
(2.3775447 1.56707078321 1)
(2.3421425 1.38493653367 1)
(3.9113369 -9.76450871597 1)
(5.4263618 12.6356108921 1)
(5.8220247 12.8514062264 1)
(5.4357884 13.0900287672 1)
(5.838302 13.3084390355 1)
(5.4439426 13.5509207654 1)
(5.059037 13.3207899822 1)
(-0.71275671 -0.0751193854977 1)
(5.0956816 -0.817234691098 1)
(-4.5813465 -3.32189883057 1)
(-4.8749074 -3.46670354461 1)
(-4.872151 -3.11654695605 1)
(-0.42540923 -11.0388853401 1)
(1.4513689 0.924493575156 1)
(-0.65121447 8.51273731336 1)
(1.1834207 -8.59453755187 1)
(1.1586891 -8.97297729182 1)
(1.4899789 -8.77806199623 1)
(15.645257 -3.47135277642 1)
(-5.0269674 11.0367775271 1)
(-8.4851746 -6.83724041307 1)
(-8.8719992 -6.57490808339 1)
(1.2069812 10.6284158107 1)
(1.5250771 10.9172769787 1)
(1.5598191 4.54263436322 1)
(2.8572883 7.50928276395 1)
(3.3401831 -2.97494787134 1)
(3.5416749 -2.84959897071 1)
(18.720702 1.4728680781 1)
(6.8580895 0.84220549178 1)
(15.31699 -12.9979117887 1)
(15.289805 -13.4888653082 1)
(3.5709735 10.3742446919 1)
(-1.3973795 -5.45890663849 1)
(4.9381347 -5.41397694768 1)
(-8.7014333 -1.57278201858 1)
(-6.0790953 9.01189415088 1)
(9.4461816 3.72234959126 1)
(6.9527253 5.01802621189 1)
(-3.2002253 3.07323640497 1)
(-1.8632208 -0.595564103063 1)
(-2.8877639 -7.4449205902 1)
(-3.2411331 -7.60929506552 1)
(-3.2102761 -7.22572100559 1)
(-3.5615749 -7.38646399907 1)
(17.796666 -0.637806883646 1)
(-0.45285356 0.469217934045 1)
(9.8027308 7.29113748202 1)
(10.164449 7.47461707728 1)
(10.184413 7.88232203463 1)
(10.535013 7.65939990192 1)
(10.552855 8.0787382799 1)
(9.4419845 7.11262380374 1)
(10.20589 8.30716573763 1)
(-8.6422718 10.6196629772 1)
(3.0710575 -3.01866071867 1)
(0.069359023 6.38375476342 1)
(0.074084125 2.84403204461 1)
(13.390961 -12.087844034 1)
(7.2353141 -1.55073122399 1)
(-2.3133056 7.88520028804 1)
(9.5209172 -9.44687697391 1)
(9.1310647 -9.64018204344 1)
(9.1016161 -10.071042794 1)
(6.95451 -1.76255875906 1)
(-0.75541182 0.590731777811 1)
(-1.9462105 12.9458686951 1)
(-1.9195078 13.3797499911 1)
(18.079358 6.80426979196 1)
(18.486894 6.53894202212 1)
(-5.5938421 -5.25256617505 1)
(-5.3344443 -12.7747660668 1)
(-8.5763271 -0.29260856665 1)
(5.0496947 -1.09220022002 1)
(-4.308982 7.53932973419 1)
(9.9302975 -3.77991198553 1)
(-1.8859584 10.7994161961 1)
(18.917458 5.15803001152 1)
(2.752917 13.3604921481 1)
(3.1488675 13.5880531609 1)
(2.7962345 13.8356043465 1)
(3.544254 13.3529639274 1)
(-6.6540643 12.8793289478 1)
(-6.2416108 13.1352350871 1)
(-6.2616072 13.6211546556 1)
(2.5180133 1.44554754781 1)
(2.4824787 1.26071552018 1)
(3.5488478 13.8046905748 1)
(3.9536954 13.5722627168 1)
(3.9843135 14.1068720034 1)
(5.2269582 7.08527605185 1)
(5.1742475 -13.7269488632 1)
(4.7855981 -13.462936609 1)
(4.6933066 -1.69757795574 1)
(4.9546321 -1.61405938627 1)
(4.9009849 -1.88532338835 1)
(3.8009316 7.96330541419 1)
(-3.5397282 -7.005833618 1)
(-8.8291074 -6.13972948938 1)
(-0.10189838 -4.61882795041 1)
(18.953492 -9.10126285984 1)
(-2.9659038 1.77890814647 1)
(-2.9126129 2.0073870334 1)
(-2.9950442 1.55375117404 1)
(8.5235666 9.35343591087 1)
(8.8557747 9.13578526677 1)
(8.1782776 9.56420351374 1)
(-5.4419442 -13.6664336804 1)
(-9.1256696 4.01818419334 1)
(-0.43694401 -1.51001000773 1)
(-0.32243997 -1.61721049986 1)
(-1.4385596 -13.1755373754 1)
(-1.4960626 -13.639240395 1)
(1.1563523 10.9819485419 1)
(0.058282222 -0.671022837399 1)
(0.015921229 -0.740148452004 1)
(-0.15477051 11.0222027342 1)
(2.7079657 -1.0354160718 1)
(2.7495945 -0.831756628582 1)
(2.9467261 -0.762297330479 1)
(2.7901709 -0.627895674124 1)
(2.9853909 -0.558977045932 1)
(2.8304418 -0.425089117299 1)
(3.0195111 -0.362930272018 1)
(2.868865 -0.224350417087 1)
(3.086484 -0.158033845256 1)
(2.9125982 -0.0229862062576 1)
(3.1016366 0.0464037804176 1)
(-6.7183379 0.490079051588 1)
(0.37493384 -0.933584251493 1)
(-3.4215118 -10.7692367249 1)
(-0.10227528 1.59354597055 1)
(-0.046354103 1.72658328762 1)
(0.25427954 1.77021990243 1)
(1.7582223 0.0915111448608 1)
(1.6943853 -0.0351703038239 1)
(8.9743296 13.2096703803 1)
(8.9965502 13.6779654022 1)
(8.5462658 13.9037642933 1)
(6.5962908 -4.18952185564 1)
(2.6613665 1.32074727584 1)
(2.5527519 11.0418989369 1)
(11.22139 3.37713815175 1)
(-5.1573109 13.8325428252 1)
(2.311268 -1.9728166883 1)
(2.1294833 -2.02948394166 1)
(-1.828619 -1.31481987401 1)
(5.6268347 -14.029063172 1)
(-0.47088625 11.6548570039 1)
(0.36049245 0.537900430548 1)
(0.77137718 1.04281366534 1)
(-0.66421004 4.39305204611 1)
(-8.0803084 -5.38029399124 1)
(-7.6915282 -5.19008135343 1)
(-2.6342502 -8.43980968062 1)
(4.0568853 6.77885199981 1)
(15.284701 -8.12010737269 1)
(1.0609719 4.39570282332 1)
(-8.7754165 -4.41508984937 1)
(-8.7341421 -3.8778665729 1)
(6.4170748 9.01758109269 1)
(6.0755787 9.22724700369 1)
(6.0849047 9.62278206249 1)
(5.7349807 9.43672068638 1)
(5.7392835 9.82961418765 1)
(5.3867622 9.63607791908 1)
(11.05833 -0.752763538291 1)
(10.735824 -0.545201593834 1)
(-8.7708932 -8.67848039154 1)
(-8.7067196 -8.23995107103 1)
(-8.8361159 -9.14502747792 1)
(-2.1945224 0.695170576956 1)
(18.81162 -11.2235414424 1)
(5.380829 10.4641875639 1)
(-0.54910942 -1.40182481249 1)
(0.52049895 -0.477880735216 1)
(0.60180966 -0.465842965928 1)
(0.87974418 8.962306415 1)
(-3.9648642 -0.544282586225 1)
(18.777096 -12.1950155301 1)
(-0.13970309 1.84391679823 1)
(0.015521063 1.86390653222 1)
(-2.7782606 5.98424592306 1)
(5.274508 4.12333016953 1)
(5.0289576 3.98026900808 1)
(4.3809535 7.60494109633 1)
(-0.069383445 9.16425157623 1)
(-7.2700446 1.54781911843 1)
(-7.2334914 1.19290188638 1)
(0.27323731 -0.925741435086 1)
(-4.7279564 -6.88338064701 1)
(-4.3659621 -6.72368557922 1)
(6.9676311 5.34867685064 1)
(6.6715507 5.51381032928 1)
(-0.05294383 -6.70992969847 1)
(0.25461475 -6.54829954436 1)
(-0.3479491 -6.86510957506 1)
(11.988379 10.3168665661 1)
(0.43653287 -0.484977353342 1)
(0.74471331 -1.15148936448 1)
(0.69055199 -1.27066793495 1)
(18.756322 11.8555719048 1)
(-4.2492602 5.72421984655 1)
(-4.2432467 5.37425194933 1)
(-4.532535 5.18374741363 1)
(13.658395 10.6619831137 1)
(1.6915917 0.582156095735 1)
(1.7909849 0.463092712385 1)
(1.8128987 0.231576490383 1)
(13.403518 -4.6442867574 1)
(-1.51992 2.89763538577 1)
(-8.7293599 1.38530699838 1)
(-8.7314216 0.913157092562 1)
(18.037772 -3.18234904914 1)
(-3.8624471 8.31740841027 1)
(5.8592326 13.7638871931 1)
(6.2440643 13.5260944893 1)
(5.463589 14.092594307 1)
(7.9142292 -0.573179028412 1)
(0.47786261 -1.16725150621 1)
(4.7200501 -8.25996097319 1)
(-0.75843231 12.6783953744 1)
(9.6264542 11.7655716939 1)
(10.019658 11.5196018243 1)
(9.2405588 12.0051530908 1)
(0.55172232 -0.40417175706 1)
(0.63008926 -0.388561273087 1)
(18.407219 -3.86846726251 1)
(-6.3309796 -7.98788977365 1)
(-5.9741493 -8.26741077923 1)
(-4.1040904 0.145401388303 1)
(-4.3638913 0.0312133205333 1)
(7.3864405 0.486145473646 1)
(1.9985146 13.8230400321 1)
(10.783482 0.944218394111 1)
(6.1197077 6.9053834288 1)
(14.633478 -11.9134525203 1)
(4.3657393 13.7812875904 1)
(8.4097261 6.9816426242 1)
(8.7384335 6.77267639819 1)
(6.8715786 10.8345481399 1)
(6.8522844 10.4130114915 1)
(7.4804221 -12.5336534593 1)
(-8.2821232 3.65310660979 1)
(-4.9660642 -13.0368496459 1)
(11.148918 0.761420311932 1)
(-1.2661049 -7.3417201384 1)
(-5.3426151 -0.41615614874 1)
(9.6733839 -2.44731246642 1)
(-2.6818771 -13.7704602439 1)
(3.2429733 -2.06016421283 1)
(4.0262742 -2.6181749625 1)
(4.2831919 -2.5390535197 1)
(8.764608 -7.03442554584 1)
(9.1172348 -6.86042302988 1)
(8.3882266 -7.21223956049 1)
(5.6354989 -10.5036503718 1)
(5.9788673 -10.3398553357 1)
(9.4719449 0.59326603917 1)
(7.2581794 5.15120530479 1)
(-6.6276365 -4.93765464279 1)
(3.7760803 -7.63804072149 1)
(3.4430467 -7.78920859561 1)
(3.4107014 -8.15329652208 1)
(3.097358 -7.949405984 1)
(3.0771734 -8.30735115619 1)
(2.7528954 -8.110608435 1)
(2.7417158 -8.46447583069 1)
(-8.7027329 11.5628586314 1)
(1.9635467 3.88098253901 1)
(2.1370864 3.73502512876 1)
(2.0654182 3.51589746795 1)
(2.3040228 3.5843622799 1)
(2.2191565 3.34296994459 1)
(2.4699136 3.43149674716 1)
(2.4263809 3.20806123719 1)
(2.6479105 3.28273192179 1)
(2.6033031 3.06219274587 1)
(2.8184259 3.12736035709 1)
(2.7727966 2.91355684965 1)
(2.9836769 2.98594033927 1)
(3.0402054 3.18990581693 1)
(2.9400232 2.76643911609 1)
(3.1512963 2.83640811543 1)
(3.108299 2.61714260536 1)
(3.3226081 2.68901227798 1)
(3.2777803 2.4679015826 1)
(3.4946499 2.5394850957 1)
(3.4478726 2.31430756437 1)
(3.6689716 2.38500816302 1)
(3.7150895 2.61612360662 1)
(3.8933623 2.46055093101 1)
(3.8455962 2.22587722533 1)
(4.074226 2.30325541729 1)
(4.0244241 2.06462729993 1)
(4.2582916 2.14290659053 1)
(3.3703255 2.94287101397 1)
(-1.9885888 0.926969145203 1)
(1.4934076 8.55708427527 1)
(0.57138498 1.5660208715 1)
(0.65862467 1.44437965144 1)
(15.014441 -12.1989812414 1)
(12.949642 2.63799520697 1)
(13.312134 2.81436231693 1)
(-4.7023345 -10.7231995556 1)
(-4.3068296 -10.5441254271 1)
(17.980104 2.93809442096 1)
(4.5941788 10.1021446212 1)
(4.5953622 0.217146108366 1)
(-4.9696259 -9.53266144981 1)
(-5.3261659 -9.25706429948 1)
(-4.614642 -9.79994061637 1)
(3.18191 -0.49169365447 1)
(4.2066449 1.90341903097 1)
(4.4440995 1.97924708392 1)
(4.4955258 2.22504229546 1)
(15.140836 2.01078655618 1)
(15.116281 1.53614645661 1)
(0.13594615 -0.817572023066 1)
(-6.3216605 1.0178066747 1)
(2.428089 -8.26784634975 1)
(2.4035297 -8.62289535728 1)
(2.109578 -8.42702827157 1)
(7.7576958 -7.52527480501 1)
(-2.2827742 8.22242853421 1)
(18.425447 3.52005305367 1)
(18.831804 3.73439980617 1)
(18.827769 3.25934717132 1)
(11.601119 -6.31788737556 1)
(-4.0300931 -4.04722309621 1)
(-3.0054917 -10.99354088 1)
(4.6051585 -10.9733600531 1)
(4.2175518 -11.1632753419 1)
(-0.15106101 0.639911372615 1)
(-0.23594401 0.631318660944 1)
(-0.2850476 0.688328282168 1)
(0.40111047 -0.568030403413 1)
(12.235317 2.67026891876 1)
(11.898162 2.89097628874 1)
(-9.1571847 -4.13820720944 1)
(-2.4086266 2.14945324626 1)
(14.232222 -11.6511803449 1)
(9.1436387 -6.46479169998 1)
(18.780295 -4.59059532607 1)
(18.767619 -5.05883192977 1)
(-2.7743516 0.206551221263 1)
(3.1639482 -11.330886119 1)
(3.1810433 -10.9080029882 1)
(10.534054 -11.6802023406 1)
(18.903176 6.76026923044 1)
(18.869651 6.18372542425 1)
(0.61278072 -12.7398649221 1)
(7.4639002 4.00363083446 1)
(7.745163 4.15105061808 1)
(17.642384 4.0369786433 1)
(5.2570741 3.53602430437 1)
(5.4914415 3.37496142642 1)
(0.80058005 6.7571236714 1)
(-3.8889913 -7.16997421673 1)
(-0.16837104 -1.57404870338 1)
(3.9653193 -0.795859068236 1)
(16.562749 10.2915718352 1)
(1.3015898 -12.5140475378 1)
(0.69686277 4.70040872337 1)
(4.6786076 2.05462587364 1)
(-6.4535638 -9.41860662351 1)
(-5.0565155 -0.282229729231 1)
(-6.8273405 8.99227629975 1)
(0.54063013 9.48875297309 1)
(4.4970021 -0.307800292456 1)
(-8.775884 -2.47109421412 1)
(-8.8158018 -2.90056064879 1)
(14.904691 -2.94834689097 1)
(-2.6037782 8.04763077446 1)
(2.8384008 -10.684806291 1)
(7.4325296 1.79512243066 1)
(7.0931431 1.68035113476 1)
(7.7147634 1.95678656072 1)
(-3.5950043 3.6806975507 1)
(0.0047045005 0.915659341002 1)
(-1.8120829 3.99812709704 1)
(15.219213 -4.07687141111 1)
(15.196569 -4.49450112314 1)
(14.804917 -4.68254629871 1)
(15.167656 -4.93899409034 1)
(15.562625 -4.77558956272 1)
(15.540111 -5.19035479608 1)
(4.6446359 0.473802213867 1)
(7.4868886 -5.82184861373 1)
(13.737624 -3.52038377653 1)
(11.383914 -0.953912644757 1)
(17.877919 11.4377322678 1)
(18.288586 11.1228861886 1)
(-0.53337052 0.685572404292 1)
(-0.4462346 0.696131470638 1)
(0.31009846 0.615114638593 1)
(17.381182 -0.825575474884 1)
(4.9224791 6.25184206846 1)
(5.162588 -0.270959747108 1)
(8.7497003 -9.81668302446 1)
(8.718028 -10.2489787023 1)
(15.149716 -5.38484900923 1)
(15.506322 -5.63909985161 1)
(-1.6780787 8.56413541403 1)
(-1.3831658 8.7452665801 1)
(10.311887 -2.84869307236 1)
(0.52195162 1.21820083188 1)
(0.63375718 1.22680657347 1)
(9.7641569 1.4081367437 1)
(16.839745 -9.19677925874 1)
(16.80173 -9.67912992491 1)
(0.82085878 -1.26769016843 1)
(0.76205783 -1.39272928949 1)
(0.60401112 -1.39100772849 1)
(3.4888761 7.1319786687 1)
(-8.8315581 7.11688781688 1)
(-8.7639867 6.61335127792 1)
(-8.3504485 6.41018182208 1)
(-8.7262262 6.15724812973 1)
(-8.316528 5.95782892362 1)
(-8.7163649 5.7069924184 1)
(-9.1470126 6.38116151816 1)
(9.7667962 -0.312682017293 1)
(-7.1705692 8.78034798587 1)
(-2.1830475 -0.00702008090148 1)
(2.2740223 1.86710339579 1)
(1.6096349 4.1755323684 1)
(4.2528324 10.3237643427 1)
(-0.65420169 9.21526747024 1)
(-0.3109442 0.616593958957 1)
(8.1466654 -5.84537698949 1)
(8.4930525 -5.66851799744 1)
(8.8337592 -5.87327340389 1)
(0.6544364 -11.8121089452 1)
(0.31867616 -11.5442453049 1)
(-4.1295438 -12.6556540515 1)
(1.8456437 -1.74489470282 1)
(1.8078249 -1.92753949437 1)
(1.6270164 -1.98510545596 1)
(1.7673179 -2.11779716908 1)
(1.5823309 -2.17754833397 1)
(1.1083362 8.10751485704 1)
(16.481914 4.81307156256 1)
(-2.5072223 3.8775454082 1)
(-2.7310421 4.00327758666 1)
(-2.7381965 3.74720834044 1)
(-3.014764 3.84480421519 1)
(-2.9722554 3.56290597429 1)
(15.792953 -12.2828489431 1)
(3.7997975 1.99500141475 1)
(-1.0634904 -8.22643566882 1)
(-5.4674996 12.6455585508 1)
(-2.2994951 -1.59928859889 1)
(-2.2436416 -1.39160571682 1)
(-1.3781508 -12.7158888978 1)
(1.0560616 1.22908000041 1)
(0.92050805 1.18584962126 1)
(0.58217605 -0.330725128158 1)
(0.65871735 -0.313446775075 1)
(0.70894214 -0.374036676326 1)
(0.74016209 -0.296628034207 1)
(0.67677451 -0.224743007758 1)
(0.76677504 -0.215736195795 1)
(0.71395117 -0.147737922412 1)
(0.79482909 -0.134349106473 1)
(0.73933579 -0.0697157442183 1)
(0.82103579 -0.0536269749226 1)
(0.76568455 0.0125075547151 1)
(0.85086 0.0276671714916 1)
(0.79222555 0.0940787586035 1)
(0.66905785 -0.0804236923655 1)
(0.71097857 0.0758924279991 1)
(0.73349322 0.15553062665 1)
(0.66039419 0.134331530321 1)
(0.67784091 0.215053697506 1)
(0.75699564 0.234455429623 1)
(0.70084806 0.291759056184 1)
(0.83553038 -0.286217992199 1)
(1.6420816 1.80991099529 1)
(-3.6259054 -7.75766644592 1)
(18.931441 -2.30230689055 1)
(18.988984 -1.84010884086 1)
(6.2039409 12.6097343905 1)
(8.48284 8.53965575155 1)
(-8.6281191 3.42669779615 1)
(17.280646 4.76429331079 1)
(4.9532564 -4.77502362369 1)
(4.7007595 -4.587824498 1)
(2.1034404 -8.77491621423 1)
(16.944248 -1.49453009692 1)
(5.6549952 -9.70443457945 1)
(0.32822181 5.02904008757 1)
(19.194113 -4.89751221438 1)
(18.978559 7.75023577466 1)
(-2.6306825 -0.803759672434 1)
(-2.7104792 -0.990192311695 1)
(-0.45078295 12.0834924738 1)
(0.19039143 -8.70878531197 1)
(0.15589711 -9.09179557398 1)
(4.3398218 13.3265677745 1)
(-3.5976564 10.1508316576 1)
(-3.6070943 10.5736735766 1)
(-3.9608298 10.7824742151 1)
(-3.615981 10.9949140113 1)
(19.177903 -12.4703465421 1)
(1.2021183 13.362061177 1)
(1.2273155 13.8301865473 1)
(-5.0327929 9.67908116986 1)
(-5.4218337 9.8738807153 1)
(-5.4321269 10.3138258359 1)
(-5.813977 10.0686945423 1)
(19.047707 0.32652895174 1)
(-8.4552618 -3.14111275347 1)
(2.5254973 3.65633749759 1)
(-5.1150779 4.78280956104 1)
(-5.4089731 4.59371373873 1)
(-5.7308407 4.72297728053 1)
(9.5063734 1.94506889225 1)
(-3.1327152 13.1708087439 1)
(-3.1819546 13.7060264123 1)
(-2.7546235 13.8231409886 1)
(-6.9108888 -10.0885045592 1)
(-6.9855522 -10.5273614043 1)
(16.400598 6.4542278902 1)
(16.815013 6.66566997206 1)
(-0.35788951 -4.69473145644 1)
(-0.15947887 -4.89898434043 1)
(6.5548566 -13.850914485 1)
(6.9761612 -14.1203716573 1)
(19.113282 -6.66344940176 1)
(9.1588348 8.53185938314 1)
(9.5191436 8.72827629526 1)
(1.8826782 10.6383155565 1)
(-0.65303157 1.14862567422 1)
(11.010885 -3.25847161515 1)
(5.231683 -5.26772248229 1)
(5.2129589 -5.60137948864 1)
(-0.91674596 3.10129737109 1)
(0.49335382 0.487058118346 1)
(0.57118699 0.488927166266 1)
(0.53653183 0.423466984833 1)
(0.6143831 0.421951939384 1)
(0.57834893 0.354808298948 1)
(0.65575625 0.486765161933 1)
(1.8988509 1.58491608643 1)
(-0.58742565 -1.55519011552 1)
(-8.8318622 7.92150545159 1)
(0.50746464 -13.5334436882 1)
(-5.1742592 -3.25244282882 1)
(-5.1549991 -2.90894884906 1)
(-4.8419014 -2.75741008052 1)
(-5.1242333 -2.55553746728 1)
(-4.8129945 -2.40822380067 1)
(-5.0997376 -2.20532179495 1)
(-5.4040991 -2.3737432066 1)
(-5.3814608 -2.00369361766 1)
(-5.0725148 -1.86116080552 1)
(-0.24396938 5.14893319153 1)
(-5.1728287 -4.26521562912 1)
(-5.1877255 -4.66154877345 1)
(18.288181 -6.15909423865 1)
(18.719938 -5.94150262568 1)
(-7.6314072 -2.32049932003 1)
(16.649819 0.931900074436 1)
(16.267429 1.18079911697 1)
(-7.5854661 -1.45587305188 1)
(1.0607335 6.59855442043 1)
(1.046522 6.32119884739 1)
(1.3054531 6.44361588388 1)
(1.2950863 6.16120794828 1)
(1.5502486 6.28384200117 1)
(1.5385126 6.00030984488 1)
(1.7939052 6.12552847678 1)
(1.780624 5.84405132884 1)
(2.0328335 5.9649436744 1)
(2.0205266 5.68668301827 1)
(2.2721673 5.80822509231 1)
(2.2577468 5.52795548099 1)
(2.5089039 5.6507481579 1)
(2.49549 5.37205271486 1)
(2.7460805 5.49661445415 1)
(2.7314336 5.21729200218 1)
(2.9805264 5.34085982381 1)
(2.9648199 5.06290745838 1)
(3.2151074 5.18751870512 1)
(3.197883 4.90974399849 1)
(3.4503567 5.03469426953 1)
(3.4312109 4.75639188659 1)
(3.6832595 4.88004542496 1)
(3.6632741 4.60414040164 1)
(3.9127343 4.72521155059 1)
(3.8949386 4.45037927135 1)
(4.1451481 4.571713181 1)
(4.1286576 4.29421885731 1)
(4.3785075 4.41787084982 1)
(4.3641665 4.14174712874 1)
(2.7195615 4.93330460315 1)
(4.6130025 4.26336618973 1)
(3.4676173 5.31822086191 1)
(4.5961257 3.98226795508 1)
(3.4000907 4.4864120773 1)
(17.808899 0.159383350564 1)
(9.2189065 11.5816014472 1)
(3.9320189 2.67763938385 1)
(-9.2244461 -8.92974255979 1)
(11.942902 0.940909900325 1)
(5.3105547 1.32121382893 1)
(5.2715465 1.08322398511 1)
(6.7984924 -0.488178434517 1)
(2.617707 1.13600595002 1)
(-0.021963203 -0.672310722943 1)
(-0.064066367 -0.736691924582 1)
(-0.10195957 -0.668347285587 1)
(-0.14271311 -0.736754385875 1)
(-0.18243239 -0.667467295383 1)
(-0.22289671 -0.738301541915 1)
(-0.26422745 -0.66091673558 1)
(-0.30587305 -0.732266371752 1)
(-0.34191002 -0.654880223954 1)
(-0.21531482 -0.589598988437 1)
(-0.030451739 -0.807749297258 1)
(1.7647255 3.25067830245 1)
(10.721956 -0.914022309101 1)
(-5.6905611 4.40721873517 1)
(-6.0314294 4.52438940313 1)
(-1.9007324 0.618508660335 1)
(-1.7732807 0.505125801318 1)
(3.225669 -3.23408051196 1)
(3.0038628 -3.26187210158 1)
(-3.8790331 7.9298369111 1)
(1.4183358 -0.0262137329126 1)
(1.4977984 -0.13156403973 1)
(1.4383992 -0.254849210384 1)
(1.576003 -0.248621132218 1)
(1.5170563 -0.375127868225 1)
(1.6610545 -0.365543960285 1)
(1.5899071 -0.495211342944 1)
(1.4504504 -0.505507040011 1)
(1.5242477 -0.628084614602 1)
(1.3840788 -0.639925246701 1)
(1.4623372 -0.76319932214 1)
(1.6241007 -0.739438510312 1)
(1.3161797 -0.764942622881 1)
(15.585857 -9.31187098573 1)
(15.99301 -9.58106945886 1)
(4.2353166 -10.7450686831 1)
(3.8749242 -10.929899973 1)
(3.8776983 -10.5375606148 1)
(-1.10706 -13.8879954458 1)
(-1.5176987 -14.1420864901 1)
(13.307291 2.41173479662 1)
(-3.8650414 0.243487118527 1)
(-2.5671466 10.7963094832 1)
(-2.9533376 10.9735079241 1)
(0.31228128 -1.49714783027 1)
(-0.68323024 0.093436286009 1)
(-0.65262316 0.182584301383 1)
(-1.0400676 2.52148236283 1)
(-4.621128 -6.12672386291 1)
(3.0767177 -1.90805164267 1)
(2.8601758 -1.97572563267 1)
(1.3714869 -1.09048890148 1)
(1.3391449 -1.26629411446 1)
(-0.65509209 2.65935757949 1)
(-6.5261676 9.60893470556 1)
(17.014856 0.249162186042 1)
(1.5229998 5.7148107204 1)
(-1.1975488 1.06786445068 1)
(3.1900844 0.890912914999 1)
(-6.0299435 -9.2085743958 1)
(5.2333075 3.2456828819 1)
(2.2752787 -2.18199008264 1)
(1.7259838 -12.3457209129 1)
(-0.30622068 0.897274028867 1)
(1.2257265 2.16913496428 1)
(6.955901 -2.10800875512 1)
(0.099723734 -0.605597894189 1)
(-1.071441 8.18829198509 1)
(-1.1292173 7.84343816435 1)
(3.0981843 -11.7811517562 1)
(-7.6659845 -2.74988558946 1)
(-4.0713409 0.4146912855 1)
(0.89519641 0.116929757278 1)
(-3.0073555 2.33412863532 1)
(-1.9212951 1.22042370364 1)
(2.7410403 -0.0976151959813 1)
(18.612699 -0.629329399187 1)
(-6.9819933 -5.1542476206 1)
(8.2216722 -14.0102094706 1)
(8.58493 -14.2389899594 1)
(10.929452 -4.04371762767 1)
(10.573202 -4.21512605072 1)
(11.28459 -3.86507063525 1)
(-1.8606505 -13.3621060871 1)
(1.0730908 -1.26841081172 1)
(0.89811843 -1.39743495764 1)
(2.014657 5.39417996635 1)
(-0.76303704 -8.79024288499 1)
(-0.47237577 -9.04179417653 1)
(1.4992128 -9.1146829909 1)
(17.200085 -9.95185733929 1)
(13.674082 7.31130984779 1)
(13.302103 7.55746107501 1)
(15.152833 -5.83416587331 1)
(15.494633 -6.08954259841 1)
(-0.26434488 -0.81686236631 1)
(-0.57189192 0.379966147999 1)
(-5.7757662 9.64729868327 1)
(-0.30328034 -14.0134638783 1)
(0.076242034 -14.2349368793 1)
(13.318171 7.96270309824 1)
(2.5695864 -12.3920717832 1)
(8.5398362 9.76856322361 1)
(1.282341 0.538176554249 1)
(2.3048108 6.11231943434 1)
(2.7468008 11.5171562961 1)
(16.746763 -10.1273483577 1)
(-3.3322555 3.78122684082 1)
(0.70440737 -11.3615686122 1)
(-5.3525428 -1.65048908698 1)
(-0.16876645 1.45807819617 1)
(6.601734 -3.84232097166 1)
(-0.72817965 -0.197408068469 1)
(-0.6654235 -0.258130754159 1)
(-0.68520137 -0.34179433984 1)
(-0.60703208 -0.313471724751 1)
(-0.61824015 -0.395398442035 1)
(-0.69613524 -0.423915302741 1)
(-0.63040436 -0.477199389746 1)
(-0.5526195 -0.448220797253 1)
(-0.56427289 -0.530089705148 1)
(-0.4895873 -0.499877946884 1)
(-0.49935205 -0.581723782216 1)
(-0.47664349 -0.414513726449 1)
(-0.42979477 -0.547482593425 1)
(-0.59120131 -0.235105262652 1)
(14.367168 1.65899989916 1)
(14.878256 -13.2196865319 1)
(14.852451 -13.7161845401 1)
(19.248447 3.47607168915 1)
(-4.9355321 -5.68186035636 1)
(-1.6037642 4.90179595043 1)
(1.3155548 -11.8283138359 1)
(-2.7019663 2.08835646641 1)
(0.784454 0.312757376747 1)
(0.69815989 0.421832641807 1)
(2.7918851 1.19417609531 1)
(-8.934732 -7.07234260772 1)
(1.8386758 8.33948438539 1)
(3.4730233 -7.41664223227 1)
(-2.0370687 4.6575196299 1)
(-8.8599616 -3.34912253161 1)
(9.8099448 6.89331956053 1)
(0.35645841 -0.487363917687 1)
(2.231138 3.10601666003 1)
(1.7253409 -2.30510646626 1)
(1.5326817 -2.36252607965 1)
(1.3902997 -2.23423534273 1)
(1.3409773 -2.42254886014 1)
(1.1979928 -2.29424661747 1)
(1.1491588 -2.47986300414 1)
(1.0065018 -2.35209463614 1)
(0.9599194 -2.54422904998 1)
(0.81352031 -2.41058485695 1)
(0.76809609 -2.60237488383 1)
(0.62227409 -2.46909887923 1)
(0.57319151 -2.6571263127 1)
(0.42897355 -2.52581292114 1)
(0.37827505 -2.71763006035 1)
(0.23753516 -2.58464746403 1)
(0.18072027 -2.77713678628 1)
(0.036750043 -2.63326000746 1)
(0.91254082 -2.73593268748 1)
(-0.37459746 -0.796964619119 1)
(-5.8499768 13.3725743922 1)
(-4.3426223 -0.248042946616 1)
(-4.582428 -0.096164841365 1)
(1.9018916 -2.24565049953 1)
(0.31363264 -0.550039591663 1)
(18.908372 -9.61850177669 1)
(-1.1974218 1.46131827103 1)
(-1.0549874 1.49364450799 1)
(-8.2907321 3.23860893483 1)
(-2.9406622 2.82065498518 1)
(0.52406854 11.4589949678 1)
(1.1911084 1.22068883583 1)
(3.4331565 -2.20419739148 1)
(-2.0757576 0.195327664485 1)
(-1.9130357 0.276698643877 1)
(-1.1289938 1.61357385236 1)
(10.245381 -13.8620205408 1)
(10.684968 -13.6657045199 1)
(10.715917 -13.1946574418 1)
(11.11162 -13.4695364235 1)
(11.077102 -13.9101552915 1)
(11.540331 -13.7818713661 1)
(9.8146138 -14.0592640054 1)
(4.9701427 -4.44272434832 1)
(4.7204988 -4.26711344164 1)
(4.439487 -4.41265475536 1)
(4.9904752 -4.12405122822 1)
(4.7392347 -3.95145703146 1)
(-5.8831507 13.8506244212 1)
(1.081412 2.27922407717 1)
(9.3689209 13.4299644222 1)
(9.4323018 13.8897431645 1)
(1.7207522 -0.241247275621 1)
(1.8124448 -0.35632214698 1)
(1.8780979 -0.225118270835 1)
(4.6314109 4.54642185713 1)
(0.14831389 5.17654380074 1)
(-8.9634343 9.38589560563 1)
(-7.9669964 6.21062119242 1)
(-7.9042487 5.68207765143 1)
(7.1190007 -7.82305845172 1)
(6.7856585 -7.6132697187 1)
(18.450389 6.07080243826 1)
(8.1709771 -5.10241896946 1)
(-9.2367275 -6.28392396189 1)
(6.8263521 1.15865692574 1)
(9.0716868 -10.5039973811 1)
(7.5103768 -2.47850340954 1)
(7.790206 -2.68137328952 1)
(19.10525 0.743511392443 1)
(-0.9900728 0.174265165988 1)
(-1.0738117 0.251171367104 1)
(6.9289747 -1.48155655338 1)
(-7.9972937 0.984910112399 1)
(1.9989673 -13.9287593632 1)
(2.3920558 -14.2097871531 1)
(2.7922615 -14.0111287424 1)
(-0.4355723 1.79975446239 1)
(-0.58806921 1.77459540151 1)
(-7.1932477 -14.004295407 1)
(-7.6191289 -14.2050312763 1)
(18.028449 -10.1743944647 1)
(-7.7069401 -5.63750814667 1)
(19.095465 -8.59950681324 1)
(6.8604585 0.496789740069 1)
(-3.6725031 7.21908204815 1)
(14.105981 8.37887231437 1)
(-0.96512634 9.05821264268 1)
(19.057697 -7.64047714383 1)
(19.082415 -0.918089999484 1)
(-4.2138109 5.00681116901 1)
(7.3045047 -1.17854767149 1)
(-2.3923067 -0.0522727579975 1)
(1.9035722 11.063558941 1)
(5.3087245 0.188742642578 1)
(5.3380609 0.488030395571 1)
(5.1260426 0.66210455765 1)
(6.6528539 -1.93715103519 1)
(-0.62387924 0.6760452957 1)
(-3.9889545 11.2175837156 1)
(-0.18645072 4.6475177968 1)
(-8.9738715 -10.0777558835 1)
(-0.3307187 -0.903030781241 1)
(-9.053411 10.3723247758 1)
(-5.3161933 -0.13621367613 1)
(-3.8409264 -6.78901222139 1)
(-3.2069919 7.73731227721 1)
(-1.6289652 0.56218282221 1)
(2.3257193 7.80955092547 1)
(15.320086 -7.66252971559 1)
(15.737093 -7.45850436961 1)
(15.347408 -7.18301628845 1)
(-5.9797626 1.15688069411 1)
(-6.0106658 1.54722101699 1)
(-5.7124777 1.3766551499 1)
(-5.7191441 1.71328199524 1)
(-5.4298988 1.54939147493 1)
(-5.4319851 1.87492327617 1)
(-5.1542459 1.71696312082 1)
(-5.155202 2.03309903292 1)
(-4.886012 1.87840254432 1)
(-4.887642 2.18797417767 1)
(-5.1543225 2.34447998449 1)
(-4.8873217 2.49703602525 1)
(-4.6248162 2.34240350678 1)
(-4.6243129 2.64454227244 1)
(-5.7263345 2.06681301629 1)
(-5.1509355 2.64893556306 1)
(-5.4289285 1.233089895 1)
(-5.4251773 2.49979714308 1)
(4.7542303 -13.9642947162 1)
(4.3670663 -13.6743757818 1)
(4.3283399 -14.166176092 1)
(3.9357148 -13.8777550507 1)
(3.9451994 -14.3928514166 1)
(2.6225838 -1.25497209332 1)
(-5.6508229 -0.541169203737 1)
(-4.8830721 1.56566281335 1)
(-4.6317276 1.73463567277 1)
(1.8661683 2.21957838306 1)
(-1.4452609 1.17382340723 1)
(-1.5264252 1.33047075422 1)
(-0.77616243 1.59224425853 1)
(6.8576662 3.3972565318 1)
(7.1444335 3.53929348588 1)
(-4.3854162 2.51155846636 1)
(-4.3822705 2.79347809715 1)
(-4.6178806 2.93819421202 1)
(-4.3577962 3.06657409924 1)
(-4.3367559 2.20901681474 1)
(19.295484 6.50155009718 1)
(-2.5477896 -1.17933991203 1)
(4.9434554 -10.8096300852 1)
(5.3256946 -11.0536789753 1)
(0.92151352 -0.0506924671514 1)
(-2.5885057 6.38219569723 1)
(-2.3151433 6.19111154589 1)
(-2.0369063 6.37190767727 1)
(-2.8611543 6.56846116658 1)
(-2.1963373 2.03218373181 1)
(2.4937348 -1.07414578235 1)
(0.3577834 0.7862132823 1)
(11.02357 -10.5629096366 1)
(11.42482 -10.3290914144 1)
(-3.1822357 1.69170569805 1)
(5.5023241 2.00319751843 1)
(-5.9602466 4.1471068894 1)
(-6.3215433 4.3109533053 1)
(3.8798511 4.17124054363 1)
(-0.35666297 -0.433035662642 1)
(-0.52397637 0.244009264525 1)
(0.56975207 -0.00888970223773 1)
(0.032018566 0.574589326001 1)
(0.11184419 0.576734416435 1)
(0.55610209 -0.139050546763 1)
(0.3696204 0.440544367715 1)
(-0.12701905 -0.548080790541 1)
(15.187542 -9.02558651731 1)
(-8.4652945 -5.55763510836 1)
(-8.8336007 -5.28748651873 1)
(-6.276688 14.0609682105 1)
(-8.9706773 -0.405914989759 1)
(-8.8567903 0.0601774448346 1)
(-9.1212206 -0.876123060896 1)
(-2.356267 -1.83056405393 1)
(-7.0185419 0.706347029635 1)
(0.47403559 0.297690182271 1)
(-0.14448431 0.886155409955 1)
(10.519131 7.25097554748 1)
(-7.4240674 -10.7548404325 1)
(-4.2948618 -14.0736346207 1)
(-4.7047183 -13.8124185603 1)
(-3.9373639 -14.3628530394 1)
(-3.9394979 5.23502241664 1)
(-0.57438863 -0.0386878873068 1)
(-0.63304351 0.0245033024578 1)
(-0.55384548 0.153422534676 1)
(15.304244 9.07125534594 1)
(15.699557 8.81036360516 1)
(15.72207 9.2917497048 1)
(16.115395 9.02703761829 1)
(0.54172463 0.140321290138 1)
(-0.95074708 0.614273786871 1)
(11.824959 -10.0910082711 1)
(11.842735 -9.60141046875 1)
(12.227535 -9.86970122339 1)
(12.24819 -9.40191551837 1)
(5.9629689 -12.8677055586 1)
(0.4744352 -0.279043234357 1)
(-5.6779857 -0.845527593103 1)
(-3.9203485 -10.7915462602 1)
(10.190891 -11.4244209968 1)
(2.6495015 -0.493071260638 1)
(19.367311 -2.09476266835 1)
(2.1684101 1.32440612818 1)
(-6.007136 -8.72603235554 1)
(-7.6151696 3.64565734141 1)
(6.2866359 -3.6442171162 1)
(2.5682183 2.8241777841 1)
(11.599633 10.0826691383 1)
(-0.018133307 -2.81953822344 1)
(0.84171265 -1.51917105205 1)
(0.50566154 7.17740386984 1)
(-2.7103096 3.51588797464 1)
(-2.921867 3.30598696916 1)
(-0.81179081 -9.2462753911 1)
(-1.9542999 -0.985983067804 1)
(-1.9189751 2.76731194815 1)
(-0.36604808 0.438935634151 1)
(-0.36454208 0.513333799732 1)
(-1.43076 2.33353944412 1)
(-9.4151817 9.08814175346 1)
(-0.42500986 0.381068516316 1)
(-4.5502593 0.215258756254 1)
(-5.1676388 -3.91247267615 1)
(19.153118 1.68252860263 1)
(19.180624 2.13541313965 1)
(-0.49956681 0.772515653956 1)
(1.3879659 -0.912727000432 1)
(-0.045036763 11.8936502024 1)
(9.4567716 6.66677713268 1)
(-0.99811777 1.6327747706 1)
(-5.4976498 -3.05468024391 1)
(3.350258 0.751552311356 1)
(3.3299995 0.549523044985 1)
(3.5160465 0.647647221933 1)
(0.39353086 -0.656937438643 1)
(-0.42048947 -4.97550202208 1)
(7.4021896 2.09503010573 1)
(10.914075 3.18599542849 1)
(10.548684 3.41444215539 1)
(19.005221 5.66153458932 1)
(-0.58028756 -0.613715293595 1)
(10.197622 -10.8126514746 1)
(0.29805436 0.705031612723 1)
(-3.2033896 2.48472903613 1)
(5.4291594 0.809969489153 1)
(16.135529 9.51492482504 1)
(6.573904 3.25504787059 1)
(12.711717 -6.17063926292 1)
(13.08426 -6.39307025411 1)
(12.34179 -5.9340774064 1)
(13.048063 -6.78900308888 1)
(1.1644364 -9.3138545491 1)
(11.217259 10.3208511636 1)
(-0.21333771 0.524825601627 1)
(-5.5459784 -4.83658188202 1)
(4.1683014 4.85163551604 1)
(12.635082 -9.66348097808 1)
(12.652553 -9.2012767389 1)
(13.038831 -9.45663528366 1)
(-0.65484445 0.356928540303 1)
(-0.59127105 0.30029215135 1)
(-0.66255623 0.271279253904 1)
(4.9588372 9.87006716324 1)
(-1.7406191 1.3078019788 1)
(-7.075846 14.1350096865 1)
(-7.528108 14.2407091244 1)
(-7.9613719 14.1096990961 1)
(-2.2789033 3.72985055625 1)
(-1.1442619 5.16009935693 1)
(6.213168 -13.6017814934 1)
(-0.018042828 0.642415656021 1)
(15.443208 13.9514461373 1)
(14.995908 13.7385236887 1)
(-2.4991216 4.39537509477 1)
(19.442626 -8.95824801114 1)
(18.470268 -9.90438144319 1)
(18.840218 -10.194354718 1)
(-0.84002828 4.27387132514 1)
(4.6043038 1.79750053344 1)
(-4.6696259 10.7879040268 1)
(11.092627 1.09290993151 1)
(0.18506017 0.694385607449 1)
(0.4908498 -9.27657685821 1)
(0.21928374 -9.46971006848 1)
(5.4846892 -5.45922973847 1)
(5.4961465 -5.79181145644 1)
(1.6723992 -0.989449290673 1)
(-4.5893303 -9.341004998 1)
(2.9395062 0.17968858348 1)
(3.1336643 0.251302032924 1)
(3.2993394 0.112637352677 1)
(2.7684982 0.300959744583 1)
(4.2240106 -2.80379417836 1)
(4.4700003 -2.71957041933 1)
(4.5298712 -2.45966374908 1)
(6.270395 13.9925808065 1)
(6.6494853 13.7433417441 1)
(6.6864011 14.2184806764 1)
(7.0854791 13.9639594013 1)
(1.3028423 -0.516309396119 1)
(-1.3020967 -8.57299993112 1)
(-1.6262025 -8.35565370133 1)
(-0.19980859 4.38163071112 1)
(-0.012775745 4.19024663796 1)
(-2.807541 -1.19113577505 1)
(-2.3378671 -8.68535219905 1)
(0.86595347 -13.1775164944 1)
(9.8100759 -10.9659449365 1)
(10.9156 7.8511473377 1)
(10.927654 8.27816898258 1)
(-0.97044506 9.40892038765 1)
(-1.2578967 9.27233119984 1)
(-0.011399907 1.03482308871 1)
(14.856349 -7.82294557159 1)
(3.5164226 -14.1536569948 1)
(-6.3079065 3.95377259816 1)
(-6.638327 4.11408324468 1)
(0.59735491 -0.197219677961 1)
(15.267536 -14.0008314195 1)
(14.822151 -14.2047878719 1)
(14.432952 -13.9143453022 1)
(15.697721 -14.2660137484 1)
(15.968976 6.24530618945 1)
(15.608494 6.51597752785 1)
(-3.1867643 6.99865200711 1)
(8.6938344 -7.44894715156 1)
(2.7334518 5.79379339726 1)
(1.2633521 -2.09764059412 1)
(-5.7895029 5.44605292829 1)
(-5.8242465 5.81621377881 1)
(14.902441 9.34838728227 1)
(11.546853 0.813271464995 1)
(-0.87206709 1.23884214285 1)
(11.286234 7.62413387342 1)
(15.904943 -5.4868483287 1)
(0.84241654 -2.22721046157 1)
(13.423334 -6.63052307377 1)
(13.446029 -6.27739942444 1)
(-1.6603482 1.44886584436 1)
(5.167172 -1.79799602328 1)
(5.0973481 -2.07632438547 1)
(5.2263076 -1.53434011904 1)
(4.8439216 -2.15016076091 1)
(5.049561 -2.36216694066 1)
(5.290976 -2.25706793588 1)
(0.45529172 -1.4486362134 1)
(0.42698388 -1.60922374919 1)
(6.6065175 0.965412166521 1)
(6.7968297 1.48601839927 1)
(-3.1370057 -2.22259478087 1)
(-2.9108129 -2.34298371322 1)
(2.1900571 3.95599827052 1)
(0.66075708 -0.533585874745 1)
(0.73165834 -0.606249731568 1)
(7.0725631 14.4386321664 1)
(1.2583791 -0.994389798627 1)
(1.8500263 -0.0187999452471 1)
(5.7606601 9.02839709563 1)
(5.0305148 4.26877989078 1)
(0.12194384 1.05421880128 1)
(7.8931879 -0.916907066839 1)
(-8.2061042 -10.6567767553 1)
(-8.6746111 -10.889782105 1)
(-9.0114227 -11.2288374446 1)
(-8.9048582 -11.7062822339 1)
(14.070714 10.8838333714 1)
(-4.5256818 -2.61728208836 1)
(-0.79539817 -0.53868685286 1)
(-9.165239 2.94544867946 1)
(-6.3210782 4.68490968634 1)
(0.69227462 -0.00637142907214 1)
(-0.19145819 -1.7307940371 1)
(-0.36366422 -1.77588561984 1)
(-7.2188833 9.2205686734 1)
(5.6138818 0.534494683781 1)
(5.0538306 1.97982552739 1)
(1.1144349 0.768547719212 1)
(7.7214419 3.80737927951 1)
(7.9923377 3.96479889261 1)
(13.065016 -9.00873774921 1)
(12.681247 -8.7522583909 1)
(13.082052 -8.54740040566 1)
(12.708046 -8.29924114228 1)
(13.097706 -8.05249276788 1)
(8.7692938 -9.39696574791 1)
(8.4075862 -9.56278774924 1)
(-9.2020242 -2.63760492591 1)
(2.6737614 -8.84688666355 1)
(19.081988 -0.474883712397 1)
(-0.78500928 0.788409487128 1)
(19.175505 -5.34814902585 1)
(-1.0844267 0.593697554791 1)
(0.8748727 -0.388006719312 1)
(-0.33668152 0.786189005604 1)
(5.0560049 -3.79240191487 1)
(5.2853896 -3.98036519667 1)
(-3.4837856 7.53634268535 1)
(-4.4309225 -7.12880726409 1)
(-1.2447217 -0.399406936074 1)
(-1.1940958 -0.272115485575 1)
(-1.2775726 -0.14137580057 1)
(-1.2563252 0.021963638818 1)
(-1.1288256 0.0562917694158 1)
(-1.1415291 -0.0664775583473 1)
(1.447726 4.31815673401 1)
(11.188838 -12.9888591385 1)
(13.673625 2.56133831775 1)
(-2.7359321 5.69484588845 1)
(-3.0427506 5.47246833992 1)
(-0.13231785 0.559381868806 1)
(0.62748274 0.283778590017 1)
(0.049875331 1.61579547164 1)
(-1.208251 -0.799077076206 1)
(-1.2428228 -0.969979437404 1)
(-1.097707 -1.05935277819 1)
(-1.1366688 -1.25662657088 1)
(-0.98154352 -1.18719870399 1)
(-1.0015945 -1.34669836847 1)
(-0.82864677 -1.28962846156 1)
(-0.9267425 -1.03398295927 1)
(0.57835401 0.638513224997 1)
(5.7617498 10.6620038666 1)
(-7.2504904 3.84286445191 1)
(-7.1587963 4.23650489957 1)
(-0.37743376 3.13465489581 1)
(-0.21610564 2.99815591065 1)
(-0.44635184 3.33370947471 1)
(-0.28593799 2.80225502339 1)
(-0.060935154 3.14288750693 1)
(0.76546964 0.544940387287 1)
(2.8943397 2.53940836186 1)
(6.4619507 2.97785901825 1)
(6.1761419 2.99099691338 1)
(5.9810153 2.80546670243 1)
(5.8998876 3.06974924995 1)
(6.0871612 3.27623809515 1)
(-0.62907307 -0.106036068199 1)
(-0.42345324 -0.641106390677 1)
(0.30392126 -2.91521045398 1)
(1.0416272 -0.0502691029804 1)
(3.7466955 2.82667835816 1)
(-2.7978917 -0.0314607288538 1)
(-2.5863601 0.0741302764078 1)
(-3.0609905 -1.16707173666 1)
(2.070212 0.148858072149 1)
(0.15073049 2.18321296832 1)
(0.10631594 2.00126728508 1)
(-3.1663372 -6.86119481832 1)
(1.8809144 -2.44121466271 1)
(-4.8159731 4.98781729524 1)
(0.70443317 -0.712728384285 1)
(-4.8339406 -4.46635869863 1)
(0.41991946 1.96103922025 1)
(3.5887997 -2.59733261997 1)
(-2.1008848 1.10554018485 1)
(1.4817653 -2.56520807078 1)
(-1.3587291 1.44518455602 1)
(-2.6830633 -2.20381841118 1)
(-2.5897467 -1.96180876942 1)
(7.247001 10.6037528399 1)
(7.2289487 10.1864285127 1)
(0.39767187 1.80814622296 1)
(-2.7512565 0.440293592113 1)
(2.5548101 1.63110358135 1)
(0.68295915 1.74612718105 1)
(-5.6741708 -1.79960663985 1)
(1.3712532 0.421185793946 1)
(0.93665354 1.55660635455 1)
(0.91698972 1.41974276541 1)
(-0.051283601 -3.2064289437 1)
(3.5300871 0.135771044474 1)
(-1.8393394 -4.18051715415 1)
(-1.5700753 -4.05430041003 1)
(-1.3272058 -4.21666155687 1)
(-1.3079161 -3.93477835949 1)
(-1.0693559 -4.09256826588 1)
(-1.0558056 -3.81521649407 1)
(-1.0643424 -4.39375272281 1)
(-0.83426175 -3.96095541958 1)
(-1.5526028 -3.77294831613 1)
(-0.81857544 -3.69223506126 1)
(-1.0402456 -3.52791468051 1)
(-0.75661145 -3.43094841047 1)
(1.8934938 -0.738300221038 1)
(1.7765127 -0.626250318299 1)
(1.2942304 -1.43709800102 1)
(-0.26202155 1.00084533213 1)
(3.2912793 -1.03391272564 1)
(7.0948174 3.16463826482 1)
(-5.8110064 10.5347131498 1)
(-1.8124483 -3.88907433869 1)
(-2.0552448 -3.71195323644 1)
(-2.3336043 -3.82912153245 1)
(-2.3029939 -3.53256948134 1)
(-2.5111966 -3.29669337992 1)
(-2.2196406 -3.23999397041 1)
(-2.8203521 -3.44359941354 1)
(-2.7757049 -3.14406649758 1)
(-3.0221424 -2.97104998698 1)
(-2.7548713 -2.83391472677 1)
(-2.9837849 -2.68047967091 1)
(-3.2473899 -2.77785530345 1)
(15.040049 -6.86753571565 1)
(15.437872 -6.76036690686 1)
(-3.0566273 -0.630116186159 1)
(0.88189587 0.357038949911 1)
(-4.2336832 8.1160603603 1)
(-2.4368441 -0.28434057365 1)
(-7.5563334 6.00505562472 1)
(-0.19221511 2.07633530555 1)
(1.978981 7.99266544603 1)
(1.9774659 7.65206634379 1)
(2.5136704 7.49743603842 1)
(2.6476766 7.23217386328 1)
(0.38893597 0.890157389718 1)
(-5.2587372 -5.94467748407 1)
(-4.8550781 3.36153107487 1)
(-3.7538501 3.96058784406 1)
(4.7388084 2.30812455816 1)
(4.5455041 2.46416112239 1)
(11.45351 -9.3455793774 1)
(5.1369801 -14.2501898749 1)
(5.5652329 -14.551761504 1)
(8.2914896 -12.5781358471 1)
(7.281397 5.50152799194 1)
(-1.1005203 -0.376819735466 1)
(-4.2921616 3.67160046647 1)
(-4.0590153 3.50623366193 1)
(-3.2183288 4.28757732458 1)
(5.5149782 -1.44282640608 1)
(-5.4073838 3.02726493881 1)
(3.8487637 -3.2339884905 1)
(3.8146207 -2.97361715184 1)
(-7.6443742 2.04714194862 1)
(-4.5178017 4.82318669639 1)
(-0.30524527 -0.589899476246 1)
(2.6936353 -0.296284573453 1)
(-0.84920872 2.58513751027 1)
(13.443275 -9.70931086223 1)
(12.930132 7.7730181882 1)
(12.944869 8.2099536529 1)
(12.899126 7.33569335487 1)
(1.0097582 0.160076980876 1)
(1.8151118 -1.09146052501 1)
(2.7986684 -2.20229700178 1)
(2.6521221 -2.04743925634 1)
(3.3449121 -3.48265794185 1)
(-1.2162494 2.39758675179 1)
(0.12444626 -1.79707196651 1)
(0.15747269 -1.65633104434 1)
(-0.0086533079 -1.67660546965 1)
(3.3595127 0.331406899718 1)
(1.7733903 1.70175354754 1)
(1.3533527 4.70302065631 1)
(-0.46976614 2.73944085224 1)
(1.8024882 4.42688992422 1)
(2.8461895 -3.75611282804 1)
(2.6205818 -3.61037489043 1)
(2.3826727 -3.72589345862 1)
(2.4046612 -3.46672858598 1)
(2.1734386 -3.57575173473 1)
(2.6237452 -3.36428941095 1)
(2.1479252 -3.82826374342 1)
(1.9436952 -3.68026855669 1)
(1.9420357 -3.39978664319 1)
(1.7294068 -3.5514413353 1)
(1.7144595 -3.78559976765 1)
(1.5110974 -3.65798187043 1)
(1.4943926 -3.8793850874 1)
(1.2921477 -3.75454529944 1)
(1.2752801 -4.01433986138 1)
(1.0707408 -3.85556214973 1)
(1.029531 -4.09123428999 1)
(0.84205589 -3.94748152333 1)
(0.79590841 -4.1974336757 1)
(0.6106371 -4.04549047822 1)
(1.0063214 -4.35047221472 1)
(0.59390173 -4.30544810756 1)
(1.691496 -4.03204467768 1)
(-0.73137249 -1.45458104542 1)
(2.5499717 -0.89570676175 1)
(2.5908038 -0.68645799634 1)
(0.46848394 -1.30867359324 1)
(0.93381483 4.98855228519 1)
(-1.0629304 -4.69708673253 1)
(-0.81546048 -4.57600753662 1)
(-0.78368436 -4.26355483063 1)
(3.3801621 -8.52138206057 1)
(8.8424898 -5.47944008466 1)
(9.177634 -5.6813510913 1)
(-1.6170805 -2.58545242958 1)
(-1.5651807 -2.35203915424 1)
(-1.7272674 -2.1940586324 1)
(-1.5198632 -2.12926359695 1)
(-1.3510675 -2.27822084965 1)
(1.5804353 6.55128885818 1)
(2.1346332 0.49316189466 1)
(1.955019 0.447449066019 1)
(6.436989 -7.79257272943 1)
(-4.6209314 2.03899011103 1)
(-4.3547066 1.90489096874 1)
(-4.1210018 1.72447921047 1)
(5.3667115 10.0510650926 1)
(5.0066952 9.44941097547 1)
(5.6078142 -0.253758587273 1)
(-4.6540749 -10.2663670774 1)
(-4.2771726 -10.0696746573 1)
(2.6493969 3.87409872107 1)
(-0.5478788 -0.366647438299 1)
(7.5648868 -1.41360244739 1)
(-1.9645329 -2.25584933205 1)
(12.628675 -10.1493030154 1)
(11.914244 3.30694168661 1)
(11.565012 3.13143986479 1)
(-6.0753213 -3.20313445384 1)
(-6.3266901 2.46154283285 1)
(-6.0261984 2.26538924948 1)
(-6.0174358 2.63224735205 1)
(-2.0093475 -1.18352904926 1)
(-3.3768824 -3.04749083238 1)
(-2.7216194 -2.56364004803 1)
(-0.5430882 1.93576320743 1)
(14.093148 11.3559161001 1)
(4.5480063 -0.0472780977937 1)
(4.2914916 -0.139632434814 1)
(-2.0048866 2.11226852838 1)
(0.22700476 7.33040437538 1)
(-0.064927698 7.17674611092 1)
(-0.042039056 6.85687109836 1)
(-0.36357253 6.71562209942 1)
(-2.3457453 0.829087445938 1)
(-0.93032483 5.56330829904 1)
(5.7185603 1.23143263348 1)
(-2.4561938 -0.488678182887 1)
(-1.8162136 2.1881790182 1)
(-1.6204012 2.25889536332 1)
(-5.4406226 -3.65054133122 1)
(17.858218 -6.38854466302 1)
(16.536346 9.23770513174 1)
(-1.0128642 3.39806315556 1)
(0.29216908 0.487633844387 1)
(2.4055093 2.95866586967 1)
(-6.9400184 3.61247937324 1)
(5.5784603 -0.856251574068 1)
(1.6491548 2.65126542254 1)
(6.1371902 -14.0623427705 1)
(5.8055587 3.33269477536 1)
(-7.6236973 -1.8858203178 1)
(-7.2330094 -1.70740726868 1)
(2.0068081 1.43826679467 1)
(-6.3234875 1.72842748049 1)
(-9.5824689 -0.746436678223 1)
(-9.4825903 -1.7221271012 1)
(-9.152539 -1.99261398394 1)
(-2.4090896 -5.84704830677 1)
(-2.3872019 -5.50058678961 1)
(-2.6714954 -5.30283973393 1)
(-2.3958646 -5.13993430332 1)
(-2.0987705 -5.69601692988 1)
(-1.8031237 -5.8789104917 1)
(-1.7871381 -5.53561560563 1)
(-2.99014 -5.44405080861 1)
(-2.9575085 -5.10142586607 1)
(-3.283034 -5.23912150828 1)
(-3.2466815 -4.89155175915 1)
(-3.5275142 -4.67869834448 1)
(-3.8733075 -4.81897982093 1)
(-3.8128133 -4.49917025637 1)
(-1.3925284 -2.50545827793 1)
(-1.1832553 -2.41905920668 1)
(-1.1595771 -2.1869846877 1)
(-1.4324582 -2.75574618537 1)
(-5.1610984 1.38855620806 1)
(14.084016 10.4020544026 1)
(4.419177 -4.73029492126 1)
(4.154939 -4.55590149225 1)
(3.8777902 -4.69202367577 1)
(4.1778717 -4.18941039471 1)
(3.8467807 -5.00994187897 1)
(3.5610428 -5.14973617769 1)
(3.5325032 -5.46097498547 1)
(3.2784764 -5.27872166442 1)
(3.2489357 -5.58715034381 1)
(2.9949144 -5.40551994438 1)
(2.9658436 -5.71359095931 1)
(2.7129516 -5.53160349243 1)
(2.6704627 -5.85659022569 1)
(2.4259779 -5.66149173664 1)
(3.0234559 -5.0998717989 1)
(2.3982153 -5.96806041676 1)
(2.1440191 -5.78641064978 1)
(2.0922963 -6.10913900065 1)
(1.853947 -5.91538909448 1)
(1.8142301 -6.22848211836 1)
(1.5688996 -6.04077669055 1)
(2.1739496 -5.47947085861 1)
(1.5333319 -6.35917515756 1)
(1.2740271 -6.17043557136 1)
(1.2407367 -6.49256737147 1)
(0.98504594 -6.2932409721 1)
(0.90947436 -6.62632856066 1)
(2.9081726 -6.06810686558 1)
(1.6045927 -5.73501873995 1)
(1.0200599 -5.99033784036 1)
(0.72291217 -6.11979164094 1)
(1.7963443 -6.54750711907 1)
(0.76033819 -5.84294435403 1)
(1.2239684 -6.81860387422 1)
(3.5893705 -4.83500353824 1)
(3.5027554 -5.78668739009 1)
(3.5841821 -4.52095056075 1)
(3.310996 -4.65649976692 1)
(3.8505472 -4.33599880027 1)
(3.1674571 -6.26602430227 1)
(2.8580388 -6.42066269798 1)
(-4.4933038 -2.2863794976 1)
(-4.7923122 -2.08026451458 1)
(-4.4689347 -1.93911515753 1)
(-0.30885441 1.43601487291 1)
(1.5059499 1.92463914745 1)
(1.3679673 2.05192006709 1)
(-9.5952614 -5.26124916639 1)
(-9.5713822 5.24383452266 1)
(-9.1521876 5.00022928159 1)
(-9.1368189 5.4674105439 1)
(-6.2191167 5.87099541911 1)
(-6.2719649 6.31053674382 1)
(2.4190919 -3.21891862564 1)
(2.196806 -3.3079591518 1)
(3.3953982 -0.34697494432 1)
(0.94087372 -0.270098770186 1)
(10.429146 11.7305894731 1)
(10.428843 11.2621326103 1)
(6.7154561 6.18060750408 1)
(7.4741503 -8.04247774909 1)
(1.0767166 7.15287130721 1)
(6.3933389 6.02014733888 1)
(2.1606961 6.44404140846 1)
(5.4677839 7.67817961053 1)
(5.1801509 7.48181867188 1)
(4.830674 7.68853519973 1)
(6.1098058 7.27989027091 1)
(5.8031713 7.10299562545 1)
(-2.0276217 6.69695963814 1)
(-1.7434916 6.54133593383 1)
(-1.7658414 6.20988492794 1)
(-1.7339137 6.8734598151 1)
(3.0978332 3.61675471258 1)
(2.8845826 3.53323566385 1)
(3.3088765 3.48104419659 1)
(3.2929419 3.22075417249 1)
(16.547159 9.7872114594 1)
(0.85053392 0.256649740221 1)
(3.7778849 6.9621160518 1)
(2.232706 5.20182866711 1)
(3.4809889 5.61507415203 1)
(2.1724928 8.52267819789 1)
(-2.9475283 -4.75123466871 1)
(0.1416789 -1.04932276126 1)
(0.46502783 5.24810963309 1)
(8.5236906 -5.27868611379 1)
(2.7307537 2.67719892603 1)
(0.79748474 1.49742987017 1)
(0.7921722 1.35564066762 1)
(1.4487951 -1.38151034061 1)
(11.327563 8.484559635 1)
(2.9485455 4.7867164359 1)
(3.1751858 4.63665035596 1)
(3.1956354 7.32181202544 1)
(5.2118519 6.07564644486 1)
(5.19717 5.73408265281 1)
(5.5261537 5.53491990512 1)
(5.7993404 5.69630373351 1)
(6.0944976 5.5188400483 1)
(12.407893 10.5060464049 1)
(12.384193 10.0524984631 1)
(0.61766789 -7.4450559112 1)
(0.64714657 -7.10816760009 1)
(0.37161608 -6.88909895756 1)
(0.5680009 -6.61381853369 1)
(2.8135173 -1.39946364943 1)
(2.7685616 -1.61451845122 1)
(-4.2689325 6.07830971069 1)
(-3.9447898 5.92261507851 1)
(-3.9422401 5.56382290033 1)
(-3.6563496 5.40760683262 1)
(-3.3574775 5.62224765475 1)
(-0.54833296 3.53280141825 1)
(-8.0028665 6.66495838535 1)
(-7.6116903 6.89686579764 1)
(-7.6443125 7.39178170684 1)
(-7.3186336 7.64270590397 1)
(-7.295839 8.09872136893 1)
(-7.7064462 8.29428843704 1)
(-7.7363709 8.75551737824 1)
(1.2861787 5.86996990828 1)
(-7.3241157 -5.39018666166 1)
(-6.0328546 -2.38641044641 1)
(-5.7117081 -2.62807823483 1)
(0.97266086 0.0458514456122 1)
(-1.6044654 4.1390804082 1)
(-1.5712664 3.92097200901 1)
(-1.3857618 4.26987153998 1)
(-1.1880315 4.12101340131 1)
(-5.9232888 -5.02019094563 1)
(2.1150239 -12.5643606946 1)
(4.4527744 -0.567978430677 1)
(4.2116615 -0.680916950988 1)
(1.8937073 -5.61205454668 1)
(1.915885 -5.28919852489 1)
(2.2051348 -5.17758466063 1)
(2.4513798 -5.35128122098 1)
(2.738654 -5.22618817475 1)
(2.7718592 -4.9108769573 1)
(3.0412453 -4.78256281484 1)
(-2.9747232 4.13844724458 1)
(-0.25324463 4.90515155423 1)
(-1.7545656 -14.5877879931 1)
(4.1840085 8.46024213159 1)
(4.1569321 8.11373309439 1)
(-1.277751 -14.5980363357 1)
(15.270677 -3.2008459631 1)
(3.7653081 -5.98837896666 1)
(4.8301679 8.06822252689 1)
(3.53486 8.85354328585 1)
(2.872248 9.24204103683 1)
(2.8702358 8.87187532585 1)
(2.5224533 9.06590160683 1)
(-5.2247419 -5.07332328614 1)
(-2.872823 8.95186990064 1)
(-2.536973 8.7661296802 1)
(-9.5699792 -7.73385806045 1)
(-9.0751796 -7.5411567025 1)
(-9.3290753 -6.68631068912 1)
(-8.6675315 -7.44389695269 1)
(5.0397672 3.68385094865 1)
(-9.6070107 7.7601149377 1)
(-9.1569522 7.53845997567 1)
(-4.7997861 -0.478543971465 1)
(-1.6370039 3.09243871269 1)
(-1.4286177 3.21229884933 1)
(-1.2575014 3.08212965565 1)
(1.3164731 -5.86761500627 1)
(1.3645497 -5.53365568167 1)
(-2.9329229 3.05418999904 1)
(-3.2087915 2.77740978559 1)
(5.2774619 4.42996127563 1)
(3.1347386 11.7827908151 1)
(3.5286536 11.5575993784 1)
(3.8754937 11.7760294991 1)
(3.8882805 11.3375827655 1)
(3.0341035 1.42742026906 1)
(15.8513 14.1839219976 1)
(-2.0908407 2.92652965702 1)
(3.585817 -13.6093620563 1)
(-2.5331709 9.16683900819 1)
(-2.2281063 8.58419045515 1)
(0.20005009 4.30402749167 1)
(0.1979956 4.05768528155 1)
(0.37979795 3.91533268524 1)
(0.5708013 4.00910612733 1)
(0.55046184 3.78065221871 1)
(-7.5324066 5.57632847572 1)
(4.1079654 -7.4822218818 1)
(4.4484572 -7.33292721249 1)
(4.116874 -7.10595641331 1)
(4.8078212 -7.1746002557 1)
(5.1434287 -7.34015514853 1)
(4.3470748 6.60597483414 1)
(4.0538942 6.47846429253 1)
(4.6368488 6.43167235074 1)
(4.6407442 6.07272661324 1)
(-3.0633797 -8.61287270471 1)
(-2.7257788 -8.85984173525 1)
(7.9517195 5.3941968933 1)
(7.6191258 5.21459153199 1)
(7.9323554 5.03073908925 1)
(8.260698 5.19649284815 1)
(8.2557367 4.82792321254 1)
(7.984439 4.65823894628 1)
(2.2537597 2.11197178274 1)
(-0.082556043 -11.7230740636 1)
(-0.035614316 -11.2842539987 1)
(3.7565065 -1.75447483585 1)
(-6.5950875 10.4886566508 1)
(-1.9200503 -0.786852918126 1)
(-1.7287397 -0.734205688977 1)
(6.8101366 -0.172819684764 1)
(6.8462855 0.157397703039 1)
(7.1020495 0.316459178224 1)
(7.3739189 0.147439676049 1)
(8.2162902 -8.06765709682 1)
(8.2335678 -7.64091131572 1)
(9.5105278 -5.47408256001 1)
(9.4970084 -5.88787770663 1)
(1.1929538 14.5814117469 1)
(1.2503395 -14.5787833391 1)
(1.0046318 -14.1460022115 1)
(1.5512752 -14.1518426078 1)
(1.6154622 0.935717558942 1)
(1.6360038 0.801648666193 1)
(1.5141216 1.05801631887 1)
(-4.9337977 8.03646633403 1)
(-5.2893728 7.80535801292 1)
(-4.9269008 7.61406692256 1)
(-4.3056337 -0.840963458327 1)
(-4.2713865 -0.539143548341 1)
(3.9243497 -4.07900398811 1)
(8.5126329 -0.613256014671 1)
(4.1118896 4.01577438342 1)
(5.5377202 -6.45717923301 1)
(-2.5968244 2.29653465665 1)
(3.7296101 3.21529477203 1)
(6.6518491 -1.57984136036 1)
(6.7081708 -1.2914321376 1)
(6.326125 -1.99133840549 1)
(1.8706842 -4.22041943667 1)
(-4.0718664 -7.80163803465 1)
(14.502798 11.1137395265 1)
(14.92094 10.8528432941 1)
(-5.0755967 -10.435483462 1)
(-9.1097855 -7.99941164036 1)
(5.7364201 1.82696828116 1)
(5.4753809 1.71311933998 1)
(10.671189 -10.2744901227 1)
(13.513529 -8.39526269046 1)
(13.274689 -7.60481103915 1)
(5.393767 11.3171710429 1)
(8.2024617 -0.769897368902 1)
(-4.8469155 5.33452281 1)
(-0.42655726 4.51466732221 1)
(10.568713 3.80659289082 1)
(10.246861 4.01628520322 1)
(10.261582 4.39273875252 1)
(9.9270277 4.2195188022 1)
(9.9396748 4.59027017619 1)
(10.267278 4.75886715832 1)
(9.8665308 3.86544672623 1)
(9.6023637 4.42227688041 1)
(9.6145381 4.78978657046 1)
(9.2753127 4.61842278981 1)
(3.1483368 4.37064889512 1)
(8.1481366 -4.78438838693 1)
(7.8618917 -4.55983812763 1)
(-7.1126654 -8.40065119711 1)
(1.1042606 2.45959023489 1)
(0.95458618 2.58019091911 1)
(0.97633236 2.77464003848 1)
(0.76354625 2.68904740087 1)
(0.94013256 2.39610829035 1)
(0.78598349 2.49945055209 1)
(0.99959926 2.97643358112 1)
(-0.23777737 5.41631318299 1)
(9.7120484 -7.30835429685 1)
(2.8715029 -3.48219456009 1)
(3.3007645 -4.96706664006 1)
(2.7526307 -14.5140507306 1)
(-5.9374052 6.54703389252 1)
(-7.5591242 -1.02859058926 1)
(-7.2010393 -0.827377789316 1)
(9.5232911 9.61943744802 1)
(9.5232407 9.16590025223 1)
(4.248292 -6.73351500143 1)
(8.0288156 10.5551448832 1)
(7.973297 10.1199292701 1)
(7.6441846 10.3641331851 1)
(12.276127 3.48952870719 1)
(9.8713817 8.96605174264 1)
(3.2813523 -0.186370733261 1)
(6.4278519 -8.17740068783 1)
(6.0828402 -8.34880587877 1)
(-4.3377177 -6.34420481733 1)
(3.3545485 1.12669441258 1)
(-2.7504386 14.5789333326 1)
(-2.747692 -14.5845155579 1)
(-2.9651111 -14.1860949194 1)
(2.4891266 5.0687924024 1)
(15.73785 9.80482197074 1)
(9.7504422 14.596630034 1)
(9.8993601 14.1263644798 1)
(10.473826 14.0751910263 1)
(10.740084 14.5564747402 1)
(10.979877 14.1337475467 1)
(10.245078 9.17966037017 1)
(10.227159 8.73886246239 1)
(3.3717571 -0.593721028867 1)
(-0.69345275 4.64225301888 1)
(5.0823465 -8.09221651656 1)
(4.7804537 -7.87333768115 1)
(5.0425284 -8.4770156792 1)
(-4.6047026 1.38159426878 1)
(1.2004388 9.47131258044 1)
(1.3106289 -4.44977104581 1)
(1.0571069 -4.60257190768 1)
(17.680284 -9.83262959207 1)
(-9.6044927 0.24889645801 1)
(-9.58694 0.749850358757 1)
(-9.1514777 0.500348690952 1)
(9.3943106 -1.56508286179 1)
(9.0897926 -1.36228405719 1)
(2.455863 -10.8741060612 1)
(-9.5613038 3.75053811615 1)
(-9.0746138 3.46662179459 1)
(-9.5628653 4.25223126997 1)
(-9.5770322 -3.82242207454 1)
(2.1422268 -12.1050179659 1)
(-2.1285784 -2.03432409576 1)
(19.545959 -0.7255640685 1)
(11.089452 0.00794636947005 1)
(-4.0410724 -1.00054806337 1)
(5.7455759 10.245819988 1)
(5.3853089 10.8892576734 1)
(6.5084933 1.64830635709 1)
(6.7676445 1.79818815222 1)
(0.63282505 0.729213617048 1)
(5.45114 -4.8212334101 1)
(3.730212 5.4546583119 1)
(7.5313425 -4.74069680407 1)
(7.2243001 -4.54763847382 1)
(6.9030168 -4.7079878027 1)
(6.9025658 -4.36437945546 1)
(7.2495527 -4.17480940173 1)
(-3.4577571 1.24755870541 1)
(-3.2236696 1.31422163503 1)
(-3.0487126 1.15178946927 1)
(7.1111265 1.32378178002 1)
(6.7613836 8.80266250668 1)
(6.432938 8.61087282567 1)
(7.1059984 8.59296171167 1)
(2.4413035 1.07493695505 1)
(2.5652096 0.955171621783 1)
(2.2968244 1.19768184779 1)
(3.057477 2.39509783481 1)
(-1.8229746 -0.409200037082 1)
(11.23975 14.5610695399 1)
(11.481235 14.1295710992 1)
(11.978141 14.1256382077 1)
(11.722042 13.7003749416 1)
(12.210548 13.6890778114 1)
(12.465236 14.1072812533 1)
(12.682056 13.667371865 1)
(12.443177 13.2582102206 1)
(12.932184 13.2472496794 1)
(13.210771 13.7151377865 1)
(12.70399 12.8509502059 1)
(12.213723 12.8569466016 1)
(6.1925059 -6.12078473671 1)
(5.8557165 -5.89037166635 1)
(-5.6996701 -6.1256039658 1)
(-9.5271786 6.7636487679 1)
(17.675874 7.06979869721 1)
(17.662899 6.60964547545 1)
(-1.8182367 -6.24881036105 1)
(11.213459 -6.51213375335 1)
(11.21789 -6.12880746975 1)
(11.183063 -6.9451942114 1)
(2.3541482 -3.99928511779 1)
(16.297666 1.63529365776 1)
(15.887098 1.45309097936 1)
(15.865639 0.98923245301 1)
(15.48102 1.23656997944 1)
(15.477176 0.784346085749 1)
(15.106821 1.04307724517 1)
(14.686637 1.31387151485 1)
(19.192227 12.0793895578 1)
(19.210388 12.5376858485 1)
(1.8448466 -9.61209100872 1)
(2.1857882 -9.44502582135 1)
(4.6362042 -5.88518043302 1)
(14.902319 4.44841472619 1)
(8.0723102 7.19089750687 1)
(8.0443317 6.82703804411 1)
(7.741062 7.40483099913 1)
(14.011053 1.91084402352 1)
(13.661135 2.17120209856 1)
(3.8522172 -11.3546774367 1)
(1.8796993 0.743641005092 1)
(2.5871588 -6.23436240652 1)
(6.5525766 -10.8651550031 1)
(-2.0172683 -8.94205751878 1)
(11.816018 -10.5930410152 1)
(-0.71936595 -1.66181538866 1)
(7.9108404 -12.3230026033 1)
(7.5599215 -12.0726656536 1)
(0.18008272 -0.60324738363 1)
(11.977992 -6.12732386761 1)
(11.969888 -5.72841495756 1)
(12.360618 -5.49695784909 1)
(11.995536 -4.15696697226 1)
(1.6028929 11.7959319712 1)
(1.2218931 11.5917258602 1)
(1.6038645 11.3784550845 1)
(0.84926274 11.7848839908 1)
(5.227076 -6.26568009532 1)
(9.9114405 -9.25231173925 1)
(9.5647903 -9.00811712375 1)
(10.306618 -9.05608690759 1)
(6.4771067 10.2168490197 1)
(12.031118 -3.3218351966 1)
(11.611961 -3.54133429349 1)
(13.780007 -3.08839477536 1)
(13.438566 -2.85723652329 1)
(13.454117 -2.41839791324 1)
(13.823598 -2.22187151346 1)
(13.057185 -2.20511044826 1)
(13.104795 -1.74637156682 1)
(12.731758 -1.90657926022 1)
(12.385963 -1.67547283651 1)
(12.345678 -2.08622848813 1)
(2.3031247 -1.10391645575 1)
(12.451529 11.4242108911 1)
(4.8831532 0.553251550747 1)
(0.57423972 -4.8525554028 1)
(0.33860368 -4.68374714452 1)
(2.7061094 4.65168148554 1)
(2.1793216 -6.67600793762 1)
(4.2625743 11.55680827 1)
(3.9198718 10.9239033288 1)
(4.1512251 2.92881559627 1)
(7.230768 -2.28251404115 1)
(6.9595031 -2.45043687851 1)
(14.07691 3.17221975612 1)
(-1.589021 0.723636112799 1)
(14.992614 13.2520504938 1)
(14.568806 13.5130414018 1)
(14.548351 14.0771608816 1)
(14.140934 13.781072373 1)
(14.147846 13.2779047496 1)
(13.711432 13.5405124717 1)
(13.687596 13.9984289975 1)
(13.209474 14.1999151514 1)
(11.576375 3.54067352553 1)
(10.019013 -1.97189592588 1)
(0.78055699 6.19812516878 1)
(7.4676169 -2.76868766869 1)
(7.7215222 -2.98907786022 1)
(8.0672915 -2.88547546895 1)
(8.3504303 -3.13580877087 1)
(7.8068149 -6.02228241887 1)
(8.8487725 0.254424926451 1)
(9.1566711 0.419069049738 1)
(5.7428253 -11.2669643673 1)
(15.976879 2.79502779774 1)
(15.568599 2.61675716532 1)
(16.003309 3.25166083865 1)
(16.23745 -6.27023588912 1)
(7.0646524 -12.7387059699 1)
(6.7151492 -12.4653097083 1)
(-4.774703 -7.30897883373 1)
(16.711259 1.83489117992 1)
(11.957336 13.2727897301 1)
(0.20135381 9.67222064231 1)
(-5.1317411 -10.8954821284 1)
(-3.9726056 -11.26808071 1)
(1.1868335 8.75754677271 1)
(2.1961301 9.26223537878 1)
(0.25293013 14.5731572443 1)
(0.52177255 14.139519981 1)
(-0.22631735 14.5742758972 1)
(-7.062919 12.6174490713 1)
(-6.6516008 12.3894769312 1)
(-7.4751008 12.3551782199 1)
(-1.2452843 14.5698038151 1)
(-1.7479168 14.5713606539 1)
(-2.0191283 14.1502794634 1)
(-1.5167329 14.1001425045 1)
(2.2406594 14.5872639267 1)
(2.7184158 14.589260288 1)
(3.75 14.5670841708 1)
(4.2467044 14.5770186154 1)
(6.8876272 -5.06459302194 1)
(5.25 14.5670779112 1)
(5.7398751 14.565959116 1)
(6.0228967 -3.82514052892 1)
(5.742918 -3.64807199338 1)
(-9.0754156 10.8463922247 1)
(-9.4224111 11.2230348346 1)
(10.661846 -2.39239318409 1)
(11.231153 10.7865047137 1)
(10.836773 11.0301287881 1)
(10.838045 11.483954405 1)
(10.419461 10.8079845101 1)
(9.9944242 11.0839576922 1)
(8.254311 14.5981269531 1)
(8.0565284 14.1524858157 1)
(8.7537511 14.6050170161 1)
(7.2402527 -14.5698907072 1)
(7.4949271 -14.1565880628 1)
(15.236542 -8.56042026949 1)
(14.727994 -9.17443415165 1)
(12.61076 2.47552872309 1)
(14.531083 4.69191974359 1)
(14.140185 4.49621322253 1)
(13.767083 4.73879280316 1)
(13.751941 4.29899830202 1)
(13.388627 4.54068929022 1)
(13.028531 4.31084781799 1)
(13.024076 4.70995188676 1)
(13.37351 4.96273563275 1)
(12.965964 5.13872795295 1)
(13.038595 5.63218864779 1)
(12.635083 5.47101985699 1)
(12.304272 5.74837078915 1)
(12.255455 5.36452296652 1)
(11.923186 5.62831263785 1)
(11.854648 5.20085284371 1)
(11.534611 5.5010125597 1)
(11.388216 5.13854095678 1)
(11.145804 5.38899545635 1)
(12.563149 5.06352248573 1)
(14.51013 4.24787706549 1)
(-9.5361838 10.2500716995 1)
(13.817065 -11.8707311258 1)
(13.818539 -11.4022444256 1)
(17.674079 4.50303653561 1)
(15.622278 6.96193589649 1)
(15.213578 6.75147938102 1)
(15.207095 6.28175680908 1)
(14.823517 6.55782838008 1)
(14.831051 7.00005872644 1)
(14.442309 6.81122514883 1)
(14.438259 6.33892298523 1)
(14.059763 7.07083624091 1)
(-4.5753848 7.85200483736 1)
(7.2680004 11.034870427 1)
(15.014549 -1.18927256496 1)
(15.040154 -0.747517665901 1)
(14.645951 -0.946541037043 1)
(-0.35084683 8.31698507909 1)
(9.7427515 -6.89904501706 1)
(4.2692738 10.7190378912 1)
(11.294547 -2.90596911892 1)
(9.2745641 12.47655769 1)
(-8.0628108 -2.93011057929 1)
(-7.7717294 -3.18086662196 1)
(18.045355 6.2915696483 1)
(-7.0038611 -7.49095352908 1)
(-0.39793133 0.626339436736 1)
(-5.7193709 -12.4856930829 1)
(-5.2918231 -12.2925461481 1)
(2.5031119 8.69590021998 1)
(12.964364 -12.3036213566 1)
(12.979662 -11.8331205374 1)
(1.0373 0.870682526083 1)
(9.0837927 6.9387058395 1)
(9.0603567 6.55393505516 1)
(8.6960669 6.40796653375 1)
(8.9857769 6.22638219767 1)
(3.9810451 1.83458176769 1)
(4.1854567 1.67355388516 1)
(3.7469026 1.74911260481 1)
(11.524706 -7.59562509846 1)
(15.703138 -2.56775297873 1)
(11.136467 -7.79704408869 1)
(13.752971 -3.96995359755 1)
(-9.2571992 -9.38312860038 1)
(11.619886 -4.36545323092 1)
(1.3170594 3.66804739831 1)
(12.273674 -8.95207863447 1)
(19.496529 0.49479717221 1)
(15.784623 -6.46038404077 1)
(19.574905 -3.24902311116 1)
(19.192179 -2.9933943538 1)
(19.17863 -3.488879192 1)
(19.578856 -3.74104738869 1)
(19.166602 -3.95497427027 1)
(19.584782 4.73183979971 1)
(19.204521 4.482332508 1)
(19.595971 5.20223070527 1)
(-1.1793883 -5.9676179348 1)
(-9.5778229 2.73298922355 1)
(13.643307 6.89582611951 1)
(10.577958 8.5137228038 1)
(-5.4152721 11.2564563261 1)
(-5.4286978 10.7780761692 1)
(11.232856 13.7083435239 1)
(8.1185062 12.3263965212 1)
(3.681152 0.810029996986 1)
(10.165283 7.07221917286 1)
(1.9641478 3.32347726406 1)
(6.2205645 -5.75004286647 1)
(3.6249053 2.158911058 1)
(3.393159 2.10181469822 1)
(10.76403 -14.5822908906 1)
(11.250859 -14.605794322 1)
(-1.1417802 12.9047063217 1)
(-1.1488743 12.4599709533 1)
(-5.2840357 7.38478423348 1)
(-7.2930556 2.26784582523 1)
(12.4272 -1.26769809812 1)
(-3.7505523 14.5713226637 1)
(-3.4682668 14.1564546419 1)
(-3.9626156 14.0850601443 1)
(-4.2444445 14.5633615204 1)
(-4.4775672 14.146890481 1)
(-2.524979 1.96640613173 1)
(1.8368503 -9.28391698962 1)
(13.245067 10.4496729481 1)
(12.821076 10.2423311257 1)
(7.8525393 -1.63437630805 1)
(14.847066 7.45781490131 1)
(10.734574 -12.7369577022 1)
(0.25144125 -6.22144878293 1)
(6.7223619 -0.80176925542 1)
(6.4302301 7.08467554836 1)
(0.3518112 -11.1098118195 1)
(0.71071534 -10.9252176778 1)
(-0.83139291 -1.13361817405 1)
(16.165003 -7.24938427322 1)
(-7.460134 11.868625701 1)
(5.3315742 -11.4675812323 1)
(-2.5308678 -7.28718932649 1)
(6.312763 3.77173287145 1)
(15.628055 3.50694309936 1)
(14.510656 8.59520370479 1)
(-2.7755195 -11.6531381593 1)
(16.912361 8.55172393463 1)
(-1.9746745 -11.3013834328 1)
(-2.2974641 -11.0348115442 1)
(-1.8975968 -10.8697552498 1)
(-6.9509519 -7.04969430444 1)
(10.888257 -4.75456975911 1)
(12.558993 -12.0458622416 1)
(15.33173 -2.31547785586 1)
(3.1455561 -7.58050041611 1)
(-6.8731562 -9.6170453521 1)
(-0.33881645 -7.54930544087 1)
(-0.64575798 -7.35696283355 1)
(16.130437 -7.71480380854 1)
(-2.6936782 11.6080888518 1)
(1.5991879 2.46247415613 1)
(16.02603 -3.72892199017 1)
(17.69912 7.55473409473 1)
(19.566987 -6.24995416211 1)
(10.9079 7.43027454674 1)
(13.786798 5.17084418912 1)
(11.548729 -7.1654548259 1)
(11.157778 -7.37343192579 1)
(13.899267 -0.909972967343 1)
(17.655986 -2.93186284498 1)
(17.359097 -1.2795910953 1)
(-2.7199552 4.57068463759 1)
(-4.8157383 4.63381405738 1)
(16.073357 8.10243867654 1)
(0.042160352 14.0944165072 1)
(-1.0143744 -7.89021094017 1)
(17.585203 -4.28487934122 1)
(17.523847 -10.3639843113 1)
(12.245959 14.5506491169 1)
(12.249052 -14.5690322235 1)
(11.931218 -14.1534816745 1)
(12.473463 -14.0426189133 1)
(13.009612 -14.1481157635 1)
(13.248412 -14.5665493898 1)
(13.49009 -14.1288652511 1)
(13.741428 -14.5716928857 1)
(13.711975 8.16276421779 1)
(13.719911 8.62097881197 1)
(8.6879629 -12.8385002571 1)
(9.7874939 0.76715531961 1)
(10.339273 -8.62089375724 1)
(10.438757 12.1946766782 1)
(15.540558 -9.75224314234 1)
(17.803488 -7.33893463181 1)
(14.671864 -0.499702829123 1)
(14.277156 -0.689186837254 1)
(13.923593 -0.439254732999 1)
(13.554229 -0.666763911057 1)
(13.545503 -0.244429573824 1)
(13.185925 -0.0358380876586 1)
(8.4053945 -10.7921497681 1)
(1.879674 -6.86000525532 1)
(2.4933218 -5.04385527068 1)
(5.2643082 2.15479377457 1)
(14.120422 11.8318573098 1)
(-6.2455211 -4.77490332308 1)
(9.0936475 2.85065360801 1)
(9.0776706 2.50691481807 1)
(8.781089 2.69841920674 1)
(8.7715169 2.3074881201 1)
(9.4105312 2.32117903012 1)
(8.4663566 2.53682774783 1)
(8.422706 2.20073942851 1)
(8.1685906 2.39856679686 1)
(8.1260143 2.0523678165 1)
(9.7024411 2.46743645598 1)
(8.8036204 3.0507933437 1)
(6.3835677 5.68606768586 1)
(16.223445 -12.0660083271 1)
(0.11163751 1.74662673982 1)
(0.15251229 1.50825649721 1)
(-6.2087167 -10.1042328427 1)
(-0.99665461 8.72132675282 1)
(3.1163192 -0.895815778012 1)
(0.35284322 -1.22666130319 1)
(8.595352 1.79246599913 1)
(16.691774 -10.9029574583 1)
(-0.45384831 9.6587554354 1)
(0.52952514 1.71036074873 1)
(-6.5648956 -4.53224090894 1)
(-9.4873754 -10.1941403681 1)
(13.938477 -0.0315670541987 1)
(-3.4149919 11.5654006465 1)
(10.539098 -4.93548419826 1)
(-5.2325871 14.5888942213 1)
(-5.2557407 -14.5877293901 1)
(-1.6638516 -1.98166426039 1)
(2.3017277 -6.32730794712 1)
(4.4152781 -13.2012360061 1)
(7.0101365 -9.84568741759 1)
(6.6455704 -10.0090759457 1)
(6.6109456 -10.4257668158 1)
(19.515329 7.76188547042 1)
(-1.4231584 7.69678103824 1)
(19.553045 -7.76797168923 1)
(-6.7695617 -11.1490409864 1)
(-9.5335824 -11.2382091039 1)
(5.9907856 -9.92717171709 1)
(-6.1067606 -12.195325101 1)
(14.622269 -1.3902876595 1)
(10.612729 1.82739545275 1)
(10.567558 1.45705786794 1)
(10.285773 1.67998146239 1)
(10.303436 2.04349818425 1)
(9.9401051 1.90928049044 1)
(-6.2461182 -14.5708583544 1)
(-6.0096425 -14.1621376146 1)
(-6.4741643 -14.1641257007 1)
(19.568707 8.75150614295 1)
(19.093108 8.52397478845 1)
(19.135772 8.9972588867 1)
(19.567542 9.24958002021 1)
(19.135313 9.49955348393 1)
(19.13826 9.99928378964 1)
(18.703837 9.74949472243 1)
(18.700643 9.2928932709 1)
(19.567534 10.2497346912 1)
(19.139124 10.4996504143 1)
(19.142937 11.0000496526 1)
(18.713969 10.8015906924 1)
(19.571086 11.2520709539 1)
(19.165322 11.53321212 1)
(3.518625 -1.80706315056 1)
(14.053695 2.74333391649 1)
(14.757017 14.5713943938 1)
(9.1455347 -11.2789418806 1)
(13.727556 14.5272069465 1)
(-9.5776838 -12.2619776388 1)
(-9.5691913 -12.7517266558 1)
(-9.135439 -12.9996681689 1)
(-9.1346503 -13.4981947579 1)
(-8.7200945 -13.2482761153 1)
(-8.7212754 -13.7462375179 1)
(-8.7145526 -12.7632466238 1)
(-9.1513742 -14.0015918134 1)
(-8.7295118 -14.2493864211 1)
(-8.2757247 -13.9716987352 1)
(-8.3192009 -13.0855182059 1)
(-9.1450872 -12.5153022129 1)
(-8.7128941 -12.2331841886 1)
(-9.573539 12.2508829224 1)
(-9.1218172 12.0081370405 1)
(-9.5789171 12.7499098403 1)
(-9.1031598 12.9916815745 1)
(-9.1422521 13.5196796381 1)
(-9.5665549 13.7487648155 1)
(-9.1338118 13.9967615077 1)
(-8.6805524 13.7795880717 1)
(-8.7082124 14.2716805581 1)
(-9.1856337 14.5417555787 1)
(-7.2356841 -14.5205281522 1)
(19.599922 -10.2352505821 1)
(19.572466 -11.2493223617 1)
(16.75 14.5670058934 1)
(17.250422 14.5669059686 1)
(17.500676 14.1344959556 1)
(17.999218 14.1348522053 1)
(17.749793 13.7027810464 1)
(18.242771 13.7005309399 1)
(17.26205 13.7074894482 1)
(17.017532 14.146139271 1)
(18.49638 14.1346665915 1)
(18.707774 13.6470404119 1)
(18.882929 13.2194836759 1)
(16.737931 -14.5605926724 1)
(16.514955 -14.1267230042 1)
(17.000392 -14.1434956648 1)
(16.793655 -13.7622357361 1)
(17.25 -14.5669720189 1)
(17.515147 -14.1360442465 1)
(17.999381 -14.1343091689 1)
(18.249449 -14.5666589029 1)
(18.498955 -14.153552933 1)
(19.002752 -14.1519756455 1)
(18.699122 -13.6691138277 1)
(19.239435 -13.7187279975 1)
(19.001413 -13.2535737757 1)
(19.556505 13.7867800579 1)
(-9.5698328 -13.7476283024 1)
(-3.6434484 0.0808599746257 1)
(-3.628396 0.357109513774 1)
(11.390669 -1.68754167316 1)
(11.729777 -1.56311161143 1)
(17.917423 -12.1560013622 1)
(-0.23034209 -1.90010135715 1)
(-0.64870499 -0.184417080232 1)
(12.141925 0.170215322518 1)
(12.475309 0.33307607306 1)
(18.248369 14.5676861412 1)
(4.6809804 -8.64408772294 1)
(-1.8033211 -3.60036087448 1)
(-3.6898237 6.83630038043 1)
(7.9915603 1.45774512969 1)
(-1.1830475 0.322095141861 1)
(4.1113015 -1.17917489107 1)
(18.236123 -0.0678794009553 1)
(8.5495089 0.433719961241 1)
(9.8906057 6.49822022016 1)
(10.750063 -0.169126116665 1)
(3.7969104 -5.65614103248 1)
(15.822128 12.7362709387 1)
(11.247155 11.7000380337 1)
(5.8129917 6.72631783828 1)
(12.937938 0.705067644348 1)
(11.350385 -11.7439059848 1)
(7.1030976 8.1979875928 1)
(12.432388 10.9619619542 1)
(19.066748 14.0781884592 1)
(6.7434337 -14.5761478233 1)
(6.9446649 -10.6877575759 1)
(7.6790609 0.643988479042 1)
(8.8609878 -5.06412775584 1)
(7.0463087 -9.42815919687 1)
(16.53412 -1.7124900425 1)
(14.808185 -5.1322504745 1)
(1.3776551 -4.22437011829 1)
(-0.62618161 6.87361066576 1)
(-0.40417885 6.41281970761 1)
(10.572915 5.6391830093 1)
(-5.6480589 -1.45372980451 1)
(17.80955 -13.6645929792 1)
(-9.164558 1.53902523583 1)
(16.36744 -9.83353178795 1)
(6.1007756 10.0275720574 1)
(11.738335 -0.793669140416 1)
(1.9982235 1.25041496072 1)
(-0.83084296 11.0250136967 1)
(9.1055983 7.33184507465 1)
(3.2208172 2.24925531921 1)
(7.4640897 -8.43510061551 1)
(12.899192 0.275595394611 1)
(14.442249 -4.43348833662 1)
(14.095375 -4.64428236247 1)
(8.220895 -0.415793389565 1)
(10.2482 -3.99050009167 1)
(14.434786 9.09122757145 1)
(16.281283 -10.654383109 1)
(-6.338223 -10.9815766907 1)
(17.564806 2.72120178625 1)
(-0.21552772 -0.508796007671 1)
(1.3640865 -10.9873830297 1)
(-6.0220835 1.90279541872 1)
(9.6151407 -3.56879530155 1)
(9.273628 -3.73790289833 1)
(8.9634163 -3.52530115279 1)
(9.5863421 -3.94448920342 1)
(8.9909394 -3.15872675994 1)
(17.017988 -13.0609078612 1)
(16.994168 10.5061072439 1)
(-7.6665073 -4.7391168219 1)
(16.260192 13.9618025069 1)
(-4.3344646 3.35635685135 1)
(2.682694 -11.9662318306 1)
(16.451742 -8.91885128673 1)
(0.60936605 2.85233089908 1)
(-1.1708585 5.43253893363 1)
(17.252231 6.84999370625 1)
(17.230725 6.3762722729 1)
(-3.893084 8.71268205341 1)
(-9.1392865 4.5075948385 1)
(-8.729563 5.22927115875 1)
(17.503195 -11.8902528899 1)
(7.3965312 7.23631242492 1)
(-1.6278736 -1.26162185746 1)
(-1.3335212 -4.52215432499 1)
(17.096971 12.9333877653 1)
(7.7674894 -13.770587829 1)
(17.46782 11.6978831179 1)
(5.3813382 -0.0864962330858 1)
(18.815539 -10.7231426121 1)
(15.350096 11.0665341087 1)
(19.097224 -1.36610951368 1)
(-0.67021039 6.27147014393 1)
(4.1866801 -11.603049277 1)
(13.725936 -13.3108130683 1)
(15.691045 -13.7631365924 1)
(16.586077 10.7686696816 1)
(16.179679 -1.02566936737 1)
(16.219304 11.9876159308 1)
(16.880494 -8.7119245919 1)
(15.028788 -11.2614420131 1)
(-3.898476 12.6924863872 1)
(7.613416 -0.706594282347 1)
(-1.0455227 0.365536279922 1)
(16.842661 7.13247302816 1)
(-0.44168336 -11.4749380804 1)
(-0.34261065 2.62100457913 1)
(-9.1187367 -1.36417527102 1)
(-1.4541887 -10.2861066407 1)
(-0.39459033 -10.6145455839 1)
(-7.375423 -12.2764845481 1)
(18.934736 7.24701077389 1)
(17.491302 -5.68019761187 1)
(15.680491 8.34767690814 1)
(8.3219318 -3.51013097746 1)
(8.7696164 -1.51688261059 1)
(-7.6316643 -6.06917161308 1)
(18.206156 8.71562469247 1)
(12.299467 -8.50807950437 1)
(1.9541104 2.38973182463 1)
(6.0917027 -7.96711805769 1)
(17.371078 -7.55839805809 1)
(7.0956374 -7.09967450477 1)
(11.857183 -9.15035903941 1)
(19.089511 -7.14257391466 1)
(12.014153 6.37271967315 1)
(10.222583 5.4721620521 1)
(10.554889 5.26762480602 1)
(9.441616 -13.8148706338 1)
(-4.5573841 -2.96909545607 1)
(8.8190587 -6.25786569798 1)
(-2.5064101 -9.95833375371 1)
(-7.9376729 13.5711160348 1)
(12.26246 1.15130700775 1)
(-0.41747183 -2.89068796788 1)
(16.973656 10.0156459616 1)
(-6.3681038 -8.45196852869 1)
(2.7609175 0.103105966297 1)
(14.239083 -10.7353117727 1)
(12.897021 9.79834069754 1)
(-7.3820797 0.567635485135 1)
(11.292749 6.0145022388 1)
(13.691036 11.6094512475 1)
(-2.8846666 6.86975802707 1)
(1.2637321 -7.1519944992 1)
(10.204466 -4.73153313667 1)
(1.6696448 7.75592257436 1)
(16.893071 5.02064904183 1)
(2.6037134 -1.48035833141 1)
(10.600513 4.55949703133 1)
(15.229077 3.31125203933 1)
(9.4650005 -10.3145979931 1)
(-6.6679089 -13.3414014726 1)
(-5.6857287 3.87788424066 1)
(18.141907 -8.56608104242 1)
(13.09125 -3.53745339394 1)
(17.901669 1.52825405436 1)
(16.862829 -2.8697981602 1)
(17.163394 -4.49829374144 1)
(0.22650783 -3.99263843667 1)
(-9.0392004 -10.5540454244 1)
(-6.6714924 13.8298140927 1)
(15.828918 -11.7886819669 1)
(-1.6730388 0.0671554698836 1)
(16.154388 -1.4726359304 1)
(12.669558 -6.99967797447 1)
(-2.9593467 -8.22637802013 1)
(11.592696 3.94132708691 1)
(12.054672 -13.1961869972 1)
(-3.2294562 2.2451546922 1)
(-5.2263929 6.21318426846 1)
(-4.8821901 2.79379060112 1)
(9.4412512 -10.7445185972 1)
(-6.7652597 -5.76293266026 1)
(3.6352776 4.33638779731 1)
(0.016996362 -0.610781219836 1)
(14.93566 -2.50897157644 1)
(-2.0217503 -3.43018912176 1)
(-0.86387888 -5.82652477847 1)
(3.6140773 -3.10664869488 1)
(17.404099 -7.0833296299 1)
(-6.3995503 7.94907250356 1)
(-6.7186005 7.69900061366 1)
(11.459819 13.3114577751 1)
(9.554012 4.06232506177 1)
(8.9374749 -3.9087376472 1)
(6.2806887 -4.68836643128 1)
(-0.83850348 -2.24960280024 1)
(-0.83452919 10.6135173684 1)
(10.919352 -11.9360839299 1)
(12.639319 -7.86940045822 1)
(3.7076669 5.16252643005 1)
(-7.7847192 -10.4417758705 1)
(18.340507 -5.26497197835 1)
(9.9873922 -8.38277982767 1)
(-1.8676749 10.392161916 1)
(15.810519 12.2452927324 1)
(-3.7062333 -12.4695537527 1)
(18.771599 2.41147094264 1)
(8.0857728 -6.98604065377 1)
(13.335272 3.22521539376 1)
(-7.1631227 -0.428981448628 1)
(16.075902 4.61160229459 1)
(1.628143 -13.6813442606 1)
(-4.1991635 0.664378477086 1)
(18.588968 -1.57887132393 1)
(7.1670536 3.86138588511 1)
(13.054592 -4.4172263415 1)
(17.69053 -2.46597389992 1)
(12.132269 9.33633669116 1)
(1.3997828 -10.5698522999 1)
(15.850419 0.0973349976694 1)
(18.18846 5.71710129543 1)
(6.037151 -3.53726755396 1)
(18.2301 9.68787268388 1)
(5.0542983 13.7840950199 1)
(-2.875857 1.00835624205 1)
(-3.0871397 0.931157845598 1)
(5.766828 11.0911924432 1)
(12.495554 8.24036829906 1)
(9.842099 8.10363581117 1)
(10.312692 -12.9426053891 1)
(10.774252 -7.57377784599 1)
(-8.8946407 8.41276657372 1)
(2.55246 10.2193403701 1)
(6.8976658 11.2675777902 1)
(-1.8996821 -13.8095292874 1)
(4.5273764 0.872012210001 1)
(6.3376616 4.0792468451 1)
(10.631006 -3.07594557015 1)
(12.451788 7.36408530216 1)
(-0.43837448 -3.99365038697 1)
(17.940204 -11.667918203 1)
(5.9751067 -3.05985704484 1)
(11.337024 7.20834677216 1)
(9.0308482 -14.1160878864 1)
(10.846128 -5.92763071785 1)
(-2.0046338 1.90957393456 1)
(-7.8154651 10.6582137292 1)
(10.487575 13.5874758217 1)
(9.2258881 4.9737770213 1)
(15.338201 5.53925678618 1)
(-0.41670875 -1.94729863329 1)
(-8.0251178 -9.2422855084 1)
(-0.96143548 -12.5381280153 1)
(9.9876806 -2.650995054 1)
(4.8737452 -12.5476010343 1)
(10.803036 -6.74943340985 1)
(14.031695 1.2458953623 1)
(-1.5579337 -11.1345503291 1)
(6.2211138 13.0662565781 1)
(-8.1268761 -7.10538235351 1)
(-6.2127259 -7.1320269412 1)
(13.31409 1.6612350436 1)
(4.6158913 3.40467859639 1)
(0.58084516 -4.57106730561 1)
(-6.3549246 7.53420413254 1)
(8.0466133 -10.5535046548 1)
(0.75920387 3.8721639417 1)
(0.5421865 3.56705701233 1)
(10.573448 6.84507046166 1)
(9.1132259 -12.6337750144 1)
(0.18359678 -12.8832756651 1)
(9.3574809 -2.25643465455 1)
(-0.69119645 -13.7146220787 1)
(0.53178096 -14.0774009815 1)
(7.9028295 2.60025003685 1)
(7.6213179 -11.6146288973 1)
(0.030604162 -7.04776743581 1)
(6.1214156 -7.2188752337 1)
(17.174563 2.96060842683 1)
(4.2727562 -9.59958600914 1)
(8.3682462 -12.115274412 1)
(-7.0425894 11.6462529832 1)
(-8.5798399 9.6655555391 1)
(8.1473613 13.679647168 1)
(7.1562765 -5.9913046129 1)
(11.937886 2.14678565146 1)
(-2.2927641 13.7029959759 1)
(6.0216565 -12.3934654493 1)
(7.374957 13.2549655185 1)
(2.8306223 -13.5335602559 1)
(11.269474 2.57873872797 1)
(8.8756638 9.55827437492 1)
(0.51622026 2.47822830791 1)
(8.5589282 0.772495739516 1)
(9.4485591 -0.47750541894 1)
(-5.0726847 12.4215945621 1)
(8.997687 14.1763272847 1)
(17.902352 11.9220868017 1)
(-4.6470413 9.48929831648 1)
(-2.5496413 -12.8237182021 1)
(-6.954728 3.220280746 1)
(6.7144326 -9.19010731476 1)
(12.156572 0.563362858865 1)
(-8.8048067 -4.86138940949 1)
(1.5005033 -8.41015622853 1)
(8.1226897 8.35970806472 1)
(5.0405498 12.4193729724 1)
(7.7114194 12.1205373398 1)
(3.586985 -1.57656351167 1)
(-0.22346335 -5.20237541739 1)
(-0.92461843 4.06653800061 1)
(1.0393266 6.04064834472 1)
(-1.7855764 -10.0348122885 1)
(3.0468533 1.01973880599 1)
(6.9340569 4.69048680534 1)
(-4.9116334 -8.60416685879 1)
(-5.3126822 -8.75629601838 1)
(3.9263718 13.112409441 1)
(5.3118639 -9.48017921048 1)
(5.5274152 0.326373357333 1)
(6.7820395 -6.89268305755 1)
(-0.15419201 -1.42182462809 1)
(9.1466944 3.90595374238 1)
(8.0992156 -2.53069817607 1)
(7.8280297 9.36061674667 1)
(3.1490334 0.459146248457 1)
(3.5258634 12.8981704522 1)
(-1.9017518 11.2159869908 1)
(0.70317904 -10.5040905216 1)
(10.091367 -0.14535202142 1)
(10.410095 -0.345688941165 1)
(1.2132767 12.9098411529 1)
(-5.7425689 5.07741672748 1)
(5.5398483 4.26752755295 1)
(-8.2636132 -8.03920520511 1)
(15.600539 3.06018332331 1)
(17.190865 -4.03817247258 1)
(1.8786832 10.2275894819 1)
(-3.5510623 -9.62378869532 1)
(5.391548 -3.32201393944 1)
(5.3865825 -3.64445750945 1)
(2.8329712 -3.0862878602 1)
(0.83502367 -9.11209826768 1)
(15.400285 12.504320708 1)
(3.6727115 -8.75759512022 1)
(8.6545605 -3.3377814187 1)
(-3.1158438 12.7138258424 1)
(9.1657517 1.09333537576 1)
(-5.6709473 -12.008811692 1)
(6.769396 8.01285677162 1)
(-2.5761702 0.319333763691 1)
(0.82029095 7.95377036748 1)
(1.1588018 2.84520124367 1)
(-1.0967734 -0.884987863651 1)
(-7.8221349 -12.4473095235 1)
(0.86842878 10.4305026244 1)
(7.3776876 6.86784969026 1)
(2.368076 11.3992283156 1)
(-2.2101829 4.86549860022 1)
(-2.0361421 3.87628273602 1)
(0.74508142 5.91551199899 1)
(8.7480052 -1.86648554708 1)
(6.1782978 12.1681542591 1)
(-4.0944531 2.24832433517 1)
(-5.5914322 -8.07766269218 1)
(-5.8718795 -4.6081496646 1)
(1.4476926 -2.04000925579 1)
(1.999009 5.1424671074 1)
(1.6342331 14.0370163538 1)
(0.2290193 -8.33561886668 1)
(3.5542476 -9.93239788799 1)
(-5.1037825 -7.05264360245 1)
(3.1819196 14.0338407803 1)
(4.4775087 -4.08623032083 1)
(-1.6923419 5.1553698763 1)
(6.101478 4.88072018155 1)
(6.1054831 5.19374643151 1)
(3.5296593 8.49564585485 1)
(-0.15051592 10.6211962675 1)
(-3.5896553 9.72989940139 1)
(8.8094697 10.0657007675 1)
(-4.1855141 -13.1191250342 1)
(-8.2624029 -3.76346106292 1)
(1.7908156 4.02341531036 1)
(15.168149 2.439478156 1)
(-1.9682313 -3.16298251326 1)
(4.2239906 5.13348580873 1)
(11.469906 -8.90318738622 1)
(5.3118644 -0.984973398877 1)
(-8.3232002 5.46887419064 1)
(-0.95051878 1.3760058973 1)
(4.2995478 2.37577381656 1)
(1.3360056 1.87521605898 1)
(-2.1302812 2.69092907633 1)
(-2.8134448 1.42771147588 1)
(8.3987227 -2.72920111281 1)
(7.4725404 -6.19363458532 1)
(4.2095685 9.58433823172 1)
(-2.2066964 10.1825767636 1)
(18.596469 -8.3487715212 1)
(-4.263798 -3.18860609281 1)
(2.3622099 12.683202703 1)
(3.2435424 6.68903528602 1)
(18.35544 -11.932931231 1)
(1.9700928 -0.383628045136 1)
(2.3538092 3.80685745914 1)
(-0.34899236 -2.46724656937 1)
(-0.16439781 -2.61007535667 1)
(-6.3253236 3.58893641288 1)
(0.96426881 0.970274154999 1)
(18.319237 11.6218450375 1)
(2.3380089 -2.35547874338 1)
(-2.2218457 1.64938582697 1)
(6.3877038 -1.37924921134 1)
(6.4589003 -1.05183651959 1)
(0.11663749 3.03699789264 1)
(1.5736659 3.17927891425 1)
(9.7821203 -14.5236354123 1)
(-1.9506292 12.5016588656 1)
(0.04515095 13.5843282771 1)
(-0.041784391 8.14992139274 1)
(15.303104 -2.76033623691 1)
(-1.3173568 -12.2688979176 1)
(6.6830996 -9.59504339262 1)
(-4.3286796 -4.21821924544 1)
(-3.4644627 -14.1586934712 1)
(3.7109434 -8.37223949928 1)
(-6.4232213 0.267947202054 1)
(-5.6997449 8.82020124028 1)
(-0.91842025 5.29130357852 1)
(-4.6169898 6.98266623874 1)
(2.7950066 -4.60095121592 1)
(4.6496979 -5.55667004265 1)
(2.471995 -10.4596890101 1)
(1.2070758 0.655564373222 1)
(-1.376148 5.02952834172 1)
(3.2097645 -5.92434796012 1)
(3.5562727 9.99152295195 1)
(-9.1770704 1.01059004234 1)
(-8.638398 0.448500638586 1)
(5.3470425 -0.699227128357 1)
(-5.1066477 4.15375638252 1)
(12.569527 -11.578044052 1)
(-2.7234316 2.90597771302 1)
(-0.74017318 14.0275944159 1)
(1.7332916 5.51717112342 1)
(-2.1685778 -10.2001926401 1)
(15.5088 1.73759780437 1)
(-0.03117409 -6.0431095029 1)
(2.536992 -4.72708155988 1)
(-1.9391751 -8.0986635062 1)
(0.25605061 8.98942247033 1)
(-2.1814405 -7.1260747007 1)
(1.1958599 -8.22029520381 1)
(9.1676895 -6.08081801898 1)
(-3.9990291 4.74411760667 1)
(17.834637 -6.86139663747 1)
(-4.2232508 8.49787451079 1)
(3.4003983 -2.42723137934 1)
(-6.5483715 -6.87074094154 1)
(0.043843698 6.09309032409 1)
(-0.63690457 -6.67531776534 1)
(5.0118526 1.02436166963 1)
(3.5306875 3.10971764099 1)
(2.4582544 -7.58475387091 1)
(4.7973643 -1.17452720067 1)
(0.42638634 -1.03765057491 1)
(1.8356154 -7.89618503626 1)
(-3.7042728 -6.09278600113 1)
(-8.3496091 0.756429917353 1)
(1.2652734 3.45687877547 1)
(8.0765419 11.8790183477 1)
(1.1885291 5.62115396407 1)
(4.2074358 1.43017711111 1)
(1.2290077 4.24730957965 1)
(3.3069822 -4.35206157253 1)
(1.4071691 5.47665804612 1)
(0.72121646 -3.57255621283 1)
(12.676315 4.49191022156 1)
(0.77905564 2.22896344213 1)
(2.0633794 2.98786713206 1)
(1.472855 3.52237073336 1)
(1.9175056 -3.93409450089 1)
(6.3756403 -0.441239858803 1)
(-1.2493945 -6.99535358737 1)
(-3.4447565 5.01673186845 1)
(-1.7172214 2.82216138566 1)
(-7.9124594 3.92118036543 1)
(-1.7994502 4.74303058013 1)
(0.70689639 3.44381958554 1)
(-4.2732589 -5.69066886377 1)
(6.4368278 9.81137849163 1)
(18.78229 -11.7146431806 1)
(4.3946173 4.696125686 1)
(18.294258 1.26819238389 1)
(2.9087486 8.51436449118 1)
(0.27312384 -3.74324751894 1)
(6.3971284 0.787234669979 1)
(2.3763473 2.71282852585 1)
(3.7577666 3.94915864303 1)
(5.6724781 -9.30716419585 1)
(1.8845532 -1.56666910986 1)
(0.50515567 4.85316956725 1)
(2.0227718 -4.96549077673 1)
(6.3918184 0.172397574397 1)
(16.455428 4.36667276028 1)
(-1.4427827 6.12289520613 1)
(17.605713 -3.82685766038 1)
(-2.191335 5.71506408995 1)
(-2.4533674 5.88721784898 1)
(-2.2692179 4.51965532234 1)
(0.89108566 4.5452275647 1)
(-7.6548637 1.62031158056 1)
(8.4583102 8.14802451345 1)
(13.69452 2.98765242183 1)
(8.247782 -14.5214340749 1)
(13.660453 -7.47409945925 1)
(4.3909275 3.55867163886 1)
(4.6293474 3.6750339951 1)
(15.409074 12.995421091 1)
(-0.71398535 3.16754753833 1)
(3.5369079 2.76170576126 1)
(4.2006293 0.323198391305 1)
(17.218641 3.85988731305 1)
(-5.2611709 -5.49121395851 1)
(-2.3101097 7.54294216117 1)
(-7.0541727 12.1332178188 1)
(4.3323355 -2.28143802961 1)
(1.1548961 -3.4127327615 1)
(-6.6517982 0.852018850308 1)
(-8.6924883 -1.1483137658 1)
(-0.43231681 -0.351970097803 1)
(-7.0394845 -2.44968979186 1)
(-7.1281063 -3.28776405636 1)
(16.411468 -9.38523210076 1)
(-0.43775563 6.10980576886 1)
(7.5085604 14.1914704341 1)
(-4.1875842 -2.53583343289 1)
(8.4972146 2.89667199544 1)
(9.9470607 -8.82119413987 1)
(4.8345007 -13.0024784812 1)
(-0.30475454 4.05578681027 1)
(-4.1300085 -1.89568717481 1)
(-8.2415695 10.8741618855 1)
(-2.7323835 4.2772806538 1)
(1.7293682 2.33664395994 1)
(-6.3590709 0.652757987953 1)
(1.205251 9.10475660091 1)
(-3.4290386 -0.0926103851089 1)
(-4.2462908 -9.57766793792 1)
(1.3627675 1.03153765327 1)
(14.736975 0.804063271901 1)
(1.514131 -6.67769815435 1)
(-5.4214784 2.19153407025 1)
(2.8386173 -10.2815156046 1)
(-1.4521546 6.72521645741 1)
(2.8863118 -2.84359604641 1)
(-1.4894054 -5.77813132779 1)
(-0.50299463 -9.41743728059 1)
(-5.9827519 -1.61902800533 1)
(-9.0923199 9.86801353343 1)
(-0.058304435 -10.8502109327 1)
(2.6881928 2.45596628612 1)
(1.4960806 -1.85373153748 1)
(-1.5425126 13.1467033983 1)
(9.2284724 -8.760408419 1)
(5.2596251 2.98876555 1)
(-4.9479774 -9.05694710584 1)
(-3.941726 2.76278612039 1)
(12.838856 -0.227798417434 1)
(4.3003168 0.801568887478 1)
(9.563548 -4.31680944963 1)
(0.032473061 3.77435560203 1)
(7.4287446 3.67585652872 1)
(-1.1331602 -5.64020428263 1)
(6.5930936 -4.52848991256 1)
(4.2400241 -9.98480794636 1)
(17.590646 3.17769742295 1)
(2.0065051 2.09664190644 1)
(1.0364679 1.99994203164 1)
(-3.7306524 -3.87953479128 1)
(3.1407042 -0.693301211715 1)
(-2.6444163 1.29636154816 1)
(3.9249224 -1.0247052424 1)
(2.0103482 -3.14259232993 1)
(6.8258767 10.0062471724 1)
(0.069415061 2.6457499196 1)
(-3.7631448 -12.9340774248 1)
(9.7812543 3.5219433763 1)
(4.4387384 -1.76715517912 1)
(19.011102 -8.13561172071 1)
(-8.4623752 -9.42462183078 1)
(-0.95312587 -2.66086361745 1)
(12.992587 -11.3668196243 1)
(1.5837843 -3.27053300766 1)
(5.6444292 3.11726704426 1)
(9.1688084 -9.21464157298 1)
(-2.0080142 0.0188892331232 1)
(3.9723864 1.35255737433 1)
(-1.279677 2.18229747005 1)
(-3.7931934 -1.22791962048 1)
(15.856944 0.541493743071 1)
(0.65765886 1.02656284567 1)
(-6.2098086 10.7424509168 1)
(3.0048354 2.18140243197 1)
(9.7579089 -0.67335526718 1)
(-3.3569836 -1.80196540014 1)
(17.46106 -6.1404633108 1)
(-9.3230375 8.62729211938 1)
(-3.3657891 0.39675023984 1)
(2.1202807 1.96106287916 1)
(-0.58213405 2.40021342023 1)
(-1.5822543 -0.640532061877 1)
(-0.93778065 2.28133546738 1)
(2.5133022 0.783331817941 1)
(17.242642 -3.12595017571 1)
(2.4469861 -2.9830612209 1)
(1.5474739 -0.893903370752 1)
(9.8609547 8.52703835146 1)
(13.030797 -7.23086774261 1)
(-0.92462601 4.48097077017 1)
(-8.3514839 4.94504448295 1)
(2.9352367 11.1408800846 1)
(-0.78286014 1.12989373233 1)
(5.0517023 12.8634320222 1)
(19.575696 -12.7650713642 1)
(14.693263 -9.62753946968 1)
(-5.175142 1.06272341548 1)
(8.4837054 12.0712398976 1)
(-8.1881443 -0.124073879613 1)
(3.5341215 -10.3252532823 1)
(2.5729202 0.315080192102 1)
(3.2318894 5.4660140588 1)
(2.4871912 -0.041476992574 1)
(0.29080501 -2.39420220763 1)
(16.094047 8.56599163338 1)
(-1.6467939 2.05029830671 1)
(-5.0003752 9.26619988068 1)
(-3.2428944 9.95123949312 1)
(-4.8671433 -12.1035412704 1)
(-3.3872349 -11.1623224513 1)
(7.5610411 9.95224830537 1)
(2.2499983 1.0169023716 1)
(1.48433 1.60459407609 1)
(18.717365 10.2679391807 1)
(-6.1715705 9.84030308771 1)
(5.8316461 5.04025901952 1)
(7.6668819 0.304767741355 1)
(-4.2806409 11.4889980474 1)
(-6.2498021 12.157461983 1)
(-5.7299546 2.42856042282 1)
(-3.7164896 -0.696879476715 1)
(13.970713 -14.1326534195 1)
(-6.195127 10.2828820393 1)
(14.876418 -3.38345514729 1)
(19.579743 -6.76324092844 1)
(-3.9564779 0.798744686237 1)
(-3.3185479 -7.98737522282 1)
(15.778665 -7.0137407313 1)
(6.5679108 12.375745086 1)
(-5.3865142 -1.04557463809 1)
(-8.7551265 1.79833179866 1)
(-1.2720413 -1.84708188211 1)
(-1.3184043 -2.06004976975 1)
(-2.4956665 -6.92155982732 1)
(7.3917071 3.32220564659 1)
(-3.197057 -4.23335947478 1)
(-2.139787 -2.98981216414 1)
(8.4888216 -9.10554643579 1)
(-0.293649 1.8621366406 1)
(4.7394718 4.80383770627 1)
(-0.3175232 7.9805940774 1)
(14.568913 13.0212472806 1)
(-6.2676923 14.5277102701 1)
(2.3927803 -0.742788063605 1)
(1.2731429 1.13295316195 1)
(-5.0869817 12.8838597358 1)
(4.1125052 2.5202230575 1)
(-0.37972745 -3.74877678567 1)
(16.864154 4.5673315885 1)
(18.693072 1.00961409456 1)
(-4.2322772 -9.10893005958 1)
(9.5588022 5.14436169096 1)
(1.0429263 -2.13259311784 1)
(0.21888392 5.40710793196 1)
(2.4056563 -0.369414797561 1)
(-4.835095 -1.4304287655 1)
(10.614261 -10.7270322847 1)
(1.7247692 1.41017776897 1)
(13.402333 -11.6187573713 1)
(10.248118 1.33524611405 1)
(-1.8348261 -10.4509840828 1)
(1.730423 0.340390485667 1)
(0.82761437 13.1309819494 1)
(3.5142934 8.1477472235 1)
(-8.6585912 11.0766611235 1)
(-2.1684138 0.902678194327 1)
(5.5088489 6.92372496167 1)
(-3.5113718 12.9335895213 1)
(8.8155056 11.3935667451 1)
(-0.17473084 -2.38797338906 1)
(-3.2212039 -4.5565348344 1)
(-7.5862638 1.20489151948 1)
(16.940598 9.0171921808 1)
(2.2174531 10.4249695468 1)
(3.2144476 8.68476275496 1)
(6.7687898 8.40443718215 1)
(-0.1062057 -8.49499469615 1)
(2.3671634 13.1323399472 1)
(-4.6222499 7.34352017228 1)
(-0.53016301 1.16778234755 1)
(2.4208071 1.98495619596 1)
(-5.0482227 10.5606588034 1)
(1.2472915 0.387692990482 1)
(8.1096578 -9.29189983769 1)
(-3.6502304 -10.4559328541 1)
(-1.6614509 -0.357280730661 1)
(-6.2355663 12.674740155 1)
(0.91221522 0.856180659585 1)
(-4.91569 -12.5673761126 1)
(0.83260814 8.2909628218 1)
(6.5058528 1.94164483707 1)
(16.563502 -1.25635175778 1)
(-0.63094734 1.62978698926 1)
(0.86100548 10.8211879775 1)
(0.40328974 1.20322710139 1)
(4.5667823 -3.7181168091 1)
(1.1559226 -1.94503214162 1)
(-5.6264776 -8.52595833112 1)
(-0.68080909 8.1716364061 1)
(-2.3534685 -1.08625535637 1)
(10.237797 3.6518549002 1)
(-1.777206 1.11678763756 1)
(0.69511436 -1.52170811668 1)
(-6.6791706 7.291581702 1)
(3.9465398 5.00681009939 1)
(5.4886015 7.30280803174 1)
(7.8735133 2.25113460732 1)
(0.79863513 -1.03553604505 1)
(1.3083011 -0.25727681429 1)
(-4.8754794 -4.8999448719 1)
(16.514762 8.78740715077 1)
(1.037262 -0.798351471255 1)
(1.1722237 -0.778496860682 1)
(-0.29302202 -7.20426359262 1)
(6.3174001 3.44409566081 1)
(0.68308935 -0.451134956542 1)
(3.9513603 3.78160629017 1)
(-8.8781799 -9.61986814977 1)
(10.071005 -0.50132911938 1)
(-1.1015122 0.95802018385 1)
(0.51667017 -2.15883174443 1)
(0.47739569 -2.34067431358 1)
(0.65820119 -2.28463346469 1)
(-1.5157728 13.5996123994 1)
(-4.309701 10.5653189836 1)
(-1.3005291 -3.66303195467 1)
(7.2212854 4.83222625218 1)
(15.098555 0.576354630145 1)
(16.967192 -1.04416930874 1)
(1.0393697 0.664511895998 1)
(-3.2403395 4.01387296516 1)
(-1.4128148 -1.71785570989 1)
(-0.65961057 -1.30276566392 1)
(1.3822993 -0.376128963707 1)
(0.86223768 -0.196084931042 1)
(7.8131702 -5.65296471118 1)
(-1.6210069 0.209970950886 1)
(-1.7401014 0.335025334819 1)
(-3.0062026 11.3765894126 1)
(-0.70568761 1.88364628367 1)
(1.9122043 0.116841825776 1)
(10.757677 0.200968044936 1)
(1.3443023 0.0778198342028 1)
(1.1127919 -2.66226572781 1)
(6.4317385 -7.41858279163 1)
(0.48645067 -0.936094775199 1)
(0.60206504 0.198307402328 1)
(-0.13419863 -1.27277158593 1)
(10.95809 8.71290531589 1)
(0.26151428 -0.604632340284 1)
(0.39187457 -0.412567173877 1)
(13.829019 -10.9401988441 1)
(13.7346 13.0355987803 1)
(14.931969 11.3339037759 1)
(0.61166307 0.5599887507 1)
(8.853654 0.594530666266 1)
(15.615241 -3.90483418673 1)
(4.0546262 -12.9408684762 1)
(-2.4438065 -1.38947361174 1)
(11.626188 -3.97846807865 1)
(15.357605 -12.5336925632 1)
(3.0247021 -8.69689557463 1)
(-5.5358987 6.01280852533 1)
(14.847407 -8.27375501685 1)
(-3.1457644 1.92023918736 1)
(-5.0001334 -14.2066939271 1)
(-2.8484306 -7.07499180657 1)
(-1.0723032 -0.741245258292 1)
(13.556777 0.173873582831 1)
(-5.8518269 12.884637946 1)
(-0.17396478 -0.825223690879 1)
(-3.3974091 1.78023110655 1)
(10.399675 -0.708352837702 1)
(-9.5887656 6.21241341285 1)
(-5.3819663 9.45514315851 1)
(-1.5226289 1.5318009964 1)
(2.0269402 -1.69420190613 1)
(-0.47226011 -1.66081923616 1)
(-2.5316617 -2.96723171474 1)
(-0.49523879 10.814810717 1)
(6.5404424 -3.44623473535 1)
(-9.5896745 -14.2344623334 1)
(-1.1574255 7.51468731087 1)
(1.1775379 -0.461787143476 1)
(19.239336 14.5863401073 1)
(19.234599 -14.5897838519 1)
(1.1733599 0.479271748089 1)
(9.8999342 -4.14930275739 1)
(14.948013 -12.7043894236 1)
(-2.6695023 -4.95039728903 1)
(4.3626711 3.8680138161 1)
(0.05403397 -0.81133263804 1)
(6.2863356 -2.2874906634 1)
(8.8093368 8.33518702312 1)
(-8.0932719 -5.81819122215 1)
(-0.280789 -14.5136871651 1)
(-3.8758267 3.29993787118 1)
(0.84226247 -2.04142961877 1)
(9.8310521 -5.69358056968 1)
(-2.0994552 -5.35571299029 1)
(3.362527 4.22676023205 1)
(2.4092694 1.74504750903 1)
(-2.1473269 -4.94471246397 1)
(6.3844343 5.35668058308 1)
(-0.77552715 -0.376891377136 1)
(-0.10752324 2.85627954362 1)
(4.6451302 -1.95656347064 1)
(17.375615 -0.406894552966 1)
(-5.8947378 6.17717034196 1)
(-1.7267232 -12.4471730861 1)
(2.9815362 5.64193339204 1)
(6.1109156 8.42046239991 1)
(0.24843411 0.647494564075 1)
(0.17571635 0.621145343606 1)
(-0.87548255 -0.902948355473 1)
(2.4877228 4.79173438297 1)
(18.258586 10.6608049345 1)
(-1.7866461 -1.09553969449 1)
(4.8208201 -3.60882252239 1)
(7.5943099 -1.05838583446 1)
(11.996301 -13.6634342412 1)
(1.2454529 -0.656908845887 1)
(-6.6064934 -7.30417131653 1)
(0.22426683 -0.831343085224 1)
(3.7668967 6.35032257674 1)
(6.5857081 12.8256252268 1)
(-6.5200882 -4.14995275295 1)
(-0.50542608 -1.26427288479 1)
(-6.8443462 -0.624842088493 1)
(-0.69212524 -1.0804409483 1)
(-2.2189633 10.5911080554 1)
(5.0045672 -1.35107158396 1)
(5.5504004 -6.1102477691 1)
(8.1628285 -5.47344843573 1)
(11.370507 -3.272463352 1)
(-9.5859423 -4.30080433008 1)
(3.3364983 1.89347211651 1)
(6.0059675 -9.52084812997 1)
(-2.6712333 -4.58200198135 1)
(4.300155 12.8752498326 1)
(2.4011244 13.6179407997 1)
(14.464259 -13.4439227504 1)
(-0.2149973 -2.82210489502 1)
(-0.23849228 1.32314050811 1)
(0.45280701 1.32090621334 1)
(7.1725926 9.78350504471 1)
(4.9281958 7.25593787684 1)
(2.7281519 1.70895302681 1)
(0.79490805 13.677393339 1)
(0.13058129 1.37812745798 1)
(-1.9730867 -8.52267281623 1)
(-0.95111424 -7.1722851972 1)
(-4.1065995 1.45444978986 1)
(0.26376464 1.91593043219 1)
(12.355684 6.14425434999 1)
(0.65248747 0.355823707298 1)
(6.7674118 -7.25240847276 1)
(4.1680824 -0.925311544582 1)
(-7.2950611 1.88466110358 1)
(7.7202628 7.03180855353 1)
(3.8539782 8.30515147748 1)
(0.88668441 1.06714421073 1)
(0.80978305 1.15551966761 1)
(1.773457 -5.03790523962 1)
(-0.10561125 12.2833814949 1)
(-2.6043562 7.71140193083 1)
(-2.8372752 -0.778369535076 1)
(9.933803 4.95073569501 1)
(3.1381067 -1.69562035461 1)
(1.6660653 8.05918181107 1)
(-0.51886658 -0.205303950475 1)
(0.92310243 11.2820627306 1)
(-0.1401578 -8.87630931167 1)
(13.412921 -4.21645882558 1)
(17.252904 4.3090281861 1)
(-1.0436094 -0.0182565425387 1)
(16.251906 0.739054080926 1)
(-8.7827715 -2.01835104273 1)
(6.0926 8.8286684956 1)
(15.959956 -4.6132087703 1)
(5.5146188 -2.10632345384 1)
(-9.1559443 -3.65003750399 1)
(19.109708 -6.19392722082 1)
(-3.2510036 10.363917734 1)
(4.6287632 7.38184333681 1)
(19.124488 1.21095943066 1)
(4.5146909 7.91738707324 1)
(8.9374737 12.7704259302 1)
(0.13626527 -0.538905413492 1)
(4.303863 -14.6193830947 1)
(-3.7605927 -8.12499338456 1)
(-3.0873439 -6.50535830705 1)
(3.9006434 10.1588554038 1)
(11.090592 0.375992440431 1)
(1.11263 4.61550668914 1)
(13.45698 -9.26983463185 1)
(10.335006 3.09949131655 1)
(7.9996159 1.77245972203 1)
(0.715458 -2.79350302533 1)
(8.8365067 11.8224010964 1)
(2.9542205 -9.10161107202 1)
(-4.3149031 0.307790250333 1)
(8.8299558 8.73172288219 1)
(13.676314 10.1914166218 1)
(-0.60231959 -0.714034644683 1)
(-0.17583893 6.2573939776 1)
(-0.36576881 0.698129636359 1)
(2.6952023 1.50872101378 1)
(9.0638672 -1.71334681416 1)
(3.9994821 -13.4057352376 1)
(-1.0136601 0.482639809256 1)
(4.9274957 -5.73734782164 1)
(-1.6120265 -5.24494963284 1)
(19.603043 1.77313803104 1)
(0.050554504 -5.09098358538 1)
(-3.5255415 13.3910189374 1)
(16.587819 -13.3512573171 1)
(9.1588415 0.759176659294 1)
(4.1027468 7.77687047014 1)
(-4.5475239 -12.8444240726 1)
(11.423827 -14.2203651912 1)
(10.393857 -1.07706050148 1)
(3.8319937 -7.33157897813 1)
(3.6502388 -2.2920850938 1)
(-1.7883249 -12.9002637214 1)
(19.593105 3.77867938359 1)
(16.310705 -5.33528653616 1)
(0.78385083 -0.356028285031 1)
(19.587142 -12.2150758354 1)
(17.415306 0.429398116162 1)
(-1.7620787 3.71563859884 1)
(-2.8426308 1.22147947933 1)
(7.9671062 3.60231158908 1)
(-0.010912947 1.48498445916 1)
(15.2419 -3.64052335505 1)
(2.2219181 10.8185382526 1)
(14.064491 -13.5986047558 1)
(6.8263865 -3.62452965601 1)
(10.603161 -14.1608754635 1)
(0.10635716 0.939943813589 1)
(-0.83121701 0.66915399647 1)
(-0.6409443 -7.01278756651 1)
(-3.5090989 -6.64626645947 1)
(18.735642 11.3017025164 1)
(-1.3483747 1.05361766272 1)
(-0.50912095 -0.667652555088 1)
(-0.4392707 -0.725104106418 1)
(4.379552 1.76891146195 1)
(-0.027031171 -1.37300631592 1)
(-0.11470178 1.33886480751 1)
(-4.5421336 4.46572860288 1)
(-0.87342931 7.66637432498 1)
(1.1643117 1.3458733286 1)
(0.51552903 3.36976303818 1)
(0.096751771 -4.79531973415 1)
(2.8389548 1.37912653359 1)
(-5.4767032 14.1243559856 1)
(-1.4755521 0.624031126456 1)
(5.4554175 8.82300373737 1)
(2.9684275 5.96336401431 1)
(17.626723 -3.379800747 1)
(10.223116 -4.36191924655 1)
(-0.35032031 -0.519685556388 1)
(10.648715 2.94067995867 1)
(9.8032101 -6.11376008348 1)
(-0.61517159 -3.84401895609 1)
(-6.6617219 -7.74055777084 1)
(10.714569 -1.28724567342 1)
(-3.3735879 -2.10133258575 1)
(3.0000091 1.21308287226 1)
(-5.7015295 -2.19688287572 1)
(2.4495639 14.1501320839 1)
(2.2689023 -1.27349249447 1)
(-6.894518 -4.31827971562 1)
(15.868297 -5.95577561507 1)
(-2.2377936 10.9981467424 1)
(12.01684 4.850777164 1)
(5.9411372 -10.7195537258 1)
(19.305725 -9.43101656204 1)
(3.3450994 -7.0924317051 1)
(-5.7375167 9.23473252362 1)
(8.0198367 6.46718272421 1)
(16.986323 -0.604992272492 1)
(1.4155176 8.24053739294 1)
(-2.2009814 1.84172417032 1)
(0.28274205 -0.478806887721 1)
(-0.49404709 11.2348131519 1)
(-2.1947701 -13.0866470493 1)
(15.541766 2.17658400134 1)
(-1.1278144 -3.31083956136 1)
(-0.15843539 -9.34210348202 1)
(6.7626168 2.08441037882 1)
(16.631184 0.493425225205 1)
(-8.6356708 12.0484175179 1)
(17.879817 -5.9236067577 1)
(0.13880497 -4.5211509203 1)
(6.6121602 13.2807408867 1)
(0.47614877 -0.415006297491 1)
(-0.094445144 -0.873638125875 1)
(9.9618103 -11.776802836 1)
(-0.97586744 -2.11613332883 1)
(-9.1470671 5.94328847338 1)
(9.1756983 8.93729954517 1)
(1.0813646 -0.687818515382 1)
(-3.2721294 10.767130437 1)
(3.1676892 3.03517436876 1)
(3.1864814 -10.5020437297 1)
(14.615737 5.96902541159 1)
(3.0789352 -7.26743090436 1)
(0.17098783 -2.26405878617 1)
(5.4020879 9.27434439578 1)
(19.594411 -1.70243873628 1)
(19.208389 3.98652457471 1)
(-2.4870401 -14.2129943066 1)
(4.0219071 -0.546370297189 1)
(5.1317874 -0.550719880379 1)
(6.6921333 5.84418011444 1)
(3.9144596 10.5412240845 1)
(2.2378904 4.17610089892 1)
(-7.9405017 3.45551645427 1)
(0.16542755 -0.922543405796 1)
(-5.4542502 0.934538585228 1)
(11.240563 2.98521290886 1)
(-1.1895115 12.055734623 1)
(2.7137865 -1.82453368286 1)
(1.9814531 -1.87317768875 1)
(2.370034 -8.93931387584 1)
(3.7788284 6.65192206122 1)
(-5.1005559 4.46116984277 1)
(7.8703339 -7.87453510132 1)
(4.4686167 0.644711426712 1)
(-1.5488883 12.7051891806 1)
(1.666105 -5.4777327545 1)
(1.8093397 -8.23805066934 1)
(5.2760156 -1.25961597768 1)
(-7.2055638 14.5926771361 1)
(0.63210989 0.0473689279484 1)
(-4.6017569 3.21675366695 1)
(-1.0446858 -0.26473326381 1)
(14.230138 -11.1949360122 1)
(-2.9002429 7.88238527207 1)
(-9.1623744 -4.60794923199 1)
(4.683845 13.0827382354 1)
(4.7410252 -7.53641286134 1)
(5.2232892 -5.92939019998 1)
(-0.25856962 0.762490370536 1)
(7.2050024 -11.8229508084 1)
(-3.4849174 -4.36831338432 1)
(9.3265434 12.9554510205 1)
(3.2321115 -13.3357016416 1)
(-9.0989836 6.80674529553 1)
(9.3728272 -1.91236102551 1)
(2.7774443 -7.7621696656 1)
(-0.085132037 0.668885303861 1)
(19.62419 2.25005186747 1)
(19.62289 -5.24995465336 1)
(19.183613 -11.9855623354 1)
(-0.13078992 11.4414538305 1)
(-5.4817847 -14.1208937218 1)
(4.5896897 -2.21576190476 1)
(10.349602 -12.0546026361 1)
(-3.7632744 -6.43365984528 1)
(2.4514133 -7.9244926948 1)
(-1.2428595 0.928836123188 1)
(11.04348 -1.11614873854 1)
(-2.0278287 0.752087188863 1)
(6.9988483 5.67135571635 1)
(8.3727175 6.61958959892 1)
(4.2742646 -0.408854415956 1)
(0.60977519 -0.263126464007 1)
(8.8882421 12.2484589451 1)
(7.0160846 13.4955627324 1)
(0.86097611 -2.9321832991 1)
(7.1818484 1.94081565547 1)
(16.086879 -14.0082831072 1)
(19.185163 -11.4889453506 1)
(12.889581 -13.717927935 1)
(18.309988 -5.71060599038 1)
(8.2579872 3.77863374725 1)
(-8.328588 2.84157887595 1)
(0.93436774 14.172975997 1)
(-9.6068913 -2.77638063132 1)
(-9.1728726 -8.47177153633 1)
(17.038078 0.680719449479 1)
(-0.42803569 0.556772575326 1)
(1.7572713 -0.774903015771 1)
(15.591968 -4.34087760545 1)
(6.328153 -9.75348547868 1)
(-6.7097378 -8.18879705585 1)
(-0.84518993 0.569510885006 1)
(12.138815 9.70639658484 1)
(2.9209829 -1.75941004216 1)
(7.1368444 -12.273028465 1)
(11.242916 1.36236151409 1)
(-6.1397039 9.4313620855 1)
(0.19659139 11.6136671164 1)
(13.751828 -4.86011789408 1)
(-9.1378726 -5.86569479908 1)
(2.5066839 -1.9029273305 1)
(12.63464 2.09777356692 1)
(9.5988729 11.3328115544 1)
(1.473985 0.0872566880843 1)
(-0.50055985 0.391171614442 1)
(-0.93381213 0.38415606177 1)
(9.1942354 11.1524842403 1)
(-3.8626492 -7.49203591437 1)
(8.9927609 -7.67806925997 1)
(0.70111411 1.58665528491 1)
(-0.061975113 0.879515121567 1)
(0.87165186 -1.14671410128 1)
(3.5814855 1.94336669861 1)
(0.5717687 1.33132729198 1)
(2.1339802 -8.08191692167 1)
(4.4962546 14.2138276443 1)
(10.874305 10.6427266203 1)
(4.4233964 0.390442656882 1)
(8.0421284 -7.30418280321 1)
(14.630852 -11.4370920377 1)
(1.7236444 -0.486727586785 1)
(-2.4527462 14.1709634828 1)
(0.82240586 0.175594538237 1)
(2.4973712 5.89519064529 1)
(19.620888 12.2556341368 1)
(11.330386 9.82406549611 1)
(2.2290671 -14.6052680829 1)
(-6.8934408 -1.02786477612 1)
(1.1501603 8.42953505686 1)
(-9.2024439 -5.04075828968 1)
(-0.70410724 0.010225679754 1)
(9.4340641 -6.68014116744 1)
(5.8182072 5.36499572131 1)
(10.975378 9.96255814902 1)
(7.347218 5.81880861505 1)
(3.2968419 -1.85340635809 1)
(0.94753232 -6.97412111541 1)
(-9.2263496 12.5067327672 1)
(13.366671 13.2731490917 1)
(9.0553585 -7.26622133251 1)
(18.016808 -3.62508778795 1)
(4.3774544 0.121425642052 1)
(4.3906403 -2.99824016868 1)
(4.214642 9.94373590224 1)
(-0.97462031 -7.52368935317 1)
(17.595609 3.60002793057 1)
(-2.1893418 3.51804385028 1)
(15.087637 14.2157256484 1)
(-7.856546 -12.9425258675 1)
(1.9462901 -2.07070385745 1)
(-7.6543744 0.826107209604 1)
(4.9283955 -10.4286768245 1)
(11.229268 -5.73550440536 1)
(-2.2234319 -10.609664006 1)
(0.35262523 3.49110863244 1)
(9.4634751 0.926582778383 1)
(1.1872485 -1.31178304089 1)
(10.231872 10.4114450748 1)
(-8.4860201 0.0940834507057 1)
(-7.6722285 -11.0847500077 1)
(8.6238376 6.06650049707 1)
(0.92752848 4.76565407705 1)
(-4.1463719 2.91193181435 1)
(4.5586062 9.75579146451 1)
(6.8731954 -4.01758464778 1)
(4.8164583 9.13133343736 1)
(10.755541 -12.3155443628 1)
(18.740811 -5.51502745002 1)
(3.8907613 -10.1508491825 1)
(-0.6148923 1.26857746033 1)
(19.194768 -10.9897245972 1)
(0.87445167 9.30509618146 1)
(11.990378 5.98805448775 1)
(-3.0362614 14.1725766573 1)
(-2.6326833 -0.598374750387 1)
(10.540011 -4.56682645319 1)
(10.597943 4.92442922548 1)
(10.954344 5.10622247317 1)
(1.9550862 0.283938827869 1)
(-5.5781698 0.000701826407251 1)
(4.7891393 -2.41850041848 1)
(-1.5192712 0.481004327617 1)
(17.261015 -13.7497909967 1)
(-4.3611773 -14.5426477114 1)
(-6.7578464 -13.8083578746 1)
(18.420671 -3.43660028574 1)
(-6.9506743 1.03227404058 1)
(4.0606551 -0.107169059154 1)
(9.4023814 -7.08513496931 1)
(1.6223803 3.38177113586 1)
(19.177433 13.5155913759 1)
(7.4025964 13.6840554684 1)
(17.975746 13.3375109922 1)
(-2.0311214 -1.36609757576 1)
(-9.1801274 -12.0381204872 1)
(-2.2520015 -13.5388970141 1)
(15.376068 5.93867810088 1)
(12.106436 -1.44793655621 1)
(0.70033919 1.13334200899 1)
(4.9668943 14.198932329 1)
(-0.71276129 -14.1646856757 1)
(19.616694 -4.73045755403 1)
(-3.1865053 3.37636299871 1)
(-1.7876187 0.179273544484 1)
(3.5183027 -11.1284714595 1)
(3.5287619 -10.7218711035 1)
(-0.098717322 9.49431625035 1)
(3.9496785 -6.80974492213 1)
(-1.6759232 8.89176961081 1)
(2.4572115 6.33971149032 1)
(15.027008 -11.7092487069 1)
(9.6780977 -2.1125592017 1)
(4.8313396 3.53607932176 1)
(8.9092009 5.86407788749 1)
(6.4029186 -12.2000128608 1)
(0.98013362 -1.545755535 1)
(-1.7865415 -1.82816670608 1)
(-4.7542236 0.401557780479 1)
(11.597153 -5.92865286338 1)
(14.455745 -4.89706100364 1)
(2.0200705 -0.206393569056 1)
(-0.91749059 -3.25775344328 1)
(13.24532 14.6468872074 1)
(19.177665 2.58414439609 1)
(4.8097727 3.84387143016 1)
(19.206874 3.01499879851 1)
(4.7073652 1.59734161821 1)
(0.4916062 -5.73905506472 1)
(-4.6155045 -13.3155996093 1)
(-2.6227053 11.1941560099 1)
(4.7036833 0.710996951819 1)
(11.3805 -1.32358178121 1)
(19.627889 12.7537663447 1)
(-9.1547412 11.556123657 1)
(15.75 14.6383231066 1)
(14.75 -14.6384214695 1)
(-0.42277171 -0.470732492056 1)
(-9.1849289 -3.09687917998 1)
(11.577508 2.76399027824 1)
(4.9550163 5.97082985577 1)
(-0.90272266 0.120740196245 1)
(-9.6425585 -8.7499191791 1)
(-0.072974749 1.97608828665 1)
(-2.0531625 6.11813444773 1)
(3.10223 3.39770503833 1)
(-7.7725717 -14.5939069125 1)
(5.2758635 5.3794042381 1)
(-2.504626 -2.66753260521 1)
(-2.7129973 5.40820350181 1)
(5.019791 5.49140189773 1)
(10.245986 5.11463180376 1)
(4.3517034 6.30437345207 1)
(-5.0266403 -13.4865673725 1)
(5.2001695 -2.58274112738 1)
(1.0607165 -2.86311957835 1)
(-5.648649 -8.98898400508 1)
(-0.63978766 3.34289385911 1)
(15.425041 -11.9701435932 1)
(-2.6175833 -10.7894990705 1)
(1.0461193 -10.7366900951 1)
(-1.6500345 5.95371688163 1)
(-4.8692248 3.0701489388 1)
(1.8430722 0.597880104787 1)
(-0.43195027 -0.881152888829 1)
(15.137125 -9.46635909685 1)
(-0.12388461 6.58370139104 1)
(-1.7013038 -0.534549973877 1)
(1.3132557 1.2551816279 1)
(-0.5626733 -4.48990808334 1)
(15.937063 -5.05010048772 1)
(2.0995652 -2.26664638133 1)
(-1.2972837 1.18609874966 1)
(-7.4918922 -3.45975848856 1)
(-1.4648395 -1.91850171154 1)
(5.7398687 2.69072944964 1)
(2.6796447 3.49137123743 1)
(19.059924 -5.75008975766 1)
(4.0384276 6.1797243168 1)
(4.6989596 13.5443403209 1)
(0.56283944 9.14641181174 1)
(19.271317 6.06000899481 1)
(-1.1929415 9.66002068812 1)
(6.0241313 2.52316459829 1)
(3.5073773 6.82190140903 1)
(7.3543866 2.36185350779 1)
(0.42572043 0.488253184872 1)
(2.6280919 -3.13578418581 1)
(-3.1223519 -2.47396999878 1)
(3.573163 10.7475331846 1)
(9.7622269 13.6337697076 1)
(19.200739 -10.4725882571 1)
(3.8044584 -2.7208990853 1)
(-0.72412504 0.689174732274 1)
(10.895553 -4.39013059306 1)
(4.5063305 5.81532720242 1)
(17.988108 3.34991436508 1)
(-6.9536596 -4.7431679864 1)
(13.750262 -4.40814216874 1)
(1.020157 1.34897162255 1)
(19.248303 -9.9444546144 1)
(-8.6708988 13.009075882 1)
(-1.5502411 -3.50722126189 1)
(9.770684 1.09294990887 1)
(8.8263687 -14.6110121397 1)
(6.7041882 14.6346357211 1)
(-3.9192564 -0.780077720997 1)
(1.268931 -5.27939715419 1)
(8.2729921 4.15445304458 1)
(-6.4806334 9.20495841381 1)
(9.4698627 -6.2886199031 1)
(11.952216 -5.34294906215 1)
(-0.65905522 0.598561017733 1)
(-6.9277009 3.97478115711 1)
(-5.9479244 -0.539804916953 1)
(11.914596 2.54819363896 1)
(6.2770582 -13.1257799238 1)
(-0.54553568 0.848900761844 1)
(1.6264856 1.65309195274 1)
(-6.0592875 0.815517879074 1)
(9.7171992 13.1642775842 1)
(9.9102361 10.6629884805 1)
(5.9065642 14.1849618687 1)
(-2.2893988 0.128485620358 1)
(-2.6803341 -11.2159796384 1)
(5.0404166 3.39310200767 1)
(-2.0508972 0.550411100426 1)
(-0.73369651 1.7340780687 1)
(0.31262005 -14.6007785849 1)
(19.635189 6.74610505797 1)
(-5.3785379 -2.70419957796 1)
(14.463076 -5.33822025661 1)
(5.0417438 3.12397388172 1)
(4.2281385 -10.3645314249 1)
(18.384379 3.09416825848 1)
(-8.5037799 -11.8349200489 1)
(-7.2580809 -1.25568515677 1)
(1.8042933 -8.58394012761 1)
(12.261262 2.31812773283 1)
(2.0165557 6.20575762429 1)
(0.8102945 -4.45925401745 1)
(0.89183762 -3.7074812268 1)
(1.5523709 -0.025033840707 1)
(2.4438237 -2.12500821618 1)
(-1.534621 9.44878340076 1)
(0.45043765 -3.87650820277 1)
(2.0169629 4.08307176714 1)
(-5.6975457 -9.44293035076 1)
(-6.6230036 4.85441487518 1)
(-0.61144193 0.10497474278 1)
(0.9010288 -12.4933512796 1)
(11.736232 -1.18682774051 1)
(-2.5010735 -1.62879978317 1)
(1.1116792 -3.62816058567 1)
(-2.9118851 -1.02423818074 1)
(3.1837019 -13.8086524612 1)
(-0.79808924 12.2609196942 1)
(-9.6585412 -6.24989073436 1)
(3.6110826 1.58855801474 1)
(1.7331546 0.709474492532 1)
(19.617291 3.20261868328 1)
(-6.0213889 4.88722951914 1)
(2 14.2370452929 1)
(-0.59685446 0.230319378058 1)
(-2.1888377 -1.21728027945 1)
(-8.2727244 -12.6017825702 1)
(18.781166 12.8038228593 1)
(-5.4625696 13.1024029259 1)
(-4.369106 1.61457831961 1)
(4.8119863 4.11867790027 1)
(-4.9195522 14.1808936539 1)
(-4.113796 3.19438682447 1)
(1.8350448 3.45349761072 1)
(1.2754072 -13.8015732336 1)
(9.9980274 -2.31585529942 1)
(6.2933864 -10.1568458837 1)
(3.4717264 -11.5762694364 1)
(3.527469 14.2225468989 1)
(19.181848 -4.41751326525 1)
(-1.0385883 1.75793415178 1)
(-7.9513431 3.05133508831 1)
(12.063869 -1.82351015512 1)
(-2.291109 -0.397997096816 1)
(0.50977655 -2.86243803399 1)
(-2.5747582 8.3978280035 1)
(18.820057 -3.21848811954 1)
(12.933764 12.5119327425 1)
(0.66954028 -3.80124613925 1)
(8.059009 -9.70820559993 1)
(-7.361725 9.57284395462 1)
(11.087512 -12.5908560529 1)
(-5.981339 -0.892412336399 1)
(-2.0222972 -14.2167535868 1)
(-1.3059943 -7.72737825028 1)
(13.121131 -2.63630426816 1)
(0.94919834 -1.26959421036 1)
(7.4632107 4.9356958322 1)
(12.241676 -5.13987956703 1)
(-1.1359222 -0.176556976311 1)
(-1.1003553 3.92502183741 1)
(0.51035309 -0.341033768947 1)
(0.21073475 7.04564670034 1)
(18.771368 2.83277220061 1)
(-4.1683003 2.65215552042 1)
(-6.6276435 3.77560848871 1)
(11.267221 -4.20114697227 1)
(-0.74253482 1.2478554494 1)
(13.430673 -3.30403811488 1)
(10.499119 1.10205132854 1)
(-2.8900355 8.21701494845 1)
(1.7445225 1.5493822909 1)
(-1.3836984 -8.15838330016 1)
(12.965087 2.26025131803 1)
(13.421633 -3.74521655755 1)
(1.8187349 6.37918352336 1)
(-3.1069333 -11.3915271639 1)
(-0.72614826 -1.19556404952 1)
(-0.03597106 -1.51314895343 1)
(-5.0442477 -0.0150845904032 1)
(0.55330606 0.286881765694 1)
(0.37304223 -4.41576502679 1)
(7.9978056 4.30802408445 1)
(16.230073 5.97390306627 1)
(6.5226496 -2.18705911351 1)
(-5.8196728 -3.01391766831 1)
(0.40156388 13.7605846691 1)
(0.56109146 -1.52352430061 1)
(-8.7381876 7.53663062839 1)
(14.535479 -12.9171392356 1)
(1.612132 6.82532892132 1)
(-0.70404541 -0.511606960661 1)
(9.1235274 2.15794206352 1)
(-0.37075098 -0.592381170123 1)
(-4.2815842 13.7847422899 1)
(-1.9734109 8.38799435534 1)
(19.198681 -12.8985048377 1)
(0.43419146 -3.07808944358 1)
(-0.10112823 -0.796017041864 1)
(-4.5216777 -4.44743531 1)
(1.019487 -12.1041431478 1)
(15.507028 -10.1631784493 1)
(-5.1382345 2.91405173643 1)
(0.11500556 -2.44809478721 1)
(12.742453 -5.4560895794 1)
(-0.5719065 0.757666719409 1)
(5.4747301 -4.16762367809 1)
(-6.6265115 4.46432494795 1)
(-8.7429337 -14.6684871196 1)
(1.0675056 -5.71457931006 1)
(9.1875634 9.37561380162 1)
(7.0949684 -7.43978129294 1)
(18.789675 -4.14416776038 1)
(-2.9124474 5.24148271497 1)
(3.400412 -12.0481427361 1)
(1.0232503 -11.1718249065 1)
(-5.6671766 1.10796959681 1)
(0.23212887 9.32589666676 1)
(-1.0252542 0.0814620077148 1)
(0.74769033 -0.516612715817 1)
(13.310001 2.02932418598 1)
(-6.8948287 9.39893241796 1)
(-8.7287692 14.6760897795 1)
(-4.0630796 -4.34994814411 1)
(0.31799651 -1.02765812586 1)
(0.80307652 7.02611916425 1)
(19.631712 6.24843990897 1)
(4.5846522 -10.5907447492 1)
(4.9373402 0.784832544101 1)
(-6.1255578 -9.65723125013 1)
(-0.7226336 0.235193289627 1)
(11.548731 -13.3298634846 1)
(-5.3784375 4.2943036552 1)
(0.75921975 -1.63103782439 1)
(-3.0117937 1.36105135107 1)
(-0.63509525 -0.550032113343 1)
(19.664682 -13.749994362 1)
(5.3733323 -0.438502926024 1)
(14.812183 -5.59378752011 1)
(2.7490418 6.99588929436 1)
(11.619529 5.83373118851 1)
(3.5641785 11.1494664586 1)
(-8.3982443 -13.505784817 1)
(16.588275 6.11314729037 1)
(6.2599942 -10.5717644041 1)
(-0.40245096 12.4717534336 1)
(3.222244 7.00628247442 1)
(8.3959719 -9.96267958116 1)
(-4.0557795 7.64124609105 1)
(19.197069 8.10108152798 1)
(0.0011508667 -0.888815657672 1)
(13.06593 -6.01817231017 1)
(0.40439582 -4.15109300603 1)
(3.9727606 1.60022721211 1)
(0.052642414 -0.546989965327 1)
(-3.7633046 -4.19935916037 1)
(10.310114 -2.5227566905 1)
(-4.3083053 11.0211121499 1)
(10.83053 5.43143711197 1)
(-5.494319 13.6056543614 1)
(1.0364656 -1.38415897585 1)
(-3.5188467 0.552328333394 1)
(11.443803 0.525503856214 1)
(0.37775195 3.69155693375 1)
(18.866067 -2.7067209223 1)
(17.394664 0.00566277720586 1)
(0.46141435 -13.1347074731 1)
(0.0602581 0.63761556362 1)
(1.3282616 -3.54068137835 1)
(-7.8029434 14.6060689392 1)
(-8.1373351 -3.32977053957 1)
(4.8224942 2.5140669878 1)
(-3.8349984 3.67086222708 1)
(1.0021313 -11.6157087992 1)
(14.817758 -6.05643114033 1)
(1.8219898 4.23011864636 1)
(-5.2877548 0.153305216279 1)
(0.72873113 -6.4094896954 1)
(1.3374747 6.71216278895 1)
(-8.7647294 3.07158715384 1)
(1.2939179 4.47038940061 1)
(2.9992032 -12.208654045 1)
(1.4919834 1.7620333413 1)
(-2.5638154 6.11992658376 1)
(-7.1139402 8.42160820164 1)
(-8.275573 13.7888317683 1)
(1.072856 6.87207268216 1)
(8.3736356 -10.3628472717 1)
(17.065198 13.3400672842 1)
(-2.5337492 3.66740850033 1)
(-8.6533695 -7.80995373249 1)
(10.852381 1.26274796422 1)
(4.8133074 4.36721928324 1)
(5.1968183 -14.6561089055 1)
(-3.1922075 8.0388226609 1)
(4.6623914 -2.86919236165 1)
(-4.3181752 -1.69828146436 1)
(0.46055439 -6.04718368592 1)
(6.3233116 3.18884697505 1)
(-0.87193713 7.93918589295 1)
(-6.8843617 -1.74509072956 1)
(-0.13741268 -0.618194523239 1)
(0.47071586 -1.74096637041 1)
(14.076878 14.1879084645 1)
(18.731677 8.85498272008 1)
(-4.8018771 -1.78141958603 1)
(7.4528845 -7.6728946257 1)
(-0.04361221 -2.48965857017 1)
(18.800593 -3.69274230025 1)
(0.72383179 4.91508880799 1)
(-0.063684824 5.27144676248 1)
(10.13967 13.761172125 1)
(5.2235552 -4.30067063883 1)
(2.9276102 7.19029161008 1)
(1.62718 -0.13410064999 1)
(5.5094819 1.09545056635 1)
(-6.5635846 -9.8814384633 1)
(6.5263723 -14.2374646356 1)
(6.3390719 -12.6649369242 1)
(15.92612 -9.99781436262 1)
(-4.7927974 0.0948575791802 1)
(0.52806469 6.90845161911 1)
(-0.60405173 -4.75070763374 1)
(0.12346084 -2.92962469315 1)
(-9.6406088 -9.22036048043 1)
(-9.2043732 -5.47349948942 1)
(1.2787089 -2.57833030819 1)
(1.7994771 5.23199074674 1)
(9.4638396 -14.2161558514 1)
(9.3159578 6.07218557656 1)
(-0.41585099 0.768928687261 1)
(-4.1649081 -7.34442212045 1)
(-7.3451552 -2.13555917017 1)
(-4.2952478 -6.01229035413 1)
(1.2350063 1.77596908183 1)
(18.249362 -13.8152192655 1)
(-9.2488425 8.06415088171 1)
(-2.8355198 2.24131772139 1)
(2.6900842 0.850759278736 1)
(5.191071 0.877895195556 1)
(-0.28035573 0.562669932663 1)
(-7.3157648 -4.9572474681 1)
(2.8712365 3.31851085286 1)
(-1.0773859 14.2067066931 1)
(-3.1782348 3.61602723291 1)
(-4.1311884 -6.95256660459 1)
(10.834851 13.7661475525 1)
(-0.95883492 -0.0601256040935 1)
(-1.8438788 -2.0434988938 1)
(0.7727544 -0.430526604507 1)
(0.90931196 -13.6911131274 1)
(5.7300652 3.56465783194 1)
(-5.0868791 -1.5789162153 1)
(-3.5169572 3.9086162385 1)
(-7.3872207 -2.55610844583 1)
(0.13851366 1.87008318625 1)
(-5.6681611 -1.15276805432 1)
(13.796231 -6.15459834288 1)
(1.2524537 -0.872591964674 1)
(5.2059482 -4.63653587718 1)
(-1.9211092 1.06536928517 1)
(-2.8383224 6.27673186829 1)
(15.14905 -6.24432072401 1)
(0.80534325 -5.55861230827 1)
(15.737537 -14.6761959975 1)
(-8.453804 -5.97615954898 1)
(6.6469725 0.342916360621 1)
(18.842551 4.23592624231 1)
(0.10118308 6.62819972461 1)
(10.632356 -2.73531987657 1)
(-0.2414615 0.839147797713 1)
(-1.8527812 13.7865561598 1)
(-0.64758418 -4.0794886337 1)
(9.7120709 2.18050967722 1)
(-0.8943273 2.4317300427 1)
(-0.40093472 14.2069629192 1)
(-8.0081195 0.650335691593 1)
(12.480156 -2.40654316284 1)
(16.606018 14.1926523927 1)
(-1.9088325 0.432053842541 1)
(7.7244478 4.8254599347 1)
(5.4967847 -2.44842659919 1)
(19.272669 6.99732266133 1)
(18.610054 -13.1801325284 1)
(-3.1213038 6.45857531227 1)
(3.2273774 11.3480782017 1)
(-0.6933203 -0.136506094355 1)
(-3.6268608 -14.6209570143 1)
(3.1342955 -3.42423838798 1)
(-0.067599987 -0.611316326238 1)
(12.674253 -5.7954554646 1)
(12.012599 -2.14513194604 1)
(4.06653 -3.92478273669 1)
(7.4250243 -3.9377631996 1)
(1.2179405 2.02315580075 1)
(-0.54336228 -0.286630834613 1)
(13.779804 -6.5931449059 1)
(19.362142 0.15831070168 1)
(0.54419682 -0.267889915711 1)
(0.7248007 0.354193610926 1)
(-4.085769 -6.56784651477 1)
(19.268859 -2.53539466394 1)
(11.234397 4.85489749559 1)
(5.2077134 -4.99291701073 1)
(7.881508 9.74233186109 1)
(5.2971495 -10.6673519126 1)
(0.45935759 -0.623328250552 1)
(1.8488823 0.353286675542 1)
(-3.9284822 -9.84470654417 1)
(-0.70832419 2.510099826 1)
(-3.864016 0.451156241692 1)
(3.4313634 -1.98999154646 1)
(1.8444992 1.45946146406 1)
(0.90599043 0.195903605263 1)
(0.50681091 0.359405650533 1)
(0.83395166 1.25832013444 1)
(12.851671 14.0386218157 1)
(-6.6093794 -10.3243994832 1)
(-1.9405349 0.146478897121 1)
(-2.9068561 -1.36352026237 1)
(7.7353031 4.48760892473 1)
(9.4665551 14.2765161338 1)
(-8.5020693 -3.49513449306 1)
(6.8101908 -2.69021521357 1)
(6.6104046 0.00908847347731 1)
(0.35960933 0.678320337038 1)
(19.632223 0.863047410296 1)
(-7.4228235 -3.00021787377 1)
(-3.080155 2.13570876138 1)
(1.528053 -2.74055997933 1)
(1.5164365 0.808662434242 1)
(-0.54454141 3.20822987117 1)
(1.5946031 0.687430055747 1)
(0.27684766 0.552747282388 1)
(1.245989 -1.14562697269 1)
(0.64944528 2.54392990558 1)
(-1.4147851 4.06536905883 1)
(-3.5119572 7.82769384 1)
(-1.081923 3.03075019564 1)
(-0.29539589 -0.996775836951 1)
(2.4229465 -1.21718646452 1)
(13.378523 -7.25769604004 1)
(0.34316645 -0.61221528222 1)
(10.921945 -2.93245625656 1)
(3.6312886 -14.6354409611 1)
(4.5888565 2.67015629576 1)
(-1.3555771 2.92878550803 1)
(0.67747282 1.32854048614 1)
(12.02163 12.5137489708 1)
(-5.366983 2.76774945488 1)
(-9.2512672 -11.5532516441 1)
(7.8756204 -14.2071497524 1)
(-1.0845004 0.146886678218 1)
(-3.5765471 13.7753111154 1)
(2.036784 -6.37769108495 1)
(5.170405 -0.0305247710848 1)
(9.3050868 6.37785562513 1)
(19.242191 13.0036465194 1)
(11.239787 12.9942349464 1)
(-4.9295202 -4.11028635722 1)
(8.7424688 -10.6224994188 1)
(0.083331746 -0.881635696078 1)
(1.0814419 2.13939873454 1)
(-5.5590504 -0.267242234378 1)
(13.421804 -5.88109060418 1)
(0.4977091 -6.3266745159 1)
(1.6476825 -0.595141687637 1)
(6.5866532 -0.305085272499 1)
(0.20675134 3.83673267089 1)
(-4.1235576 -0.346601680355 1)
(3.1929311 -0.309201374081 1)
(-1.9311852 8.76564842972 1)
(5.9174457 -13.3243868899 1)
(-5.3729305 -1.3732630434 1)
(-0.27642001 -0.533114063448 1)
(16.310342 -10.2556218117 1)
(1.8133065 -8.94747303243 1)
(-7.3010328 0.867168730361 1)
(1.542406 -3.45384503114 1)
(11.280894 5.68795590798 1)
(7.5041458 -4.44589629528 1)
(-0.062450694 5.04323907681 1)
(-1.3806021 1.29833961892 1)
(18.865045 4.69577632417 1)
(1.9726828 -11.776629616 1)
(0.57662885 -1.26019689316 1)
(-3.3130537 11.1533226964 1)
(5.6755 -10.9206636286 1)
(-0.036945433 -3.01068043771 1)
(7.3244664 -13.8159810023 1)
(-9.6339746 -14.633971106 1)
(-9.6339746 14.6339789567 1)
(19.633975 14.6339766138 1)
(19.633975 -14.6339733284 1)
(-9.6847109 8.71321196868 1)
(0.46013212 0.427772352406 1)
(8.2066908 9.8913999355 1)
(1.4098205 -12.1551563185 1)
(-0.930952 1.53395503106 1)
(-1.2224232 1.71315416061 1)
(-5.4487166 -3.36786750096 1)
(17.401377 6.0351630941 1)
(5.4773678 -5.17000835688 1)
(2.7283106 1.02016468977 1)
(0.5282836 5.05379560711 1)
(7.7690121 13.8467060121 1)
(5.5164406 -3.8748457346 1)
(1.6289975 4.36652509981 1)
(-8.8254505 -5.70589133955 1)
(0.59975031 0.113527034313 1)
(-5.1574159 -3.60019272944 1)
(19.256691 7.45498741332 1)
(0.59500041 -0.0796703754478 1)
(-6.6628598 -10.732841314 1)
(3.1215206 -14.2097161895 1)
(-0.88849838 -1.41952611148 1)
(-0.053762104 2.72632057315 1)
(4.6815853 -2.62489039891 1)
(19.648739 -2.37865430029 1)
(-0.21894085 0.925618033856 1)
(1.1925342 -4.22856304839 1)
(12.807826 8.52852980582 1)
(-3.1689143 1.49729320706 1)
(3.5928086 2.93755553853 1)
(2.3948247 7.2276791343 1)
(-0.24514447 2.50434549818 1)
(-4.0280301 -6.22364707139 1)
(-0.5212336 2.58048085333 1)
(-3.401907 5.31907933781 1)
(-3.1029683 6.72838590232 1)
(-4.5566446 -0.405754052276 1)
(13.337492 7.20426311257 1)
(17.814625 -0.240593109818 1)
(-0.38906647 9.33872506827 1)
(0.026473702 0.695771942895 1)
(2.8093046 -3.28276971909 1)
(5.522041 1.40206958111 1)
(-7.8791339 -13.9345610575 1)
(-7.6849589 5.32404120441 1)
(2.7047139 3.6879517683 1)
(12.718298 7.06114457182 1)
(-9.2008118 -10.903013951 1)
(3.1846028 1.10766844659 1)
(-0.76718861 -0.456405803672 1)
(-4.8919436 -3.80784126348 1)
(4.8610408 2.11598077026 1)
(5.9266242 -14.3820116428 1)
(8.4993559 14.2898327569 1)
(3.6849178 0.560839727328 1)
(-0.18753513 0.5865792017 1)
(9.7414013 1.68723487069 1)
(6.5658967 -0.567967657614 1)
(-1.0120363 -2.32267237453 1)
(11.244031 -3.53217813823 1)
(-1.6586252 0.437447570854 1)
(12.921054 -7.65077282693 1)
(1.7778958 -0.126951400561 1)
(-9.2677395 -0.0418725485667 1)
(8.3458767 1.89241410252 1)
(7.2589254 -2.55561474595 1)
(-0.5850321 -0.173373252104 1)
(5.8647959 -13.7559065289 1)
(-7.2506993 5.69394397758 1)
(-7.7091682 6.45387583223 1)
(15.618819 6.15245872995 1)
(-6.9896476 -5.50613316446 1)
(-4.6003369 -5.82920880418 1)
(-4.2557728 7.82584636402 1)
(-7.0064991 7.45916706415 1)
(2.07476 3.18105199876 1)
(4.7164292 13.9044950948 1)
(19.695012 -9.28613988013 1)
(18.263229 -0.485160157912 1)
(16.679677 -10.4987882423 1)
(12.317903 0.840353330502 1)
(4.1447789 2.72858330302 1)
(3.4333395 -3.23171771302 1)
(5.6224667 -3.41980193637 1)
(-3.4828909 -2.7517505388 1)
(-8.338298 14.1722171145 1)
(0.68369256 0.559673923311 1)
(-3.9909638 -10.337401619 1)
(9.108397 -10.8670118187 1)
(-0.87966944 1.68583318034 1)
(-7.3095429 7.22242208721 1)
(-7.2236072 6.05000052869 1)
(13.421631 6.60357590994 1)
(19.231824 4.9257537283 1)
(4.3433072 2.59354389595 1)
(-1.5960599 -0.791778290912 1)
(0.94366979 2.25374555027 1)
(-3.9564364 4.98010111329 1)
(13.381386 8.30576987306 1)
(13.659411 1.79816740921 1)
(-1.0778502 3.1948003259 1)
(0.64470438 -0.147741808998 1)
(-1.0526255 2.36409042257 1)
(-0.91472543 8.41660729463 1)
(0.74124602 1.24302571098 1)
(-7.258985 6.86291834797 1)
(11.799817 0.659901239254 1)
(-0.65281126 -0.0405052191136 1)
(1.6678902 -2.45775889227 1)
(0.22960777 0.59036061429 1)
(-2.270727 -13.9122375974 1)
(8.0199704 -4.31279595673 1)
(-9.0152905 11.2235747019 1)
(1.5584905 -9.47628141812 1)
(-5.9286687 14.2320484183 1)
(13.639382 -13.7344686384 1)
(-7.056239 -10.8944750012 1)
(0.28050145 -1.61519838131 1)
(-3.6881614 5.14057478053 1)
(14.849134 6.20455348901 1)
(-5.8052511 -13.8146897674 1)
(4.0030253 -2.83317468579 1)
(16.856742 6.31721773834 1)
(17.036238 -13.4638492666 1)
(-0.2056902 1.94553976515 1)
(-3.4545271 7.01025834138 1)
(-0.065860842 0.955758643671 1)
(-0.85848079 3.27947593732 1)
(14.081551 6.65474986827 1)
(0.63163897 -0.0255980301582 1)
(-0.091746002 0.610146700651 1)
(6.6397736 0.664059768923 1)
(-4.8137069 -0.219841697882 1)
(2.6284772 0.0247265224032 1)
(1.1625994 -1.04647293883 1)
(-7.9752169 -14.2619703237 1)
(1.9402166 -2.60597470492 1)
(-6.0263271 5.26040372585 1)
(1.9298362 -0.113736061122 1)
(1.4920509 -4.08886193048 1)
(10.99453 -14.295653939 1)
(-6.6294034 14.2186223993 1)
(-0.83262785 1.35142734932 1)
(-1.7931949 1.47927056547 1)
(0.78134462 0.395802956713 1)
(-7.2976515 4.50803844488 1)
(5.7127829 -5.32734346753 1)
(18.861963 8.19957857253 1)
(-3.6509125 11.3283364326 1)
(19.63478 -8.63187857032 1)
(9.9965008 1.54159429194 1)
(-0.53386015 0.326265455191 1)
(18.704796 -0.2831547366 1)
(0.75353114 0.470992269625 1)
(1.1812087 -9.63944798247 1)
(-8.7925653 13.3439666394 1)
(3.4794771 0.473252110107 1)
(3.2414215 -0.044553618888 1)
(-6.8606349 -14.2143914691 1)
(-1.0786492 -8.86994468268 1)
(-0.37269528 -0.720430674459 1)
(13.325394 -6.96622360097 1)
(12.246986 5.04608881638 1)
(14.061571 6.27214817837 1)
(-6.8633395 4.2799428406 1)
(11.929498 9.96859610621 1)
(5.3031796 -1.97908618721 1)
(-0.35751866 0.579253674815 1)
(13.572351 8.9329454341 1)
(-1.1250813 -9.25148530594 1)
(-9.23277 7.12921469589 1)
(-0.69863212 -9.62797956325 1)
(0.8075715 2.36350798624 1)
(1.8490379 -0.476071255682 1)
(-9.6488251 9.39181142881 1)
(7.3986593 -3.05084816113 1)
(12.708084 -2.22528004302 1)
(2.9057132 1.08449575195 1)
(0.12564467 0.64612004407 1)
(3.7210093 -4.08375538435 1)
(14.01221 1.56693583646 1)
(-9.7274094 -6.74333076478 1)
(-2.4395597 0.0892462227802 1)
(0.18232407 -1.53470511973 1)
(17.074565 -10.3108112577 1)
(-2.6373883 3.328406922 1)
(0.052228824 3.95127946213 1)
(3.352548 0.958667823227 1)
(9.9903941 1.25083863349 1)
(3.9419492 2.87611224602 1)
(1.9919777 -14.3043344323 1)
(5.894561 -3.32405206921 1)
(6.7998976 -1.06292617685 1)
(2.6038121 -0.173288833012 1)
(18.630935 5.77582850009 1)
(0.35803959 -1.12007984883 1)
(0.81280929 -0.576120380089 1)
(-4.8920328 -5.96789490526 1)
(-3.9878713 0.599792038621 1)
(1.3115209 14.2234048055 1)
(8.6400869 2.04359625815 1)
(2.8593241 14.2297025164 1)
(8.2775181 -4.52114340176 1)
(-7.4339402 8.53867735275 1)
(2.203828 11.1532788252 1)
(0.87462029 -0.11815361307 1)
(-7.4545805 8.96462504348 1)
(-0.99299796 -0.940362887232 1)
(-7.8663262 -10.801835039 1)
(12.680267 7.58733951873 1)
(-9.3263856 -0.494531498339 1)
(0.98099916 -12.8131266203 1)
(-7.0339895 7.84228379084 1)
(9.4813761 -11.110571303 1)
(-0.070518234 4.83274387489 1)
(-9.2440495 -9.79265759297 1)
(-2.3145422 -0.569445074573 1)
(15.403412 -6.42446224256 1)
(12.69321 7.9840733134 1)
(0.62253735 1.65734725604 1)
(19.241357 5.35793585021 1)
(-0.68902371 9.48387610343 1)
(-0.34703071 3.46894051215 1)
(19.063779 -0.0620243857301 1)
(1.7285309 -3.36500501539 1)
(5.7515077 2.90863139677 1)
(7.3948173 14.6521209293 1)
(5.6965859 -5.61532129149 1)
(2.6608699 0.206820031348 1)
(15.508815 14.3292134731 1)
(-0.98952098 -8.57789550716 1)
(-3.6904595 -11.0803389394 1)
(16.417132 -13.755096856 1)
(12.617109 0.618354509652 1)
(-3.7764683 7.57508105208 1)
(0.20050725 12.2401746671 1)
(6.9646134 1.94309436174 1)
(-0.64851325 -5.03570159368 1)
(1.6789792 -0.861622611506 1)
(-0.5866448 -1.67002648001 1)
(-1.2563913 1.57074310606 1)
(6.3632304 1.0451943277 1)
(0.84931647 -9.42267163229 1)
(4.8081629 1.87367659404 1)
(1.698413 -11.9761285355 1)
(-1.0812247 -14.2650804918 1)
(7.6505157 -3.25447927143 1)
(-1.4516283 3.04437024295 1)
(7.6178354 2.2335607781 1)
(-2.3352977 -3.05792065529 1)
(0.69577256 -6.84330380552 1)
(0.92288757 1.30212967902 1)
(-2.3588065 1.9534523249 1)
(10.158758 -14.227056691 1)
(11.422526 -12.6713084173 1)
(0.0044948945 -9.70695064893 1)
(-0.49018739 -0.342252550048 1)
(-9.0328015 -1.70243830038 1)
(-2.1968969 5.95305294884 1)
(-1.4869727 9.08672876202 1)
(4.7916251 9.63801709043 1)
(-1.0453423 -2.52932772434 1)
(9.8554645 -11.3306931061 1)
(14.464929 -14.2889712327 1)
(3.5111357 0.813596696989 1)
(5.7382493 0.336623430821 1)
(14.164215 8.7312541362 1)
(-3.120757 -13.8398454345 1)
(12.715576 4.79010913738 1)
(6.5851061 2.76004014123 1)
(-1.1546885 8.49096262339 1)
(-2.3490517 -1.24788056788 1)
(-5.1150022 -13.8402553146 1)
(-4.6291484 -14.2457475676 1)
(-4.121869 -0.702518777494 1)
(-0.029618131 2.98393358446 1)
(-6.0185049 5.60064618316 1)
(14.327272 1.32525890545 1)
(-9.0959862 -2.32130638846 1)
(5.3235229 1.53824680664 1)
(-0.40838967 -0.402773323059 1)
(13.258611 -13.8565813543 1)
(5.4215798 3.13514095365 1)
(17.639441 6.24502278289 1)
(15.150882 -6.56769440464 1)
(-4.177727 2.43133168712 1)
(19.698569 0.203955967623 1)
(-2.5332477 -1.79081109838 1)
(7.0378679 -1.24592512595 1)
(6.7424271 -2.23734000786 1)
(0.51347538 -9.58033997606 1)
(-3.3403741 2.6176049671 1)
(10.110253 -11.1380635569 1)
(-3.4030884 2.2903084296 1)
(3.7410068 3.02541384485 1)
(0.17936858 0.559666626458 1)
(1.2940196 11.2524848725 1)
(-1.509779 3.73395597889 1)
(-0.20137529 4.18495411044 1)
(-1.8246712 -0.909298606807 1)
(2.0892487 4.98908841375 1)
(-9.3249961 9.50188855524 1)
(0.23162597 -1.01948899881 1)
(-5.6157508 4.1458252867 1)
(-1.2179632 8.97677256 1)
(-3.0767921 2.92945538602 1)
(0.29064036 0.782895322408 1)
(-0.18706911 2.68014800286 1)
(0.073744272 -1.5671681088 1)
(5.2968223 1.92836348718 1)
(14.687439 -6.88623191927 1)
(-0.21977526 3.14053766136 1)
(2.647601 7.75189426433 1)
(-2.7717688 -1.94568548106 1)
(1.1930343 0.561203127974 1)
(11.346504 1.02278495409 1)
(5.7206123 0.736331705279 1)
(-0.99702544 -1.47604027503 1)
(-1.0215807 4.26033100115 1)
(-8.4598585 -7.18676952366 1)
(2.5537064 -0.361196345756 1)
(2.1446894 -9.13291520059 1)
)


// ************************************************************************* //
