/*--------------------------------*- C++ -*----------------------------------*\
  =========                 |
  \\      /  F ield         | OpenFOAM: The Open Source CFD Toolbox
   \\    /   O peration     | Website:  https://openfoam.org
    \\  /    A nd           | Version:  10
     \\/     M anipulation  |
\*---------------------------------------------------------------------------*/
FoamFile
{
    format      ascii;
    class       vectorField;
    location    "0.1/polyMesh";
    object      points;
}
// * * * * * * * * * * * * * * * * * * * * * * * * * * * * * * * * * * * * * //


16524
(
(-10 -15 0)
(20 -15 0)
(20 15 0)
(-10 15 0)
(0.5 0 0)
(0.35355339 0.35355339 0)
(0 0.5 0)
(-0.35355339 0.35355339 0)
(-0.5 0 0)
(-0.35355339 -0.35355339 0)
(0 -0.5 0)
(0.35355339 -0.35355339 0)
(-10 -15 1)
(20 -15 1)
(20 15 1)
(-10 15 1)
(0.5 0 1)
(0.35355339 0.35355339 1)
(0 0.5 1)
(-0.35355339 0.35355339 1)
(-0.5 0 1)
(-0.35355339 -0.35355339 1)
(0 -0.5 1)
(0.35355339 -0.35355339 1)
(-9.5 -15 0)
(-9 -15 0)
(-8.5 -15 0)
(-8 -15 0)
(-7.5 -15 0)
(-7 -15 0)
(-6.5 -15 0)
(-6 -15 0)
(-5.5 -15 0)
(-5 -15 0)
(-4.5 -15 0)
(-4 -15 0)
(-3.5 -15 0)
(-3 -15 0)
(-2.5 -15 0)
(-2 -15 0)
(-1.5 -15 0)
(-1 -15 0)
(-0.5 -15 0)
(-6.2598815e-12 -15 0)
(0.5 -15 0)
(1 -15 0)
(1.5 -15 0)
(2 -15 0)
(2.5 -15 0)
(3 -15 0)
(3.5 -15 0)
(4 -15 0)
(4.5 -15 0)
(5 -15 0)
(5.5 -15 0)
(6 -15 0)
(6.5 -15 0)
(7 -15 0)
(7.5 -15 0)
(8 -15 0)
(8.5 -15 0)
(9 -15 0)
(9.5 -15 0)
(10 -15 0)
(10.5 -15 0)
(11 -15 0)
(11.5 -15 0)
(12 -15 0)
(12.5 -15 0)
(13 -15 0)
(13.5 -15 0)
(14 -15 0)
(14.5 -15 0)
(15 -15 0)
(15.5 -15 0)
(16 -15 0)
(16.5 -15 0)
(17 -15 0)
(17.5 -15 0)
(18 -15 0)
(18.5 -15 0)
(19 -15 0)
(19.5 -15 0)
(20 -14.5 0)
(20 -14 0)
(20 -13.5 0)
(20 -13 0)
(20 -12.5 0)
(20 -12 0)
(20 -11.5 0)
(20 -11 0)
(20 -10.5 0)
(20 -10 0)
(20 -9.5 0)
(20 -9 0)
(20 -8.5 0)
(20 -8 0)
(20 -7.5 0)
(20 -7 0)
(20 -6.5 0)
(20 -6 0)
(20 -5.5 0)
(20 -5 0)
(20 -4.5 0)
(20 -4 0)
(20 -3.5 0)
(20 -3 0)
(20 -2.5 0)
(20 -2 0)
(20 -1.5 0)
(20 -1 0)
(20 -0.5 0)
(20 -2.1890045e-11 0)
(20 0.5 0)
(20 1 0)
(20 1.5 0)
(20 2 0)
(20 2.5 0)
(20 3 0)
(20 3.5 0)
(20 4 0)
(20 4.5 0)
(20 5 0)
(20 5.5 0)
(20 6 0)
(20 6.5 0)
(20 7 0)
(20 7.5 0)
(20 8 0)
(20 8.5 0)
(20 9 0)
(20 9.5 0)
(20 10 0)
(20 10.5 0)
(20 11 0)
(20 11.5 0)
(20 12 0)
(20 12.5 0)
(20 13 0)
(20 13.5 0)
(20 14 0)
(20 14.5 0)
(19.5 15 0)
(19 15 0)
(18.5 15 0)
(18 15 0)
(17.5 15 0)
(17 15 0)
(16.5 15 0)
(16 15 0)
(15.5 15 0)
(15 15 0)
(14.5 15 0)
(14 15 0)
(13.5 15 0)
(13 15 0)
(12.5 15 0)
(12 15 0)
(11.5 15 0)
(11 15 0)
(10.5 15 0)
(10 15 0)
(9.5 15 0)
(9 15 0)
(8.5 15 0)
(8 15 0)
(7.5 15 0)
(7 15 0)
(6.5 15 0)
(6 15 0)
(5.5 15 0)
(5 15 0)
(4.5 15 0)
(4 15 0)
(3.5 15 0)
(3 15 0)
(2.5 15 0)
(2 15 0)
(1.5 15 0)
(1 15 0)
(0.5 15 0)
(1.3670842e-11 15 0)
(-0.5 15 0)
(-1 15 0)
(-1.5 15 0)
(-2 15 0)
(-2.5 15 0)
(-3 15 0)
(-3.5 15 0)
(-4 15 0)
(-4.5 15 0)
(-5 15 0)
(-5.5 15 0)
(-6 15 0)
(-6.5 15 0)
(-7 15 0)
(-7.5 15 0)
(-8 15 0)
(-8.5 15 0)
(-9 15 0)
(-9.5 15 0)
(-10 14.5 0)
(-10 14 0)
(-10 13.5 0)
(-10 13 0)
(-10 12.5 0)
(-10 12 0)
(-10 11.5 0)
(-10 11 0)
(-10 10.5 0)
(-10 10 0)
(-10 9.5 0)
(-10 9 0)
(-10 8.5 0)
(-10 8 0)
(-10 7.5 0)
(-10 7 0)
(-10 6.5 0)
(-10 6 0)
(-10 5.5 0)
(-10 5 0)
(-10 4.5 0)
(-10 4 0)
(-10 3.5 0)
(-10 3 0)
(-10 2.5 0)
(-10 2 0)
(-10 1.5 0)
(-10 1 0)
(-10 0.5 0)
(-10 2.1890045e-11 0)
(-10 -0.5 0)
(-10 -1 0)
(-10 -1.5 0)
(-10 -2 0)
(-10 -2.5 0)
(-10 -3 0)
(-10 -3.5 0)
(-10 -4 0)
(-10 -4.5 0)
(-10 -5 0)
(-10 -5.5 0)
(-10 -6 0)
(-10 -6.5 0)
(-10 -7 0)
(-10 -7.5 0)
(-10 -8 0)
(-10 -8.5 0)
(-10 -9 0)
(-10 -9.5 0)
(-10 -10 0)
(-10 -10.5 0)
(-10 -11 0)
(-10 -11.5 0)
(-10 -12 0)
(-10 -12.5 0)
(-10 -13 0)
(-10 -13.5 0)
(-10 -14 0)
(-10 -14.5 0)
(0.49384417 0.078217233 0)
(0.47552826 0.1545085 0)
(0.44550326 0.22699525 0)
(0.4045085 0.29389263 0)
(0.29389263 0.4045085 0)
(0.22699525 0.44550326 0)
(0.1545085 0.47552826 0)
(0.078217232 0.49384417 0)
(-0.078217233 0.49384417 0)
(-0.1545085 0.47552826 0)
(-0.22699525 0.44550326 0)
(-0.29389263 0.4045085 0)
(-0.4045085 0.29389263 0)
(-0.44550326 0.22699525 0)
(-0.47552826 0.1545085 0)
(-0.49384417 0.078217232 0)
(-0.49384417 -0.078217233 0)
(-0.47552826 -0.1545085 0)
(-0.44550326 -0.22699525 0)
(-0.4045085 -0.29389263 0)
(-0.29389263 -0.4045085 0)
(-0.22699525 -0.44550326 0)
(-0.1545085 -0.47552826 0)
(-0.078217232 -0.49384417 0)
(0.078217233 -0.49384417 0)
(0.1545085 -0.47552826 0)
(0.22699525 -0.44550326 0)
(0.29389263 -0.4045085 0)
(0.4045085 -0.29389263 0)
(0.44550326 -0.22699525 0)
(0.47552826 -0.1545085 0)
(0.49384417 -0.078217232 0)
(-9.5 -15 1)
(-9 -15 1)
(-8.5 -15 1)
(-8 -15 1)
(-7.5 -15 1)
(-7 -15 1)
(-6.5 -15 1)
(-6 -15 1)
(-5.5 -15 1)
(-5 -15 1)
(-4.5 -15 1)
(-4 -15 1)
(-3.5 -15 1)
(-3 -15 1)
(-2.5 -15 1)
(-2 -15 1)
(-1.5 -15 1)
(-1 -15 1)
(-0.5 -15 1)
(-6.2598815e-12 -15 1)
(0.5 -15 1)
(1 -15 1)
(1.5 -15 1)
(2 -15 1)
(2.5 -15 1)
(3 -15 1)
(3.5 -15 1)
(4 -15 1)
(4.5 -15 1)
(5 -15 1)
(5.5 -15 1)
(6 -15 1)
(6.5 -15 1)
(7 -15 1)
(7.5 -15 1)
(8 -15 1)
(8.5 -15 1)
(9 -15 1)
(9.5 -15 1)
(10 -15 1)
(10.5 -15 1)
(11 -15 1)
(11.5 -15 1)
(12 -15 1)
(12.5 -15 1)
(13 -15 1)
(13.5 -15 1)
(14 -15 1)
(14.5 -15 1)
(15 -15 1)
(15.5 -15 1)
(16 -15 1)
(16.5 -15 1)
(17 -15 1)
(17.5 -15 1)
(18 -15 1)
(18.5 -15 1)
(19 -15 1)
(19.5 -15 1)
(20 -14.5 1)
(20 -14 1)
(20 -13.5 1)
(20 -13 1)
(20 -12.5 1)
(20 -12 1)
(20 -11.5 1)
(20 -11 1)
(20 -10.5 1)
(20 -10 1)
(20 -9.5 1)
(20 -9 1)
(20 -8.5 1)
(20 -8 1)
(20 -7.5 1)
(20 -7 1)
(20 -6.5 1)
(20 -6 1)
(20 -5.5 1)
(20 -5 1)
(20 -4.5 1)
(20 -4 1)
(20 -3.5 1)
(20 -3 1)
(20 -2.5 1)
(20 -2 1)
(20 -1.5 1)
(20 -1 1)
(20 -0.5 1)
(20 -2.1890045e-11 1)
(20 0.5 1)
(20 1 1)
(20 1.5 1)
(20 2 1)
(20 2.5 1)
(20 3 1)
(20 3.5 1)
(20 4 1)
(20 4.5 1)
(20 5 1)
(20 5.5 1)
(20 6 1)
(20 6.5 1)
(20 7 1)
(20 7.5 1)
(20 8 1)
(20 8.5 1)
(20 9 1)
(20 9.5 1)
(20 10 1)
(20 10.5 1)
(20 11 1)
(20 11.5 1)
(20 12 1)
(20 12.5 1)
(20 13 1)
(20 13.5 1)
(20 14 1)
(20 14.5 1)
(19.5 15 1)
(19 15 1)
(18.5 15 1)
(18 15 1)
(17.5 15 1)
(17 15 1)
(16.5 15 1)
(16 15 1)
(15.5 15 1)
(15 15 1)
(14.5 15 1)
(14 15 1)
(13.5 15 1)
(13 15 1)
(12.5 15 1)
(12 15 1)
(11.5 15 1)
(11 15 1)
(10.5 15 1)
(10 15 1)
(9.5 15 1)
(9 15 1)
(8.5 15 1)
(8 15 1)
(7.5 15 1)
(7 15 1)
(6.5 15 1)
(6 15 1)
(5.5 15 1)
(5 15 1)
(4.5 15 1)
(4 15 1)
(3.5 15 1)
(3 15 1)
(2.5 15 1)
(2 15 1)
(1.5 15 1)
(1 15 1)
(0.5 15 1)
(1.3670842e-11 15 1)
(-0.5 15 1)
(-1 15 1)
(-1.5 15 1)
(-2 15 1)
(-2.5 15 1)
(-3 15 1)
(-3.5 15 1)
(-4 15 1)
(-4.5 15 1)
(-5 15 1)
(-5.5 15 1)
(-6 15 1)
(-6.5 15 1)
(-7 15 1)
(-7.5 15 1)
(-8 15 1)
(-8.5 15 1)
(-9 15 1)
(-9.5 15 1)
(-10 14.5 1)
(-10 14 1)
(-10 13.5 1)
(-10 13 1)
(-10 12.5 1)
(-10 12 1)
(-10 11.5 1)
(-10 11 1)
(-10 10.5 1)
(-10 10 1)
(-10 9.5 1)
(-10 9 1)
(-10 8.5 1)
(-10 8 1)
(-10 7.5 1)
(-10 7 1)
(-10 6.5 1)
(-10 6 1)
(-10 5.5 1)
(-10 5 1)
(-10 4.5 1)
(-10 4 1)
(-10 3.5 1)
(-10 3 1)
(-10 2.5 1)
(-10 2 1)
(-10 1.5 1)
(-10 1 1)
(-10 0.5 1)
(-10 2.1890045e-11 1)
(-10 -0.5 1)
(-10 -1 1)
(-10 -1.5 1)
(-10 -2 1)
(-10 -2.5 1)
(-10 -3 1)
(-10 -3.5 1)
(-10 -4 1)
(-10 -4.5 1)
(-10 -5 1)
(-10 -5.5 1)
(-10 -6 1)
(-10 -6.5 1)
(-10 -7 1)
(-10 -7.5 1)
(-10 -8 1)
(-10 -8.5 1)
(-10 -9 1)
(-10 -9.5 1)
(-10 -10 1)
(-10 -10.5 1)
(-10 -11 1)
(-10 -11.5 1)
(-10 -12 1)
(-10 -12.5 1)
(-10 -13 1)
(-10 -13.5 1)
(-10 -14 1)
(-10 -14.5 1)
(0.49384417 0.078217233 1)
(0.47552826 0.1545085 1)
(0.44550326 0.22699525 1)
(0.4045085 0.29389263 1)
(0.29389263 0.4045085 1)
(0.22699525 0.44550326 1)
(0.1545085 0.47552826 1)
(0.078217232 0.49384417 1)
(-0.078217233 0.49384417 1)
(-0.1545085 0.47552826 1)
(-0.22699525 0.44550326 1)
(-0.29389263 0.4045085 1)
(-0.4045085 0.29389263 1)
(-0.44550326 0.22699525 1)
(-0.47552826 0.1545085 1)
(-0.49384417 0.078217232 1)
(-0.49384417 -0.078217233 1)
(-0.47552826 -0.1545085 1)
(-0.44550326 -0.22699525 1)
(-0.4045085 -0.29389263 1)
(-0.29389263 -0.4045085 1)
(-0.22699525 -0.44550326 1)
(-0.1545085 -0.47552826 1)
(-0.078217232 -0.49384417 1)
(0.078217233 -0.49384417 1)
(0.1545085 -0.47552826 1)
(0.22699525 -0.44550326 1)
(0.29389263 -0.4045085 1)
(0.4045085 -0.29389263 1)
(0.44550326 -0.22699525 1)
(0.47552826 -0.1545085 1)
(0.49384417 -0.078217232 1)
(19.57247 4.2576459 0)
(19.585054 -4.2277628 0)
(9.2529846 14.593453 0)
(9.25 -14.566987 0)
(19.566987 -1.25 0)
(6.2619767 14.515968 0)
(6.2983132 -14.547077 0)
(-0.55994194 0.043958143 0)
(3.25 -14.566987 0)
(3.2185841 14.520107 0)
(-2.2509295 -14.581721 0)
(-2.2365914 14.575208 0)
(0.74063874 14.57629 0)
(0.76904804 -14.578746 0)
(-9.5371392 -7.1869997 0)
(-9.5855988 7.278788 0)
(-9.5621126 4.7479807 0)
(-9.5871719 -4.7856409 0)
(19.566987 -7.25 0)
(19.612904 7.2554708 0)
(11.742808 14.563613 0)
(11.748918 -14.575284 0)
(19.579556 1.312336 0)
(-9.5219992 -2.2779315 0)
(-9.5748362 2.2443009 0)
(-9.5988572 -0.25108055 0)
(14.279951 14.55564 0)
(14.239354 -14.602123 0)
(-4.7848509 -14.593403 0)
(-9.5854173 9.7547533 0)
(19.566662 9.7489402 0)
(19.63484 -9.7150412 0)
(-4.7368517 14.575492 0)
(-9.6236217 -9.6884587 0)
(16.251647 14.509153 0)
(16.178412 -14.528251 0)
(-6.726777 -14.580431 0)
(-9.5406045 11.755829 0)
(19.582266 11.762526 0)
(19.572351 -11.748051 0)
(-6.7862549 14.57909 0)
(-9.5936149 -11.761847 0)
(-0.74392835 14.514849 0)
(-0.81301723 -14.593353 0)
(4.7457755 -14.537991 0)
(7.7258825 -14.582745 0)
(7.7801642 14.586035 0)
(4.7496582 14.574239 0)
(19.530401 5.7203336 0)
(19.607227 2.7577561 0)
(19.607524 -2.7631688 0)
(19.553659 -5.7518887 0)
(17.749876 14.567221 0)
(17.749805 -14.567047 0)
(-8.2812752 -14.547196 0)
(-9.5669563 13.249188 0)
(19.607003 13.258967 0)
(19.523122 -13.267474 0)
(-9.5672178 -13.24939 0)
(-8.25 14.566987 0)
(-9.5817416 1.2554943 0)
(-9.5711194 3.2354249 0)
(-9.5605496 -1.2362849 0)
(-9.5859824 -3.2992431 0)
(-9.5546914 -5.785111 0)
(-9.5672142 5.7343581 0)
(-9.5828327 -8.2332182 0)
(-9.6446135 8.276835 0)
(1.6981584 14.520926 0)
(1.7377385 -14.603526 0)
(-3.2324774 -14.583312 0)
(-3.2615835 14.575556 0)
(10.247049 14.568779 0)
(10.297357 -14.583312 0)
(19.544367 -0.21053214 0)
(12.789568 14.507262 0)
(12.747991 -14.566522 0)
(-5.7391094 14.596534 0)
(-5.7499054 -14.576577 0)
(19.575805 8.2648357 0)
(19.535837 -8.2689939 0)
(15.254467 14.622701 0)
(-9.5645145 -10.741168 0)
(15.25173 -14.554073 0)
(-9.5522591 10.735871 0)
(19.56684 10.749767 0)
(19.573117 -10.749989 0)
(18.744742 14.569355 0)
(18.745761 -14.569302 0)
(-9.2038815 -14.545887 0)
(-9.5773455 14.229285 0)
(19.570353 14.266415 0)
(19.546993 -14.204215 0)
(-9.5789598 1.7564179 0)
(-9.1526229 2.0000872 0)
(-9.1557429 2.4719976 0)
(-8.7535245 2.2420502 0)
(-8.7533338 2.6674899 0)
(-8.364743 2.4445066 0)
(-8.3668743 2.0204042 0)
(-7.9996374 2.2372087 0)
(-7.9913962 2.6592598 0)
(-7.6422146 2.4488923 0)
(-7.6254437 2.8495664 0)
(-7.2910375 2.6467101 0)
(-0.47356775 0.3023282 0)
(-7.2875639 3.0389485 0)
(-6.9571813 2.8374171 0)
(-6.9614085 2.4607691 0)
(-6.6375911 2.6477595 0)
(-6.6393628 2.2815797 0)
(-6.6332954 3.013744 0)
(-6.3188119 2.8252891 0)
(-6.3209461 3.1938817 0)
(-6.0136484 3.000377 0)
(-6.0138812 3.3625439 0)
(-5.7080884 3.1716808 0)
(-5.7134346 3.5297461 0)
(-5.417292 3.3419821 0)
(-5.4188911 3.6914932 0)
(-5.1285813 3.5067312 0)
(-0.29266831 0.477045 0)
(-5.1212203 3.8352446 0)
(-4.8426921 3.6652781 0)
(-4.834982 3.9874858 0)
(-4.5621064 3.8223524 0)
(-4.553722 4.1372652 0)
(-4.2863935 3.9767084 0)
(-4.2781952 4.2869286 0)
(-4.015209 4.1291785 0)
(-4.0080064 4.4372842 0)
(-3.7473743 4.2797737 0)
(-3.7396461 4.5845468 0)
(-3.4821093 4.4283836 0)
(-3.4751465 4.7294668 0)
(-3.2199974 4.5750288 0)
(-3.2131195 4.8729293 0)
(-2.9617762 4.7201406 0)
(-0.046923364 0.5583854 0)
(-2.9502132 5.0083611 0)
(-2.704322 4.8624932 0)
(-2.691349 5.1465065 0)
(-2.4478286 5.0064951 0)
(-2.4381812 5.289932 0)
(-2.194405 5.1482477 0)
(-2.1876459 5.4347967 0)
(-1.9425049 5.2893398 0)
(-1.9357926 5.5748544 0)
(-1.6910879 5.4291187 0)
(-1.6817415 5.7089925 0)
(-1.434806 5.5671319 0)
(-1.4292335 5.8459073 0)
(-1.1876476 5.703058 0)
(-2.4465046 5.5686421 0)
(-1.1821835 5.9890154 0)
(-0.93466024 5.8417325 0)
(-0.9274353 6.1300405 0)
(-0.6833199 5.978974 0)
(-1.178896 6.2802489 0)
(-0.68978878 5.6967836 0)
(-0.44589373 5.8302778 0)
(-0.4535357 5.5531553 0)
(-0.21317135 5.6848706 0)
(0.2251661 0.51494593 0)
(-0.20241719 5.9585046 0)
(0.029977334 5.8132713 0)
(0.0087349103 5.5432505 0)
(0.26103277 5.6699937 0)
(0.27277674 5.9421622 0)
(0.50320336 5.7928304 0)
(0.49387895 5.5245858 0)
(0.73071466 5.6450633 0)
(0.71989328 5.3785247 0)
(0.95422897 5.4995298 0)
(0.94108252 5.2365438 0)
(1.1746268 5.3557505 0)
(1.1618499 5.0952873 0)
(1.3943392 5.2139967 0)
(1.3813871 4.9551716 0)
(1.6044403 5.0736852 0)
(1.5984048 4.8156972 0)
(1.8513153 4.9509615 0)
(0.42875535 0.35819933 0)
(1.8204667 4.6795552 0)
(2.0461502 4.7923026 0)
(2.0338123 4.5385327 0)
(2.2611235 4.6534289 0)
(2.2519806 4.4041872 0)
(2.4749933 4.5222149 0)
(2.4665442 4.2687164 0)
(2.6883618 4.3775383 0)
(2.6763206 4.1273469 0)
(2.9047885 4.2432682 0)
(2.8888272 3.990689 0)
(3.1174839 4.1056214 0)
(3.101582 3.8539425 0)
(3.3254509 3.9673999 0)
(3.3132922 3.7171384 0)
(3.5355522 3.831832 0)
(3.5242593 3.5810675 0)
(3.7458144 3.6954426 0)
(3.734177 3.4448386 0)
(3.9579339 3.5597477 0)
(3.9455337 3.3070317 0)
(4.1718069 3.4229649 0)
(4.15896 3.1672063 0)
(4.3883062 3.2845546 0)
(4.3750062 3.0249613 0)
(4.6082962 3.1444823 0)
(4.6006481 2.8902403 0)
(4.8292051 2.997755 0)
(4.8259926 2.7469464 0)
(5.0559098 2.8517471 0)
(5.0503992 2.5926723 0)
(5.2893056 2.7085403 0)
(5.2745228 2.4320398 0)
(5.5188159 2.558116 0)
(5.5093489 2.2769034 0)
(5.7600559 2.3996601 0)
(5.7482216 2.1190943 0)
(0.55916235 0.053103799 0)
(6.0096949 2.2434851 0)
(5.9916338 1.9546884 0)
(6.2541151 2.0902448 0)
(6.2409777 1.7981363 0)
(6.2720762 2.3801485 0)
(4.8319989 3.2576307 0)
(3.548522 4.0843435 0)
(2.2754222 4.9113868 0)
(6.5184909 2.2296697 0)
(6.5428002 2.5118431 0)
(6.7906013 2.3650164 0)
(6.8146956 2.6531156 0)
(7.0650773 2.5073737 0)
(7.0819861 2.818107 0)
(7.3438288 2.6536821 0)
(7.3609306 2.9679892 0)
(5.9738999 1.6613475 0)
(6.2203857 1.5003382 0)
(5.9580748 1.3654554 0)
(6.1895386 1.2057114 0)
(5.9393232 1.0701728 0)
(6.169938 0.91034464 0)
(5.9321457 0.79198242 0)
(6.1712369 0.61636685 0)
(5.8938977 0.50165483 0)
(6.1544163 0.32089351 0)
(5.9069176 0.18550262 0)
(6.1432914 0.020085492 0)
(5.8775736 -0.11650199 0)
(6.1260313 -0.28013111 0)
(5.8580959 -0.41694608 0)
(6.1083767 -0.58049514 0)
(5.8400363 -0.71788546 0)
(6.1116364 -0.88378815 0)
(5.8256124 -1.0205286 0)
(6.0987316 -1.1873349 0)
(5.8076153 -1.3238789 0)
(6.3652928 -0.74548295 0)
(6.0647814 -1.4911895 0)
(5.7863656 -1.6293227 0)
(0.43343935 -0.35903457 0)
(6.0429153 -1.7971685 0)
(5.7704123 -1.9335284 0)
(6.032439 -2.113186 0)
(5.75774 -2.2578297 0)
(6.0129734 -2.4267463 0)
(5.7347304 -2.5794363 0)
(5.995479 -2.7444886 0)
(6.2805362 -2.5993093 0)
(5.7083592 -2.8868649 0)
(6.2642313 -2.92108 0)
(6.548677 -2.7837479 0)
(6.5385116 -3.1013984 0)
(6.8266261 -2.9639792 0)
(7.6308867 2.7916615 0)
(7.6461005 3.1212966 0)
(6.816286 -3.2843078 0)
(7.1072924 -3.1497421 0)
(7.9220057 2.940849 0)
(7.9366895 3.2675859 0)
(7.1004072 -3.4722261 0)
(7.4049885 -3.3173895 0)
(8.2165254 3.0900729 0)
(8.2320842 3.4234867 0)
(7.3949238 -3.6518337 0)
(7.6891179 -3.5197714 0)
(7.1374723 -3.8140393 0)
(8.516042 3.2404288 0)
(8.5354522 3.5779377 0)
(7.6866857 -3.8454539 0)
(7.9937848 -3.6957838 0)
(0.97029931 5.7658112 0)
(7.9866303 -4.0353972 0)
(8.3003862 -3.8831802 0)
(8.8221996 3.3952242 0)
(8.837906 3.7432094 0)
(8.5444669 3.9292427 0)
(8.8541389 4.0927696 0)
(8.5615099 4.2894505 0)
(8.8891132 4.4486803 0)
(8.2760679 -4.249095 0)
(8.600149 -4.0854741 0)
(9.1327187 3.5561205 0)
(8.5693639 4.6348703 0)
(8.5922615 -4.435611 0)
(8.9070409 4.8048143 0)
(8.9128132 -4.2824167 0)
(-5.1330024 3.1930193 0)
(8.8890764 -4.6607526 0)
(8.5291399 -4.8293278 0)
(8.5777344 4.9977272 0)
(9.2248494 -4.4879239 0)
(8.9052979 5.1656426 0)
(4.3686509 2.7990327 0)
(9.2471192 -4.1158322 0)
(5.4531395 -2.7313157 0)
(5.4233804 -3.027952 0)
(5.1659576 -2.8638801 0)
(5.1413919 -3.1638297 0)
(4.889904 -3.0052791 0)
(4.8646544 -3.2972535 0)
(4.6219728 -3.1496552 0)
(4.5919702 -3.4291294 0)
(4.3507395 -3.2755327 0)
(4.3273996 -3.5601706 0)
(4.0861489 -3.3993941 0)
(0.22273133 -0.53609005 0)
(4.0726101 -3.6791295 0)
(3.8290236 -3.526824 0)
(3.8186993 -3.843692 0)
(3.5751003 -3.6613013 0)
(3.5535451 -3.9383445 0)
(3.3217122 -3.7838117 0)
(3.3029086 -4.0622251 0)
(3.0723557 -3.9084113 0)
(3.0536781 -4.1853697 0)
(2.8242105 -4.0322046 0)
(2.8056441 -4.3084236 0)
(3.0539954 -4.4798536 0)
(2.5769506 -4.1555931 0)
(2.5573337 -4.4306055 0)
(2.3294483 -4.2783368 0)
(-0.28996497 -0.47894874 0)
(-0.034241778 -0.55985841 0)
(2.3104844 -4.5539957 0)
(2.0816856 -4.4011958 0)
(2.0628184 -4.6771758 0)
(1.833311 -4.5238104 0)
(1.8133519 -4.7989279 0)
(1.582389 -4.6461687 0)
(1.5634861 -4.9235975 0)
(1.331696 -4.7699311 0)
(1.3101021 -5.0458534 0)
(1.0780674 -4.8939278 0)
(1.0547982 -5.17359 0)
(0.81665856 -5.0180177 0)
(0.80206721 -5.3013341 0)
(0.55312071 -5.1464034 0)
(1.5517903 -5.2217778 0)
(0.53244389 -5.4435576 0)
(0.28241844 -5.2761281 0)
(0.25425724 -5.5825512 0)
(0.0037115587 -5.4101918 0)
(-0.01978324 -5.7224437 0)
(0.24419817 -5.8947553 0)
(-0.27454311 -5.5404472 0)
(-0.30275794 -5.8648012 0)
(9.2006699 -4.8721808 0)
(9.5430602 -4.6946132 0)
(8.5909655 5.3612188 0)
(-0.56970635 -5.6855466 0)
(-0.59464536 -6.0119584 0)
(9.5235508 -5.0730217 0)
(8.9144769 5.5258096 0)
(9.2289326 5.3345656 0)
(1.1526697 4.8360875 0)
(4.1111071 -3.0737118 0)
(9.2530479 5.699837 0)
(9.563596 5.5051658 0)
(9.8667155 -4.8996809 0)
(9.8472224 -5.2865856 0)
(3.5137533 3.3336617 0)
(5.6237847 0.074987281 0)
(8.6023523 5.7233276 0)
(-0.5405347 -5.3070024 0)
(-0.47185835 -0.29162241 0)
(-0.8348072 -5.4958589 0)
(-0.81341904 -5.185651 0)
(-4.0352965 3.820536 0)
(-1.9423234 4.9925802 0)
(-1.0991824 -5.3247578 0)
(-1.0775492 -5.0101724 0)
(9.1144057 3.2031784 0)
(9.429216 3.3659853 0)
(9.594537 5.8812216 0)
(9.9039705 5.6776504 0)
(9.4110506 3.0104145 0)
(9.7303627 3.1727506 0)
(-1.3601111 -5.1471407 0)
(-1.342893 -4.8346555 0)
(10.194454 -5.1105258 0)
(10.17627 -5.5007217 0)
(2.0281312 4.2959325 0)
(-2.9694888 4.422269 0)
(9.9158794 6.0716109 0)
(10.244536 5.8549562 0)
(9.7114047 2.8143205 0)
(10.03337 2.9751492 0)
(10.015905 2.6135713 0)
(10.342304 2.7800304 0)
(10.323506 2.4094441 0)
(10.653136 2.5758265 0)
(10.634952 2.2032758 0)
(-1.6209258 -4.9706366 0)
(-1.603882 -4.6595599 0)
(-3.7300208 4.8825368 0)
(10.255795 6.2550831 0)
(10.528318 -5.3224529 0)
(10.506248 -5.7211464 0)
(10.152074 -5.9023706 0)
(10.591747 6.0331543 0)
(10.971024 2.3754083 0)
(10.95134 1.9977765 0)
(3.0982938 -3.6445038 0)
(-1.8806816 -4.7960772 0)
(-1.8945779 -5.1211919 0)
(-1.8588079 -4.4870284 0)
(10.48523 -6.1228948 0)
(10.126563 -6.3102277 0)
(10.605742 6.4346512 0)
(-2.1391627 -4.6210101 0)
(-2.1165409 -4.312913 0)
(10.860289 -5.5337816 0)
(10.883742 -5.1373778 0)
(0.82768346 -4.7319004 0)
(10.945044 6.2137016 0)
(11.291404 2.1707036 0)
(11.275492 1.7939533 0)
(10.959159 6.6203844 0)
(10.215379 6.6702113 0)
(2.0984371 -4.127084 0)
(-2.3967221 -4.4463346 0)
(-2.3711733 -4.1368714 0)
(10.463211 -6.5288078 0)
(10.097459 -6.7127462 0)
(11.21951 -5.3500409 0)
(11.242609 -4.951078 0)
(11.30303 6.3969447 0)
(11.320009 6.7999137 0)
(11.616104 1.9638714 0)
(-2.6550969 -4.271865 0)
(-2.6283572 -3.9614404 0)
(11.600007 1.5825307 0)
(10.440339 -6.9372769 0)
(10.072277 -7.1207275 0)
(11.580525 -5.1629909 0)
(11.604926 -4.7621073 0)
(-1.5852669 -4.3533381 0)
(11.664408 6.5814411 0)
(11.683855 6.9923788 0)
(-2.9136788 -4.0978816 0)
(-2.8831328 -3.7800275 0)
(11.944193 1.7537354 0)
(-4.8148484 4.3026314 0)
(4.3077526 -3.8515877 0)
(11.923732 1.3624609 0)
(11.949913 -4.9870099 0)
(-2.9298925 -4.4146644 0)
(-3.1749092 -3.921494 0)
(-3.1527475 -3.605726 0)
(10.41763 -7.3494152 0)
(10.043668 -7.5371466 0)
(11.970438 -4.5760458 0)
(12.033252 6.7704685 0)
(12.051661 7.1861855 0)
(11.688973 7.4073725 0)
(-2.5806381 -3.6505726 0)
(12.275599 1.539501 0)
(12.068829 7.6060232 0)
(7.9793024 -3.2924097 0)
(12.313627 -4.7896955 0)
(12.338229 -4.3819844 0)
(-3.4417197 -3.7443086 0)
(-3.4195073 -3.4213016 0)
(12.395089 6.9454695 0)
(10.394603 -7.767403 0)
(10.01922 -7.9551635 0)
(11.700435 7.8299301 0)
(12.086494 8.0302562 0)
(12.688925 -4.6102972 0)
(12.632004 -5.0857763 0)
(12.709381 -4.1925381 0)
(-3.7127614 -3.563309 0)
(-3.6895934 -3.2349179 0)
(10.928584 1.6164413 0)
(9.6681252 -7.7245718 0)
(9.6429301 -8.1419665 0)
(9.2981923 -7.9192643 0)
(9.2686446 -8.3281094 0)
(8.9260172 -8.1073088 0)
(8.8959646 -8.5131595 0)
(8.5516297 -8.2849419 0)
(10.370217 -8.1894161 0)
(11.713124 8.2590807 0)
(13.038243 -4.8472425 0)
(13.022596 -5.2604771 0)
(6.4139957 0.47876497 0)
(8.2776157 5.5557423 0)
(8.2876972 5.9174149 0)
(7.9657156 5.7502527 0)
(7.9764222 6.113502 0)
(7.6596966 5.9529025 0)
(7.6664742 6.3086312 0)
(7.3511785 6.1487604 0)
(7.3595466 6.5056755 0)
(7.0398768 6.3357337 0)
(7.0510806 6.6977546 0)
(6.7317353 6.5274772 0)
(6.7424758 6.8890959 0)
(7.0665253 7.0622241 0)
(6.752179 7.2570185 0)
(7.0822246 7.4329107 0)
(6.762067 7.6305924 0)
(7.0931746 7.811467 0)
(6.4326527 7.4526129 0)
(6.442186 7.8272391 0)
(6.1120453 7.6497309 0)
(6.1211579 8.0213567 0)
(5.7922542 7.8455191 0)
(5.8014566 8.2169198 0)
(5.4727062 8.0412388 0)
(5.4811848 8.4116516 0)
(5.1527487 8.2366749 0)
(5.7909753 8.6065342 0)
(5.1612254 8.6079544 0)
(4.8320636 8.4326965 0)
(4.8391549 8.802818 0)
(4.5102642 8.6287802 0)
(8.524108 -8.6954711 0)
(8.1810498 -8.4681873 0)
(12.104569 8.4592089 0)
(-3.9884038 -3.3790411 0)
(-4.0117455 -3.7130404 0)
(-3.9613247 -3.04836 0)
(-3.6838043 -2.905947 0)
(-3.9323617 -2.7213371 0)
(-3.6653777 -2.5833239 0)
(-3.9040232 -2.4043412 0)
(-3.6292957 -2.2596131 0)
(-3.8770508 -2.095863 0)
(-3.608637 -1.9484963 0)
(-3.8502038 -1.7948446 0)
(-3.5883349 -1.662447 0)
(-3.8253323 -1.5047782 0)
(-3.5637774 -1.3852061 0)
(-3.3375094 -1.5363211 0)
(-3.3160035 -1.269283 0)
(-3.5375144 -1.116714 0)
(-3.2955366 -1.0054998 0)
(-3.105275 -1.4291806 0)
(-3.5090382 -0.85307821 0)
(-3.2733527 -0.74541751 0)
(-4.0888056 -1.6206439 0)
(-3.4830965 -0.59474389 0)
(-3.2513824 -0.48901183 0)
(12.289855 1.929487 0)
(12.634036 1.7138318 0)
(12.610911 1.3182257 0)
(12.971641 1.5002786 0)
(12.979258 1.8859253 0)
(12.949763 1.0939623 0)
(13.314899 1.2796059 0)
(13.292994 0.86779333 0)
(4.5172848 9.0003078 0)
(4.1872112 8.8257386 0)
(-3.4587636 -0.34017494 0)
(-3.2277747 -0.23792781 0)
(8.1535443 -8.8780251 0)
(7.809906 -8.6537147 0)
(-4.2322027 -2.8583906 0)
(12.358143 -3.9667077 0)
(13.398084 -5.0749121 0)
(13.390684 -5.481119 0)
(11.727498 8.6903673 0)
(4.1976193 9.2045737 0)
(3.8630535 9.024437 0)
(-3.0291732 -0.38076948 0)
(-3.0056896 -0.13761051 0)
(-3.2008365 0.0012366083 0)
(-2.9837027 0.098975785 0)
(7.7844498 -9.0616242 0)
(7.4412723 -8.8377621 0)
(-3.171917 0.23665338 0)
(-2.9587003 0.32914867 0)
(12.123069 8.8921877 0)
(12.483036 8.6770942 0)
(13.6624 1.0556589 0)
(13.628556 0.63023489 0)
(5.5486817 -1.1554228 0)
(8.8639318 -8.9319375 0)
(4.5827853 9.3951549 0)
(3.8735984 9.4057234 0)
(3.536542 9.2237 0)
(7.415339 -9.2477781 0)
(7.075422 -9.0188922 0)
(7.1004459 -8.6138234 0)
(6.7392431 -8.7922027 0)
(6.7648927 -8.3922291 0)
(6.4087683 -8.5698816 0)
(6.3821002 -8.9668439 0)
(6.0515671 -8.7439475 0)
(6.0255633 -9.1372065 0)
(5.6961986 -8.9163 0)
(5.7245284 -8.5256729 0)
(5.3666236 -8.6967466 0)
(5.3402798 -9.0878751 0)
(5.0088786 -8.8666464 0)
(4.9860467 -9.2585608 0)
(4.6565162 -9.0364347 0)
(-3.1447484 0.4678056 0)
(-2.9333899 0.55906119 0)
(4.6296122 -9.4301437 0)
(4.3027426 -9.2062435 0)
(-2.818163 -0.27343939 0)
(-3.1172102 0.69744991 0)
(-2.9061494 0.7869281 0)
(-3.3299074 0.61231971 0)
(-2.7277728 0.65276136 0)
(-2.7024567 0.87172907 0)
(4.3315837 -8.8151259 0)
(3.9815696 -8.9832048 0)
(3.9472945 -9.3749252 0)
(3.6256861 -9.1501243 0)
(3.5894493 -9.5433496 0)
(3.2662711 -9.3220787 0)
(12.510821 9.0994332 0)
(12.873914 8.8813735 0)
(13.761936 -5.3044374 0)
(13.771005 -5.7158825 0)
(3.5470443 9.6073374 0)
(3.2075911 9.4239922 0)
(11.75463 9.1241564 0)
(14.012034 0.82759318 0)
(13.979102 0.40393994 0)
(-2.531194 0.74276896 0)
(-2.5057157 0.95401841 0)
(-2.673926 1.0832308 0)
(-2.4774254 1.1634014 0)
(5.1459071 7.8660356 0)
(-2.3162532 1.0361967 0)
(-2.2836299 1.2439307 0)
(-2.4473365 1.3710181 0)
(-2.2539496 1.4450193 0)
(-2.0943303 1.321725 0)
(-2.0644658 1.5177192 0)
(-1.9101301 1.3933208 0)
(-1.8922462 1.588413 0)
(-2.0346001 1.7103798 0)
(-1.8517244 1.7787302 0)
(-1.700441 1.6223975 0)
(-1.66803 1.843651 0)
(-1.5154417 1.7126978 0)
(-1.4897604 1.9067564 0)
(-1.3489996 1.7964064 0)
(-1.3157081 1.9735206 0)
(-1.1771292 1.8659638 0)
(-1.142614 2.0380435 0)
(-1.0041079 1.9277638 0)
(-0.97065602 2.1005226 0)
(-0.83476674 1.9851127 0)
(-0.79919798 2.1606128 0)
(-0.66749834 2.0438867 0)
(-0.63195133 2.2220303 0)
(-0.49691529 2.1055606 0)
(-0.46434417 2.2831471 0)
(-0.32708332 2.1696487 0)
(-0.29455431 2.3380317 0)
(-0.15963086 2.2304348 0)
(-0.40672464 2.4474088 0)
(-0.12712131 2.3985179 0)
(0.0097071382 2.2895946 0)
(-1.1106557 2.2186483 0)
(0.038929381 2.4669492 0)
(0.17933813 2.350993 0)
(0.20892837 2.5314501 0)
(0.34771779 2.4131408 0)
(0.31829181 2.2356232 0)
(0.48485945 2.2957515 0)
(0.45238654 2.1224032 0)
(0.61519724 2.1810857 0)
(0.58424531 2.0143661 0)
(0.74253108 2.0703259 0)
(0.71278404 1.9086666 0)
(0.86693652 1.9629294 0)
(0.83771637 1.8048752 0)
(0.98880388 1.8579957 0)
(0.9602342 1.702722 0)
(1.1058337 1.7513648 0)
(1.0801495 1.6010421 0)
(1.2240436 1.6490053 0)
(1.1981276 1.503315 0)
(1.3448291 1.5523767 0)
(1.3179932 1.4003759 0)
(1.4629623 1.4526238 0)
(1.4404623 1.3004723 0)
(1.5813192 1.3529744 0)
(1.5538547 1.200597 0)
(1.6994131 1.2531842 0)
(1.6711516 1.0984739 0)
(1.826639 1.1601994 0)
(1.7919309 0.99618268 0)
(1.951108 1.0589875 0)
(1.9149813 0.88993089 0)
(2.0708358 0.94560085 0)
(2.0394343 0.77872175 0)
(2.1996864 0.83560983 0)
(2.1673944 0.66339616 0)
(2.3332181 0.7232952 0)
(2.3001189 0.54618624 0)
(2.4710866 0.60810313 0)
(2.4373037 0.42977555 0)
(1.3570474 1.6990078 0)
(2.265869 0.36836189 0)
(2.4021949 0.25100257 0)
(2.232163 0.19292314 0)
(2.3672679 0.074432362 0)
(2.1986106 0.016992478 0)
(2.3325991 -0.10091917 0)
(2.1699869 -0.15990582 0)
(2.2991949 -0.27555491 0)
(2.1388502 -0.33460565 0)
(2.2659664 -0.44965566 0)
(2.1003867 -0.50778502 0)
(2.2316188 -0.62390506 0)
(2.0631944 -0.68272441 0)
(2.4554928 -0.2283419 0)
(2.1965285 -0.79879122 0)
(2.0277974 -0.85833075 0)
(1.8475452 1.3089332 0)
(2.6144783 0.47864597 0)
(2.1660987 -0.97816551 0)
(1.9939169 -1.0339406 0)
(2.3464893 -0.93271594 0)
(2.3699017 0.89597908 0)
(0.90525286 2.1104061 0)
(2.1319883 -1.1573764 0)
(1.9574866 -1.2121349 0)
(3.2296977 -9.7142639 0)
(2.9043761 -9.4914373 0)
(12.898076 9.3154181 0)
(13.266946 9.0905904 0)
(3.8582787 8.6523482 0)
(-1.8242835 1.9724472 0)
(4.0118431 -8.5936057 0)
(-6.0131683 3.7396547 0)
(3.2181928 9.810367 0)
(2.8765516 9.6253197 0)
(7.6157816 2.4738683 0)
(14.128742 -5.5413199 0)
(14.129311 -5.9702816 0)
(14.101431 -5.1016897 0)
(2.8675118 -9.8854744 0)
(2.5364822 -9.6557146 0)
(14.368392 0.60030633 0)
(14.39037 1.0249518 0)
(14.334688 0.17500788 0)
(2.0953987 -1.3355454 0)
(1.9200218 -1.3921512 0)
(12.380376 6.545344 0)
(12.748337 6.7166209 0)
(13.2927 9.5266967 0)
(13.666113 9.2981838 0)
(1.7842285 -1.2712062 0)
(1.746123 -1.4488417 0)
(2.8861888 3.7510801 0)
(1.6131037 -1.3299805 0)
(1.5759986 -1.5048959 0)
(1.7086257 -1.6250059 0)
(1.5369335 -1.6793861 0)
(1.4038891 -1.5578986 0)
(1.3665362 -1.7316435 0)
(1.2361673 -1.6151519 0)
(1.1995791 -1.7832371 0)
(1.0783766 -1.6684653 0)
(1.0369426 -1.8339955 0)
(0.9044459 -1.6968692 0)
(0.87311546 -1.8808336 0)
(0.74522949 -1.7713075 0)
(0.71115165 -1.9357828 0)
(0.5870527 -1.8278514 0)
(0.54843391 -1.9899372 0)
(0.42277058 -1.8799653 0)
(0.38281926 -2.0438348 0)
(0.25319449 -1.9228283 0)
(0.21416265 -2.095712 0)
(0.0815419 -1.9749905 0)
(0.041374645 -2.1514609 0)
(-0.095046779 -2.0276562 0)
(0.67693036 -2.1070229 0)
(-0.13544808 -2.2098356 0)
(-0.27390357 -2.0826283 0)
(-3.6961364 -0.44504765 0)
(13.258098 0.44380024 0)
(0.38087302 2.5957437 0)
(0.23803617 2.7160284 0)
(2.5022048 -10.056367 0)
(2.1698993 -9.8247863 0)
(-0.0024324873 -2.3281621 0)
(2.8865303 10.015035 0)
(2.5447983 9.8273343 0)
(2.5377177 9.4398135 0)
(2.2050836 9.640779 0)
(2.2116949 10.027054 0)
(1.8736336 9.8378144 0)
(12.734273 6.3139264 0)
(13.104732 6.4859973 0)
(1.3271501 -1.9044024 0)
(2.5443373 -9.2366519 0)
(1.867864 9.4538065 0)
(1.5366673 9.6485393 0)
(1.5405589 10.034935 0)
(1.2036128 9.842177 0)
(13.696525 9.7238266 0)
(14.089213 9.459517 0)
(-1.3743886 1.6148644 0)
(1.7593798 0.84248226 0)
(1.204852 10.23196 0)
(0.86820511 10.03697 0)
(0.8623782 9.6596536 0)
(0.53197591 9.8439373 0)
(13.087942 6.0656814 0)
(13.464091 6.2524907 0)
(14.475083 -5.7931744 0)
(14.469169 -6.2262176 0)
(3.2320785 10.202989 0)
(0.55795936 1.8523268 0)
(0.53168366 10.231504 0)
(0.19398579 10.034525 0)
(11.35156 8.9192649 0)
(11.379907 9.3491411 0)
(13.447222 5.8289339 0)
(13.815609 6.0372715 0)
(13.814946 5.606058 0)
(14.214931 5.8787608 0)
(3.1999729 -10.108871 0)
(14.186705 5.3836659 0)
(14.578268 5.5795655 0)
(2.1357825 -10.228769 0)
(1.8008158 -9.9965942 0)
(14.722755 0.3685783 0)
(14.703386 -0.06312379 0)
(-0.31635525 -2.268513 0)
(-0.45950318 -2.1377143 0)
(14.093129 -6.4111456 0)
(14.428254 -6.6536706 0)
(14.073513 -6.8543688 0)
(14.402986 -7.0953521 0)
(14.032215 -7.2960232 0)
(14.408915 -7.5440457 0)
(14.008882 -7.7432987 0)
(14.414438 -8.0047262 0)
(13.976202 -8.1967753 0)
(14.383222 -8.4509642 0)
(13.947614 -8.6491502 0)
(14.344481 -8.9021626 0)
(13.910233 -9.0958986 0)
(14.315255 -9.3594133 0)
(13.873004 -9.5388376 0)
(1.9426109 -0.57121782 0)
(7.0206705 5.9966665 0)
(14.554732 5.1364732 0)
(0.41786058 2.7826917 0)
(0.26793736 2.9049113 0)
(14.088318 9.9320581 0)
(14.500852 9.6453479 0)
(2.0267805 -0.041995845 0)
(14.283758 -9.8140499 0)
(-0.35743582 1.9973346 0)
(10.990963 9.1485076 0)
(11.017904 9.5866566 0)
(5.6798938 0.93783137 0)
(13.285565 9.9775876 0)
(1.7654317 -10.404645 0)
(1.4308733 -10.169113 0)
(1.4666055 -9.7621358 0)
(1.1068858 -9.9538995 0)
(1.0600095 -10.339493 0)
(0.72942073 -10.106382 0)
(0.191425 10.426415 0)
(-0.14622486 10.226532 0)
(-0.1476318 9.8454051 0)
(-0.48429294 10.027497 0)
(-0.48872053 10.418062 0)
(-0.82730025 10.216399 0)
(-0.83068781 9.7794523 0)
(-1.1631203 10.011392 0)
(-1.1744807 10.409431 0)
(-1.5152925 10.20054 0)
(-1.5062683 9.805213 0)
(-1.8555204 9.9904518 0)
(-1.8503515 9.6029853 0)
(-2.1951647 9.7817875 0)
(-2.1828954 9.3832107 0)
(-2.5355564 9.5678163 0)
(-2.5477351 9.9715737 0)
(-2.8896884 9.7570467 0)
(-2.8766696 9.3527303 0)
(-3.2320047 9.5404683 0)
(-3.2166134 9.1369402 0)
(-3.5742826 9.3256592 0)
(-3.5576877 8.923598 0)
(-3.9173549 9.1103349 0)
(-3.9344757 9.5178189 0)
(-4.2811092 9.2982378 0)
(-4.2590596 8.8927915 0)
(-4.3002021 9.7123494 0)
(-4.6272735 9.0766088 0)
(-4.6055979 8.6686308 0)
(-4.9758749 8.8534842 0)
(-4.9565886 8.4421618 0)
(0.78131759 -9.733123 0)
(0.35634201 -9.8524265 0)
(0.35014883 -10.270676 0)
(0.001512601 -10.048655 0)
(-0.017338781 -10.440518 0)
(-0.3566189 -10.202081 0)
(-3.3051651 0.84220845 0)
(-3.5240078 0.75449652 0)
(-0.91864786 6.4235407 0)
(14.811102 -6.5089237 0)
(-3.4983149 0.99066942 0)
(-3.7261086 0.89463173 0)
(14.759006 -8.7028384 0)
(-0.35016204 -9.7583774 0)
(-0.6862882 -9.9548559 0)
(-0.73363638 -10.369766 0)
(-1.0697604 -10.121544 0)
(-1.0261545 -9.6513617 0)
(-1.4053032 -9.8632759 0)
(-1.3821317 -9.4460846 0)
(-1.7424359 -9.620844 0)
(-1.6939536 -9.2113764 0)
(-2.0720755 -9.3757319 0)
(-2.1201039 -9.7907974 0)
(-2.4565799 -9.5407227 0)
(-2.3950283 -9.1147403 0)
(-2.7924029 -9.2830651 0)
(-2.8449811 -9.7069431 0)
(-3.1826841 -9.4497262 0)
(-3.1317446 -9.0269922 0)
(-3.5194931 -9.1925028 0)
(-3.4675423 -8.7722754 0)
(-3.8557962 -8.9347057 0)
(-3.8787838 -9.3813878 0)
(-3.8065237 -8.5214846 0)
(-4.192024 -8.6784007 0)
(-4.144034 -8.2652238 0)
(-4.5295766 -8.4231801 0)
(-4.4767419 -8.003709 0)
(-4.86551 -8.1658795 0)
(-4.814244 -7.7392528 0)
(13.8614 -10.006197 0)
(-1.1182665 -10.540008 0)
(14.946867 5.337459 0)
(14.985752 5.8389387 0)
(14.924251 4.8946877 0)
(10.632 9.3822174 0)
(10.644459 9.8116753 0)
(-1.5282344 10.604341 0)
(-0.86477878 1.8284279 0)
(-0.50408848 -2.3333812 0)
(-0.65298672 -2.1951425 0)
(-0.60531196 -2.0022104 0)
(-0.79696172 -2.0563875 0)
(-0.75231161 -1.8624674 0)
(-0.9404501 -1.9197834 0)
(-0.89924397 -1.7305752 0)
(14.497028 10.146703 0)
(1.411594 1.1565621 0)
(10.000904 2.2579591 0)
(10.263467 9.613655 0)
(10.274373 10.041538 0)
(10.666879 10.267537 0)
(9.8941989 9.8449604 0)
(9.9070636 10.275916 0)
(9.524954 10.076245 0)
(12.72858 -3.7754239 0)
(12.37768 -3.5511589 0)
(4.958325 -9.6571684 0)
(10.946466 2.7759854 0)
(-5.2007267 -7.9079833 0)
(-5.1521614 -7.4764349 0)
(-5.2572775 -8.3306506 0)
(2.1066049 -10.639043 0)
(7.7483013 -9.4743501 0)
(1.1334881 -1.5022342 0)
(15.088311 0.1346071 0)
(15.065678 -0.30564055 0)
(1.0505195 1.459459 0)
(6.787131 2.9940383 0)
(7.1263624 -2.8002652 0)
(2.9250479 4.5068295 0)
(14.902224 9.9016034 0)
(0.45328583 2.9739518 0)
(0.29929499 3.1005124 0)
(2.2939462 -4.8318856 0)
(1.5941493 5.3042046 0)
(-5.326644 8.6313065 0)
(-5.3048526 8.2179128 0)
(-5.3488239 9.0415973 0)
(4.1833971 3.678296 0)
(9.534754 10.50228 0)
(9.1562355 10.308441 0)
(-1.0817752 -1.7871827 0)
(-1.0383626 -1.6117449 0)
(-1.1201955 -1.9850247 0)
(-0.70103407 -2.3952656 0)
(-0.54509849 -2.5372466 0)
(-3.3924275 -8.3755693 0)
(14.91664 10.375312 0)
(15.320036 5.0973763 0)
(15.29825 4.650527 0)
(14.261307 -10.27623 0)
(14.678163 -10.069228 0)
(-4.5802929 8.2663827 0)
(-4.4213766 -7.58516 0)
(-3.6965113 1.1472315 0)
(-3.93275 1.0456413 0)
(13.843789 -10.482937 0)
(13.447865 -10.215638 0)
(-0.056379257 -1.8528469 0)
(5.1062742 -3.4734891 0)
(-5.5395839 -7.6492781 0)
(-5.486829 -7.2238904 0)
(12.747513 -3.3590678 0)
(12.397154 -3.1352403 0)
(-1.176042 6.5775865 0)
(-0.90852375 6.7244191 0)
(9.16689 10.736131 0)
(8.7867701 10.540324 0)
(15.458789 -0.10284249 0)
(15.434712 -0.54495535 0)
(15.468634 0.33662142 0)
(-1.2197279 -1.6562359 0)
(-1.1522209 -1.4619406 0)
(15.324355 10.104255 0)
(15.318455 9.5753192 0)
(15.334727 10.593483 0)
(14.487053 10.634436 0)
(0.60959637 -1.664513 0)
(14.655778 -10.535231 0)
(15.067447 -10.334859 0)
(13.414794 5.3942737 0)
(0.51697339 -0.21380936 0)
(-0.54504093 -0.13268871 0)
(0.51834995 0.21269344 0)
(13.427396 -10.692509 0)
(13.033599 -10.428556 0)
(-5.677937 8.4062879 0)
(-5.6571438 7.9903656 0)
(-1.3266804 -9.0477967 0)
(5.006893 2.302502 0)
(0.48589078 3.1694211 0)
(0.32900625 3.2956631 0)
(0.64102089 3.0406748 0)
(9.5690417 10.902146 0)
(15.696521 4.8560674 0)
(15.674302 4.4079688 0)
(10.946476 5.7670353 0)
(-0.87624064 -1.5609699 0)
(8.7961953 10.966701 0)
(8.4142681 10.770325 0)
(8.6059907 -7.8774154 0)
(-8.0032518 1.8165125 0)
(-1.3553792 -1.5240825 0)
(-1.3098249 -1.3359485 0)
(13.012779 -10.905312 0)
(12.618166 -10.639354 0)
(-5.8765128 -7.3929579 0)
(-5.8219038 -6.9703498 0)
(-5.4336553 -6.8050138 0)
(-5.7660345 -6.5520764 0)
(-0.74828267 -2.602252 0)
(-0.58529538 -2.7483231 0)
(15.049741 -10.796298 0)
(15.464372 -10.593843 0)
(-3.2048723 8.7389593 0)
(12.766047 -2.9209225 0)
(12.424109 -2.7308185 0)
(12.051187 -2.912671 0)
(12.108888 -2.4667415 0)
(13.102361 -3.1025311 0)
(11.713545 -2.6828586 0)
(11.723978 -2.290021 0)
(11.368283 -2.4686868 0)
(11.38457 -2.0686902 0)
(11.032175 -2.251488 0)
(11.049099 -1.8564084 0)
(10.701104 -2.0370726 0)
(10.715471 -1.6516511 0)
(10.3734 -1.8255682 0)
(10.387786 -1.4435901 0)
(10.051465 -1.6170503 0)
(10.065059 -1.2395748 0)
(9.7335086 -1.4109552 0)
(9.7492801 -1.0381467 0)
(9.4202842 -1.2081855 0)
(9.4363883 -0.83808966 0)
(9.8811584 9.4126139 0)
(15.830718 -0.34290789 0)
(15.806863 -0.78580213 0)
(-3.9013666 1.3004215 0)
(-4.1443864 1.1993625 0)
(-4.1749663 0.93617778 0)
(-4.4026824 1.1123184 0)
(-4.4275558 0.82122699 0)
(-4.6645703 1.0065452 0)
(-4.6922538 0.70757355 0)
(15.744654 10.318679 0)
(15.758241 10.805171 0)
(0.13953014 3.2231954 0)
(0.16973258 3.4280731 0)
(-0.024884031 3.35201 0)
(0.0091660322 3.5647468 0)
(-0.18285115 3.4987541 0)
(-0.15488395 3.705107 0)
(-0.35249609 3.6363494 0)
(-6.1575215 -6.7118871 0)
(-6.1001935 -6.292095 0)
(-1.1733436 6.8827029 0)
(-0.89861909 7.0334992 0)
(0.67656904 3.238075 0)
(0.83272303 3.1067988 0)
(-4.9284926 0.87759822 0)
(-4.9636865 0.5813257 0)
(9.1128505 -1.0072746 0)
(9.1280666 -0.64424865 0)
(-6.034858 8.1807576 0)
(-6.0119549 7.7616828 0)
(-5.6409055 7.5739755 0)
(-5.987931 7.3487643 0)
(-5.6260706 7.1613401 0)
(-5.9659705 6.9404025 0)
(-5.2061457 0.75323596 0)
(-5.2396433 0.45376795 0)
(-5.4979077 0.63096433 0)
(-5.5392783 0.32027402 0)
(7.3847628 -9.6622028 0)
(7.7229314 -9.8936275 0)
(7.3549596 -10.081692 0)
(7.7086209 -10.317393 0)
(7.3284869 -10.506112 0)
(7.6856572 -10.745824 0)
(7.2980582 -10.937225 0)
(7.6602674 -11.179336 0)
(8.0509728 -10.984989 0)
(5.3993418 -8.3081323 0)
(-5.379288 -6.3954227 0)
(-1.4927921 -1.3953496 0)
(-1.4476203 -1.2148433 0)
(-1.539997 -1.5824394 0)
(-1.273371 -1.1591023 0)
(-1.4041793 -1.0349212 0)
(-1.5782968 -1.0882087 0)
(-1.523918 -0.91747699 0)
(12.59596 -11.113009 0)
(12.208578 -10.859737 0)
(8.4292457 11.205355 0)
(8.0438127 11.00282 0)
(11.58676 -5.535036 0)
(-2.9009259 10.165096 0)
(7.675216 3.4576891 0)
(-0.80534554 -4.87408 0)
(4.9216307 -2.6804015 0)
(-5.801889 0.52930991 0)
(-5.8478156 0.17658654 0)
(10.788605 -7.1619831 0)
(15.447269 -11.057328 0)
(15.872788 -10.840963 0)
(15.889634 -10.410588 0)
(7.4158168 7.6081826 0)
(15.27573 4.2030888 0)
(15.651502 3.9582677 0)
(16.051872 4.1636323 0)
(16.028195 3.7128254 0)
(7.2647032 -11.367647 0)
(-1.362685 -0.86257851 0)
(-1.475185 -0.75131984 0)
(11.051664 -1.4786549 0)
(13.959178 9.0245931 0)
(-6.3305641 7.1233942 0)
(-6.3075059 6.7146307 0)
(13.415182 -11.152135 0)
(12.784646 -2.5280267 0)
(12.18195 -11.325415 0)
(11.794369 -11.07141 0)
(-0.32415164 3.8467804 0)
(-0.53469391 3.7660653 0)
(15.409595 -0.98787144 0)
(15.781529 -1.2300405 0)
(8.0261339 -11.424091 0)
(8.4223095 -11.226005 0)
(16.206294 -0.58484367 0)
(13.531265 -8.8447466 0)
(8.0596296 11.440939 0)
(7.6659457 11.235933 0)
(-6.101538 0.41314541 0)
(-6.1530501 0.030871464 0)
(-5.8560972 -0.21169747 0)
(-6.1916555 -0.31994966 0)
(-6.4816383 -0.11065087 0)
(-6.5171042 -0.4700608 0)
(-6.220066 -0.67996692 0)
(-6.5463228 -0.83615178 0)
(-6.261725 -1.0478103 0)
(-6.5850422 -1.206319 0)
(-6.2852042 -1.4184301 0)
(-6.6138318 -1.5821282 0)
(-6.3143243 -1.7966897 0)
(-6.6484823 -1.9629798 0)
(-6.343521 -2.1847499 0)
(-6.6967305 -2.3473282 0)
(-6.3777758 -2.573337 0)
(-6.7343363 -2.7387637 0)
(-6.4098158 -2.9682363 0)
(-6.7713483 -3.1340504 0)
(-6.4429235 -3.3659627 0)
(-6.8088879 -3.5335393 0)
(7.430024 7.9939226 0)
(7.7603476 7.7846422 0)
(11.767133 -11.536194 0)
(-3.6631383 1.4025835 0)
(-3.8795681 1.555079 0)
(-3.6344798 1.6582068 0)
(-0.79739484 -2.8166133 0)
(-0.62719055 -2.9691817 0)
(8.8096523 -0.81057673 0)
(8.8259746 -0.45241781 0)
(9.1419954 -0.28492134 0)
(8.8405216 -0.096477631 0)
(-1.3240683 -0.70246008 0)
(-1.4378555 -0.59112233 0)
(10.066585 3.3333353 0)
(10.074097 -0.87446969 0)
(-3.8419102 1.8146051 0)
(-3.6001474 1.9160342 0)
(16.160189 10.548692 0)
(16.179267 11.027507 0)
(15.775839 11.283272 0)
(-6.495201 -6.451724 0)
(16.199679 11.506729 0)
(15.849191 -11.317503 0)
(-5.6056165 6.7610556 0)
(-1.1707105 7.1938178 0)
(-1.4476613 7.0379004 0)
(-0.89033502 7.3449936 0)
(-0.61862804 7.182593 0)
(-0.60931933 7.4995512 0)
(-0.33423162 7.3322244 0)
(7.6876229 11.675621 0)
(7.2883992 11.469354 0)
(0.86779428 3.309445 0)
(1.0271262 3.1751013 0)
(7.6445371 10.80029 0)
(6.4969591 1.2943872 0)
(-0.12671413 3.9641042 0)
(-1.6702023 -0.933742 0)
(-0.49910913 3.989793 0)
(-0.712901 3.9081563 0)
(-0.74859173 3.6812065 0)
(-0.92520896 3.8192098 0)
(-0.9624103 3.5961595 0)
(-1.1395169 3.7347314 0)
(-1.1770214 3.5115193 0)
(-1.352279 3.6440608 0)
(-1.3921137 3.4254349 0)
(-1.5693161 3.5569924 0)
(-1.6089096 3.339312 0)
(16.278161 -11.098679 0)
(-4.9069691 1.2091723 0)
(15.384094 -1.4305949 0)
(15.756405 -1.6748062 0)
(8.4522617 11.6394 0)
(-3.3787998 -2.4482539 0)
(16.432784 3.9170081 0)
(16.40826 3.460696 0)
(15.424455 -11.528319 0)
(-0.32627251 7.6557441 0)
(-0.049511815 7.4847597 0)
(8.528574 -0.26043868 0)
(8.5415963 0.089292761 0)
(-6.6755461 6.8986738 0)
(-6.6533134 6.4835416 0)
(-6.8157829 -0.26255266 0)
(15.252208 3.757243 0)
(16.252273 -11.580802 0)
(13.67521 -7.006681 0)
(-1.7916906 3.4861819 0)
(-1.8266469 3.2562932 0)
(-3.8178839 2.0766054 0)
(-3.5793552 2.1776694 0)
(-1.285638 -0.55167971 0)
(-1.3959012 -0.43911748 0)
(-1.1775247 -0.65466803 0)
(-1.5491827 -0.4769431 0)
(-1.5062155 -0.32304441 0)
(-1.3503712 -0.29286243 0)
(-1.4577878 -0.17491098 0)
(-1.6149584 -0.20643179 0)
(-1.567232 -0.055666843 0)
(-1.4116387 -0.024570472 0)
(-1.5177699 0.091771479 0)
(-1.3683641 0.12149652 0)
(-1.469877 0.23504106 0)
(-1.3239369 0.26748669 0)
(-1.4222968 0.3756543 0)
(-1.2814539 0.40962223 0)
(-1.3760563 0.51449957 0)
(-1.2349051 0.54769879 0)
(8.3961021 -11.670369 0)
(-2.0101591 3.4001678 0)
(-2.0470029 3.1684982 0)
(-2.2320159 3.3144464 0)
(8.791865 -1.1692798 0)
(12.215899 -10.356171 0)
(-2.2693946 3.0796598 0)
(9.1549222 0.070629878 0)
(-1.7271455 -0.087267826 0)
(8.7974101 -11.470447 0)
(-2.4541541 3.2198611 0)
(6.9033744 -11.128189 0)
(6.8694619 -11.561149 0)
(6.5058962 -11.320944 0)
(6.4717929 -11.753136 0)
(6.1085675 -11.513718 0)
(-0.67765793 4.1374625 0)
(14.302636 -0.25371376 0)
(15.358792 -1.8744311 0)
(15.730325 -2.1216377 0)
(16.13155 -1.9185707 0)
(16.104846 -2.3700396 0)
(16.510349 -2.1644471 0)
(16.483397 -2.6190284 0)
(16.076565 -2.8221007 0)
(16.455852 -3.0731869 0)
(9.7068788 -1.7734154 0)
(6.0738165 -11.947466 0)
(5.7083906 -11.708187 0)
(-6.4767226 -3.7611189 0)
(-6.8472131 -3.9295052 0)
(13.757506 6.4489713 0)
(7.3139555 11.909547 0)
(6.9182739 11.703428 0)
(-6.9099016 -1.414794 0)
(9.7735655 -6.5055613 0)
(7.774649 8.1758243 0)
(8.1056633 7.9661023 0)
(-1.4410653 7.3617978 0)
(-1.7308639 7.1960862 0)
(-1.3332799 0.65344617 0)
(-1.1896714 0.68600008 0)
(16.60608 11.249468 0)
(16.627004 11.731744 0)
(16.816046 3.6692078 0)
(16.792034 3.2117392 0)
(16.837522 4.1222459 0)
(16.382937 3.0026708 0)
(16.766025 2.7537359 0)
(-7.6106423 3.2464727 0)
(10.995189 -2.6192423 0)
(-7.0053131 6.6734705 0)
(-6.9762999 6.2586267 0)
(-6.9940679 7.0752728 0)
(-6.6267593 6.0704813 0)
(-6.9603924 5.8455786 0)
(12.158868 -11.79124 0)
(11.738077 -12.004111 0)
(-0.60478897 7.8242953 0)
(-0.84909163 -3.0356704 0)
(-1.0180744 -2.8820994 0)
(-0.68914005 -3.1920444 0)
(-0.45341768 -3.1191403 0)
(-0.51501804 -3.3530785 0)
(-0.27388914 -3.276069 0)
(-0.32332462 -3.5117847 0)
(-0.089254003 -3.434285 0)
(-1.5679344 0.34024587 0)
(15.793166 11.763523 0)
(-0.13906472 -3.6738916 0)
(0.092752018 -3.59374 0)
(1.0640261 3.3818918 0)
(1.2230937 3.2458299 0)
(0.90213245 3.5182134 0)
(16.048694 -3.2754621 0)
(16.42785 -3.5288656 0)
(16.836015 -3.3254091 0)
(16.808927 -3.7833356 0)
(8.7703263 -11.919953 0)
(5.5164101 2.8705103 0)
(7.4421953 8.3824336 0)
(16.68508 -11.360161 0)
(16.658329 -11.846451 0)
(-0.041203006 7.8125682 0)
(0.24166267 7.6389532 0)
(0.14150686 -3.3564307 0)
(0.3222248 -3.5133117 0)
(0.37019477 -3.2875349 0)
(0.54662552 -3.4353921 0)
(0.59419557 -3.2134195 0)
(0.76767615 -3.3577619 0)
(0.81250364 -3.1363687 0)
(0.98559175 -3.2787687 0)
(1.0272328 -3.067183 0)
(1.2005679 -3.2029914 0)
(1.2430412 -2.9802796 0)
(1.4136572 -3.1286256 0)
(1.4595279 -2.9174564 0)
(1.6268574 -3.0565645 0)
(1.6727941 -2.8456198 0)
(1.8399724 -2.9834801 0)
(1.886691 -2.773675 0)
(6.3437894 -1.6823745 0)
(6.7959187 -12.005465 0)
(-7.0834133 -2.8707835 0)
(16.397774 -3.9869712 0)
(16.779424 -4.2427844 0)
(8.2348671 -0.070815846 0)
(8.2477744 0.27213763 0)
(-5.0089967 0.28866258 0)
(-1.1427995 0.44944299 0)
(1.1878906 3.0401369 0)
(1.3803817 3.1097615 0)
(1.3453727 2.9077264 0)
(1.5352149 2.9756825 0)
(1.4984147 2.7766661 0)
(1.6897087 2.8421943 0)
(1.7275998 3.0435838 0)
(1.8815725 2.9085854 0)
(1.8430846 2.7086187 0)
(2.0344379 2.7739224 0)
(1.9957927 2.5764707 0)
(2.1858219 2.6396502 0)
(2.1475379 2.4435214 0)
(2.3375602 2.5070405 0)
(2.2981503 2.3095471 0)
(2.488946 2.3736933 0)
(2.4510339 2.1770744 0)
(2.6411844 2.2399342 0)
(2.6036235 2.0420402 0)
(2.7964206 2.1057444 0)
(2.7581613 1.905843 0)
(2.9515301 1.9693262 0)
(2.9137688 1.7670751 0)
(3.1102764 1.8315044 0)
(3.0690764 1.6237373 0)
(3.271668 1.69107 0)
(3.2295355 1.480147 0)
(3.4330824 1.5457089 0)
(3.3926844 1.3329402 0)
(3.5995551 1.4002792 0)
(3.5586989 1.1840038 0)
(3.772483 1.2563105 0)
(3.7283669 1.0330166 0)
(3.946474 1.1068943 0)
(3.9008793 0.87836723 0)
(3.1584042 2.0365978 0)
(4.123973 0.95367372 0)
(4.0762876 0.72200586 0)
(3.8645921 0.6453462 0)
(4.0297178 0.48994051 0)
(3.818291 0.41382493 0)
(3.9815037 0.25934142 0)
(3.7593862 0.18707092 0)
(3.9275571 0.031322155 0)
(3.7089426 -0.041142583 0)
(3.8780164 -0.19679559 0)
(3.659881 -0.27031258 0)
(3.8311529 -0.42537517 0)
(3.6122577 -0.49995358 0)
(3.7836842 -0.65411362 0)
(3.5641151 -0.72886093 0)
(3.7381058 -0.88372214 0)
(3.5164716 -0.9560733 0)
(3.6901802 -1.1131142 0)
(3.4676023 -1.1859467 0)
(3.6423363 -1.3446794 0)
(3.4176682 -1.4165202 0)
(4.0587934 -0.33240195 0)
(3.8696017 -1.2707482 0)
(3.8207117 -1.5083167 0)
(4.0576518 -1.4302789 0)
(3.7807157 1.4935572 0)
(2.5295702 2.5729933 0)
(4.250253 0.56462025 0)
(5.6794934 -12.152441 0)
(5.3079231 -11.904634 0)
(-6.0048834 -1.9917466 0)
(11.379549 -11.280073 0)
(-4.1030992 1.989673 0)
(2.053971 -2.9102186 0)
(2.100807 -2.6989864 0)
(-3.7883282 2.3383024 0)
(-6.1150524 -3.5955279 0)
(-6.1472317 -3.9874958 0)
(6.9388925 12.145843 0)
(6.547429 11.935945 0)
(6.5287354 11.497195 0)
(6.1583991 11.728719 0)
(6.1475399 11.292645 0)
(5.7770906 11.521633 0)
(5.7882001 11.958819 0)
(5.4023113 11.750697 0)
(-1.7217658 7.5342582 0)
(-2.0168616 7.3687024 0)
(9.8994167 5.3126068 0)
(5.4145718 12.189163 0)
(5.0289645 11.979067 0)
(-1.9939647 3.6311134 0)
(-2.4926635 2.9893932 0)
(-2.6973502 3.1401798 0)
(5.0172531 11.543391 0)
(4.6453239 11.768946 0)
(4.6547744 12.207527 0)
(4.269668 11.994673 0)
(-6.6044839 5.6629008 0)
(-6.9237443 5.440994 0)
(-5.275656 6.9744313 0)
(-5.2564827 6.5860617 0)
(-4.9350101 6.789353 0)
(-4.9158394 6.4143824 0)
(-4.6021984 6.6121064 0)
(-1.0739779 -3.1046784 0)
(-1.2496363 -2.9413841 0)
(7.790211 8.5696019 0)
(7.4511426 8.78021 0)
(2.2692617 -2.8361864 0)
(2.3111007 -2.6130667 0)
(2.4850341 -2.7583666 0)
(2.5288998 -2.5308103 0)
(2.706698 -2.6832121 0)
(8.7853871 -11.031967 0)
(16.357893 2.5467478 0)
(16.739135 2.2936903 0)
(4.0037136 -1.6798241 0)
(4.2475839 -1.5999353 0)
(4.2998016 -1.3460664 0)
(1.9129933 3.1138534 0)
(-7.3743109 6.4440362 0)
(17.196111 3.4156314 0)
(16.37269 -4.4470759 0)
(16.751068 -4.7030923 0)
(2.7521061 -2.4497109 0)
(-1.2895553 0.79190446 0)
(-1.1454741 0.818823 0)
(-1.4356658 0.75851455 0)
(14.989073 -1.6315732 0)
(14.962925 -2.0712291 0)
(17.216833 -3.5773706 0)
(17.035533 11.472329 0)
(17.056771 11.957571 0)
(8.3279101 6.2595283 0)
(0.9419767 -3.5025087 0)
(1.10415 3.5915816 0)
(0.93691276 3.7320107 0)
(0.2481046 7.9717073 0)
(0.53068013 7.7947192 0)
(0.52213606 7.4657926 0)
(0.80995576 7.6189514 0)
(0.79370864 7.3039227 0)
(1.0860141 7.4458879 0)
(1.0988604 7.7730917 0)
(1.37549 7.5964114 0)
(1.3625806 7.2705175 0)
(1.6576162 7.4371706 0)
(1.6418523 7.1093796 0)
(1.9253306 7.2554389 0)
(1.9129098 6.9384048 0)
(2.1763144 7.0758213 0)
(2.1723129 6.7578915 0)
(2.4696806 6.9420664 0)
(2.4454673 6.6000507 0)
(2.7165547 6.7279664 0)
(2.7075611 6.4265407 0)
(2.9789939 6.5609002 0)
(2.9678342 6.256651 0)
(3.2390951 6.3928549 0)
(3.2278465 6.0898411 0)
(3.4970711 6.2242825 0)
(3.4829376 5.9196926 0)
(3.7507614 6.051444 0)
(3.7407385 5.7517622 0)
(4.0088924 5.8862794 0)
(3.9983598 5.5865207 0)
(4.2662438 5.7207532 0)
(4.2540167 5.4233062 0)
(4.5234108 5.5558109 0)
(4.5110775 5.2581809 0)
(4.7813386 5.3909816 0)
(4.8028362 5.7175583 0)
(4.7718896 5.0926367 0)
(5.0417466 5.2279057 0)
(3.5078966 6.5222744 0)
(5.0309945 4.9266682 0)
(5.2998716 5.0600565 0)
(5.2901931 4.7510277 0)
(5.5631043 4.8965891 0)
(2.2155828 7.4361066 0)
(5.5520196 4.5790335 0)
(5.8256842 4.7289169 0)
(5.8123805 4.4144431 0)
(6.0884754 4.5624124 0)
(5.5521225 5.203623 0)
(8.2554806 4.468371 0)
(4.2792993 12.433347 0)
(3.8876362 12.220482 0)
(5.2782227 -12.349597 0)
(4.9076687 -12.099126 0)
(-1.2210925 3.2924835 0)
(-1.3244007 3.8721952 0)
(2.9318869 -2.6063996 0)
(7.334119 12.356905 0)
(-6.4347887 -6.0288454 0)
(-6.8345645 -6.1889152 0)
(-6.8944815 -6.6185165 0)
(-7.2433823 -6.3494279 0)
(-7.3016859 -6.7905503 0)
(-7.2048908 -5.8534709 0)
(13.060944 -5.6417359 0)
(9.1753534 -11.717578 0)
(9.1483171 -12.172045 0)
(8.7386691 -12.374687 0)
(17.093404 -11.625034 0)
(17.118574 -11.137485 0)
(17.068143 -12.11264 0)
(2.1080738 2.2459162 0)
(-1.3031505 -3.1817212 0)
(-1.4853162 -3.0097834 0)
(-3.3502208 2.0623749 0)
(12.131139 -12.263614 0)
(2.5795806 -2.2938204 0)
(4.9384517 -11.65596 0)
(4.5404468 -11.849401 0)
(4.506253 -12.293872 0)
(4.1373425 -12.041009 0)
(3.4522787 -0.093946928 0)
(-5.7604642 0.83645126 0)
(-1.8727563 3.0058184 0)
(11.247657 -4.5652388 0)
(-0.57250623 -3.5930942 0)
(4.1015524 -12.485762 0)
(3.7379123 -12.247534 0)
(11.735269 -12.478734 0)
(3.3361574 -0.81468949 0)
(-1.8374838 9.1888171 0)
(16.631099 -12.334322 0)
(0.045763787 -3.8377005 0)
(-4.5708219 3.5098866 0)
(7.9474406 0.1176763 0)
(7.9322077 -0.22492393 0)
(7.961617 0.45947845 0)
(8.2589838 0.61344813 0)
(7.9723252 0.79342711 0)
(8.2698191 0.95103029 0)
(14.596479 -1.8305619 0)
(-2.0198602 7.0299475 0)
(-2.3079126 7.2027923 0)
(-5.7920313 -3.8208871 0)
(-5.8236011 -4.2123083 0)
(2.5783005 1.8358651 0)
(0.28859272 2.0668249 0)
(-3.0793463 -0.89567449 0)
(16.344037 -4.899754 0)
(16.727414 -5.1644458 0)
(17.138318 -4.9595354 0)
(17.107801 -5.4244666 0)
(16.6953 -5.630115 0)
(17.07453 -5.8907128 0)
(16.655592 -6.0966924 0)
(17.041403 -6.3578943 0)
(16.621161 -6.5638732 0)
(17.010334 -6.8261538 0)
(16.58818 -7.032564 0)
(16.978352 -7.2957174 0)
(16.55497 -7.503324 0)
(16.946103 -7.7664285 0)
(1.6497501 -1.1575537 0)
(-1.2045376 0.16397692 0)
(-2.5498935 0.53445534 0)
(3.1908421 1.2720259 0)
(17.434538 -6.6075172 0)
(-5.6738092 2.7843222 0)
(6.0727891 4.2485198 0)
(6.3547089 4.3925345 0)
(1.3898265 7.925135 0)
(2.2322658 -3.0666207 0)
(2.1023727 0.31361811 0)
(0.81845726 1.6466864 0)
(-4.587185 6.2443774 0)
(-4.279447 6.4408067 0)
(-4.8930792 6.0469446 0)
(-4.2925823 6.8049755 0)
(-3.9714656 6.6339385 0)
(-3.9827494 6.9970967 0)
(16.521523 -7.9749092 0)
(16.914178 -8.2396181 0)
(17.341769 -8.0309078 0)
(17.309116 -8.507467 0)
(-0.69104201 5.4219492 0)
(4.5740074 -11.40926 0)
(4.4735325 4.9709234 0)
(-3.490082 4.142715 0)
(-5.7444727 -3.387484 0)
(0.71240059 5.1208088 0)
(1.1454646 3.8069037 0)
(3.604434 0.34299449 0)
(-2.3649273 0.61900748 0)
(-2.3836312 0.41983298 0)
(0.3071758 -1.747866 0)
(-1.444863 5.2810195 0)
(9.1717116 9.8361681 0)
(-7.6567711 -6.5144806 0)
(-7.716535 -6.9605409 0)
(-7.3587248 -7.2364437 0)
(-7.7775698 -7.4093849 0)
(-7.4161871 -7.6865922 0)
(-1.0495244 0.71725252 0)
(-1.0067447 0.84742526 0)
(-0.91442657 0.75232303 0)
(-0.87116084 0.87618711 0)
(-0.96141955 0.97714122 0)
(-0.8276887 1.0009579 0)
(-0.74002149 0.90163821 0)
(-0.69646846 1.0235171 0)
(-0.61482179 0.93014073 0)
(-0.57146783 1.0446332 0)
(-0.49217074 0.95473092 0)
(-0.44888202 1.064362 0)
(-0.3712297 0.97267055 0)
(-0.32737396 1.0850913 0)
(-0.40750565 1.1808489 0)
(-0.28440094 1.2005671 0)
(-0.20502455 1.1042222 0)
(-0.16053051 1.2186389 0)
(-0.083883976 1.1226799 0)
(-0.037623291 1.2375617 0)
(0.036996674 1.140671 0)
(0.084903813 1.2562653 0)
(0.16035388 1.1590385 0)
(0.0073697664 1.3556697 0)
(0.20794705 1.2746207 0)
(0.28355321 1.1771602 0)
(0.23772586 1.0646429 0)
(0.35697735 1.0820142 0)
(-0.65718026 0.79749308 0)
(-0.36151203 1.3008231 0)
(-0.91620523 1.1072545 0)
(0.3129266 0.97465394 0)
(0.42796584 0.99023614 0)
(0.47382899 1.0976793 0)
(0.54389548 1.0044964 0)
(0.49863029 0.89904179 0)
(0.61235387 0.91231949 0)
(0.56822134 0.80877547 0)
(0.68028366 0.82143631 0)
(0.72626838 0.92614736 0)
(0.79370888 0.83273763 0)
(0.74641119 0.72813716 0)
(0.86036178 0.73938233 0)
(0.81315347 0.63636249 0)
(0.92665525 0.64670121 0)
(0.87944526 0.54387752 0)
(0.99309803 0.55413896 0)
(0.94601278 0.44978337 0)
(1.0598245 0.46083928 0)
(1.0118668 0.35598826 0)
(1.1282076 0.36658843 0)
(1.0795651 0.25880865 0)
(1.1976903 0.27065086 0)
(1.148212 0.1605842 0)
(1.2705899 0.17172251 0)
(1.2189324 0.059900932 0)
(1.0972887 0.049084026 0)
(1.1654561 -0.053308527 0)
(1.2911448 -0.04233127 0)
(1.2355801 -0.15548507 0)
(1.1111417 -0.16550669 0)
(1.1799209 -0.26735023 0)
(1.0580263 -0.27451305 0)
(1.1249146 -0.37697133 0)
(1.0041222 -0.38450028 0)
(1.070507 -0.48590709 0)
(0.94946613 -0.49467296 0)
(1.0162334 -0.59480457 0)
(0.90159742 -0.59880643 0)
(0.96301635 -0.70405875 0)
(0.83016827 -0.69271179 0)
(1.1402804 -0.58799132 0)
(1.1093607 0.56447266 0)
(0.90692966 -0.81261716 0)
(0.78098479 -0.81887921 0)
(1.3215186 0.28554393 0)
(1.3644619 -0.14770738 0)
(0.84223442 0.94304848 0)
(0.2016294 0.95544134 0)
(0.85284043 -0.92748418 0)
(0.72765562 -0.93434486 0)
(0.65912638 -0.83092261 0)
(0.60513966 -0.94155797 0)
(0.98099631 -0.92047512 0)
(0.97348536 -0.16404395 0)
(-2.0154441 7.7080224 0)
(5.599151 -0.56541094 0)
(3.9832862 5.2853468 0)
(0.33062022 1.2938902 0)
(3.2284683 5.778744 0)
(6.9569687 12.592493 0)
(-1.1424535 -0.51232678 0)
(-1.0408184 -0.61008343 0)
(-1.0083038 -0.47825778 0)
(-0.91291848 -0.57193315 0)
(-0.94216748 -0.69981694 0)
(-0.81848302 -0.66090766 0)
(-0.84497472 -0.78624451 0)
(-0.72190964 -0.75153083 0)
(-0.7503026 -0.873363 0)
(-0.6270507 -0.83853396 0)
(-0.65576035 -0.96027104 0)
(-0.53597137 -0.92481664 0)
(-0.5616521 -1.0481319 0)
(-0.41944214 -1.0021135 0)
(-0.46182327 -1.1362392 0)
(-0.33493117 -1.0979381 0)
(-0.36454302 -1.2298381 0)
(-0.23491313 -1.1875047 0)
(-0.20496099 -1.062202 0)
(-0.10772056 -1.1456147 0)
(-0.073239935 -0.99810277 0)
(0.018566829 -1.0993579 0)
(0.060100195 -0.97593858 0)
(2.9777777 -2.3690304 0)
(3.2460002 -1.2598792 0)
(7.6408331 5.6067087 0)
(3.1610182 -2.5284373 0)
(5.7296072 1.5235055 0)
(2.1153438 -2.5076548 0)
(-2.4157703 1.5772566 0)
(-0.78965137 3.4681131 0)
(5.7852297 7.4802284 0)
(4.5049228 8.2617108 0)
(9.5537384 -11.973626 0)
(9.5297614 -12.427815 0)
(7.8368706 -8.2540587 0)
(4.495443 -1.5191401 0)
(10.342196 -2.1907767 0)
(3.2026028 9.0456549 0)
(1.8041567 2.5110894 0)
(2.0599649 -1.5168119 0)
(2.2402042 -1.4570566 0)
(-5.9698699 -1.2617372 0)
(5.7459742 -8.1389516 0)
(5.4293217 -7.9270423 0)
(5.768942 -7.7598286 0)
(5.4561304 -7.550955 0)
(5.7915532 -7.3863177 0)
(5.4833799 -7.1798292 0)
(5.814666 -7.0173391 0)
(5.5101727 -6.8143558 0)
(5.8380489 -6.6524702 0)
(5.1709096 -6.9897189 0)
(5.2083005 -6.6166134 0)
(4.8790853 -6.7831489 0)
(4.9130282 -6.4201051 0)
(4.5910927 -6.5838587 0)
(4.6236447 -6.2228332 0)
(4.3096169 -6.3839995 0)
(4.9256575 -6.0720317 0)
(6.1439073 -6.8547252 0)
(6.1674007 -6.4880086 0)
(6.4738818 -6.6915207 0)
(6.4973612 -6.3230878 0)
(6.8053019 -6.5277033 0)
(4.3394769 -6.0369316 0)
(4.0349587 -6.1861443 0)
(3.9962898 -6.5327465 0)
(3.7302742 -6.3324841 0)
(3.7009113 -6.6658261 0)
(3.4294888 -6.4748887 0)
(3.4036552 -6.808749 0)
(3.127997 -6.6180131 0)
(3.099159 -6.9550209 0)
(2.8214619 -6.7630908 0)
(2.7916221 -7.0998133 0)
(2.5113778 -6.9095683 0)
(2.4841427 -7.2512521 0)
(2.2018354 -7.0573071 0)
(2.1729945 -7.4021245 0)
(1.8879145 -7.205666 0)
(1.8586785 -7.5533647 0)
(1.5710917 -7.3554198 0)
(6.8269478 -6.1583484 0)
(6.521175 -5.9553918 0)
(7.1376255 -6.3628334 0)
(1.5411499 -7.706074 0)
(1.2498509 -7.5061719 0)
(1.5986552 -7.0059781 0)
(6.8479866 -5.7909304 0)
(6.5440459 -5.5898636 0)
(3.4654224 -6.1269299 0)
(2.5431119 -6.5733194 0)
(1.2199679 -7.8611716 0)
(0.92169601 -7.6575774 0)
(2.7792597 -7.4288473 0)
(0.89420533 -8.0189898 0)
(0.59220504 -7.8119099 0)
(6.8679596 -5.4268429 0)
(6.5647131 -5.229534 0)
(0.56416436 -8.1786558 0)
(0.26227278 -7.9692848 0)
(0.29098948 -7.6040646 0)
(-0.040347559 -7.7590509 0)
(3.6860254 -7.0170881 0)
(6.2458216 -5.3893551 0)
(6.2666043 -5.0359393 0)
(5.9659103 -5.1835666 0)
(5.9751428 -4.8433646 0)
(5.7020344 -4.9959139 0)
(5.1020703 -7.7225166 0)
(4.6383581 11.33582 0)
(5.0107709 11.113856 0)
(2.4325021 4.0347924 0)
(2.6675224 6.1083511 0)
(10.603416 8.9480345 0)
(-2.3068527 2.8394313 0)
(-2.5273134 2.7523468 0)
(17.527655 -5.2183752 0)
(5.6515089 -12.602857 0)
(0.94509992 -7.2984795 0)
(14.879507 4.0011321 0)
(14.85646 3.5596198 0)
(14.48809 3.7996836 0)
(14.466026 3.3612187 0)
(14.102016 3.5986484 0)
(11.407134 -10.819293 0)
(-4.4940398 0.52287821 0)
(-1.5366302 -3.2567519 0)
(-1.7246241 -3.0881006 0)
(-1.6691479 -2.8361262 0)
(-1.9081919 -2.9148268 0)
(-1.8520437 -2.6668767 0)
(-2.0938317 -2.7406368 0)
(-2.0343185 -2.4932117 0)
(-6.0423613 -5.8715821 0)
(-7.8384831 -7.8618401 0)
(-7.4730611 -8.1426024 0)
(-7.8998706 -8.3184535 0)
(-7.5313966 -8.6016015 0)
(0.54061374 -0.83952443 0)
(-6.5874451 5.2721192 0)
(-6.9218373 5.0489285 0)
(-7.3044366 5.2575884 0)
(-0.22462648 3.282032 0)
(6.1103082 -11.033324 0)
(14.831572 3.1226217 0)
(0.67134013 -1.0471974 0)
(4.5463107 -1.261004 0)
(-0.46103788 5.2845766 0)
(-1.3894513 0.9062886 0)
(11.728483 -1.923644 0)
(-0.69230106 5.1550985 0)
(0.96117659 0.25635594 0)
(0.51799445 6.0685386 0)
(0.54477408 -1.0533961 0)
(15.998204 -4.1807651 0)
(13.593202 -7.9385231 0)
(4.0615275 -5.8512395 0)
(4.3576765 -5.7043936 0)
(4.0867688 -5.5225268 0)
(4.3767116 -5.3790654 0)
(4.1090917 -5.1977868 0)
(3.8204867 -5.3417015 0)
(4.396992 -5.0557847 0)
(3.9359697 3.0661187 0)
(3.9069606 12.663284 0)
(3.5104219 12.450134 0)
(3.4963048 12.006511 0)
(3.1198669 12.234058 0)
(3.1284895 12.678644 0)
(2.7416012 12.459573 0)
(2.7349248 12.018981 0)
(2.3576901 12.241409 0)
(2.3529322 11.807553 0)
(1.9773517 12.02552 0)
(1.9804539 12.46151 0)
(1.5989116 12.244289 0)
(1.5994804 12.686473 0)
(1.2172021 12.465095 0)
(1.220024 12.025712 0)
(0.83775743 12.242969 0)
(0.83383684 12.684158 0)
(0.47636288 12.461671 0)
(12.690454 5.8908426 0)
(-1.6432942 -8.7941924 0)
(-2.452451 4.7173749 0)
(9.5351023 -11.529323 0)
(7.1744014 -5.6267882 0)
(1.6711545 -1.8040154 0)
(5.7976036 4.1040537 0)
(11.602112 1.1904764 0)
(1.3088511 -2.7664745 0)
(16.1368 10.075312 0)
(14.443024 2.9270985 0)
(14.805774 2.6879089 0)
(1.5164771 -8.0650874 0)
(4.977539 4.5859872 0)
(-3.9650831 6.2721566 0)
(-3.6628706 6.4644345 0)
(-0.77623427 -10.790167 0)
(-1.165937 -10.963727 0)
(-0.81421554 -11.218528 0)
(-1.2137382 -11.393839 0)
(-0.8565722 -11.652428 0)
(-1.2625063 -11.82992 0)
(-1.6183318 -11.568242 0)
(-1.6707936 -12.006018 0)
(-2.0290928 -11.743777 0)
(-2.0815532 -12.187706 0)
(-2.4449811 -11.922069 0)
(-0.90616591 -12.089855 0)
(-0.49456024 -11.910226 0)
(-0.54560379 -12.354406 0)
(-0.13295075 -12.169687 0)
(-2.4956317 -12.37386 0)
(-2.8633686 -12.103247 0)
(-0.18036848 -12.617863 0)
(0.23089267 -12.431786 0)
(-2.9147218 -12.559787 0)
(-3.2847005 -12.285924 0)
(-3.2152229 -11.830275 0)
(-3.6508601 -12.011553 0)
(-3.5777967 -11.495156 0)
(-4.0194125 -11.724021 0)
(-4.0760674 -12.19327 0)
(-4.4460632 -11.913775 0)
(-4.3921657 -11.453762 0)
(-4.8167771 -11.635963 0)
(-4.7612799 -11.176523 0)
(-5.1890637 -11.35558 0)
(-5.2401084 -11.82048 0)
(-5.6177038 -11.538111 0)
(-5.5602915 -11.073077 0)
(-5.9906209 -11.254968 0)
(-6.0499167 -11.722028 0)
(-6.4275377 -11.43457 0)
(-6.4879754 -11.906292 0)
(-5.9306275 -10.790963 0)
(-6.8683932 -11.615452 0)
(-6.9309824 -12.090796 0)
(-6.5468834 -12.382939 0)
(-6.9933339 -12.569115 0)
(-7.3125063 -11.798343 0)
(-7.2586565 -11.25402 0)
(-2.1361494 -12.632615 0)
(-5.5018802 -10.611313 0)
(-5.8696367 -10.331651 0)
(-3.3362917 -12.746849 0)
(-4.4951508 -12.376878 0)
(0.65677862 -3.0036017 0)
(17.014009 10.987916 0)
(17.44558 11.211811 0)
(17.424341 10.725886 0)
(16.6458 12.217483 0)
(17.077185 12.44475 0)
(17.489811 12.183334 0)
(16.891986 -2.4151449 0)
(16.91811 -1.9562179 0)
(17.303703 -2.2088088 0)
(17.329239 -1.7446999 0)
(1.7278426 -10.81805 0)
(2.0764153 -11.056901 0)
(1.6881251 -11.238861 0)
(2.0322604 -11.467273 0)
(9.390265 2.6536835 0)
(3.6969008 -12.683367 0)
(11.758756 9.6194337 0)
(17.151076 2.5034581 0)
(17.123357 2.0391991 0)
(17.539408 2.251118 0)
(17.511564 1.7853501 0)
(17.094837 1.5778112 0)
(17.483022 1.3210145 0)
(13.249605 8.6282883 0)
(16.331323 2.0913388 0)
(17.719236 -2.0005694 0)
(17.744967 -1.5319174 0)
(8.6277237 -3.7123982 0)
(9.8846897 -4.5170783 0)
(-1.5434758 0.8702792 0)
(6.2243138 -3.2809033 0)
(12.59145 0.92266967 0)
(8.1996543 2.7575658 0)
(0.54130505 8.129589 0)
(0.25387614 8.3089013 0)
(8.4000442 10.256157 0)
(9.1808601 -5.2707465 0)
(16.487957 -8.4461902 0)
(13.074123 -3.9863735 0)
(10.75043 -7.9973198 0)
(10.726061 -8.4255154 0)
(11.111705 -8.2295325 0)
(11.087308 -8.6608674 0)
(10.700475 -8.8555003 0)
(11.474486 -8.4654245 0)
(11.497897 -8.0318304 0)
(7.1152635 -6.7366187 0)
(7.4530446 -6.5702753 0)
(-1.1796895 10.815542 0)
(-1.5392957 11.014655 0)
(-1.1831601 11.229553 0)
(-1.5508406 11.433872 0)
(-1.1910369 11.648165 0)
(-1.565173 11.855535 0)
(-1.9289417 11.636105 0)
(-1.9411485 12.068378 0)
(-2.3156601 11.84127 0)
(-2.3270536 12.281835 0)
(-2.7059303 12.050262 0)
(-1.5633231 12.271632 0)
(-2.7179524 12.497366 0)
(-3.1004951 12.262371 0)
(10.975994 7.0176682 0)
(11.610942 2.3554645 0)
(4.6663688 12.647498 0)
(15.718052 5.3049076 0)
(-6.1899481 -4.3770018 0)
(0.56101387 2.6589519 0)
(1.8782531 6.6556104 0)
(0.45100556 12.907039 0)
(-0.14051618 0.99674085 0)
(9.231602 4.2557252 0)
(0.31832677 -10.682413 0)
(0.28192656 6.2215452 0)
(-0.32059258 -6.1929469 0)
(-0.61662771 -6.3431132 0)
(-0.8959579 -6.1578 0)
(-0.91912956 -6.4959239 0)
(-1.2035817 -6.3055735 0)
(-1.2269336 -6.6505495 0)
(-1.5183245 -6.4555273 0)
(-1.5404986 -6.8079577 0)
(-1.8374004 -6.6091843 0)
(-1.8598364 -6.9685683 0)
(-2.1584695 -6.7666764 0)
(-1.5591534 -7.1676647 0)
(-1.8845527 -7.3326958 0)
(-6.7775316 0.11092948 0)
(-7.1242076 -0.044638356 0)
(-7.0817259 0.34094391 0)
(-7.4398381 0.18993285 0)
(-7.481293 -0.20889757 0)
(0.97318224 3.9512793 0)
(7.0548272 2.1926626 0)
(9.5927644 6.2649022 0)
(-2.6151818 1.5007673 0)
(-2.5790767 1.7199724 0)
(-3.5028761 2.4589668 0)
(-3.733347 2.5981023 0)
(-2.1350166 -6.4074177 0)
(-2.4579481 -6.5646529 0)
(-2.4317753 -6.206397 0)
(-2.7551533 -6.3606725 0)
(-2.7297961 -6.0039697 0)
(-3.0534736 -6.1580932 0)
(-2.7996719 -6.7113485 0)
(-3.0258211 -5.8005325 0)
(-3.3537101 -5.9573603 0)
(-3.327793 -5.5969206 0)
(-3.6535774 -5.754647 0)
(-3.624829 -5.3935442 0)
(-3.9552892 -5.5516497 0)
(-3.9818987 -5.8930492 0)
(-3.9215044 -5.1819456 0)
(-4.2583861 -5.3462326 0)
(-2.3340474 12.731055 0)
(-5.4005392 4.0073598 0)
(6.3712241 4.7116402 0)
(6.6422376 4.5381267 0)
(-6.6265844 3.4081313 0)
(-0.46776221 5.0189088 0)
(-3.0897001 11.819145 0)
(-3.4831121 12.025696 0)
(-3.4974203 12.475647 0)
(-3.8825202 12.236633 0)
(-3.8607382 11.705924 0)
(-4.2674431 11.984259 0)
(-4.2844151 12.449224 0)
(-4.670372 12.203536 0)
(-4.6511039 11.749857 0)
(-5.0550557 11.959104 0)
(-5.0333436 11.504362 0)
(-5.4400986 11.713089 0)
(-5.46288 12.173143 0)
(-5.8513469 11.922262 0)
(-5.8282979 11.461646 0)
(-6.2412425 11.670541 0)
(-6.2203659 11.210882 0)
(-6.6327429 11.4195 0)
(-6.6116222 10.955854 0)
(-6.650073 11.891735 0)
(-7.0235254 11.166056 0)
(-7.0013947 10.697602 0)
(-7.4183345 10.912347 0)
(-7.3936696 10.443057 0)
(-6.977581 10.22968 0)
(-7.3759429 9.9867134 0)
(-5.8162736 11.000147 0)
(-4.6884929 12.66547 0)
(-5.8689833 12.394593 0)
(-4.1602022 -2.2261471 0)
(-7.4421305 11.384418 0)
(-4.5784267 -8.8515524 0)
(4.5966824 -9.8306705 0)
(-5.9338747 -7.8184189 0)
(2.9785212 6.8600182 0)
(0.50105696 -3.6620898 0)
(3.8809764 9.7825152 0)
(-1.7761016 -0.24856405 0)
(-1.8949762 -0.121083 0)
(-1.9452826 -0.29255597 0)
(-4.272496 4.6015647 0)
(0.58954255 1.1130828 0)
(1.9837785 12.907458 0)
(-0.82610797 11.444947 0)
(2.1492238 -7.7428688 0)
(7.983265 1.1286667 0)
(8.281129 1.2889036 0)
(8.5703319 1.1096448 0)
(-2.3089814 6.8677455 0)
(5.1363714 9.0035073 0)
(17.042405 -12.601943 0)
(17.480143 -12.379368 0)
(-6.0537632 8.6045573 0)
(-6.4164003 8.3743048 0)
(-2.0707058 -0.15725578 0)
(-2.1210391 -0.33516647 0)
(4.2984174 6.0003874 0)
(16.22916 -0.13705923 0)
(2.6489335 0.66554976 0)
(1.423454 3.3118756 0)
(-3.1649268 5.164223 0)
(-3.3816424 -6.3207173 0)
(1.0634147 -5.4343858 0)
(-7.1796814 -3.7088825 0)
(-7.2251354 -4.1118269 0)
(-7.5657731 -3.8807407 0)
(-7.6086559 -4.3038483 0)
(-1.7119611 7.8759985 0)
(16.606122 -0.3758559 0)
(-6.979704 -2.0654215 0)
(13.13852 6.9316642 0)
(7.6528133 -0.033004621 0)
(7.6332516 -0.37548823 0)
(17.528443 -11.402606 0)
(17.553659 -10.913705 0)
(-7.8071583 0.031493564 0)
(-7.8499478 -0.3739385 0)
(4.1700237 1.1856429 0)
(4.3528474 1.0291468 0)
(4.4001409 1.2698298 0)
(1.5994212 -4.3219839 0)
(14.569794 -2.2662956 0)
(3.4951573 1.737607 0)
(3.1961396 -1.4841341 0)
(1.3699777 -3.3452395 0)
(4.5880551 1.1064926 0)
(1.152101 1.8821014 0)
(2.844363 2.3151236 0)
(-1.6825882 -1.4476578 0)
(-1.7299585 -1.6406757 0)
(-1.8793576 -1.5040778 0)
(2.2274354 2.8392696 0)
(2.8775315 1.5654724 0)
(4.147417 0.085380823 0)
(4.1944522 -1.8525877 0)
(-0.071244663 -8.1256336 0)
(-3.7519867 -0.95979202 0)
(-3.3903575 0.14442006 0)
(-3.9817855 2.4962146 0)
(1.3984324 0.18438301 0)
(1.4516048 0.30602309 0)
(0.30629276 -4.9750906 0)
(-2.4341141 3.4630275 0)
(3.3660623 -1.6449619 0)
(2.5354978 0.13268839 0)
(-0.7624112 2.330931 0)
(-0.5957011 -12.8048 0)
(-0.19335192 -3.919456 0)
(1.7970385 -3.2044804 0)
(-2.3788937 -11.476559 0)
(-3.2371684 -9.8743597 0)
(3.3231338 -8.9243122 0)
(-5.4719554 -4.046006 0)
(-5.5029397 -4.4329213 0)
(8.5814446 1.4526551 0)
(8.8745757 1.2706382 0)
(2.1214379 1.1296402 0)
(-0.86770619 -0.44593613 0)
(-0.96886134 -0.35662574 0)
(-0.0062843486 -1.2329578 0)
(-7.9628757 -4.050171 0)
(-8.0046981 -4.4911711 0)
(-7.8599107 -3.6190085 0)
(-4.2980994 12.913778 0)
(3.798515 -11.803576 0)
(-1.4620747 2.1115492 0)
(17.511297 12.673151 0)
(0.34184 -2.2164934 0)
(2.4412698 -0.54099139 0)
(-7.9622326 -8.7794416 0)
(-7.5918244 -9.061798 0)
(-7.1625032 -8.8837206 0)
(11.87573 -8.2691977 0)
(11.887375 -7.8338275 0)
(1.6070483 1.5031874 0)
(0.83808104 -0.50539477 0)
(-2.2748966 -2.5671104 0)
(-2.2197309 -2.3191972 0)
(4.4643808 -12.742 0)
(4.6385359 1.3501559 0)
(4.4434962 1.5259274 0)
(0.59137328 -0.73513455 0)
(-0.37604369 -7.9134871 0)
(-0.20312008 -0.9291262 0)
(-4.2294378 -4.9774241 0)
(0.24901416 1.3944826 0)
(-0.49283551 1.2778049 0)
(-0.44471095 1.4061073 0)
(0.20283569 3.630986 0)
(0.97541743 0.75110717 0)
(11.0709 -9.0942041 0)
(10.67204 -9.2918792 0)
(1.3585545 6.9833369 0)
(7.6564868 -4.2109901 0)
(6.6245438 4.2160556 0)
(6.9146656 4.3616391 0)
(7.6886987 0.97168739 0)
(12.109888 -12.739286 0)
(12.535059 -12.521961 0)
(-7.2713742 4.8349649 0)
(-7.6224389 4.9883462 0)
(1.2491451 -0.37122164 0)
(2.796254 0.5373244 0)
(6.3889432 -0.14405746 0)
(0.99279706 -1.9776716 0)
(7.3531279 12.808836 0)
(5.6941974 -4.6556576 0)
(-6.2823429 5.4609788 0)
(5.9925646 -4.5034962 0)
(11.876047 -8.7057063 0)
(-7.2214967 -9.3423324 0)
(-7.6519892 -9.524762 0)
(6.0557418 3.937749 0)
(3.3242789 -12.427856 0)
(3.2864156 -12.874927 0)
(2.9200638 -12.637604 0)
(2.8774458 -13.075449 0)
(2.5007171 -12.81993 0)
(1.7173267 -2.6264594 0)
(16.663855 12.705897 0)
(-7.6945607 -11.504761 0)
(-7.7592253 -11.983802 0)
(17.93039 1.9943003 0)
(17.957487 2.4648031 0)
(1.5374249 9.2684905 0)
(1.8587244 9.077827 0)
(3.9470419 -1.9303436 0)
(1.6528315 -11.628917 0)
(1.5462286 10.427243 0)
(4.9271121 -10.054959 0)
(4.1394994 -2.1072244 0)
(13.676664 1.4615276 0)
(-4.2947124 -3.5244437 0)
(-6.7951579 -9.1618015 0)
(-1.329393 -3.4226918 0)
(-0.42177454 0.85378652 0)
(-0.58274842 1.3833609 0)
(3.0279306 -1.3330223 0)
(-7.7890257 10.189088 0)
(-7.7701427 9.7300517 0)
(0.83952266 0.45247679 0)
(1.3119174 2.7103987 0)
(-0.41529618 4.2353654 0)
(14.842203 -7.3138635 0)
(-0.22454908 -13.072806 0)
(-4.5713893 5.8825133 0)
(-4.8688176 5.6856347 0)
(-4.6400798 11.283793 0)
(3.5361328 -4.2202307 0)
(11.691084 -3.0962918 0)
(2.9793202 -1.55438 0)
(-2.5991143 7.0361962 0)
(-2.6027779 7.3741356 0)
(-2.5979155 6.7011154 0)
(9.9428822 -12.219896 0)
(9.9162526 -12.68436 0)
(-2.3432181 2.6032547 0)
(-2.559582 2.5172389 0)
(-0.7800968 -0.99975932 0)
(0.050981044 12.628172 0)
(0.69329351 0.62308916 0)
(1.1848099 4.0286765 0)
(1.3589407 3.8814443 0)
(0.53106563 10.625431 0)
(-0.5675275 -1.8082868 0)
(9.499113 -12.891838 0)
(-1.4958223 1.0250849 0)
(0.45823878 0.79638507 0)
(16.601909 -12.81836 0)
(17.739901 -8.297159 0)
(17.706927 -8.7776114 0)
(17.273765 -8.9876285 0)
(11.678609 -12.952881 0)
(0.86904596 -8.3869689 0)
(-6.6082138 -12.861808 0)
(-7.0560306 -13.049777 0)
(3.6383904 -13.131243 0)
(-0.69646605 -0.62563575 0)
(1.5328467 0.19508802 0)
(1.5900859 0.31997555 0)
(1.5053351 0.43477374 0)
(0.18846416 -3.1231138 0)
(0.53342515 -8.5500848 0)
(17.680167 -9.2751135 0)
(-8.0749698 -6.683836 0)
(-8.0536016 -6.2526617 0)
(17.926277 12.410493 0)
(17.95266 12.893021 0)
(14.20612 -2.0275327 0)
(-6.3092747 5.0705578 0)
(-3.4868931 2.7178538 0)
(-0.262553 -1.3259356 0)
(-0.087436179 2.5655342 0)
(-2.7315757 12.951456 0)
(-7.8412096 11.126522 0)
(-7.8655047 11.605707 0)
(-2.0080502 8.0470649 0)
(2.8941739 10.411926 0)
(6.4492498 -7.0568754 0)
(7.805509 8.9689154 0)
(7.464009 9.1812455 0)
(8.1458483 8.7555158 0)
(5.4684984 -1.7676125 0)
(2.2057586 -1.6463205 0)
(-3.6995591 2.8663397 0)
(-2.2090271 0.49556216 0)
(-1.5816068 -7.5270358 0)
(-1.9087906 -7.7024893 0)
(16.281812 -5.7889596 0)
(0.43474369 11.954125 0)
(0.92425946 -1.0373227 0)
(1.0529892 -1.0340799 0)
(-2.4152325 -4.767158 0)
(-4.318707 -3.8679599 0)
(-3.1162685 -1.6804751 0)
(-2.8923312 -1.5742088 0)
(-0.33633046 -6.5279666 0)
(3.609695 -3.3774586 0)
(-2.9626947 -13.023045 0)
(3.241891 10.595958 0)
(17.454661 -12.870823 0)
(17.894294 -12.646987 0)
(-0.49902167 -0.80228068 0)
(6.9718297 13.045938 0)
(-2.9129221 -1.819477 0)
(-2.6938619 -1.7353612 0)
(-2.6847367 -1.4291878 0)
(0.38061501 1.4154929 0)
(0.29381935 1.520296 0)
(0.12297618 -1.1881095 0)
(6.6588956 4.8633254 0)
(7.1088542 8.9910174 0)
(7.1224818 9.3907405 0)
(-3.0928486 -3.2820058 0)
(0.055598548 13.123884 0)
(-4.338561 -10.998212 0)
(-1.7954359 -2.4257714 0)
(7.4293078 -6.9485421 0)
(7.7718077 -6.778806 0)
(7.7945922 -6.3981201 0)
(8.1158002 -6.6073029 0)
(8.1391161 -6.2225846 0)
(2.5997951 -3.8809383 0)
(-1.9305732 5.8732048 0)
(0.47336266 -0.72961337 0)
(0.42685634 -0.8420257 0)
(-5.4444998 -10.154806 0)
(17.852719 10.950356 0)
(17.829758 10.462553 0)
(-3.458272 -4.0547263 0)
(17.245526 -9.4875369 0)
(0.55447656 8.4727694 0)
(1.5977513 13.135858 0)
(-0.85263347 -0.32472438 0)
(-0.9340766 -0.24615002 0)
(-7.7437139 0.4219774 0)
(-8.1781175 0.3245103 0)
(8.0913321 7.5736124 0)
(8.4378191 7.755994 0)
(0.260498 8.6547494 0)
(4.3867908 -2.0295465 0)
(0.61763705 -1.162197 0)
(17.965313 -11.179844 0)
(17.990293 -10.689517 0)
(-1.7789706 -3.3395146 0)
(-1.1810397 -2.6739552 0)
(18.110501 -9.0508948 0)
(5.7760694 3.8103391 0)
(6.0103018 3.5929834 0)
(-3.4475568 2.9687033 0)
(-0.00061290142 -4.0910126 0)
(7.7003002 1.3021862 0)
(-4.564924 -5.1404678 0)
(-6.9574966 2.0926049 0)
(-6.6371888 1.9147448 0)
(-6.9505315 1.7292879 0)
(-7.6118411 4.5960566 0)
(-7.976644 4.761284 0)
(-8.001152 5.1815921 0)
(-3.3933181 1.5127833 0)
(10.99839 -11.026628 0)
(-2.3738775 2.375106 0)
(-6.3266704 2.0938467 0)
(-6.9653618 4.6088621 0)
(2.6608822 -2.914578 0)
(3.5193879 0.97086452 0)
(5.5242614 3.9640461 0)
(-5.052731 -6.6423868 0)
(-2.3135289 -2.8347186 0)
(14.231858 -1.5940675 0)
(13.845778 -1.7895449 0)
(13.870446 -1.3605541 0)
(13.489112 -1.5542929 0)
(13.519314 -1.1210534 0)
(13.137416 -1.3196779 0)
(13.167533 -0.89082451 0)
(12.789003 -1.0861526 0)
(12.811193 -0.67288464 0)
(12.443899 -0.85805703 0)
(12.464897 -0.45071068 0)
(12.103889 -0.63298908 0)
(12.125318 -0.23046677 0)
(11.767854 -0.41026419 0)
(-8.3638192 1.6005771 0)
(-0.94112099 -6.8340014 0)
(2.4267965 -11.297782 0)
(18.138892 -1.7904214 0)
(18.111772 -2.2609292 0)
(18.164646 -1.3195686 0)
(-6.4335503 8.798263 0)
(-6.7968165 8.5833189 0)
(-0.34440696 7.0144471 0)
(0.53712353 6.3522882 0)
(6.5110075 11.0633 0)
(6.1355117 10.862115 0)
(5.9544559 -5.5299196 0)
(12.506885 -13.002466 0)
(12.936909 -12.784778 0)
(-3.5387041 8.5293236 0)
(14.119595 4.0477358 0)
(13.738844 3.8326098 0)
(13.715482 3.408582 0)
(13.361036 3.6395758 0)
(13.380486 4.0682029 0)
(13.009157 3.8707257 0)
(12.988087 3.4509139 0)
(12.638901 3.6732614 0)
(12.658633 4.0913608 0)
(12.294208 3.8989027 0)
(12.312525 4.3049497 0)
(11.951194 4.116995 0)
(11.973155 4.5169797 0)
(11.612736 4.3373731 0)
(11.93291 3.7129904 0)
(12.619515 3.2633095 0)
(6.5816289 -4.8754061 0)
(6.4948916 10.634614 0)
(6.120955 10.438046 0)
(-7.2781568 -9.8069948 0)
(-7.7117663 -9.991717 0)
(-3.3907125 -13.213535 0)
(4.8306142 1.186804 0)
(4.7665498 0.93983526 0)
(4.8823279 1.4366048 0)
(9.3528311 -7.4977794 0)
(-6.6322673 1.5495652 0)
(6.4245592 6.717526 0)
(6.4134549 6.3599227 0)
(6.1122737 6.5475772 0)
(6.1017358 6.1981904 0)
(5.8063924 6.3811566 0)
(-7.2767846 -4.52773 0)
(-0.69538458 4.8937867 0)
(8.4927101 -0.97366079 0)
(8.4750534 -1.3264403 0)
(8.1809497 -1.1355075 0)
(8.1629857 -1.4846783 0)
(8.45528 -1.6767306 0)
(7.8705326 -1.2852319 0)
(8.1432458 -1.834632 0)
(8.4359657 -2.0275337 0)
(8.1220921 -2.184786 0)
(7.8313958 -1.9928728 0)
(8.4169317 -2.3799482 0)
(3.8941617 -2.1870522 0)
(8.4624418 -6.4345489 0)
(11.30019 8.0516255 0)
(16.627841 0.067243292 0)
(17.004905 -0.16590381 0)
(6.9745477 -10.26736 0)
(8.8855485 1.6180035 0)
(9.1831195 1.4337795 0)
(-2.164382 2.4573916 0)
(13.04177 -9.9404259 0)
(-2.8948515 -10.134012 0)
(0.27656258 -11.985017 0)
(4.6296317 10.90969 0)
(4.9875448 10.689527 0)
(11.652804 6.1923618 0)
(16.096664 -8.1822536 0)
(16.062938 -8.6522824 0)
(15.672727 -3.0212012 0)
(8.2960198 1.6102618 0)
(17.402728 10.238657 0)
(17.811216 9.9749231 0)
(17.381149 9.7508727 0)
(17.789097 9.4883313 0)
(17.360375 9.2609878 0)
(17.766578 9.0028236 0)
(17.339371 8.7759826 0)
(17.74391 8.5193115 0)
(17.315343 8.2975686 0)
(17.72137 8.0378004 0)
(17.293699 7.8183928 0)
(16.891222 8.076085 0)
(16.868974 7.6012357 0)
(17.271545 7.3367464 0)
(16.469052 7.8555176 0)
(16.448189 7.3849846 0)
(16.053754 7.6376972 0)
(16.489824 8.3244901 0)
(16.031847 7.169929 0)
(15.641534 7.4208501 0)
(16.424736 6.9185641 0)
(15.661135 7.8856258 0)
(15.252281 7.6705089 0)
(15.270899 8.1308017 0)
(14.864532 7.9179215 0)
(15.232566 7.2069434 0)
(-0.35277105 12.89513 0)
(-0.53651252 1.5155492 0)
(-0.39242061 1.5389744 0)
(11.628817 4.7556081 0)
(11.26835 4.541202 0)
(11.257745 4.1555203 0)
(10.926205 4.3681741 0)
(-2.2780732 11.411535 0)
(-4.7096854 13.133656 0)
(-6.373434 -5.6089666 0)
(16.192884 -12.554735 0)
(16.16333 -13.039213 0)
(15.757034 -12.77994 0)
(8.0629431 -10.127532 0)
(15.366499 11.543632 0)
(15.385776 12.020475 0)
(14.957252 11.801205 0)
(14.977509 12.278002 0)
(14.550815 12.054376 0)
(14.568738 12.533278 0)
(14.142278 12.310367 0)
(14.14851 12.789023 0)
(13.732846 12.565716 0)
(13.716228 12.084358 0)
(13.316003 12.328352 0)
(13.291227 11.860952 0)
(12.895992 12.101548 0)
(12.873232 11.639027 0)
(12.472507 11.890089 0)
(12.467629 12.406588 0)
(12.05689 12.131778 0)
(12.053311 11.670561 0)
(11.654944 11.918248 0)
(11.657583 12.370719 0)
(11.255954 12.163273 0)
(11.258174 12.615805 0)
(10.85393 12.409836 0)
(14.986963 12.761671 0)
(11.683962 12.843822 0)
(13.244367 12.827044 0)
(10.857784 12.862869 0)
(10.452522 12.656597 0)
(10.843665 11.944933 0)
(11.641592 11.453566 0)
(12.036492 11.207905 0)
(13.271006 11.388747 0)
(-6.1609649 -12.674701 0)
(-2.4614474 -2.4091528 0)
(9.4601991 -0.11921127 0)
(9.4733337 0.24123869 0)
(9.7812987 0.048777614 0)
(9.7957497 0.41457485 0)
(10.1073 0.21882868 0)
(10.121261 0.58872499 0)
(10.435565 0.39070743 0)
(9.6125437 -8.5644051 0)
(17.517953 13.226294 0)
(4.6641164 -5.2350782 0)
(4.6847927 -4.9106883 0)
(14.631114 -11.003879 0)
(15.087537 -9.9068134 0)
(7.1935623 -5.2618001 0)
(7.5007411 -5.4601377 0)
(-0.25043549 -4.1740801 0)
(16.099173 5.0617422 0)
(16.127089 5.5042759 0)
(16.507255 5.2675802 0)
(17.772247 -7.8179189 0)
(5.7144937 -4.3290014 0)
(-3.6539962 6.1131575 0)
(17.557207 -4.7497109 0)
(17.950831 -5.0099038 0)
(17.980503 -4.5362968 0)
(17.917781 -5.4791382 0)
(-1.5099652 -10.706287 0)
(-4.3048337 13.373258 0)
(-1.5016445 -6.1057257 0)
(-7.9473795 4.3424792 0)
(5.8039535 12.400843 0)
(7.9956047 -11.868908 0)
(12.431842 7.8016925 0)
(-2.8999321 7.2050624 0)
(-2.8996317 7.5534377 0)
(10.826074 -6.3435617 0)
(4.5282332 -6.9539006 0)
(0.097176009 -1.3241408 0)
(6.3010664 2.6886406 0)
(11.78896 -0.012733396 0)
(11.435218 -0.19237446 0)
(2.8307803 0.73411758 0)
(2.9830267 0.60731199 0)
(2.957393 0.39565344 0)
(6.7662405 9.2016429 0)
(-1.6540496 0.99226184 0)
(-1.7032512 0.83104369 0)
(5.2966577 -9.8826073 0)
(7.7384182 12.566638 0)
(7.7582468 13.024048 0)
(8.1474962 12.776644 0)
(8.1674596 13.23983 0)
(8.5577482 12.995803 0)
(6.5897854 -2.4624562 0)
(2.4662058 -13.279751 0)
(2.0820246 -13.018071 0)
(8.7350321 -2.2204682 0)
(8.7163693 -2.5779917 0)
(17.868371 -13.140615 0)
(10.466769 13.127092 0)
(10.066431 12.905421 0)
(10.042685 12.437737 0)
(-0.40954549 -8.2853661 0)
(-3.947469 9.9337567 0)
(0.53513695 -0.64174733 0)
(18.234799 9.1748418 0)
(1.0099541 4.1748343 0)
(0.79539322 4.094833 0)
(0.83264473 4.322815 0)
(0.61228439 4.2400535 0)
(-1.9946016 -0.46975053 0)
(-2.1696758 -0.51794007 0)
(-2.2215021 -7.4953459 0)
(-2.2483926 -7.8742295 0)
(-2.5671826 -7.6606444 0)
(14.179896 -2.4613493 0)
(14.542743 -2.7000664 0)
(-3.7461333 0.62932228 0)
(12.258746 -8.0703534 0)
(12.274261 -7.6348347 0)
(11.909111 -7.3995447 0)
(12.293535 -7.2015347 0)
(11.932 -6.967428 0)
(6.3807385 5.0328268 0)
(3.114375 -2.7686072 0)
(3.3495082 -2.6891446 0)
(-2.3395816 13.187959 0)
(9.889159 -13.152544 0)
(6.8963007 4.0372096 0)
(7.1895288 4.1839515 0)
(7.2076077 4.5133531 0)
(4.567449 -10.224291 0)
(-0.044939295 8.4877337 0)
(-5.1951476 5.8463129 0)
(-5.1679907 5.4862898 0)
(-8.0875079 -9.70765 0)
(-8.1495524 -10.178447 0)
(10.939195 13.336179 0)
(-0.39976918 -1.3689999 0)
(0.18610034 10.825146 0)
(-1.9319115 -1.7023008 0)
(4.3532858 -1.0899548 0)
(4.5963607 -1.0027417 0)
(-1.0558921 1.0830416 0)
(-1.0080385 1.2195527 0)
(0.22884862 -1.2780889 0)
(8.4216852 7.363629 0)
(8.7694471 7.5455444 0)
(8.7893784 7.9378294 0)
(9.1242429 7.7269914 0)
(9.1439467 8.1255002 0)
(9.4826219 7.9112448 0)
(8.7514396 7.1529322 0)
(-0.38110599 -2.6777005 0)
(12.359315 4.7287457 0)
(1.6481026 0.44982858 0)
(-8.3684344 -4.2313447 0)
(-8.4100788 -4.6769827 0)
(16.200457 -6.7767415 0)
(-4.5848219 -5.4976875 0)
(-4.9027661 -5.2937179 0)
(-1.7005546 8.2148184 0)
(-6.2218616 -13.154274 0)
(-5.7745036 -12.966086 0)
(-4.3597135 1.3678026 0)
(-1.4384757 6.4293525 0)
(-0.96828434 -0.82769271 0)
(1.99218 13.359636 0)
(9.462683 7.5094661 0)
(9.8226442 7.6932971 0)
(7.4079822 1.1468815 0)
(7.3980383 0.82042936 0)
(10.422884 0.024219213 0)
(-4.3034762 7.1686411 0)
(-4.0162755 7.3531108 0)
(11.048721 -9.5324739 0)
(10.656051 -9.7480744 0)
(10.278121 -9.4916164 0)
(10.261713 -9.9481542 0)
(9.8855626 -9.688878 0)
(9.858914 -10.127562 0)
(9.4915502 -9.8798985 0)
(-1.8379943 0.034305854 0)
(17.41111 -13.328587 0)
(-0.82642625 -0.22055682 0)
(-0.90030054 -0.14253606 0)
(-1.0217278 -0.14588411 0)
(-0.78622406 -0.12227426 0)
(-0.86741804 -0.046038847 0)
(-0.64467662 -13.261236 0)
(1.9953124 11.506974 0)
(4.9661599 -11.218971 0)
(1.4871403 -1.2145069 0)
(1.5195812 -1.0451653 0)
(-8.0412473 -4.9354575 0)
(-8.2471491 -7.5567825 0)
(8.1625551 9.160083 0)
(8.5030306 8.9435381 0)
(4.7470038 -1.4362099 0)
(-0.59770102 -1.1743733 0)
(12.313604 -6.7710485 0)
(9.0382041 -2.4158731 0)
(9.0184622 -2.7812271 0)
(9.3465037 -2.6148262 0)
(9.3259046 -2.9855893 0)
(7.3577705 -0.19175286 0)
(7.3388046 -0.52617859 0)
(4.1343982 -4.8719285 0)
(0.36570483 -0.75187443 0)
(-2.7496773 2.6641312 0)
(-2.2483593 -0.2087099 0)
(1.3997363 4.1071091 0)
(7.5114663 9.5620803 0)
(14.419212 2.4934319 0)
(14.780706 2.2541501 0)
(4.2583214 11.1247 0)
(18.352769 2.2057612 0)
(18.324095 1.7349874 0)
(18.378616 2.6791314 0)
(-2.784711 2.4346458 0)
(12.905715 -13.261104 0)
(13.340415 -13.048204 0)
(13.367439 -12.565747 0)
(13.772438 -12.829704 0)
(13.797844 -12.347048 0)
(14.189298 -12.609673 0)
(14.135819 -13.118473 0)
(1.295652 -11.417152 0)
(10.333287 -12.475135 0)
(-8.1329524 -11.687632 0)
(-8.2110179 -12.139073 0)
(6.0074226 -4.1656555 0)
(-3.2917085 -10.303019 0)
(3.2049686 -2.2899 0)
(-4.5509887 5.5298706 0)
(18.358361 12.62447 0)
(18.34315 12.143086 0)
(18.415553 13.164775 0)
(-2.7878766 1.6348639 0)
(-8.4441605 -6.4109576 0)
(-0.26897466 -13.533893 0)
(0.13727617 -13.339823 0)
(-8.449113 -5.1259391 0)
(-0.75257368 -0.2930449 0)
(1.1275202 -0.91930661 0)
(18.37759 -4.7996011 0)
(18.392865 -4.3222115 0)
(12.965449 3.0380807 0)
(10.90921 3.9785839 0)
(10.583131 4.1875429 0)
(16.011365 6.7047664 0)
(0.6199382 -12.25587 0)
(18.151349 8.2594564 0)
(18.128416 7.7752604 0)
(-8.1859755 9.930965 0)
(-8.1567349 9.4578012 0)
(13.30267 -13.507116 0)
(18.246767 10.198432 0)
(-4.5387782 -4.77014 0)
(16.527145 5.7283084 0)
(16.917673 5.4792589 0)
(16.982377 5.9645851 0)
(17.350088 5.6779296 0)
(17.309255 5.2237323 0)
(17.731914 5.4355792 0)
(17.705932 4.964112 0)
(17.751661 5.9100466 0)
(18.128629 5.181192 0)
(18.104458 4.7045677 0)
(1.6730558 0.20415522 0)
(1.6122853 0.082272422 0)
(-1.6020619 -1.7803201 0)
(-0.29042985 -1.4711036 0)
(-8.2698637 11.343474 0)
(-8.2885046 11.826449 0)
(-7.8845289 12.088763 0)
(-8.3109841 12.31127 0)
(-7.9054274 12.574182 0)
(-8.3289455 12.798901 0)
(-7.9279345 13.061896 0)
(-7.4937721 12.837126 0)
(-7.517301 13.324987 0)
(-7.0831726 13.099243 0)
(-8.385053 13.335425 0)
(-5.7839039 -9.8841018 0)
(18.173234 -8.0846353 0)
(18.205677 -7.6018475 0)
(-1.1530826 1.1925084 0)
(7.7453789 -7.1578791 0)
(7.401158 -7.3336941 0)
(1.5376888 8.8968245 0)
(1.8494482 8.7094601 0)
(0.3016539 6.5086636 0)
(-4.3172174 10.130911 0)
(-3.9580209 10.35497 0)
(-4.6758459 9.9060692 0)
(-6.9448787 1.3688073 0)
(-0.039238682 8.8389641 0)
(-0.35050293 8.6665668 0)
(-0.71773983 -8.0700738 0)
(14.153829 -2.8943108 0)
(14.514398 -3.1339316 0)
(14.126479 -3.3282705 0)
(14.487395 -3.5683422 0)
(2.398766 -1.5756046 0)
(2.426387 -1.3844423 0)
(5.5050851 3.6774355 0)
(5.2608906 3.8248051 0)
(15.728011 -13.266618 0)
(5.4315841 -4.4791424 0)
(9.6589005 -2.8164409 0)
(9.6384643 -3.1916727 0)
(9.9757417 -3.0207649 0)
(9.9550246 -3.4011956 0)
(4.0842429 -2.3640778 0)
(-8.3286874 4.5219955 0)
(-8.3003771 4.0911827 0)
(-2.1941081 8.9742561 0)
(9.5000555 8.3172228 0)
(10.932256 4.7293534 0)
(-5.9848816 -5.4539906 0)
(4.3582434 -8.4298876 0)
(4.0474233 -8.2132814 0)
(14.099129 -3.762499 0)
(14.462472 -4.0049408 0)
(0.65219543 4.473131 0)
(0.42897734 4.3894358 0)
(18.535887 -2.049493 0)
(-2.6993139 -5.6494941 0)
(10.102971 13.366831 0)
(1.5743383 3.9570937 0)
(-3.6646982 3.1322282 0)
(-3.4198986 3.2380941 0)
(-3.9093017 3.0223319 0)
(-1.8175713 0.9514433 0)
(11.627433 10.991809 0)
(12.016782 10.749552 0)
(8.4833242 -6.0484942 0)
(-0.34160602 13.357264 0)
(-0.73371932 13.127921 0)
(8.4398654 -6.8231955 0)
(18.521168 4.9415071 0)
(-6.278581 -10.537656 0)
(11.431836 0.18303975 0)
(-4.5954405 -3.6730796 0)
(18.476788 4.4672464 0)
(14.850061 -3.8140712 0)
(14.827503 -4.2503398 0)
(18.501404 -2.5110698 0)
(8.5800158 13.458442 0)
(0.32008797 -0.84619025 0)
(0.26905976 -0.75765418 0)
(2.9015288 10.814166 0)
(10.296885 -3.2280218 0)
(10.275858 -3.6136283 0)
(10.622291 -3.4381634 0)
(15.197313 2.8788067 0)
(0.43792749 13.347944 0)
(12.75947 -1.5031477 0)
(6.3545111 -9.3640183 0)
(-6.7534936 -8.674247 0)
(-6.3886504 -8.9610635 0)
(-3.3734838 6.2987493 0)
(-2.7442247 13.412639 0)
(-6.6229423 1.1945256 0)
(5.2743303 -10.272402 0)
(5.6411401 -10.109364 0)
(9.466546 -13.361672 0)
(-3.573251 -5.0297062 0)
(12.477656 -13.489473 0)
(-0.67955781 1.4894797 0)
(-5.3697433 -9.706652 0)
(-5.0197186 -9.9830676 0)
(6.4399248 8.2078794 0)
(18.290493 -12.915245 0)
(18.331099 -12.422891 0)
(5.7942864 6.0402953 0)
(5.504489 6.2207687 0)
(5.5139023 6.5588805 0)
(5.21534 6.3988542 0)
(5.2243574 6.7359743 0)
(4.926474 6.5760522 0)
(4.9347775 6.9118221 0)
(4.6375504 6.7528512 0)
(4.6470099 7.0899576 0)
(4.3492622 6.9289451 0)
(4.3569829 7.2660349 0)
(4.0589948 7.1066608 0)
(4.066963 7.4436293 0)
(3.7683886 7.2842077 0)
(3.7764921 7.6222452 0)
(3.4768471 7.4620981 0)
(3.4861304 7.8035947 0)
(3.184054 7.6410859 0)
(3.1934362 7.9845532 0)
(-8.3331133 -8.4941197 0)
(2.3546336 -1.779158 0)
(2.1664031 -1.8372936 0)
(-0.0066801236 -7.3958649 0)
(-0.77852829 -0.020341651 0)
(-0.84312356 0.046452212 0)
(-0.75892985 0.070736929 0)
(-0.81876666 0.13385257 0)
(-0.73679255 0.15314947 0)
(-0.7960387 0.21989991 0)
(-0.88753135 0.19934291 0)
(-0.85895761 0.29394565 0)
(-0.74875493 0.30865801 0)
(-0.82343758 0.38965923 0)
(-0.72081614 0.41142491 0)
(7.6896541 6.6623804 0)
(6.0834839 5.8561002 0)
(17.117784 -10.691995 0)
(-1.1044786 1.3366979 0)
(6.7857407 9.6001315 0)
(6.4252922 9.4105146 0)
(-0.82098416 11.857619 0)
(-2.0440977 -0.65627733 0)
(-2.2265635 -0.70543595 0)
(-2.0965069 -0.84819628 0)
(-2.2948118 -0.89470002 0)
(-2.4382441 -0.71842719 0)
(-2.1495454 -1.039456 0)
(0.53521084 11.02677 0)
(0.84446042 -8.7616044 0)
(2.9014035 7.8390282 0)
(2.9010251 8.1697513 0)
(2.6070931 8.0233285 0)
(2.6027103 8.3486687 0)
(0.46922624 4.6259005 0)
(0.24225322 4.5407533 0)
(0.28316856 4.7813348 0)
(10.456062 0.75492081 0)
(10.129037 0.9761278 0)
(-2.2272736 0.31169846 0)
(-2.4115284 0.2255346 0)
(-2.0536301 0.38262247 0)
(16.582921 -0.81292197 0)
(5.0795665 1.2692452 0)
(-2.0860958 -1.5602842 0)
(-2.1363202 -1.7849114 0)
(-0.05176594 -4.3499338 0)
(0.18874032 -4.2595953 0)
(-0.94052419 0.018785022 0)
(-7.7082559 9.2432762 0)
(-8.1196255 8.9787099 0)
(-8.5490455 9.1918137 0)
(-8.516101 8.7189144 0)
(-8.0929675 8.5110304 0)
(-8.4833397 8.2498139 0)
(-8.0629934 8.0416829 0)
(-8.4369791 7.7865058 0)
(-8.0339872 7.5801711 0)
(-8.4018552 7.3274862 0)
(-7.6530767 7.8299764 0)
(8.8609577 0.92658684 0)
(18.081728 -2.7331282 0)
(18.453579 -2.9740955 0)
(-6.2734592 -7.5571626 0)
(9.1746618 1.795382 0)
(8.8932546 1.9689151 0)
(9.4844389 1.5873792 0)
(-2.0882091 -4.0094025 0)
(7.522068 -5.0942158 0)
(-3.3570796 5.9494347 0)
(-3.6340188 5.7699782 0)
(-3.0888646 6.1256502 0)
(7.8294151 -5.2944846 0)
(18.074716 4.2308739 0)
(18.456806 3.972569 0)
(1.5569504 0.56101708 0)
(5.7424816 -4.005299 0)
(0.50238985 -8.9280904 0)
(12.636351 -7.4341943 0)
(0.06546035 4.6918089 0)
(-2.5589023 10.378031 0)
(-2.919662 10.579185 0)
(-0.48709923 1.6529867 0)
(-1.0179823 -12.989848 0)
(-1.0687098 -13.45058 0)
(4.6224197 10.491398 0)
(4.985426 10.272787 0)
(10.966878 -11.48606 0)
(7.4196123 1.4719357 0)
(6.6707684 5.1906338 0)
(17.769291 -1.0614574 0)
(18.200443 -0.867191 0)
(3.0226097 -2.1322127 0)
(18.075286 -9.6084229 0)
(-0.3417747 1.6830425 0)
(-2.7503934 1.8627746 0)
(0.99603962 -1.1532771 0)
(5.1208148 1.5189948 0)
(14.226322 -12.127862 0)
(-6.3169941 1.3715099 0)
(18.283606 -13.41135 0)
(-8.7543151 12.532958 0)
(-3.0219109 -13.468803 0)
(-2.5011017 -0.94314678 0)
(10.600975 -3.82888 0)
(10.942156 -3.6662881 0)
(8.7903952 -6.6480303 0)
(-0.35238151 9.0124235 0)
(-0.66173044 8.8485218 0)
(0.25129466 -1.1337852 0)
(-1.6025151 1.1504898 0)
(3.2477245 10.981139 0)
(14.597229 -12.407223 0)
(0.38650911 4.1542119 0)
(17.063278 1.122607 0)
(17.454026 0.85706663 0)
(-1.6155611 -7.926878 0)
(-1.868218 0.79376642 0)
(11.953266 -6.5395885 0)
(7.8098334 -2.3400762 0)
(7.5219586 -2.1502972 0)
(11.614011 10.535906 0)
(0.4402168 1.5467546 0)
(0.51232521 1.4348582 0)
(0.35538901 1.658148 0)
(0.2042543 1.6287643 0)
(-0.67584677 -7.7032828 0)
(9.6761024 12.693351 0)
(9.6384448 12.217779 0)
(-2.3126552 6.5371145 0)
(7.1228397 0.99153226 0)
(7.1084248 0.66158594 0)
(-0.79071489 0.48796524 0)
(-0.68952217 0.50208767 0)
(-1.4051222 8.0398342 0)
(-1.4074557 8.3816882 0)
(11.787052 0.35033457 0)
(2.0473673 -13.481331 0)
(1.6653389 -13.217629 0)
(1.700108 -12.757193 0)
(2.4347011 -13.745846 0)
(18.751537 1.945743 0)
(0.56567031 8.8161394 0)
(18.564389 5.3822305 0)
(11.412428 -0.586438 0)
(-7.542635 4.1561189 0)
(-2.9486891 -10.557432 0)
(-7.9927455 1.3940484 0)
(-8.3578494 1.175986 0)
(-6.9542223 9.793503 0)
(-6.5693122 10.021926 0)
(18.403753 -10.956695 0)
(18.428417 -10.464789 0)
(12.599182 2.852282 0)
(0.72847184 3.6493024 0)
(-4.676986 10.342837 0)
(-5.0549325 10.103012 0)
(-2.5968652 -8.0492117 0)
(3.0137814 0.81433505 0)
(2.8605003 0.93534626 0)
(3.1746214 0.67668716 0)
(1.4194284 0.54746013 0)
(1.4647162 0.67421922 0)
(13.180206 -0.46350357 0)
(0.10839901 4.9213473 0)
(4.9438297 1.6934537 0)
(14.882421 8.3762851 0)
(14.478067 8.1627254 0)
(14.459629 7.7088469 0)
(14.077255 7.9512273 0)
(15.289233 8.5903201 0)
(14.059334 7.4983785 0)
(13.680948 7.7413489 0)
(7.7740631 13.462723 0)
(-7.5142573 -0.61478194 0)
(-7.8878783 -0.78984641 0)
(-8.2328945 -0.54297943 0)
(-8.273893 -0.9669236 0)
(-7.9220186 -1.2120336 0)
(-8.309886 -1.3941997 0)
(-7.9560318 -1.6421762 0)
(-8.3465748 -1.8259259 0)
(-7.9900745 -2.0757603 0)
(-8.3826752 -2.261946 0)
(-8.0239843 -2.5083618 0)
(-8.4206807 -2.6992235 0)
(1.295509 -12.978162 0)
(1.2706337 -13.411121 0)
(-6.828316 8.1346481 0)
(-8.6297601 -0.71801898 0)
(1.1281197 -1.1592564 0)
(-0.24722416 1.5620337 0)
(-0.19520449 1.7065126 0)
(12.491722 -0.02387288 0)
(18.514035 -9.3209505 0)
(4.4020109 -0.83103698 0)
(4.6451699 -0.74200872 0)
(4.8466939 -0.91640966 0)
(4.8919678 -0.65308173 0)
(4.691233 -0.48030952 0)
(4.9382913 -0.38993706 0)
(4.7374208 -0.21987879 0)
(4.9771551 -0.12656299 0)
(4.7835375 0.042997234 0)
(5.0222193 0.13570896 0)
(4.8299751 0.30474447 0)
(5.078168 0.39693134 0)
(2.3496086 -11.700831 0)
(-4.2051065 -4.6113374 0)
(10.228791 -10.380879 0)
(-5.8205295 -13.429541 0)
(-5.3896684 -13.245317 0)
(2.7772811 -11.537221 0)
(2.8173091 -11.11046 0)
(-2.1960334 2.236105 0)
(10.517361 -11.192779 0)
(0.18340972 11.228633 0)
(1.8328895 -0.91332808 0)
(0.2780709 0.85443405 0)
(0.17121995 0.85121968 0)
(0.22865276 0.76904195 0)
(0.13491352 0.76009554 0)
(0.076190366 0.83400566 0)
(0.047209474 0.75138568 0)
(0.095344554 0.69171113 0)
(-0.011972487 0.81515607 0)
(-8.7021705 4.284911 0)
(-8.6857201 3.8269958 0)
(-1.9721893 -1.8875527 0)
(7.4794288 4.3268329 0)
(7.4805342 4.6520999 0)
(-1.2544969 1.3095626 0)
(-0.46008524 4.7610369 0)
(-4.6267389 -4.0889456 0)
(-0.036220876 0.72249954 0)
(-0.097338842 0.79565375 0)
(-0.12569349 0.71484936 0)
(-0.1810486 0.77597514 0)
(-0.20593728 0.69741386 0)
(4.3952558 -8.0503639 0)
(4.0764814 -7.8405886 0)
(3.7428191 -7.999232 0)
(1.5968523 13.592384 0)
(-0.30518468 -4.4353186 0)
(-0.50734909 -4.2503349 0)
(-0.91938514 5.0259088 0)
(-0.92234744 4.7686513 0)
(0.54750914 6.6364441 0)
(0.79729392 6.482863 0)
(0.30082612 6.8032101 0)
(-0.022077088 2.1198286 0)
(3.0747854 -1.1120344 0)
(2.8657353 -1.1836757 0)
(2.9082625 -0.97256767 0)
(0.016667256 4.4536817 0)
(-3.2022406 8.3664107 0)
(-3.5168086 8.1716726 0)
(-2.8847056 8.5636778 0)
(-0.6275438 0.43271884 0)
(-0.59691471 0.51405573 0)
(-0.54463577 0.44912937 0)
(-0.51436972 0.52761104 0)
(5.4915123 5.8861941 0)
(-3.0527594 5.8084603 0)
(14.082857 -4.1994015 0)
(12.078431 -1.039979 0)
(0.5239652 0.71229424 0)
(0.42885705 0.69754467 0)
(0.48220721 0.62348789 0)
(0.3981357 0.61058402 0)
(2.5609896 -1.6944231 0)
(0.20126785 -1.4130526 0)
(0.34006851 -1.3705856 0)
(0.073548966 -1.4618475 0)
(-1.7507157 0.66714643 0)
(-7.3350003 -10.275608 0)
(8.6874576 -2.9585058 0)
(-2.8367725 -0.51355146 0)
(2.0046384 0.61023607 0)
(14.255703 -1.1528478 0)
(2.2949914 8.1822034 0)
(4.4168276 -7.6845958 0)
(9.8295655 -10.568802 0)
(7.060988 -0.35179301 0)
(7.0470032 -0.67733594 0)
(7.0771941 -0.024101081 0)
(5.863838 -6.2931977 0)
(-6.0692123 -2.7999382 0)
(15.946945 2.349483 0)
(15.91727 1.9042838 0)
(0.32568054 -7.2453092 0)
(2.1778085 8.8839473 0)
(14.395067 2.0594444 0)
(14.032764 2.3063764 0)
(14.756583 1.8124898 0)
(14.163751 4.9365793 0)
(12.333705 -6.3434544 0)
(12.694998 -6.5746394 0)
(-5.6514061 -5.7044163 0)
(1.4603764 2.5833044 0)
(1.2775749 2.5195041 0)
(1.4212187 2.3971873 0)
(1.1316983 2.6430956 0)
(1.2463859 2.3354099 0)
(1.3876408 2.2149418 0)
(-2.6317136 -0.39973568 0)
(7.3193315 -0.85414008 0)
(7.0300864 -1.0031576 0)
(0.63328795 -0.63204014 0)
(0.57089142 -0.55607773 0)
(0.48647801 -0.56235143 0)
(13.792712 -2.6569587 0)
(-2.1139103 -6.0476834 0)
(-0.56447834 0.59377582 0)
(-0.48099878 0.60738417 0)
(-8.7307136 4.7408773 0)
(7.121893 -8.2148437 0)
(6.7906388 -7.9974644 0)
(0.44668489 0.54476603 0)
(0.5272771 0.548059 0)
(7.8518336 -4.9251515 0)
(-3.2697436 1.0833965 0)
(-0.7381825 13.589323 0)
(-1.1316887 13.355306 0)
(-0.33641508 13.823307 0)
(7.5421892 -1.8063032 0)
(7.2378718 -1.9617144 0)
(-8.1093637 -11.136714 0)
(-8.5571769 -11.408949 0)
(-0.23686133 -3.0532616 0)
(4.9492807 -5.1007017 0)
(18.7746 12.357917 0)
(12.256982 3.0763629 0)
(10.026745 11.974996 0)
(-1.9908791 2.3188783 0)
(-1.9574189 2.5349656 0)
(-1.7891774 2.3976387 0)
(-1.7540584 2.6095304 0)
(-1.5894375 2.4747762 0)
(-1.5539725 2.6840627 0)
(-1.3919953 2.550968 0)
(-1.3627068 2.7521477 0)
(-1.1976121 2.6251934 0)
(-1.1737288 2.8567919 0)
(-1.0051851 2.7047363 0)
(-0.96865779 2.9038568 0)
(-0.81115367 2.7750137 0)
(-0.77726746 2.9768827 0)
(-0.6196846 2.8478118 0)
(1.558692 2.274375 0)
(1.5260815 2.0955059 0)
(1.6949669 2.1552236 0)
(1.6613874 1.9784576 0)
(12.01295 -3.7398697 0)
(16.95398 9.5188951 0)
(-5.5786356 6.3735678 0)
(-2.2747131 -8.2631728 0)
(15.674413 -8.3879623 0)
(15.707368 -7.9218202 0)
(15.640109 -8.8565576 0)
(16.027849 -9.1216254 0)
(-3.2670636 7.3235819 0)
(11.236841 3.7670008 0)
(10.890738 3.590802 0)
(0.81094531 2.9030051 0)
(7.2148821 -4.8959329 0)
(3.8350274 -2.4676772 0)
(14.443431 7.2439631 0)
(1.830196 2.0369213 0)
(1.7965259 1.8605456 0)
(1.965404 1.9186207 0)
(1.9318092 1.7421453 0)
(2.1017123 1.8008576 0)
(2.0672441 1.6230344 0)
(0.31059298 -0.68153006 0)
(0.22236926 -0.68290556 0)
(0.18176025 -0.75662499 0)
(0.13946569 -0.68096563 0)
(0.097556917 -0.75186038 0)
(-3.4591271 -13.656679 0)
(-3.8305735 -13.400773 0)
(-3.8883532 -13.874027 0)
(-4.2625663 -13.594445 0)
(11.238369 11.235593 0)
(16.102351 -13.527065 0)
(18.536308 7.9987582 0)
(18.532891 7.5109011 0)
(-1.1449223 4.8972999 0)
(-1.1481185 4.6409095 0)
(-1.3699614 4.7693328 0)
(-1.3711519 4.5096207 0)
(-1.1700246 4.3835775 0)
(-1.5943363 4.6407677 0)
(-1.5970437 4.3821106 0)
(-1.8197582 4.5132567 0)
(-1.8215793 4.2540358 0)
(-1.1408108 13.82078 0)
(-8.5290976 -9.8912365 0)
(-8.5924383 -10.366781 0)
(-0.71962594 1.3574488 0)
(-0.8251295 1.4624087 0)
(-2.0456248 4.3854043 0)
(12.85186 11.172506 0)
(13.250476 10.921078 0)
(13.665758 11.137792 0)
(12.829768 10.709847 0)
(14.521834 11.579492 0)
(-0.64992476 6.5636524 0)
(-7.276835 3.4343847 0)
(-3.3786014 6.6900431 0)
(-0.58324687 3.0418282 0)
(-0.42730963 2.9196592 0)
(18.609839 -7.8719791 0)
(18.64255 -7.3852133 0)
(-8.9432131 8.9281191 0)
(7.7064235 1.6292383 0)
(16.681233 1.3698288 0)
(9.4804903 1.2465606 0)
(3.6652205 -2.0290398 0)
(13.462965 -1.981805 0)
(-0.74033164 -8.4315457 0)
(-0.44120798 -8.6614759 0)
(-6.2528087 -13.683676 0)
(-4.9916069 -6.2618552 0)
(-4.6773761 -6.4847477 0)
(-0.96343595 0.27160247 0)
(-7.1050416 13.586914 0)
(-6.6724506 13.360458 0)
(0.66093789 2.3683135 0)
(18.103819 7.2893438 0)
(18.511488 7.0243491 0)
(9.8612436 -13.62598 0)
(10.286961 -13.413158 0)
(-2.0462738 4.1273573 0)
(-2.2719166 4.2565247 0)
(-2.2728798 3.9980588 0)
(-2.4999702 4.1276496 0)
(9.3018917 -3.3587829 0)
(5.188823 1.7293315 0)
(0.11371822 -13.818608 0)
(-6.3130542 -5.1951526 0)
(-8.0050162 7.124876 0)
(-8.3833343 6.8700949 0)
(-0.89785885 0.46947046 0)
(6.6054232 3.8972367 0)
(6.8764613 3.715614 0)
(6.5903843 3.5696329 0)
(18.767935 -12.761972 0)
(-7.5404952 13.815475 0)
(10.768785 0.56477671 0)
(11.313365 -12.214552 0)
(6.2943703 -4.3496855 0)
(6.3095706 -4.0096792 0)
(-2.3801517 1.7875947 0)
(-6.6848487 -5.3505566 0)
(-2.5538332 -10.376876 0)
(-7.0560417 -7.9425867 0)
(-2.4071299 -2.1369492 0)
(16.241133 0.29847897 0)
(16.234363 12.476717 0)
(16.24966 12.966913 0)
(16.674409 13.182228 0)
(16.265966 13.456236 0)
(16.736025 13.708228 0)
(9.0755318 -13.099649 0)
(9.0423023 -13.570795 0)
(8.648024 -13.308327 0)
(8.6166069 -13.781492 0)
(8.2230106 -13.515971 0)
(8.2545574 -13.044991 0)
(7.8316056 -13.251086 0)
(7.863824 -12.784345 0)
(7.4431224 -12.988729 0)
(7.4011234 -13.437983 0)
(7.0196819 -13.189496 0)
(6.9770069 -13.640013 0)
(6.6012075 -13.404563 0)
(6.6546801 -12.937749 0)
(-2.919902 -7.8306877 0)
(-4.7161909 13.685579 0)
(-5.1362028 13.351194 0)
(-2.9843687 2.5861515 0)
(-4.0668223 -1.3317153 0)
(-4.3352628 -1.4486221 0)
(-4.3123232 -1.1519696 0)
(-4.5907335 -1.2803226 0)
(-4.5628605 -0.97182449 0)
(-4.5678645 -1.5965855 0)
(-4.8486327 -1.1023757 0)
(-4.8197729 -0.78581722 0)
(-4.5427103 -0.67157219 0)
(-5.1112547 -0.91992495 0)
(-5.1153065 -1.2421916 0)
(-5.0812327 -0.59705799 0)
(-5.3792245 -0.73368182 0)
(11.574529 -6.7333675 0)
(-7.4320085 -12.757185 0)
(-7.4955738 -13.240832 0)
(-4.9453087 7.1745711 0)
(18.031368 3.7751117 0)
(-7.1195345 -13.526311 0)
(-7.5465477 -13.72826 0)
(-7.9549263 -13.477293 0)
(-5.4962319 5.6459335 0)
(-5.4693252 5.2834958 0)
(-5.1451877 5.1267126 0)
(-5.4421304 4.9253353 0)
(-2.5989338 -13.286464 0)
(5.6822944 -3.1966557 0)
(15.768353 5.7968398 0)
(17.87214 1.0631337 0)
(17.850061 0.59462892 0)
(18.26506 0.80266452 0)
(18.237182 0.33235017 0)
(18.661764 0.54169272 0)
(18.641673 0.11133878 0)
(18.238065 -7.1183695 0)
(18.67374 -6.8989314 0)
(18.269412 -6.6322985 0)
(18.699496 -6.4127521 0)
(11.084327 -0.37102629 0)
(18.547267 -8.8352166 0)
(-3.9038751 13.156255 0)
(-3.9267257 13.603654 0)
(3.2077766 8.329539 0)
(18.37816 -11.446529 0)
(-3.6277546 3.4203192 0)
(-3.3853939 3.5118103 0)
(17.273916 -2.670976 0)
(18.001978 -4.0718568 0)
(18.583017 8.4850905 0)
(1.5336877 3.7340188 0)
(1.7477069 3.8067836 0)
(1.6870356 3.5846415 0)
(1.9065618 3.6566565 0)
(-3.6713277 -0.18432392 0)
(-3.9084338 -0.28380105 0)
(-3.8856665 -0.02191609 0)
(-4.1304811 -0.1247359 0)
(11.039823 -10.04355 0)
(11.432456 -9.8074396 0)
(2.5572839 10.616672 0)
(9.052783 -2.0589309 0)
(15.835061 13.228078 0)
(15.850198 13.720395 0)
(15.417392 13.489791 0)
(1.3356766 0.65938338 0)
(1.3829991 0.7878142 0)
(1.2531612 0.77014671 0)
(-0.039550204 -6.3756209 0)
(1.3043691 0.89539021 0)
(1.1710965 0.87815553 0)
(1.2220089 1.0022564 0)
(1.0906479 0.98462456 0)
(1.1401434 1.1092293 0)
(1.0111006 1.0884231 0)
(12.505005 9.5493966 0)
(-3.611909 -10.065415 0)
(5.2448643 -12.80209 0)
(5.6043022 -13.057988 0)
(5.2073436 -13.262258 0)
(5.5939675 -13.52087 0)
(18.608177 -1.108411 0)
(8.5327223 12.527571 0)
(-8.3970669 -8.9593829 0)
(-2.61021 -0.16762565 0)
(2.7469213 12.905717 0)
(3.1386828 13.129499 0)
(-0.89971895 -2.4568777 0)
(0.86425893 8.6218873 0)
(-8.2120847 10.402871 0)
(-8.6121536 10.142925 0)
(14.898084 8.8440306 0)
(-3.1308058 -1.9412547 0)
(-2.9189178 -2.0788604 0)
(6.1085473 -7.5889097 0)
(2.2381743 1.6819316 0)
(2.2034665 1.502725 0)
(2.3775447 1.5620784 0)
(2.3421425 1.3798118 0)
(3.9113369 -9.7657472 0)
(5.4263618 12.635112 0)
(5.8220247 12.850964 0)
(5.4357884 13.089627 0)
(5.838302 13.308092 0)
(5.4439426 13.550618 0)
(5.059037 13.32043 0)
(-0.71275671 -0.084028997 0)
(5.0956816 -0.82061913 0)
(-4.5813465 -3.3243841 0)
(-4.8749074 -3.4690014 0)
(-4.872151 -3.1189374 0)
(-0.42540923 -11.039819 0)
(1.4513689 0.91806467 0)
(-0.65121447 8.5110833 0)
(1.1834207 -8.5962202 0)
(1.1586891 -8.9745419 0)
(1.4899789 -8.7796826 0)
(15.645257 -3.471924 0)
(-5.0269674 11.036177 0)
(-8.4851746 -6.8376777 0)
(-8.8719992 -6.5752459 0)
(1.2069812 10.62734 0)
(1.5250771 10.916277 0)
(1.5598191 4.5392155 0)
(2.8572883 7.5072952 0)
(3.3401831 -2.9786564 0)
(3.5416749 -2.8532618 0)
(18.720702 1.4726956 0)
(6.8580895 0.83958431 0)
(15.31699 -12.998039 0)
(15.289805 -13.488962 0)
(3.5709735 10.373146 0)
(-1.3973795 -5.4616881 0)
(4.9381347 -5.4163285 0)
(-8.7014333 -1.5733997 0)
(-6.0790953 9.0111246 0)
(9.4461816 3.7207249 0)
(6.9527253 5.0160252 0)
(-3.2002253 3.0699117 0)
(-1.8632208 -0.60137481 0)
(-2.8877639 -7.4466457 0)
(-3.2411331 -7.6109058 0)
(-3.2102761 -7.2274515 0)
(-3.5615749 -7.3880782 0)
(17.796666 -0.63810928 0)
(-0.45285356 0.45998507 0)
(9.8027308 7.2900151 0)
(10.164449 7.4735674 0)
(10.184413 7.8813287 0)
(10.535013 7.6584212 0)
(10.552855 8.0778146 0)
(9.4419845 7.1114255 0)
(10.20589 8.3062314 0)
(-8.6422718 10.61947 0)
(3.0710575 -3.0224657 0)
(0.069359023 6.3812392 0)
(0.074084125 2.8391613 0)
(13.390961 -12.08811 0)
(7.2353141 -1.5531727 0)
(-2.3133056 7.8835121 0)
(9.5209172 -9.4477178 0)
(9.1310647 -9.6410291 0)
(9.1016161 -10.071824 0)
(6.95451 -1.7650759 0)
(-0.75541182 0.58269059 0)
(-1.9462105 12.945437 0)
(-1.9195078 13.379413 0)
(18.079358 6.8040759 0)
(18.486894 6.5387848 0)
(-5.5938421 -5.2541428 0)
(-5.3344443 -12.775075 0)
(-8.5763271 -0.29331804 0)
(5.0496947 -1.0955779 0)
(-4.308982 7.5379095 0)
(9.9302975 -3.7814315 0)
(-1.8859584 10.798492 0)
(18.917458 5.1579046 0)
(2.752917 13.360112 0)
(3.1488675 13.587728 0)
(2.7962345 13.835334 0)
(3.544254 13.352588 0)
(-6.6540643 12.879112 0)
(-6.2416108 13.135023 0)
(-6.2616072 13.620998 0)
(2.5180133 1.4406059 0)
(2.4824787 1.2556506 0)
(3.5488478 13.80442 0)
(3.9536954 13.571943 0)
(3.9843135 14.106672 0)
(5.2269582 7.0834424 0)
(5.1742475 -13.727216 0)
(4.7855981 -13.463268 0)
(4.6933066 -1.7010383 0)
(4.9546321 -1.617407 0)
(4.9009849 -1.8886471 0)
(3.8009316 7.9615496 0)
(-3.5397282 -7.0075609 0)
(-8.8291074 -6.1401024 0)
(-0.10189838 -4.6222555 0)
(18.953492 -9.1013409 0)
(-2.9659038 1.7748511 0)
(-2.9126129 2.0033906 0)
(-2.9950442 1.549627 0)
(8.5235666 9.3524834 0)
(8.8557747 9.1348301 0)
(8.1782776 9.5632541 0)
(-5.4419442 -13.666614 0)
(-9.1256696 4.0178283 0)
(-0.43694401 -1.5165643 0)
(-0.32243997 -1.623629 0)
(-1.4385596 -13.175931 0)
(-1.4960626 -13.639532 0)
(1.1563523 10.980967 0)
(0.058282222 -0.68007906 0)
(0.015921229 -0.74893541 0)
(-0.15477051 11.021255 0)
(2.7079657 -1.0403706 0)
(2.7495945 -0.83673585 0)
(2.9467261 -0.76711593 0)
(2.7901709 -0.63288905 0)
(2.9853909 -0.5638057 0)
(2.8304418 -0.43008133 0)
(3.0195111 -0.36775471 0)
(2.868865 -0.22932486 0)
(3.086484 -0.16281703 0)
(2.9125982 -0.02793331 0)
(3.1016366 0.041629382 0)
(-6.7183379 0.4883953 0)
(0.37493384 -0.94149603 0)
(-3.4215118 -10.770046 0)
(-0.10227528 1.5869809 0)
(-0.046354103 1.7202497 0)
(0.25427954 1.7639711 0)
(1.7582223 0.085146128 0)
(1.6943853 -0.041642428 0)
(8.9743296 13.209384 0)
(8.9965502 13.677754 0)
(8.5462658 13.903582 0)
(6.5962908 -4.1917716 0)
(2.6613665 1.3158636 0)
(2.5527519 11.040948 0)
(11.22139 3.3758445 0)
(-5.1573109 13.832373 0)
(2.311268 -1.9776016 0)
(2.1294833 -2.0343534 0)
(-1.828619 -1.3202183 0)
(5.6268347 -14.029263 0)
(-0.47088625 11.65408 0)
(0.36049245 0.52862777 0)
(0.77137718 1.0355863 0)
(-0.66421004 4.3895303 0)
(-8.0803084 -5.3809687 0)
(-7.6915282 -5.1909121 0)
(-2.6342502 -8.4412762 0)
(4.0568853 6.7767617 0)
(15.284701 -8.1205299 0)
(1.0609719 4.3921368 0)
(-8.7754165 -4.4155682 0)
(-8.7341421 -3.878389 0)
(6.4170748 9.0163562 0)
(6.0755787 9.2260362 0)
(6.0849047 9.6216606 0)
(5.7349807 9.4355278 0)
(5.7392835 9.8285124 0)
(5.3867622 9.6349047 0)
(11.05833 -0.75420385 0)
(10.735824 -0.5467169 0)
(-8.7708932 -8.6787418 0)
(-8.7067196 -8.2402486 0)
(-8.8361159 -9.1452557 0)
(-2.1945224 0.68985351 0)
(18.81162 -11.223601 0)
(5.380829 10.463206 0)
(-0.54910942 -1.4084898 0)
(0.52049895 -0.48683379 0)
(0.60180966 -0.47458339 0)
(0.87974418 8.9607396 0)
(-3.9648642 -0.54780182 0)
(18.777096 -12.195061 0)
(-0.13970309 1.8377923 0)
(0.015521063 1.8577882 0)
(-2.7782606 5.9819957 0)
(5.274508 4.1206933 0)
(5.0289576 3.97752 0)
(4.3809535 7.6031377 0)
(-0.069383445 9.1627726 0)
(-7.2700446 1.5464797 0)
(-7.2334914 1.1915173 0)
(0.27323731 -0.93376246 0)
(-4.7279564 -6.8848533 0)
(-4.3659621 -6.7252876 0)
(6.9676311 5.3467456 0)
(6.6715507 5.5118531 0)
(-0.05294383 -6.7122908 0)
(0.25461475 -6.5507493 0)
(-0.3479491 -6.8673874 0)
(11.988379 10.316342 0)
(0.43653287 -0.49415109 0)
(0.74471331 -1.1585153 0)
(0.69055199 -1.2775391 0)
(18.756322 11.85552 0)
(-4.2492602 5.7222997 0)
(-4.2432467 5.3722243 0)
(-4.532535 5.1817649 0)
(13.658395 10.661607 0)
(1.6915917 0.57583787 0)
(1.7909849 0.45686167 0)
(1.8128987 0.22531581 0)
(13.403518 -4.6451353 0)
(-1.51992 2.8932818 0)
(-8.7293599 1.3847008 0)
(-8.7314216 0.9125355 0)
(18.037772 -3.1826016 0)
(-3.8624471 8.3160983 0)
(5.8592326 13.763636 0)
(6.2440643 13.5258 0)
(5.463589 14.092404 0)
(7.9142292 -0.57544689 0)
(0.47786261 -1.1745107 0)
(4.7200501 -8.261538 0)
(-0.75843231 12.677873 0)
(9.6264542 11.765087 0)
(10.019658 11.519102 0)
(9.2405588 12.004687 0)
(0.55172232 -0.4132228 0)
(0.63008926 -0.39738642 0)
(18.407219 -3.8686659 0)
(-6.3309796 -7.9887616 0)
(-5.9741493 -8.2683173 0)
(-4.1040904 0.14197185 0)
(-4.3638913 0.027974726 0)
(7.3864405 0.48370016 0)
(1.9985146 13.822766 0)
(10.783482 0.94272278 0)
(6.1197077 6.9036395 0)
(14.633478 -11.913678 0)
(4.3657393 13.781018 0)
(8.4097261 6.9802714 0)
(8.7384335 6.771321 0)
(6.8715786 10.83374 0)
(6.8522844 10.412117 0)
(7.4804221 -12.534104 0)
(-8.2821232 3.6523866 0)
(-4.9660642 -13.037139 0)
(11.148918 0.75999966 0)
(-1.2661049 -7.3437207 0)
(-5.3426151 -0.41867554 0)
(9.6733839 -2.4489984 0)
(-2.6818771 -13.7707 0)
(3.2429733 -2.0643137 0)
(4.0262742 -2.6217093 0)
(4.2831919 -2.5425012 0)
(8.764608 -7.0357335 0)
(9.1172348 -6.8617062 0)
(8.3882266 -7.2135746 0)
(5.6354989 -10.504605 0)
(5.9788673 -10.340826 0)
(9.4719449 0.59144547 0)
(7.2581794 5.1492959 0)
(-6.6276365 -4.9389073 0)
(3.7760803 -7.6398926 0)
(3.4430467 -7.7910466 0)
(3.4107014 -8.155024 0)
(3.097358 -7.9512215 0)
(3.0771734 -8.3090549 0)
(2.7528954 -8.1123959 0)
(2.7417158 -8.4661509 0)
(-8.7027329 11.562719 0)
(1.9635467 3.8772529 0)
(2.1370864 3.7312544 0)
(2.0654182 3.5119737 0)
(2.3040228 3.5805526 0)
(2.2191565 3.3389884 0)
(2.4699136 3.4276563 0)
(2.4263809 3.2040757 0)
(2.6479105 3.278873 0)
(2.6033031 3.0581965 0)
(2.8184259 3.1234913 0)
(2.7727966 2.9095548 0)
(2.9836769 2.9820677 0)
(3.0402054 3.1861559 0)
(2.9400232 2.7624396 0)
(3.1512963 2.832543 0)
(3.108299 2.6131544 0)
(3.3226081 2.6851638 0)
(3.2777803 2.463933 0)
(3.4946499 2.5356573 0)
(3.4478726 2.3103669 0)
(3.6689716 2.3812101 0)
(3.7150895 2.6124299 0)
(3.8933623 2.4568888 0)
(3.8455962 2.2221155 0)
(4.074226 2.2996315 0)
(4.0244241 2.0609093 0)
(4.2582916 2.1393284 0)
(3.3703255 2.939152 0)
(-1.9885888 0.92148835 0)
(1.4934076 8.5553897 0)
(0.57138498 1.5595445 0)
(0.65862467 1.4377527 0)
(15.014441 -12.199171 0)
(12.949642 2.6369783 0)
(13.312134 2.8134134 0)
(-4.7023345 -10.723887 0)
(-4.3068296 -10.544891 0)
(17.980104 2.9378309 0)
(4.5941788 10.10103 0)
(4.5953622 0.21345153 0)
(-4.9696259 -9.5335297 0)
(-5.3261659 -9.2579265 0)
(-4.614642 -9.8008093 0)
(3.18191 -0.496362 0)
(4.2066449 1.8997537 0)
(4.4440995 1.9757177 0)
(4.4955258 2.2216003 0)
(15.140836 2.010108 0)
(15.116281 1.535456 0)
(0.13594615 -0.8260238 0)
(-6.3216605 1.0159218 0)
(2.428089 -8.269601 0)
(2.4035297 -8.6245393 0)
(2.109578 -8.4287455 0)
(7.7576958 -7.5266426 0)
(-2.2827742 8.2208428 0)
(18.425447 3.5198531 0)
(18.831804 3.7342538 0)
(18.827769 3.259196 0)
(11.601119 -6.3188721 0)
(-4.0300931 -4.049748 0)
(-3.0054917 -10.994337 0)
(4.6051585 -10.97426 0)
(4.2175518 -11.164147 0)
(-0.15106101 0.63069675 0)
(-0.23594401 0.6221881 0)
(-0.2850476 0.67952271 0)
(0.40111047 -0.57702822 0)
(12.235317 2.669128 0)
(11.898162 2.8897828 0)
(-9.1571847 -4.1385428 0)
(-2.4086266 2.1451443 0)
(14.232222 -11.651444 0)
(9.1436387 -6.4661287 0)
(18.780295 -4.5907407 0)
(18.767619 -5.0589747 0)
(-2.7743516 0.2018491 0)
(3.1639482 -11.33175 0)
(3.1810433 -10.908974 0)
(10.534054 -11.680656 0)
(18.903176 6.7601579 0)
(18.869651 6.1836046 0)
(0.61278072 -12.740394 0)
(7.4639002 4.0015688 0)
(7.745163 4.1490811 0)
(17.642384 4.0366855 0)
(5.2570741 3.5332277 0)
(5.4914415 3.3722072 0)
(0.80058005 6.7547543 0)
(-3.8889913 -7.1715838 0)
(-0.16837104 -1.5806028 0)
(3.9653193 -0.79989634 0)
(16.562749 10.291358 0)
(1.3015898 -12.514635 0)
(0.69686277 4.6970053 0)
(4.6786076 2.0512232 0)
(-6.4535638 -9.4192508 0)
(-5.0565155 -0.28494075 0)
(-6.8273405 8.9916446 0)
(0.54063013 9.4873558 0)
(4.4970021 -0.31155016 0)
(-8.775884 -2.4716516 0)
(-8.8158018 -2.9010865 0)
(14.904691 -2.9490396 0)
(-2.6037782 8.0460371 0)
(2.8384008 -10.685845 0)
(7.4325296 1.7927658 0)
(7.0931431 1.6778749 0)
(7.7147634 1.9545407 0)
(-3.5950043 3.6778344 0)
(0.0047045005 0.90742128 0)
(-1.8120829 3.9946572 0)
(15.219213 -4.0774839 0)
(15.196569 -4.4951017 0)
(14.804917 -4.6831919 0)
(15.167656 -4.9395808 0)
(15.562625 -4.7761313 0)
(15.540111 -5.190884 0)
(4.6446359 0.47014793 0)
(7.4868886 -5.8235802 0)
(13.737624 -3.5212326 0)
(11.383914 -0.95527893 0)
(17.877919 11.437632 0)
(18.288586 11.122799 0)
(-0.53337052 0.67721497 0)
(-0.4462346 0.68762068 0)
(0.31009846 0.60603751 0)
(17.381182 -0.82593673 0)
(4.9224791 6.2497281 0)
(5.162588 -0.27434354 0)
(8.7497003 -9.8175351 0)
(8.718028 -10.249763 0)
(15.149716 -5.3854191 0)
(15.506322 -5.6396146 0)
(-1.6780787 8.5625825 0)
(-1.3831658 8.7437374 0)
(10.311887 -2.8502075 0)
(0.52195162 1.2110456 0)
(0.63375718 1.2197715 0)
(9.7641569 1.406411 0)
(16.839745 -9.1970172 0)
(16.80173 -9.6793527 0)
(0.82085878 -1.2744364 0)
(0.76205783 -1.3993284 0)
(0.60401112 -1.3977344 0)
(3.4888761 7.1299313 0)
(-8.8315581 7.1165624 0)
(-8.7639867 6.6129809 0)
(-8.3504485 6.4096765 0)
(-8.7262262 6.1568459 0)
(-8.316528 5.9572815 0)
(-8.7163649 5.7065623 0)
(-9.1470126 6.3808975 0)
(9.7667962 -0.31443062 0)
(-7.1705692 8.779755 0)
(-2.1830475 -0.01249202 0)
(2.2740223 1.8622106 0)
(1.6096349 4.1719029 0)
(4.2528324 10.322685 0)
(-0.65420169 9.2138284 0)
(-0.3109442 0.60758357 0)
(8.1466654 -5.8469806 0)
(8.4930525 -5.6700864 0)
(8.8337592 -5.8747501 0)
(0.6544364 -11.812868 0)
(0.31867616 -11.545067 0)
(-4.1295438 -12.656049 0)
(1.8456437 -1.750179 0)
(1.8078249 -1.932705 0)
(1.6270164 -1.9903463 0)
(1.7673179 -2.1228366 0)
(1.5823309 -2.1826503 0)
(1.1083362 8.105662 0)
(16.481914 4.8126484 0)
(-2.5072223 3.8742759 0)
(-2.7310421 4.0001665 0)
(-2.7381965 3.7439732 0)
(-3.014764 3.8417392 0)
(-2.9722554 3.5596882 0)
(15.792953 -12.283003 0)
(3.7997975 1.99114 0)
(-1.0634904 -8.2281405 0)
(-5.4674996 12.645239 0)
(-2.2994951 -1.6040136 0)
(-2.2436416 -1.3965107 0)
(-1.3781508 -12.716386 0)
(1.0560616 1.2224945 0)
(0.92050805 1.1790444 0)
(0.58217605 -0.33984171 0)
(0.65871735 -0.32232579 0)
(0.70894214 -0.3826365 0)
(0.74016209 -0.30525701 0)
(0.67677451 -0.23369271 0)
(0.76677504 -0.22435991 0)
(0.71395117 -0.15662546 0)
(0.79482909 -0.14294737 0)
(0.73933579 -0.078547853 0)
(0.82103579 -0.062164786 0)
(0.76568455 0.0037570657 0)
(0.85086 0.019239574 0)
(0.79222555 0.085447768 0)
(0.66905785 -0.089542829 0)
(0.71097857 0.066938952 0)
(0.73349322 0.1467151 0)
(0.66039419 0.1251966 0)
(0.67784091 0.20608123 0)
(0.75699564 0.22580014 0)
(0.70084806 0.2829746 0)
(0.83553038 -0.29456405 0)
(1.6420816 1.80451 0)
(-3.6259054 -7.759167 0)
(18.931441 -2.3024488 0)
(18.988984 -1.8402414 0)
(6.2039409 12.609254 0)
(8.48284 8.5385601 0)
(-8.6281191 3.4261086 0)
(17.280646 4.7639683 0)
(4.9532564 -4.7775596 0)
(4.7007595 -4.5904833 0)
(2.1034404 -8.7765228 0)
(16.944248 -1.4949491 0)
(5.6549952 -9.7055698 0)
(0.32822181 5.0258205 0)
(19.194113 -4.8976068 0)
(18.978559 7.7501431 0)
(-2.6306825 -0.80851151 0)
(-2.7104792 -0.99479492 0)
(-0.45078295 12.082818 0)
(0.19039143 -8.7104139 0)
(0.15589711 -9.0933005 0)
(4.3398218 13.326197 0)
(-3.5976564 10.149906 0)
(-3.6070943 10.572839 0)
(-3.9608298 10.781719 0)
(-3.615981 10.994166 0)
(19.177903 -12.470374 0)
(1.2021183 13.361679 0)
(1.2273155 13.829915 0)
(-5.0327929 9.6782471 0)
(-5.4218337 9.8731373 0)
(-5.4321269 10.313156 0)
(-5.813977 10.068039 0)
(19.047707 0.32639961 0)
(-8.4552618 -3.1417866 0)
(2.5254973 3.6526384 0)
(-5.1150779 4.7809436 0)
(-5.4089731 4.5919187 0)
(-5.7308407 4.7213367 0)
(9.5063734 1.9433104 0)
(-3.1327152 13.170465 0)
(-3.1819546 13.705784 0)
(-2.7546235 13.822913 0)
(-6.9108888 -10.088992 0)
(-6.9855522 -10.527792 0)
(16.400598 6.4538469 0)
(16.815013 6.6653421 0)
(-0.35788951 -4.6980876 0)
(-0.15947887 -4.9022375 0)
(6.5548566 -13.851139 0)
(6.9761612 -14.120538 0)
(19.113282 -6.6635396 0)
(9.1588348 8.5308388 0)
(9.5191436 8.7273263 0)
(1.8826782 10.637245 0)
(-0.65303157 1.1415362 0)
(11.010885 -3.2598151 0)
(5.231683 -5.2700505 0)
(5.2129589 -5.6036192 0)
(-0.91674596 3.0968667 0)
(0.49335382 0.47800129 0)
(0.57118699 0.48010633 0)
(0.53653183 0.41436403 0)
(0.6143831 0.41310419 0)
(0.57834893 0.34569408 0)
(0.65575625 0.47818317 0)
(1.8988509 1.5795329 0)
(-0.58742565 -1.5615683 0)
(-8.8318622 7.9212187 0)
(0.50746464 -13.533783 0)
(-5.1742592 -3.2546456 0)
(-5.1549991 -2.9112378 0)
(-4.8419014 -2.7598996 0)
(-5.1242333 -2.5579172 0)
(-4.8129945 -2.4108093 0)
(-5.0997376 -2.2077818 0)
(-5.4040991 -2.3759994 0)
(-5.3814608 -2.0060217 0)
(-5.0725148 -1.8636917 0)
(-0.24396938 5.1458239 0)
(-5.1728287 -4.2671776 0)
(-5.1877255 -4.6634121 0)
(18.288181 -6.1592769 0)
(18.719938 -5.9416426 0)
(-7.6314072 -2.3215951 0)
(16.649819 0.93143504 0)
(16.267429 1.1802797 0)
(-7.5854661 -1.4570517 0)
(1.0607335 6.5961212 0)
(1.046522 6.3186445 0)
(1.3054531 6.4411219 0)
(1.2950863 6.1585901 0)
(1.5502486 6.2812902 0)
(1.5385126 5.9976331 0)
(1.7939052 6.1229224 0)
(1.780624 5.8413195 0)
(2.0328335 5.9622918 0)
(2.0205266 5.683903 0)
(2.2721673 5.8055308 0)
(2.2577468 5.5251334 0)
(2.5089039 5.6480162 0)
(2.49549 5.3691945 0)
(2.7460805 5.4938546 0)
(2.7314336 5.2144071 0)
(2.9805264 5.3380749 0)
(2.9648199 5.0600011 0)
(3.2151074 5.1847151 0)
(3.197883 4.9068222 0)
(3.4503567 5.0318789 0)
(3.4312109 4.7534609 0)
(3.6832595 4.8772237 0)
(3.6632741 4.6012067 0)
(3.9127343 4.7223887 0)
(3.8949386 4.447449 0)
(4.1451481 4.568895 0)
(4.1286576 4.2912982 0)
(4.3785075 4.415064 0)
(4.3641665 4.1388434 0)
(2.7195615 4.9302912 0)
(4.6130025 4.2605731 0)
(3.4676173 5.31552 0)
(4.5961257 3.9793851 0)
(3.4000907 4.4833638 0)
(17.808899 0.15908288 0)
(9.2189065 11.581066 0)
(3.9320189 2.6740686 0)
(-9.2244461 -8.9299017 0)
(11.942902 0.93965586 0)
(5.3105547 1.3179856 0)
(5.2715465 1.0799447 0)
(6.7984924 -0.49083592 0)
(2.617707 1.1310056 0)
(-0.021963203 -0.68137386 0)
(-0.064066367 -0.74547949 0)
(-0.10195957 -0.67738001 0)
(-0.14271311 -0.74549262 0)
(-0.18243239 -0.67644391 0)
(-0.22289671 -0.74695726 0)
(-0.26422745 -0.66981015 0)
(-0.30587305 -0.74084108 0)
(-0.34191002 -0.66366309 0)
(-0.21531482 -0.59886358 0)
(-0.030451739 -0.81627826 0)
(1.7647255 3.2464868 0)
(10.721956 -0.91553412 0)
(-5.6905611 4.4054967 0)
(-6.0314294 4.5228251 0)
(-1.9007324 0.61274538 0)
(-1.7732807 0.4991092 0)
(3.225669 -3.2377249 0)
(3.0038628 -3.2655952 0)
(-3.8790331 7.928429 0)
(1.4183358 -0.033192007 0)
(1.4977984 -0.13837878 0)
(1.4383992 -0.26173908 0)
(1.576003 -0.25526176 0)
(1.5170563 -0.38182724 0)
(1.6610545 -0.37200638 0)
(1.5899071 -0.50172974 0)
(1.4504504 -0.51225097 0)
(1.5242477 -0.63462394 0)
(1.3840788 -0.64668576 0)
(1.4623372 -0.76973047 0)
(1.6241007 -0.74574898 0)
(1.3161797 -0.77169717 0)
(15.585857 -9.3122019 0)
(15.99301 -9.5813562 0)
(4.2353166 -10.74604 0)
(3.8749242 -10.930841 0)
(3.8776983 -10.538601 0)
(-1.10706 -13.888237 0)
(-1.5176987 -14.142269 0)
(13.307291 2.4107707 0)
(-3.8650414 0.23986094 0)
(-2.5671466 10.795432 0)
(-2.9533376 10.972702 0)
(0.31228128 -1.5038298 0)
(-0.68323024 0.084418124 0)
(-0.65262316 0.17350291 0)
(-1.0400676 2.5165627 0)
(-4.621128 -6.1284107 0)
(3.0767177 -1.9123647 0)
(2.8601758 -1.9801459 0)
(1.3714869 -1.0968333 0)
(1.3391449 -1.2724939 0)
(-0.65509209 2.6544375 0)
(-6.5261676 9.6083269 0)
(17.014856 0.24874768 0)
(1.5229998 5.7120012 0)
(-1.1975488 1.0613951 0)
(3.1900844 0.88632231 0)
(-6.0299435 -9.2093211 0)
(5.2333075 3.2428104 0)
(2.2752787 -2.1866852 0)
(1.7259838 -12.346351 0)
(-0.30622068 0.88916898 0)
(1.2257265 2.1638154 0)
(6.955901 -2.1104848 0)
(0.099723734 -0.61493058 0)
(-1.071441 8.1865595 0)
(-1.1292173 7.8415935 0)
(3.0981843 -11.781907 0)
(-7.6659845 -2.7509316 0)
(-4.0713409 0.41123734 0)
(0.89519641 0.10863894 0)
(-3.0073555 2.3303652 0)
(-1.9212951 1.215049 0)
(2.7410403 -0.10272878 0)
(18.612699 -0.62951525 0)
(-6.9819933 -5.1553394 0)
(8.2216722 -14.010379 0)
(8.58493 -14.239119 0)
(10.929452 -4.0450185 0)
(10.573202 -4.2164791 0)
(11.28459 -3.8663221 0)
(-1.8606505 -13.36245 0)
(1.0730908 -1.2749204 0)
(0.89811843 -1.4039103 0)
(2.014657 5.3912634 0)
(-0.76303704 -8.7917961 0)
(-0.47237577 -9.0432862 0)
(1.4992128 -9.1161933 0)
(17.200085 -9.9520427 0)
(13.674082 7.3106712 0)
(13.302103 7.5567983 0)
(15.152833 -5.8347167 0)
(15.494633 -6.0900424 0)
(-0.26434488 -0.82519661 0)
(-0.57189192 0.37091897 0)
(-5.7757662 9.6465735 0)
(-0.30328034 -14.013689 0)
(0.076242034 -14.235116 0)
(13.318171 7.9620743 0)
(2.5695864 -12.392686 0)
(8.5398362 9.7676821 0)
(1.282341 0.53112616 0)
(2.3048108 6.1097579 0)
(2.7468008 11.516325 0)
(16.746763 -10.127558 0)
(-3.3322555 3.7782708 0)
(0.70440737 -11.362443 0)
(-5.3525428 -1.6528787 0)
(-0.16876645 1.451265 0)
(6.601734 -3.844644 0)
(-0.72817965 -0.2061363 0)
(-0.6654235 -0.26701524 0)
(-0.68520137 -0.35047328 0)
(-0.60703208 -0.32249061 0)
(-0.61824015 -0.40420147 0)
(-0.69613524 -0.43240193 0)
(-0.63040436 -0.48578633 0)
(-0.5526195 -0.45711575 0)
(-0.56427289 -0.53873612 0)
(-0.4895873 -0.50882378 0)
(-0.49935205 -0.59039329 0)
(-0.47664349 -0.42376985 0)
(-0.42979477 -0.55644227 0)
(-0.59120131 -0.24433336 0)
(14.367168 1.6581925 0)
(14.878256 -13.219811 0)
(14.852451 -13.716275 0)
(19.248447 3.475974 0)
(-4.9355321 -5.6835731 0)
(-1.6037642 4.89877 0)
(1.3155548 -11.829075 0)
(-2.7019663 2.084222 0)
(0.784454 0.30427241 0)
(0.69815989 0.41323494 0)
(2.7918851 1.1893516 0)
(-8.934732 -7.0726437 0)
(1.8386758 8.3377208 0)
(3.4730233 -7.4186016 0)
(-2.0370687 4.654484 0)
(-8.8599616 -3.3496261 0)
(9.8099448 6.8921441 0)
(0.35645841 -0.49678468 0)
(2.231138 3.1018902 0)
(1.7253409 -2.3100207 0)
(1.5326817 -2.3674921 0)
(1.3902997 -2.23939 0)
(1.3409773 -2.4275545 0)
(1.1979928 -2.2994433 0)
(1.1491588 -2.4848948 0)
(1.0065018 -2.3573131 0)
(0.9599194 -2.5492643 0)
(0.81352031 -2.4158029 0)
(0.76809609 -2.6074034 0)
(0.62227409 -2.4743035 0)
(0.57319151 -2.6621342 0)
(0.42897355 -2.5309871 0)
(0.37827505 -2.7226002 0)
(0.23753516 -2.5897743 0)
(0.18072027 -2.782062 0)
(0.036750043 -2.6383394 0)
(0.91254082 -2.7407921 0)
(-0.37459746 -0.80522856 0)
(-5.8499768 13.372372 0)
(-4.3426223 -0.25128264 0)
(-4.582428 -0.099229999 0)
(1.9018916 -2.2505175 0)
(0.31363264 -0.55931045 0)
(18.908372 -9.6185781 0)
(-1.1974218 1.4553285 0)
(-1.0549874 1.4875452 0)
(-8.2907321 3.2378714 0)
(-2.9406622 2.8170693 0)
(0.52406854 11.458149 0)
(1.1911084 1.2142429 0)
(3.4331565 -2.2081884 0)
(-2.0757576 0.18972142 0)
(-1.9130357 0.27084857 0)
(-1.1289938 1.6076944 0)
(10.245381 -13.86218 0)
(10.684968 -13.665882 0)
(10.715917 -13.194896 0)
(11.11162 -13.469729 0)
(11.077102 -13.910292 0)
(11.540331 -13.782017 0)
(9.8146138 -14.059403 0)
(4.9701427 -4.4453533 0)
(4.7204988 -4.2698657 0)
(4.439487 -4.415442 0)
(4.9904752 -4.1267655 0)
(4.7392347 -3.954297 0)
(-5.8831507 13.850482 0)
(1.081412 2.2739554 0)
(9.3689209 13.429722 0)
(9.4323018 13.889573 0)
(1.7207522 -0.24764555 0)
(1.8124448 -0.36255712 0)
(1.8780979 -0.23128231 0)
(4.6314109 4.5437246 0)
(0.14831389 5.173413 0)
(-8.9634343 9.3857036 0)
(-7.9669964 6.2099795 0)
(-7.9042487 5.6813688 0)
(7.1190007 -7.8244527 0)
(6.7856585 -7.6147535 0)
(18.450389 6.0706354 0)
(8.1709771 -5.10414 0)
(-9.2367275 -6.2841654 0)
(6.8263521 1.1560441 0)
(9.0716868 -10.504713 0)
(7.5103768 -2.4807627 0)
(7.790206 -2.6835299 0)
(19.10525 0.74339004 0)
(-0.9900728 0.16639394 0)
(-1.0738117 0.24358506 0)
(6.9289747 -1.4841093 0)
(-7.9972937 0.98392041 0)
(1.9989673 -13.929009 0)
(2.3920558 -14.209974 0)
(2.7922615 -14.011358 0)
(-0.4355723 1.7936707 0)
(-0.58806921 1.7685291 0)
(-7.1932477 -14.004381 0)
(-7.6191289 -14.205091 0)
(18.028449 -10.174519 0)
(-7.7069401 -5.6382961 0)
(19.095465 -8.5995797 0)
(6.8604585 0.49415707 0)
(-3.6725031 7.2174425 0)
(14.105981 8.3783538 0)
(-0.96512634 9.0567522 0)
(19.057697 -7.6405629 0)
(19.082415 -0.91821451 0)
(-4.2138109 5.0046584 0)
(7.3045047 -1.1809916 0)
(-2.3923067 -0.057448206 0)
(1.9035722 11.062602 0)
(5.3087245 0.18542968 0)
(5.3380609 0.48474607 0)
(5.1260426 0.65872613 0)
(6.6528539 -1.9397551 0)
(-0.62387924 0.66788113 0)
(-3.9889545 11.216913 0)
(-0.18645072 4.6441053 0)
(-8.9738715 -10.077923 0)
(-0.3307187 -0.91104047 0)
(-9.053411 10.372185 0)
(-5.3161933 -0.13875927 0)
(-3.8409264 -6.7907349 0)
(-3.2069919 7.7357194 0)
(-1.6289652 0.55596451 0)
(2.3257193 7.8076281 0)
(15.320086 -7.6629742 0)
(15.737093 -7.4589144 0)
(15.347408 -7.1834796 0)
(-5.9797626 1.1548016 0)
(-6.0106658 1.5451956 0)
(-5.7124777 1.3744354 0)
(-5.7191441 1.7111074 0)
(-5.4298988 1.5470245 0)
(-5.4319851 1.8726011 0)
(-5.1542459 1.7144493 0)
(-5.155202 2.0306365 0)
(-4.886012 1.8757485 0)
(-4.887642 2.1853802 0)
(-5.1543225 2.3420736 0)
(-4.8873217 2.4945067 0)
(-4.6248162 2.3396849 0)
(-4.6243129 2.6418989 0)
(-5.7263345 2.0646863 0)
(-5.1509355 2.6465832 0)
(-5.4289285 1.2306863 0)
(-5.4251773 2.4975718 0)
(4.7542303 -13.964518 0)
(4.3670663 -13.674667 0)
(4.3283399 -14.166358 0)
(3.9357148 -13.878003 0)
(3.9451994 -14.392985 0)
(2.6225838 -1.2599098 0)
(-5.6508229 -0.54349551 0)
(-4.8830721 1.5629541 0)
(-4.6317276 1.7317846 0)
(1.8661683 2.2146698 0)
(-1.4452609 1.1678108 0)
(-1.5264252 1.3247217 0)
(-0.77616243 1.5860327 0)
(6.8576662 3.3949264 0)
(7.1444335 3.5370701 0)
(-4.3854162 2.5087379 0)
(-4.3822705 2.7907327 0)
(-4.6178806 2.9356199 0)
(-4.3577962 3.0638976 0)
(-4.3367559 2.2060861 0)
(19.295484 6.5014754 0)
(-2.5477896 -1.1840318 0)
(4.9434554 -10.810552 0)
(5.3256946 -11.054527 0)
(0.92151352 -0.05890625 0)
(-2.5885057 6.38005 0)
(-2.3151433 6.1888325 0)
(-2.0369063 6.3696454 0)
(-2.8611543 6.5664378 0)
(-2.1963373 2.0276335 0)
(2.4937348 -1.0792761 0)
(0.3577834 0.77777373 0)
(11.02357 -10.563476 0)
(11.42482 -10.329656 0)
(-3.1822357 1.687785 0)
(5.5023241 2.0001598 0)
(-5.9602466 4.1454457 0)
(-6.3215433 4.3094753 0)
(3.8798511 4.1681997 0)
(-0.35666297 -0.44264452 0)
(-0.52397637 0.23444227 0)
(0.56975207 -0.018502735 0)
(0.032018566 0.56495973 0)
(0.11184419 0.56716916 0)
(0.55610209 -0.14863773 0)
(0.3696204 0.43093723 0)
(-0.12701905 -0.55766815 0)
(15.187542 -9.0259663 0)
(-8.4652945 -5.5581638 0)
(-8.8336007 -5.2879012 0)
(-6.276688 14.060862 0)
(-8.9706773 -0.40642362 0)
(-8.8567903 0.059609599 0)
(-9.1212206 -0.87654992 0)
(-2.356267 -1.8350809 0)
(-7.0185419 0.70483396 0)
(0.47403559 0.28800768 0)
(-0.14448431 0.87786962 0)
(10.519131 7.2499463 0)
(-7.4240674 -10.75519 0)
(-4.2948618 -14.073785 0)
(-4.7047183 -13.812599 0)
(-3.9373639 -14.36296 0)
(-3.9394979 5.2328537 0)
(-0.57438863 -0.048248158 0)
(-0.63304351 0.015226335 0)
(-0.55384548 0.14386135 0)
(15.304244 9.0708884 0)
(15.699557 8.8100157 0)
(15.72207 9.2914284 0)
(16.115395 9.0267349 0)
(0.54172463 0.13064738 0)
(-0.95074708 0.60673773 0)
(11.824959 -10.091569 0)
(11.842735 -9.6020235 0)
(12.227535 -9.8702537 0)
(12.24819 -9.402515 0)
(5.9629689 -12.86814 0)
(0.4744352 -0.28872411 0)
(-5.6779857 -0.84781426 0)
(-3.9203485 -10.792305 0)
(10.190891 -11.424924 0)
(2.6495015 -0.49823316 0)
(19.367311 -2.0948436 0)
(2.1684101 1.3190837 0)
(-6.007136 -8.7268584 0)
(-7.6151696 3.6446416 0)
(6.2866359 -3.6466601 0)
(2.5682183 2.8200327 0)
(11.599633 10.082092 0)
(-0.018133307 -2.8244212 0)
(0.84171265 -1.5255057 0)
(0.50566154 7.1752103 0)
(-2.7103096 3.5125211 0)
(-2.921867 3.3026154 0)
(-0.81179081 -9.2476903 0)
(-1.9542999 -0.99145484 0)
(-1.9189751 2.7630819 0)
(-0.36604808 0.42930224 0)
(-0.36454208 0.50400265 0)
(-1.43076 2.3286602 0)
(-9.4151817 9.0880251 0)
(-0.42500986 0.37144208 0)
(-4.5502593 0.21217786 0)
(-5.1676388 -3.9145211 0)
(19.153118 1.6824154 0)
(19.180624 2.1353042 0)
(-0.49956681 0.76431066 0)
(1.3879659 -0.91922945 0)
(-0.045036763 11.892922 0)
(9.4567716 6.6655159 0)
(-0.99811777 1.6267983 0)
(-5.4976498 -3.0567638 0)
(3.350258 0.7470595 0)
(3.3299995 0.54498829 0)
(3.5160465 0.64326201 0)
(0.39353086 -0.66564912 0)
(-0.42048947 -4.9786835 0)
(7.4021896 2.0926921 0)
(10.914075 3.1846276 0)
(10.548684 3.4130119 0)
(19.005221 5.6614241 0)
(-0.58028756 -0.6220983 0)
(10.197622 -10.813239 0)
(0.29805436 0.69625707 0)
(-3.2033896 2.4811663 0)
(5.4291594 0.80674715 0)
(16.135529 9.5146467 0)
(6.573904 3.2526105 0)
(12.711717 -6.1714838 0)
(13.08426 -6.3938486 0)
(12.34179 -5.9349909 0)
(13.048063 -6.7897553 0)
(1.1644364 -9.3153125 0)
(11.217259 10.320267 0)
(-0.21333771 0.51515521 0)
(-5.5459784 -4.8382652 0)
(4.1683014 4.8489225 0)
(12.635082 -9.6640214 0)
(12.652553 -9.2018602 0)
(13.038831 -9.4571612 0)
(-0.65484445 0.34812536 0)
(-0.59127105 0.29113709 0)
(-0.66255623 0.26235723 0)
(4.9588372 9.8689128 0)
(-1.7406191 1.3022788 0)
(-7.075846 14.134932 0)
(-7.528108 14.240652 0)
(-7.9613719 14.109643 0)
(-2.2789033 3.7264009 0)
(-1.1442619 5.1571154 0)
(6.213168 -13.602062 0)
(-0.018042828 0.63311984 0)
(15.443208 13.951381 0)
(14.995908 13.738438 0)
(-2.4991216 4.3923641 0)
(19.442626 -8.9582905 0)
(18.470268 -9.9044828 0)
(18.840218 -10.194427 0)
(-0.84002828 4.2703062 0)
(4.6043038 1.7940029 0)
(-4.6696259 10.787224 0)
(11.092627 1.0914802 0)
(0.18506017 0.68542782 0)
(0.4908498 -9.2780363 0)
(0.21928374 -9.4711016 0)
(5.4846892 -5.4614522 0)
(5.4961465 -5.7939451 0)
(1.6723992 -0.99551079 0)
(-4.5893303 -9.3419694 0)
(2.9395062 0.17476908 0)
(3.1336643 0.24656495 0)
(3.2993394 0.10803655 0)
(2.7684982 0.29587881 0)
(4.2240106 -2.807189 0)
(4.4700003 -2.7228844 0)
(4.5298712 -2.4630221 0)
(6.270395 13.99238 0)
(6.6494853 13.743098 0)
(6.6864011 14.218329 0)
(7.0854791 13.963764 0)
(1.3028423 -0.52333103 0)
(-1.3020967 -8.5745817 0)
(-1.6262025 -8.3572735 0)
(-0.19980859 4.3780431 0)
(-0.012775745 4.1865166 0)
(-2.807541 -1.1955652 0)
(-2.3378671 -8.6867899 0)
(0.86595347 -13.177942 0)
(9.8100759 -10.966538 0)
(10.9156 7.8502383 0)
(10.927654 8.2773132 0)
(-0.97044506 9.407561 0)
(-1.2578967 9.2709518 0)
(-0.011399907 1.0269313 0)
(14.856349 -7.8234259 0)
(3.5164226 -14.153848 0)
(-6.3079065 3.952233 0)
(-6.638327 4.1127034 0)
(0.59735491 -0.20653534 0)
(15.267536 -14.000896 0)
(14.822151 -14.204845 0)
(14.432952 -13.914429 0)
(15.697721 -14.266057 0)
(15.968976 6.244867 0)
(15.608494 6.5155102 0)
(-3.1867643 6.996832 0)
(8.6938344 -7.4501989 0)
(2.7334518 5.7911541 0)
(1.2633521 -2.1030046 0)
(-5.7895029 5.4445739 0)
(-5.8242465 5.8148221 0)
(14.902441 9.3480039 0)
(11.546853 0.81193505 0)
(-0.87206709 1.2321748 0)
(11.286234 7.6232449 0)
(15.904943 -5.4873211 0)
(0.84241654 -2.232631 0)
(13.423334 -6.6312412 0)
(13.446029 -6.2781402 0)
(-1.6603482 1.4433718 0)
(5.167172 -1.801214 0)
(5.0973481 -2.0795218 0)
(5.2263076 -1.5375714 0)
(4.8439216 -2.1534532 0)
(5.049561 -2.36533 0)
(5.290976 -2.2601482 0)
(0.45529172 -1.4553477 0)
(0.42698388 -1.6156687 0)
(6.6065175 0.96270068 0)
(6.7968297 1.4834207 0)
(-3.1370057 -2.2263167 0)
(-2.9108129 -2.3467961 0)
(2.1900571 3.9523703 0)
(0.66075708 -0.54200997 0)
(0.73165834 -0.61435133 0)
(7.0725631 14.438527 0)
(1.2583791 -1.0009898 0)
(1.8500263 -0.025025358 0)
(5.7606601 9.0271118 0)
(5.0305148 4.2661117 0)
(0.12194384 1.0464232 0)
(7.8931879 -0.91916934 0)
(-8.2061042 -10.65703 0)
(-8.6746111 -10.889957 0)
(-9.0114227 -11.228955 0)
(-8.9048582 -11.706399 0)
(14.070714 10.883501 0)
(-4.5256818 -2.6199848 0)
(-0.79539817 -0.54668235 0)
(-9.165239 2.9450741 0)
(-6.3210782 4.6834952 0)
(0.69227462 -0.015419754 0)
(-0.19145819 -1.7370613 0)
(-0.36366422 -1.7820238 0)
(-7.2188833 9.2200339 0)
(5.6138818 0.53133995 0)
(5.0538306 1.9765862 0)
(1.1144349 0.76143222 0)
(7.7214419 3.8053526 0)
(7.9923377 3.9628642 0)
(13.065016 -9.0093017 0)
(12.681247 -8.7528821 0)
(13.082052 -8.5480022 0)
(12.708046 -8.2999059 0)
(13.097706 -8.053137 0)
(8.7692938 -9.3978855 0)
(8.4075862 -9.5637137 0)
(-9.2020242 -2.6379753 0)
(2.6737614 -8.8484499 0)
(19.081988 -0.47500834 0)
(-0.78500928 0.78081753 0)
(19.175505 -5.3482439 0)
(-1.0844267 0.58645661 0)
(0.8748727 -0.39610428 0)
(-0.33668152 0.77776563 0)
(5.0560049 -3.7951906 0)
(5.2853896 -3.9830336 0)
(-3.4837856 7.5347528 0)
(-4.4309225 -7.1302952 0)
(-1.2447217 -0.40646381 0)
(-1.1940958 -0.27937615 0)
(-1.2775726 -0.14848758 0)
(-1.2563252 0.014778058 0)
(-1.1288256 0.048776518 0)
(-1.1415291 -0.073945016 0)
(1.447726 4.3145904 0)
(11.188838 -12.989111 0)
(13.673625 2.5604405 0)
(-2.7359321 5.6924722 0)
(-3.0427506 5.4700926 0)
(-0.13231785 0.54976136 0)
(0.62748274 0.27470203 0)
(0.049875331 1.6092563 0)
(-1.208251 -0.80582318 0)
(-1.2428228 -0.97648415 0)
(-1.097707 -1.0659601 0)
(-1.1366688 -1.2629186 0)
(-0.98154352 -1.1937902 0)
(-1.0015945 -1.3530274 0)
(-0.82864677 -1.2962292 0)
(-0.9267425 -1.0408734 0)
(0.57835401 0.63008608 0)
(5.7617498 10.66109 0)
(-7.2504904 3.8417143 0)
(-7.1587963 4.2353583 0)
(-0.37743376 3.1301224 0)
(-0.21610564 2.9934681 0)
(-0.44635184 3.3293644 0)
(-0.28593799 2.7973816 0)
(-0.060935154 3.1383245 0)
(0.76546964 0.53679464 0)
(2.8943397 2.535274 0)
(6.4619507 2.9753405 0)
(6.1761419 2.9883889 0)
(5.9810153 2.8027573 0)
(5.8998876 3.0670642 0)
(6.0871612 3.273654 0)
(-0.62907307 -0.11527019 0)
(-0.42345324 -0.64977238 0)
(0.30392126 -2.9199859 0)
(1.0416272 -0.058135264 0)
(3.7466955 2.8230769 0)
(-2.7978917 -0.03614515 0)
(-2.5863601 0.069183966 0)
(-3.0609905 -1.1712673 0)
(2.070212 0.14295937 0)
(0.15073049 2.1775642 0)
(0.10631594 1.9953612 0)
(-3.1663372 -6.8630482 0)
(1.8809144 -2.4459407 0)
(-4.8159731 4.9858885 0)
(0.70443317 -0.72067327 0)
(-4.8339406 -4.4684159 0)
(0.41991946 1.955124 0)
(3.5887997 -2.6010876 0)
(-2.1008848 1.1003019 0)
(1.4817653 -2.5700217 0)
(-1.3587291 1.4393544 0)
(-2.6830633 -2.2078802 0)
(-2.5897467 -1.9660879 0)
(7.247001 10.602924 0)
(7.2289487 10.185516 0)
(0.39767187 1.8019947 0)
(-2.7512565 0.43559284 0)
(2.5548101 1.6262853 0)
(0.68295915 1.739986 0)
(-5.6741708 -1.8017924 0)
(1.3712532 0.41423342 0)
(0.93665354 1.5503661 0)
(0.91698972 1.4132911 0)
(-0.051283601 -3.2109197 0)
(3.5300871 0.1313555 0)
(-1.8393394 -4.1838619 0)
(-1.5700753 -4.057805 0)
(-1.3272058 -4.2201346 0)
(-1.3079161 -3.9384378 0)
(-1.0693559 -4.0961869 0)
(-1.0558056 -3.8190288 0)
(-1.0643424 -4.3971806 0)
(-0.83426175 -3.9647168 0)
(-1.5526028 -3.7766365 0)
(-0.81857544 -3.6961949 0)
(-1.0402456 -3.5319475 0)
(-0.75661145 -3.4351246 0)
(1.8934938 -0.74424208 0)
(1.7765127 -0.63241336 0)
(1.2942304 -1.4431531 0)
(-0.26202155 0.99299666 0)
(3.2912793 -1.0383821 0)
(7.0948174 3.162348 0)
(-5.8110064 10.534126 0)
(-1.8124483 -3.8925996 0)
(-2.0552448 -3.7154904 0)
(-2.3336043 -3.8324788 0)
(-2.3029939 -3.5361138 0)
(-2.5111966 -3.3002662 0)
(-2.2196406 -3.2437423 0)
(-2.8203521 -3.4469299 0)
(-2.7757049 -3.1475781 0)
(-3.0221424 -2.974507 0)
(-2.7548713 -2.8375985 0)
(-2.9837849 -2.6841137 0)
(-3.2473899 -2.7812904 0)
(15.040049 -6.8680488 0)
(15.437872 -6.7608434 0)
(-3.0566273 -0.63445614 0)
(0.88189587 0.34890333 0)
(-4.2336832 8.1147651 0)
(-2.4368441 -0.28944161 0)
(-7.5563334 6.004264 0)
(-0.19221511 2.0705659 0)
(1.978981 7.9907867 0)
(1.9774659 7.6500664 0)
(2.5136704 7.4954203 0)
(2.6476766 7.2300746 0)
(0.38893597 0.88208745 0)
(-5.2587372 -5.9462191 0)
(-4.8550781 3.359192 0)
(-3.7538501 3.9578973 0)
(4.7388084 2.3048108 0)
(4.5455041 2.4608042 0)
(11.45351 -9.3462557 0)
(5.1369801 -14.250349 0)
(5.5652329 -14.551854 0)
(8.2914896 -12.578548 0)
(7.281397 5.4996914 0)
(-1.1005203 -0.38423482 0)
(-4.2921616 3.6690738 0)
(-4.0590153 3.5035421 0)
(-3.2183288 4.2847933 0)
(5.5149782 -1.4459399 0)
(-5.4073838 3.0251304 0)
(3.8487637 -3.2373836 0)
(3.8146207 -2.9771235 0)
(-7.6443742 2.0460226 0)
(-4.5178017 4.8210998 0)
(-0.30524527 -0.5989959 0)
(2.6936353 -0.30142341 0)
(-0.84920872 2.5802121 0)
(13.443275 -9.7097809 0)
(12.930132 7.7723347 0)
(12.944869 8.2093081 0)
(12.899126 7.3349703 0)
(1.0097582 0.15214831 0)
(1.8151118 -1.0972791 0)
(2.7986684 -2.20664 0)
(2.6521221 -2.051957 0)
(3.3449121 -3.4861469 0)
(-1.2162494 2.392642 0)
(0.12444626 -1.8032565 0)
(0.15747269 -1.6627567 0)
(-0.0086533079 -1.683005 0)
(3.3595127 0.32686719 0)
(1.7733903 1.6963593 0)
(1.3533527 4.69967 0)
(-0.46976614 2.7345404 0)
(1.8024882 4.4234528 0)
(2.8461895 -3.7596428 0)
(2.6205818 -3.614053 0)
(2.3826727 -3.7295846 0)
(2.4046612 -3.470559 0)
(2.1734386 -3.579597 0)
(2.6237452 -3.368098 0)
(2.1479252 -3.8319606 0)
(1.9436952 -3.6841149 0)
(1.9420357 -3.403809 0)
(1.7294068 -3.5554242 0)
(1.7144595 -3.7894348 0)
(1.5110974 -3.6619472 0)
(1.4943926 -3.8832041 0)
(1.2921477 -3.7584868 0)
(1.2752801 -4.0181112 0)
(1.0707408 -3.8594721 0)
(1.029531 -4.0949855 0)
(0.84205589 -3.951353 0)
(0.79590841 -4.2011367 0)
(0.6106371 -4.0493096 0)
(1.0063214 -4.3540641 0)
(0.59390173 -4.3090912 0)
(1.691496 -4.035731 0)
(-0.73137249 -1.4610145 0)
(2.5499717 -0.90085776 0)
(2.5908038 -0.69162817 0)
(0.46848394 -1.3156434 0)
(0.93381483 4.9853318 0)
(-1.0629304 -4.7003315 0)
(-0.81546048 -4.5793718 0)
(-0.78368436 -4.2671232 0)
(3.3801621 -8.5229993 0)
(8.8424898 -5.4809727 0)
(9.177634 -5.6827947 0)
(-1.6170805 -2.5899794 0)
(-1.5651807 -2.3567937 0)
(-1.7272674 -2.1988353 0)
(-1.5198632 -2.1342489 0)
(-1.3510675 -2.2831803 0)
(1.5804353 6.5488543 0)
(2.1346332 0.4874143 0)
(1.955019 0.44145114 0)
(6.436989 -7.7940635 0)
(-4.6209314 2.0362002 0)
(-4.3547066 1.9018989 0)
(-4.1210018 1.7212787 0)
(5.3667115 10.049987 0)
(5.0066952 9.4481575 0)
(5.6078142 -0.2569202 0)
(-4.6540749 -10.267143 0)
(-4.2771726 -10.070535 0)
(2.6493969 3.8705515 0)
(-0.5478788 -0.37577431 0)
(7.5648868 -1.4159422 0)
(-1.9645329 -2.260413 0)
(12.628675 -10.149797 0)
(11.914244 3.3057718 0)
(11.565012 3.130196 0)
(-6.0753213 -3.204895 0)
(-6.3266901 2.4597936 0)
(-6.0261984 2.2634553 0)
(-6.0174358 2.6303596 0)
(-2.0093475 -1.1888342 0)
(-3.3768824 -3.0507153 0)
(-2.7216194 -2.567501 0)
(-0.5430882 1.9299099 0)
(14.093148 11.355622 0)
(4.5480063 -0.051005868 0)
(4.2914916 -0.14351986 0)
(-2.0048866 2.1076212 0)
(0.22700476 7.3282784 0)
(-0.064927698 7.1745721 0)
(-0.042039056 6.8545644 0)
(-0.36357253 6.7132787 0)
(-2.3457453 0.82401347 0)
(-0.93032483 5.5604956 0)
(5.7185603 1.2283822 0)
(-2.4561938 -0.49371549 0)
(-1.8162136 2.183444 0)
(-1.6204012 2.2540821 0)
(-5.4406226 -3.6525147 0)
(17.858218 -6.3887693 0)
(16.536346 9.2374456 0)
(-1.0128642 3.3939115 0)
(0.29216908 0.4779778 0)
(2.4055093 2.9545285 0)
(-6.9400184 3.6111698 0)
(5.5784603 -0.85939887 0)
(1.6491548 2.646581 0)
(6.1371902 -14.062531 0)
(5.8055587 3.3300321 0)
(-7.6236973 -1.8869592 0)
(-7.2330094 -1.7087578 0)
(2.0068081 1.4328724 0)
(-6.3234875 1.7265958 0)
(-9.5824689 -0.7466355 0)
(-9.4825903 -1.7223737 0)
(-9.152539 -1.9930023 0)
(-2.4090896 -5.8494361 0)
(-2.3872019 -5.5031233 0)
(-2.6714954 -5.3053822 0)
(-2.3958646 -5.1426266 0)
(-2.0987705 -5.6985406 0)
(-1.8031237 -5.8814115 0)
(-1.7871381 -5.5382903 0)
(-2.99014 -5.4464436 0)
(-2.9575085 -5.1039644 0)
(-3.283034 -5.2415026 0)
(-3.2466815 -4.8940772 0)
(-3.5275142 -4.6811994 0)
(-3.8733075 -4.8213046 0)
(-3.8128133 -4.5016286 0)
(-1.3925284 -2.5101833 0)
(-1.1832553 -2.423983 0)
(-1.1595771 -2.1921504 0)
(-1.4324582 -2.7602353 0)
(-5.1610984 1.3860003 0)
(14.084016 10.401685 0)
(4.419177 -4.7329816 0)
(4.154939 -4.5587211 0)
(3.8777902 -4.6948657 0)
(4.1778717 -4.1923506 0)
(3.8467807 -5.0126697 0)
(3.5610428 -5.1524763 0)
(3.5325032 -5.4636011 0)
(3.2784764 -5.2814693 0)
(3.2489357 -5.5897801 0)
(2.9949144 -5.4082687 0)
(2.9658436 -5.7162166 0)
(2.7129516 -5.5343462 0)
(2.6704627 -5.859203 0)
(2.4259779 -5.6642211 0)
(3.0234559 -5.1027444 0)
(2.3982153 -5.9706579 0)
(2.1440191 -5.7891196 0)
(2.0922963 -6.1117171 0)
(1.853947 -5.9180703 0)
(1.8142301 -6.2310317 0)
(1.5688996 -6.0434235 0)
(2.1739496 -5.4823149 0)
(1.5333319 -6.3616858 0)
(1.2740271 -6.1730406 0)
(1.2407367 -6.4950342 0)
(0.98504594 -6.2957989 0)
(0.90947436 -6.6287424 0)
(2.9081726 -6.0706034 0)
(1.6045927 -5.7378021 0)
(1.0200599 -5.993032 0)
(0.72291217 -6.1224241 0)
(1.7963443 -6.549927 0)
(0.76033819 -5.8457109 0)
(1.2239684 -6.8209335 0)
(3.5893705 -4.8378603 0)
(3.5027554 -5.7891984 0)
(3.5841821 -4.5239325 0)
(3.310996 -4.6594933 0)
(3.8505472 -4.3389776 0)
(3.1674571 -6.2684098 0)
(2.8580388 -6.4230312 0)
(-4.4933038 -2.2891847 0)
(-4.7923122 -2.0829342 0)
(-4.4689347 -1.9420211 0)
(-0.30885441 1.4292135 0)
(1.5059499 1.9192449 0)
(1.3679673 2.0465563 0)
(-9.5952614 -5.2613938 0)
(-9.5713822 5.2436813 0)
(-9.1521876 4.9999167 0)
(-9.1368189 5.4671132 0)
(-6.2191167 5.8697453 0)
(-6.2719649 6.3093793 0)
(2.4190919 -3.2228849 0)
(2.196806 -3.3119538 0)
(3.3953982 -0.35148527 0)
(0.94087372 -0.27814307 0)
(10.429146 11.730141 0)
(10.428843 11.261621 0)
(6.7154561 6.1788007 0)
(7.4741503 -8.0437828 0)
(1.0767166 7.1506652 0)
(6.3933389 6.0182454 0)
(2.1606961 6.4416013 0)
(5.4677839 7.6765318 0)
(5.1801509 7.4800827 0)
(4.830674 7.686803 0)
(6.1098058 7.2782336 0)
(5.8031713 7.1012507 0)
(-2.0276217 6.6948201 0)
(-1.7434916 6.5390887 0)
(-1.7658414 6.207501 0)
(-1.7339137 6.8713373 0)
(3.0978332 3.6132346 0)
(2.8845826 3.5296029 0)
(3.3088765 3.4775348 0)
(3.2929419 3.2171214 0)
(16.547159 9.7869749 0)
(0.85053392 0.24831816 0)
(3.7778849 6.960045 0)
(2.232706 5.1988544 0)
(3.4809889 5.6124882 0)
(2.1724928 8.5209912 0)
(-2.9475283 -4.753922 0)
(0.1416789 -1.0570674 0)
(0.46502783 5.2450175 0)
(8.5236906 -5.2803114 0)
(2.7307537 2.6730542 0)
(0.79748474 1.4910007 0)
(0.7921722 1.3489754 0)
(1.4487951 -1.3874694 0)
(11.327563 8.4837708 0)
(2.9485455 4.7836855 0)
(3.1751858 4.6336075 0)
(3.1956354 7.3197946 0)
(5.2118519 6.0735344 0)
(5.19717 5.7318682 0)
(5.5261537 5.5327247 0)
(5.7993404 5.6942071 0)
(6.0944976 5.5167618 0)
(12.407893 10.505572 0)
(12.384193 10.051973 0)
(0.61766789 -7.4471394 0)
(0.64714657 -7.110383 0)
(0.37161608 -6.8914036 0)
(0.5680009 -6.6162416 0)
(2.8135173 -1.4041813 0)
(2.7685616 -1.6191754 0)
(-4.2689325 6.076496 0)
(-3.9447898 5.9206614 0)
(-3.9422401 5.5617581 0)
(-3.6563496 5.4054059 0)
(-3.3574775 5.6200207 0)
(-0.54833296 3.5286433 0)
(-8.0028665 6.6643663 0)
(-7.6116903 6.8961812 0)
(-7.6443125 7.3911575 0)
(-7.3186336 7.6420238 0)
(-7.295839 8.0980837 0)
(-7.7064462 8.2937649 0)
(-7.7363709 8.7550428 0)
(1.2861787 5.8672214 0)
(-7.3241157 -5.3911284 0)
(-6.0328546 -2.3883194 0)
(-5.7117081 -2.6301244 0)
(0.97266086 0.03778058 0)
(-1.6044654 4.1356285 0)
(-1.5712664 3.9173717 0)
(-1.3857618 4.2664333 0)
(-1.1880315 4.11743 0)
(-5.9232888 -5.021695 0)
(2.1150239 -12.564934 0)
(4.4527744 -0.57173819 0)
(4.2116615 -0.68481274 0)
(1.8937073 -5.6148701 0)
(1.915885 -5.2921689 0)
(2.2051348 -5.1805685 0)
(2.4513798 -5.3541426 0)
(2.738654 -5.2290589 0)
(2.7718592 -4.9138801 0)
(3.0412453 -4.785565 0)
(-2.9747232 4.1355002 0)
(-0.25324463 4.901901 0)
(-1.7545656 -14.587874 0)
(4.1840085 8.4586654 0)
(4.1569321 8.1120553 0)
(-1.277751 -14.598123 0)
(15.270677 -3.2014776 0)
(3.7653081 -5.9907739 0)
(4.8301679 8.0666014 0)
(3.53486 8.8520277 0)
(2.872248 9.2406016 0)
(2.8702358 8.8703262 0)
(2.5224533 9.0643948 0)
(-5.2247419 -5.075076 0)
(-2.872823 8.950569 0)
(-2.536973 8.7647368 0)
(-9.5699792 -7.7339692 0)
(-9.0751796 -7.5413969 0)
(-9.3290753 -6.6865091 0)
(-8.6675315 -7.4442474 0)
(5.0397672 3.6810214 0)
(-9.6070107 7.7600161 0)
(-9.1569522 7.5382395 0)
(-4.7997861 -0.4814248 0)
(-1.6370039 3.0882908 0)
(-1.4286177 3.2081554 0)
(-1.2575014 3.077812 0)
(1.3164731 -5.8703587 0)
(1.3645497 -5.5365565 0)
(-2.9329229 3.0507007 0)
(-3.2087915 2.7739648 0)
(5.2774619 4.4274077 0)
(3.1347386 11.782035 0)
(3.5286536 11.556799 0)
(3.8754937 11.775291 0)
(3.8882805 11.33674 0)
(3.0341035 1.4228742 0)
(15.8513 14.183876 0)
(-2.0908407 2.9225055 0)
(3.585817 -13.609676 0)
(-2.5331709 9.1655532 0)
(-2.2281063 8.5827071 0)
(0.20005009 4.3003663 0)
(0.1979956 4.0538555 0)
(0.37979795 3.9114008 0)
(0.5708013 4.005246 0)
(0.55046184 3.776624 0)
(-7.5324066 5.575484 0)
(4.1079654 -7.4840848 0)
(4.4484572 -7.3347961 0)
(4.116874 -7.1079366 0)
(4.8078212 -7.1764684 0)
(5.1434287 -7.3419281 0)
(4.3470748 6.6038718 0)
(4.0538942 6.476275 0)
(4.6368488 6.4295604 0)
(4.6407442 6.0705071 0)
(-3.0633797 -8.6142349 0)
(-2.7257788 -8.8611831 0)
(7.9517195 5.392477 0)
(7.6191258 5.2127703 0)
(7.9323554 5.0289583 0)
(8.260698 5.1948036 0)
(8.2557367 4.826177 0)
(7.984439 4.6564061 0)
(2.2537597 2.1072105 0)
(-0.082556043 -11.723842 0)
(-0.035614316 -11.285134 0)
(3.7565065 -1.7584301 0)
(-6.5950875 10.488167 0)
(-1.9200503 -0.79249165 0)
(-1.7287397 -0.74014169 0)
(6.8101366 -0.17547433 0)
(6.8462855 0.15475274 0)
(7.1020495 0.31391106 0)
(7.3739189 0.14498416 0)
(8.2162902 -8.0688653 0)
(8.2335678 -7.6421957 0)
(9.5105278 -5.4754931 0)
(9.4970084 -5.8892372 0)
(1.1929538 14.581314 0)
(1.2503395 -14.578881 0)
(1.0046318 -14.146201 0)
(1.5512752 -14.152041 0)
(1.6154622 0.92952736 0)
(1.6360038 0.79538859 0)
(1.5141216 1.051795 0)
(-4.9337977 8.0352947 0)
(-5.2893728 7.804216 0)
(-4.9269008 7.6128037 0)
(-4.3056337 -0.84417962 0)
(-4.2713865 -0.5424153 0)
(3.9243497 -4.0820575 0)
(8.5126329 -0.61534023 0)
(4.1118896 4.0127382 0)
(5.5377202 -6.4591275 0)
(-2.5968244 2.2924575 0)
(3.7296101 3.2118391 0)
(6.6518491 -1.582479 0)
(6.7081708 -1.2940769 0)
(6.326125 -1.9940538 0)
(1.8706842 -4.2239581 0)
(-4.0718664 -7.8030389 0)
(14.502798 11.113449 0)
(14.92094 10.852559 0)
(-5.0755967 -10.436177 0)
(-9.1097855 -7.9996241 0)
(5.7364201 1.8239999 0)
(5.4753809 1.7100208 0)
(10.671189 -10.275122 0)
(13.513529 -8.3958362 0)
(13.274689 -7.6054723 0)
(5.393767 11.316383 0)
(8.2024617 -0.77206984 0)
(-4.8469155 5.3326935 0)
(-0.42655726 4.511194 0)
(10.568713 3.8052034 0)
(10.246861 4.0148502 0)
(10.261582 4.3913426 0)
(9.9270277 4.2180389 0)
(9.9396748 4.5888323 0)
(10.267278 4.7575086 0)
(9.8665308 3.8639209 0)
(9.6023637 4.4207537 0)
(9.6145381 4.7883057 0)
(9.2753127 4.6168543 0)
(3.1483368 4.3674831 0)
(8.1481366 -4.7861649 0)
(7.8618917 -4.5617124 0)
(-7.1126654 -8.4012938 0)
(1.1042606 2.454505 0)
(0.95458618 2.5751693 0)
(0.97633236 2.7698155 0)
(0.76354625 2.6840858 0)
(0.94013256 2.3909024 0)
(0.78598349 2.4942927 0)
(0.99959926 2.9718015 0)
(-0.23777737 5.4133449 0)
(9.7120484 -7.3094857 0)
(2.8715029 -3.4858537 0)
(3.3007645 -4.9699348 0)
(2.7526307 -14.514163 0)
(-5.9374052 6.5458176 0)
(-7.5591242 -1.0298018 0)
(-7.2010393 -0.82878432 0)
(9.5232911 9.6186214 0)
(9.5232407 9.1650163 0)
(4.248292 -6.7355912 0)
(8.0288156 10.554361 0)
(7.973297 10.119063 0)
(7.6441846 10.363286 0)
(12.276127 3.4884331 0)
(9.8713817 8.9651723 0)
(3.2813523 -0.19098921 0)
(6.4278519 -8.1788069 0)
(6.0828402 -8.3502135 0)
(-4.3377177 -6.3459176 0)
(3.3545485 1.1222989 0)
(-2.7504386 14.578852 0)
(-2.747692 -14.584595 0)
(-2.9651111 -14.186249 0)
(2.4891266 5.0657996 0)
(15.73785 9.8045287 0)
(9.7504422 14.59657 0)
(9.8993601 14.126236 0)
(10.473826 14.075064 0)
(10.740084 14.556416 0)
(10.979877 14.133636 0)
(10.245078 9.1788483 0)
(10.227159 8.7379888 0)
(3.3717571 -0.59821894 0)
(-0.69345275 4.6388936 0)
(5.0823465 -8.0937998 0)
(4.7804537 -7.875013 0)
(5.0425284 -8.4785034 0)
(-4.6047026 1.3786654 0)
(1.2004388 9.4699031 0)
(1.3106289 -4.4532669 0)
(1.0571069 -4.6059983 0)
(17.680284 -9.8327882 0)
(-9.6044927 0.2487015 0)
(-9.58694 0.74964866 0)
(-9.1514777 0.49992359 0)
(9.3943106 -1.5668896 0)
(9.0897926 -1.3641798 0)
(2.455863 -10.875104 0)
(-9.5613038 3.7503549 0)
(-9.0746138 3.4662259 0)
(-9.5628653 4.2520585 0)
(-9.5770322 -3.8225952 0)
(2.1422268 -12.105706 0)
(-2.1285784 -2.0389152 0)
(19.545959 -0.72562583 0)
(11.089452 0.0065060621 0)
(-4.0410724 -1.0039475 0)
(5.7455759 10.244812 0)
(5.3853089 10.888373 0)
(6.5084933 1.6456164 0)
(6.7676445 1.7956108 0)
(0.63282505 0.72111812 0)
(5.45114 -4.8236315 0)
(3.730212 5.4520603 0)
(7.5313425 -4.742615 0)
(7.2243001 -4.5496623 0)
(6.9030168 -4.7100575 0)
(6.9025658 -4.3665155 0)
(7.2495527 -4.1768916 0)
(-3.4577571 1.243732 0)
(-3.2236696 1.3102129 0)
(-3.0487126 1.1475743 0)
(7.1111265 1.3212815 0)
(6.7613836 8.801427 0)
(6.432938 8.6095606 0)
(7.1059984 8.5917198 0)
(2.4413035 1.0697447 0)
(2.5652096 0.95005338 0)
(2.2968244 1.1924195 0)
(3.057477 2.3909812 0)
(-1.8229746 -0.41515528 0)
(11.23975 14.561015 0)
(11.481235 14.129466 0)
(11.978141 14.125539 0)
(11.722042 13.700223 0)
(12.210548 13.688934 0)
(12.465236 14.107186 0)
(12.682056 13.667236 0)
(12.443177 13.258026 0)
(12.932184 13.247078 0)
(13.210771 13.715016 0)
(12.70399 12.850731 0)
(12.213723 12.856712 0)
(6.1925059 -6.1226999 0)
(5.8557165 -5.8924069 0)
(-5.6996701 -6.1269686 0)
(-9.5271786 6.7635087 0)
(17.675874 7.0695698 0)
(17.662899 6.6094036 0)
(-1.8182367 -6.2511583 0)
(11.213459 -6.5131528 0)
(11.21789 -6.1298659 0)
(11.183063 -6.9461716 0)
(2.3541482 -4.002835 0)
(16.297666 1.6347826 0)
(15.887098 1.4525174 0)
(15.865639 0.98865163 0)
(15.48102 1.2359338 0)
(15.477176 0.78370444 0)
(15.106821 1.0423792 0)
(14.686637 1.31311 0)
(19.192227 12.079358 0)
(19.210388 12.53766 0)
(1.8448466 -9.6134466 0)
(2.1857882 -9.4464247 0)
(4.6362042 -5.8874519 0)
(14.902319 4.4477714 0)
(8.0723102 7.1895129 0)
(8.0443317 6.825584 0)
(7.741062 7.4034369 0)
(14.011053 1.9099851 0)
(13.661135 2.1702906 0)
(3.8522172 -11.355515 0)
(1.8796993 0.73767129 0)
(2.5871588 -6.2368406 0)
(6.5525766 -10.865976 0)
(-2.0172683 -8.9434572 0)
(11.816018 -10.593547 0)
(-0.71936595 -1.6679408 0)
(7.9108404 -12.323474 0)
(7.5599215 -12.073198 0)
(0.18008272 -0.61251217 0)
(11.977992 -6.1282733 0)
(11.969888 -5.7293997 0)
(12.360618 -5.4979032 0)
(11.995536 -4.1580691 0)
(1.6028929 11.795162 0)
(1.2218931 11.590903 0)
(1.6038645 11.377574 0)
(0.84926274 11.78411 0)
(5.227076 -6.2677333 0)
(9.9114405 -9.2531441 0)
(9.5647903 -9.0090196 0)
(10.306618 -9.0569082 0)
(6.4771067 10.215887 0)
(12.031118 -3.3229832 0)
(11.611961 -3.5425451 0)
(13.780007 -3.0892571 0)
(13.438566 -2.8581619 0)
(13.454117 -2.4193372 0)
(13.823598 -2.2227546 0)
(13.057185 -2.2061251 0)
(13.104795 -1.7473899 0)
(12.731758 -1.9076608 0)
(12.385963 -1.676622 0)
(12.345678 -2.0873733 0)
(2.3031247 -1.109213 0)
(12.451529 11.423834 0)
(4.8831532 0.54973456 0)
(0.57423972 -4.8558584 0)
(0.33860368 -4.6871502 0)
(2.7061094 4.6485372 0)
(2.1793216 -6.6783483 0)
(4.2625743 11.556029 0)
(3.9198718 10.92296 0)
(4.1512251 2.9254336 0)
(7.230768 -2.2848796 0)
(6.9595031 -2.4528711 0)
(14.07691 3.1714069 0)
(-1.589021 0.71744943 0)
(14.992614 13.251931 0)
(14.568806 13.512931 0)
(14.548351 14.077092 0)
(14.140934 13.780973 0)
(14.147846 13.277766 0)
(13.711432 13.540384 0)
(13.687596 13.998341 0)
(13.209474 14.199842 0)
(11.576375 3.5394558 0)
(10.019013 -1.9735293 0)
(0.78055699 6.195511 0)
(7.4676169 -2.7709249 0)
(7.7215222 -2.9912133 0)
(8.0672915 -2.8875301 0)
(8.3504303 -3.1377599 0)
(7.8068149 -6.0239179 0)
(8.8487725 0.25243111 0)
(9.1566711 0.41716263 0)
(5.7428253 -11.267744 0)
(15.976879 2.7944879 0)
(15.568599 2.6161547 0)
(16.003309 3.2511344 0)
(16.23745 -6.2706415 0)
(7.0646524 -12.739133 0)
(6.7151492 -12.4658 0)
(-4.774703 -7.3103419 0)
(16.711259 1.8344418 0)
(11.957336 13.272594 0)
(0.20135381 9.6708858 0)
(-5.1317411 -10.896093 0)
(-3.9726056 -11.26874 0)
(1.1868335 8.7559148 0)
(2.1961301 9.2607763 0)
(0.25293013 14.573058 0)
(0.52177255 14.139321 0)
(-0.22631735 14.574178 0)
(-7.062919 12.617233 0)
(-6.6516008 12.389208 0)
(-7.4751008 12.35497 0)
(-1.2452843 14.56971 0)
(-1.7479168 14.57127 0)
(-2.0191283 14.150104 0)
(-1.5167329 14.09995 0)
(2.2406594 14.587167 0)
(2.7184158 14.589164 0)
(3.75 14.566987 0)
(4.2467044 14.576925 0)
(6.8876272 -5.0665956 0)
(5.25 14.566987 0)
(5.7398751 14.565869 0)
(6.0228967 -3.8276244 0)
(5.742918 -3.6506785 0)
(-9.0754156 10.846267 0)
(-9.4224111 11.222968 0)
(10.661846 -2.3938602 0)
(11.231153 10.785982 0)
(10.836773 11.029611 0)
(10.838045 11.483495 0)
(10.419461 10.807406 0)
(9.9944242 11.083393 0)
(8.254311 14.598059 0)
(8.0565284 14.152339 0)
(8.7537511 14.604953 0)
(7.2402527 -14.56997 0)
(7.4949271 -14.156739 0)
(15.236542 -8.560822 0)
(14.727994 -9.1748414 0)
(12.61076 2.4744443 0)
(14.531083 4.6912353 0)
(14.140185 4.4954644 0)
(13.767083 4.7380022 0)
(13.751941 4.2981832 0)
(13.388627 4.5398314 0)
(13.028531 4.3099218 0)
(13.024076 4.7090496 0)
(13.37351 4.9619017 0)
(12.965964 5.1378444 0)
(13.038595 5.6313491 0)
(12.635083 5.4701112 0)
(12.304272 5.7474358 0)
(12.255455 5.3635497 0)
(11.923186 5.6273105 0)
(11.854648 5.1998048 0)
(11.534611 5.4999396 0)
(11.388216 5.1374136 0)
(11.145804 5.3878558 0)
(12.563149 5.0625715 0)
(14.51013 4.2471704 0)
(-9.5361838 10.25 0)
(13.817065 -11.870997 0)
(13.818539 -11.402549 0)
(17.674079 4.5027551 0)
(15.622278 6.9614903 0)
(15.213578 6.7509793 0)
(15.207095 6.2812327 0)
(14.823517 6.5572739 0)
(14.831051 6.9995288 0)
(14.442309 6.8106404 0)
(14.438259 6.3383102 0)
(14.059763 7.0702234 0)
(-4.5753848 7.8507095 0)
(7.2680004 11.034126 0)
(15.014549 -1.1899827 0)
(15.040154 -0.74822786 0)
(14.645951 -0.94731244 0)
(-0.35084683 8.3152471 0)
(9.7427515 -6.9002282 0)
(4.2692738 10.718057 0)
(11.294547 -2.9072785 0)
(9.2745641 12.476166 0)
(-8.0628108 -2.9309705 0)
(-7.7717294 -3.1818448 0)
(18.045355 6.2913616 0)
(-7.0038611 -7.4917309 0)
(-0.39793133 0.6175017 0)
(-5.7193709 -12.486017 0)
(-5.2918231 -12.292927 0)
(2.5031119 8.6942815 0)
(12.964364 -12.303885 0)
(12.979662 -11.833429 0)
(1.0373 0.8635727 0)
(9.0837927 6.9374293 0)
(9.0603567 6.5525961 0)
(8.6960669 6.406547 0)
(8.9857769 6.2249828 0)
(3.9810451 1.8307751 0)
(4.1854567 1.6698219 0)
(3.7469026 1.7451429 0)
(11.524706 -7.596489 0)
(15.703138 -2.5683367 0)
(11.136467 -7.7979321 0)
(13.752971 -3.9707836 0)
(-9.2571992 -9.3832694 0)
(11.619886 -4.3666041 0)
(1.3170594 3.6640315 0)
(12.273674 -8.9527219 0)
(19.496529 0.49472675 0)
(15.784623 -6.4608341 0)
(19.574905 -3.249076 0)
(19.192179 -2.9934964 0)
(19.17863 -3.4889823 0)
(19.578856 -3.7410996 0)
(19.166602 -3.9550759 0)
(19.584782 4.7317918 0)
(19.204521 4.4822379 0)
(19.595971 5.2021845 0)
(-1.1793883 -5.9701935 0)
(-9.5778229 2.7327996 0)
(13.643307 6.8951525 0)
(10.577958 8.5128567 0)
(-5.4152721 11.255931 0)
(-5.4286978 10.777479 0)
(11.232856 13.708184 0)
(8.1185062 12.325932 0)
(3.681152 0.80578972 0)
(10.165283 7.0711179 0)
(1.9641478 3.3193964 0)
(6.2205645 -5.7520393 0)
(3.6249053 2.1550075 0)
(3.393159 2.0977609 0)
(10.76403 -14.582344 0)
(11.250859 -14.605843 0)
(-1.1417802 12.904245 0)
(-1.1488743 12.45941 0)
(-5.2840357 7.3835563 0)
(-7.2930556 2.2665681 0)
(12.4272 -1.2688517 0)
(-3.7505523 14.571247 0)
(-3.4682668 14.156301 0)
(-3.9626156 14.084904 0)
(-4.2444445 14.56329 0)
(-4.4775672 14.146755 0)
(-2.524979 1.9620708 0)
(1.8368503 -9.2853727 0)
(13.245067 10.449251 0)
(12.821076 10.241861 0)
(7.8525393 -1.6366101 0)
(14.847066 7.4573122 0)
(10.734574 -12.737256 0)
(0.25144125 -6.2240414 0)
(6.7223619 -0.80444241 0)
(6.4302301 7.0830211 0)
(0.3518112 -11.110747 0)
(0.71071534 -10.926207 0)
(-0.83139291 -1.1404908 0)
(16.165003 -7.24976 0)
(-7.460134 11.868376 0)
(5.3315742 -11.468337 0)
(-2.5308678 -7.2890282 0)
(6.312763 3.769317 0)
(15.628055 3.5063701 0)
(14.510656 8.5947371 0)
(-2.7755195 -11.653807 0)
(16.912361 8.5514678 0)
(-1.9746745 -11.30218 0)
(-2.2974641 -11.035649 0)
(-1.8975968 -10.870659 0)
(-6.9509519 -7.0505426 0)
(10.888257 -4.7558148 0)
(12.558993 -12.046169 0)
(15.33173 -2.3161215 0)
(3.1455561 -7.5824293 0)
(-6.8731562 -9.6175943 0)
(-0.33881645 -7.5513126 0)
(-0.64575798 -7.3590203 0)
(16.130437 -7.7151636 0)
(-2.6936782 11.607403 0)
(1.5991879 2.457613 0)
(16.02603 -3.729434 0)
(17.69912 7.554519 0)
(19.566987 -6.25 0)
(10.9079 7.4293165 0)
(13.786798 5.1700801 0)
(11.548729 -7.1663611 0)
(11.157778 -7.3743654 0)
(13.899267 -0.91086842 0)
(17.655986 -2.9321688 0)
(17.359097 -1.2799531 0)
(-2.7199552 4.5678301 0)
(-4.8157383 4.6317908 0)
(16.073357 8.10209 0)
(0.042160352 14.094209 0)
(-1.0143744 -7.8920407 0)
(17.585203 -4.2851756 0)
(17.523847 -10.364135 0)
(12.245959 14.5506 0)
(12.249052 -14.56908 0)
(11.931218 -14.153579 0)
(12.473463 -14.04272 0)
(13.009612 -14.148199 0)
(13.248412 -14.56659 0)
(13.49009 -14.128942 0)
(13.741428 -14.57173 0)
(13.711975 8.1621912 0)
(13.719911 8.6204412 0)
(8.6879629 -12.838855 0)
(9.7874939 0.76541919 0)
(10.339273 -8.62177 0)
(10.438757 12.194292 0)
(15.540558 -9.7525536 0)
(17.803488 -7.3391444 0)
(14.671864 -0.50047345 0)
(14.277156 -0.69002034 0)
(13.923593 -0.44015036 0)
(13.554229 -0.66772284 0)
(13.545503 -0.24538992 0)
(13.185925 -0.036860898 0)
(8.4053945 -10.792863 0)
(1.879674 -6.8622914 0)
(2.4933218 -5.0468525 0)
(5.2643082 2.1516848 0)
(14.120422 11.831602 0)
(-6.2455211 -4.7763285 0)
(9.0936475 2.8488599 0)
(9.0776706 2.5050897 0)
(8.781089 2.6965335 0)
(8.7715169 2.3055657 0)
(9.4105312 2.3194213 0)
(8.4663566 2.5348462 0)
(8.422706 2.1987144 0)
(8.1685906 2.3964887 0)
(8.1260143 2.0502414 0)
(9.7024411 2.4657584 0)
(8.8036204 3.0489467 0)
(6.3835677 5.6840874 0)
(16.223445 -12.066157 0)
(0.11163751 1.7403196 0)
(0.15251229 1.5015189 0)
(-6.2087167 -10.104825 0)
(-0.99665461 8.7197615 0)
(3.1163192 -0.90045866 0)
(0.35284322 -1.2338751 0)
(8.595352 1.7904594 0)
(16.691774 -10.903137 0)
(-0.45384831 9.6574415 0)
(0.52952514 1.7040757 0)
(-6.5648956 -4.5335773 0)
(-9.4873754 -10.194221 0)
(13.938477 -0.032460865 0)
(-3.4149919 11.564754 0)
(10.539098 -4.9367736 0)
(-5.2325871 14.588836 0)
(-5.2557407 -14.587787 0)
(-1.6638516 -1.986673 0)
(2.3017277 -6.3297744 0)
(4.4152781 -13.201632 0)
(7.0101365 -9.846683 0)
(6.6455704 -10.010067 0)
(6.6109456 -10.426674 0)
(19.515329 7.7618415 0)
(-1.4231584 7.6949167 0)
(19.553045 -7.7680131 0)
(-6.7695617 -11.149432 0)
(-9.5335824 -11.238267 0)
(5.9907856 -9.9282305 0)
(-6.1067606 -12.195658 0)
(14.622269 -1.3910576 0)
(10.612729 1.8258882 0)
(10.567558 1.4555267 0)
(10.285773 1.6783932 0)
(10.303436 2.0419318 0)
(9.9401051 1.9076226 0)
(-6.2461182 -14.570906 0)
(-6.0096425 -14.162238 0)
(-6.4741643 -14.164214 0)
(19.568707 8.7514715 0)
(19.093108 8.5239 0)
(19.135772 8.9971925 0)
(19.567542 9.2495481 0)
(19.135313 9.4994922 0)
(19.13826 9.9992279 0)
(18.703837 9.7494071 0)
(18.700643 9.2927981 0)
(19.567534 10.249708 0)
(19.139124 10.4996 0)
(19.142937 11.000005 0)
(18.713969 10.80152 0)
(19.571086 11.25205 0)
(19.165322 11.533174 0)
(3.518625 -1.8111441 0)
(14.053695 2.7425032 0)
(14.757017 14.571364 0)
(9.1455347 -11.279527 0)
(13.727556 14.527165 0)
(-9.5776838 -12.262014 0)
(-9.5691913 -12.751757 0)
(-9.135439 -12.999722 0)
(-9.1346503 -13.498235 0)
(-8.7200945 -13.248345 0)
(-8.7212754 -13.746287 0)
(-8.7145526 -12.763336 0)
(-9.1513742 -14.001618 0)
(-8.7295118 -14.249416 0)
(-8.2757247 -13.971754 0)
(-8.3192009 -13.085618 0)
(-9.1450872 -12.515369 0)
(-8.7128941 -12.233297 0)
(-9.573539 12.250846 0)
(-9.1218172 12.008052 0)
(-9.5789171 12.74988 0)
(-9.1031598 12.991625 0)
(-9.1422521 13.51964 0)
(-9.5665549 13.748748 0)
(-9.1338118 13.996735 0)
(-8.6805524 13.779538 0)
(-8.7082124 14.271652 0)
(-9.1856337 14.541744 0)
(-7.2356841 -14.520569 0)
(19.599922 -10.235275 0)
(19.572466 -11.249343 0)
(16.75 14.566987 0)
(17.250422 14.56689 0)
(17.500676 14.134467 0)
(17.999218 14.134829 0)
(17.749793 13.702742 0)
(18.242771 13.7005 0)
(17.26205 13.707442 0)
(17.017532 14.146105 0)
(18.49638 14.134649 0)
(18.707774 13.647017 0)
(18.882929 13.219457 0)
(16.737931 -14.560612 0)
(16.514955 -14.126764 0)
(17.000392 -14.14353 0)
(16.793655 -13.762289 0)
(17.25 -14.566988 0)
(17.515147 -14.136073 0)
(17.999381 -14.134332 0)
(18.249449 -14.566669 0)
(18.498955 -14.15357 0)
(19.002752 -14.151987 0)
(18.699122 -13.669137 0)
(19.239435 -13.718741 0)
(19.001413 -13.253597 0)
(19.556505 13.786773 0)
(-9.5698328 -13.747645 0)
(-3.6434484 0.07703463 0)
(-3.628396 0.35328143 0)
(11.390669 -1.6888882 0)
(11.729777 -1.5643927 0)
(17.917423 -12.15608 0)
(-0.23034209 -1.9060897 0)
(-0.64870499 -0.19348528 0)
(12.141925 0.16899237 0)
(12.475309 0.33191716 0)
(18.248369 14.567676 0)
(4.6809804 -8.6455658 0)
(-1.8033211 -3.604069 0)
(-3.6898237 6.834552 0)
(7.9915603 1.4555411 0)
(-1.1830475 0.31482059 0)
(4.1113015 -1.1830579 0)
(18.236123 -0.068120649 0)
(8.5495089 0.43164277 0)
(9.8906057 6.4969994 0)
(10.750063 -0.17064166 0)
(3.7969104 -5.6586472 0)
(15.822128 12.736143 0)
(11.247155 11.699628 0)
(5.8129917 6.7244823 0)
(12.937938 0.70399948 0)
(11.350385 -11.744305 0)
(7.1030976 8.1966648 0)
(12.432388 10.961536 0)
(19.066748 14.078177 0)
(6.7434337 -14.576229 0)
(6.9446649 -10.688589 0)
(7.6790609 0.64164579 0)
(8.8609878 -5.0657153 0)
(7.0463087 -9.4292356 0)
(16.53412 -1.7129657 0)
(14.808185 -5.132877 0)
(1.3776551 -4.2279958 0)
(-0.62618161 6.871354 0)
(-0.40417885 6.4103492 0)
(10.572915 5.6379706 0)
(-5.6480589 -1.455966 0)
(17.80955 -13.664632 0)
(-9.164558 1.5386248 0)
(16.36744 -9.8337785 0)
(6.1007756 10.026541 0)
(11.738335 -0.79496537 0)
(1.9982235 1.2448755 0)
(-0.83084296 11.02409 0)
(9.1055983 7.3306315 0)
(3.2208172 2.2451645 0)
(7.4640897 -8.4363309 0)
(12.899192 0.27450959 0)
(14.442249 -4.4341948 0)
(14.095375 -4.6450295 0)
(8.220895 -0.41796926 0)
(10.2482 -3.9919351 0)
(14.434786 9.0907884 0)
(16.281283 -10.654597 0)
(-6.338223 -10.982037 0)
(17.564806 2.7208808 0)
(-0.21552772 -0.51844232 0)
(1.3640865 -10.98836 0)
(-6.0220835 1.9008145 0)
(9.6151407 -3.5704018 0)
(9.273628 -3.739567 0)
(8.9634163 -3.5270577 0)
(9.5863421 -3.946064 0)
(8.9909394 -3.1605156 0)
(17.017988 -13.060985 0)
(16.994168 10.505929 0)
(-7.6665073 -4.7400026 0)
(16.260192 13.96175 0)
(-4.3344646 3.3537514 0)
(2.682694 -11.96695 0)
(16.451742 -8.9191313 0)
(0.60936605 2.8474993 0)
(-1.1708585 5.429697 0)
(17.252231 6.8497159 0)
(17.230725 6.3759792 0)
(-3.893084 8.7114692 0)
(-9.1392865 4.5072621 0)
(-8.729563 5.2288182 0)
(17.503195 -11.890356 0)
(7.3965312 7.2348359 0)
(-1.6278736 -1.2672985 0)
(-1.3335212 -4.525444 0)
(17.096971 12.933307 0)
(7.7674894 -13.770806 0)
(17.46782 11.697772 0)
(5.3813382 -0.089775275 0)
(18.815539 -10.723209 0)
(15.350096 11.066288 0)
(19.097224 -1.3662332 0)
(-0.67021039 6.2689597 0)
(4.1866801 -11.603818 0)
(13.725936 -13.31096 0)
(15.691045 -13.763209 0)
(16.586077 10.768478 0)
(16.179679 -1.026203 0)
(16.219304 11.987463 0)
(16.880494 -8.7121773 0)
(15.028788 -11.261693 0)
(-3.898476 12.692085 0)
(7.613416 -0.70895533 0)
(-1.0455227 0.35796256 0)
(16.842661 7.1321618 0)
(-0.44168336 -11.47576 0)
(-0.34261065 2.6159518 0)
(-9.1187367 -1.3646052 0)
(-1.4541887 -10.287187 0)
(-0.39459033 -10.615592 0)
(-7.375423 -12.276707 0)
(18.934736 7.246907 0)
(17.491302 -5.6804777 0)
(15.680491 8.3473037 0)
(8.3219318 -3.5120447 0)
(8.7696164 -1.5188573 0)
(-7.6316643 -6.0699266 0)
(18.206156 8.7154805 0)
(12.299467 -8.5087655 0)
(1.9541104 2.3849945 0)
(6.0917027 -7.9686129 0)
(17.371078 -7.5586438 0)
(7.0956374 -7.1012209 0)
(11.857183 -9.1510201 0)
(19.089511 -7.1426616 0)
(12.014153 6.3717966 0)
(10.222583 5.4708755 0)
(10.554889 5.2663735 0)
(9.441616 -13.81505 0)
(-4.5573841 -2.9716888 0)
(8.8190587 -6.2592866 0)
(-2.5064101 -9.9594146 0)
(-7.9376729 13.571025 0)
(12.26246 1.150121 0)
(-0.41747183 -2.8954244 0)
(16.973656 10.015448 0)
(-6.3681038 -8.4527633 0)
(2.7609175 0.098018217 0)
(14.239083 -10.735645 0)
(12.897021 9.7978302 0)
(-7.3820797 0.56631353 0)
(11.292749 6.013442 0)
(13.691036 11.609157 0)
(-2.8846666 6.8678415 0)
(1.2637321 -7.1541894 0)
(10.204466 -4.7329037 0)
(1.6696448 7.7539614 0)
(16.893071 5.0202822 0)
(2.6037134 -1.4852055 0)
(10.600513 4.55818 0)
(15.229077 3.3106166 0)
(9.4650005 -10.315312 0)
(-6.6679089 -13.341569 0)
(-5.6857287 3.8760548 0)
(18.141907 -8.5662331 0)
(13.09125 -3.5384086 0)
(17.901669 1.5279694 0)
(16.862829 -2.8702124 0)
(17.163394 -4.4986385 0)
(0.22650783 -3.996503 0)
(-9.0392004 -10.554181 0)
(-6.6714924 13.829696 0)
(15.828918 -11.788862 0)
(-1.6730388 0.060860984 0)
(16.154388 -1.4731694 0)
(12.669558 -7.0004596 0)
(-2.9593467 -8.2278605 0)
(11.592696 3.9401394 0)
(12.054672 -13.196389 0)
(-3.2294562 2.241491 0)
(-5.2263929 6.2116903 0)
(-4.8821901 2.7913248 0)
(9.4412512 -10.74517 0)
(-6.7652597 -5.7640182 0)
(3.6352776 4.3333403 0)
(0.016996362 -0.62013178 0)
(14.93566 -2.509671 0)
(-2.0217503 -3.4339137 0)
(-0.86387888 -5.8292105 0)
(3.6140773 -3.1101923 0)
(17.404099 -7.0835852 0)
(-6.3995503 7.9482074 0)
(-6.7186005 7.6981766 0)
(11.459819 13.311253 0)
(9.554012 4.0607522 0)
(8.9374749 -3.9104577 0)
(6.2806887 -4.6905906 0)
(-0.83850348 -2.2548835 0)
(-0.83452919 10.612487 0)
(10.919352 -11.936483 0)
(12.639319 -7.8701096 0)
(3.7076669 5.1598167 0)
(-7.7847192 -10.442102 0)
(18.340507 -5.2651618 0)
(9.9873922 -8.3837273 0)
(-1.8676749 10.391135 0)
(15.810519 12.245137 0)
(-3.7062333 -12.470005 0)
(18.771599 2.4113086 0)
(8.0857728 -6.9874589 0)
(13.335272 3.2242862 0)
(-7.1631227 -0.4304202 0)
(16.075902 4.6111215 0)
(1.628143 -13.681655 0)
(-4.1991635 0.66105623 0)
(18.588968 -1.5790614 0)
(7.1670536 3.8592247 0)
(13.054592 -4.4181403 0)
(17.69053 -2.4662803 0)
(12.132269 9.3357189 0)
(1.3997828 -10.570942 0)
(15.850419 0.096747579 0)
(18.18846 5.7169004 0)
(6.037151 -3.5398096 0)
(18.2301 9.687751 0)
(5.0542983 13.783833 0)
(-2.875857 1.0039273 0)
(-3.0871397 0.9269141 0)
(5.766828 11.090373 0)
(12.495554 8.239678 0)
(9.842099 8.1026312 0)
(10.312692 -12.942891 0)
(10.774252 -7.5747364 0)
(-8.8946407 8.4125172 0)
(2.55246 10.218166 0)
(6.8976658 11.266857 0)
(-1.8996821 -13.809778 0)
(4.5273764 0.86832564 0)
(6.3376616 4.0769021 0)
(10.631006 -3.0773772 0)
(12.451788 7.3633094 0)
(-0.43837448 -3.9974574 0)
(17.940204 -11.668009 0)
(5.9751067 -3.0625207 0)
(11.337024 7.2074147 0)
(9.0308482 -14.116228 0)
(10.846128 -5.9287655 0)
(-2.0046338 1.9047871 0)
(-7.8154651 10.657908 0)
(10.487575 13.587282 0)
(9.2258881 4.9722501 0)
(15.338201 5.5387168 0)
(-0.41670875 -1.9531589 0)
(-8.0251178 -9.2426637 0)
(-0.96143548 -12.538678 0)
(9.9876806 -2.6525942 0)
(4.8737452 -12.548133 0)
(10.803036 -6.7504843 0)
(14.031695 1.245024 0)
(-1.5579337 -11.13541 0)
(6.2211138 13.065869 0)
(-8.1268761 -7.1059012 0)
(-6.2127259 -7.133062 0)
(13.31409 1.6602514 0)
(4.6158913 3.4016237 0)
(0.58084516 -4.5745393 0)
(-6.3549246 7.533266 0)
(8.0466133 -10.554285 0)
(0.75920387 3.8682159 0)
(0.5421865 3.5628616 0)
(10.573448 6.8439966 0)
(9.1132259 -12.634148 0)
(0.18359678 -12.883765 0)
(9.3574809 -2.2582096 0)
(-0.69119645 -13.714908 0)
(0.53178096 -14.077613 0)
(7.9028295 2.598118 0)
(7.6213179 -11.615242 0)
(0.030604162 -7.049989 0)
(6.1214156 -7.2205415 0)
(17.174563 2.9602379 0)
(4.2727562 -9.6008463 0)
(8.3682462 -12.115763 0)
(-7.0425894 11.645942 0)
(-8.5798399 9.6653058 0)
(8.1473613 13.679419 0)
(7.1562765 -5.993066 0)
(11.937886 2.1455643 0)
(-2.2927641 13.702733 0)
(6.0216565 -12.393994 0)
(7.374957 13.254644 0)
(2.8306223 -13.533898 0)
(11.269474 2.5774058 0)
(8.8756638 9.5573907 0)
(0.51622026 2.4729927 0)
(8.5589282 0.77042905 0)
(9.4485591 -0.47933377 0)
(-5.0726847 12.421217 0)
(8.997687 14.176196 0)
(17.902352 11.922001 0)
(-4.6470413 9.4883716 0)
(-2.5496413 -12.824153 0)
(-6.954728 3.2189306 0)
(6.7144326 -9.1912634 0)
(12.156572 0.56214547 0)
(-8.8048067 -4.8618336 0)
(1.5005033 -8.4118949 0)
(8.1226897 8.358539 0)
(5.0405498 12.418816 0)
(7.7114194 12.120019 0)
(3.586985 -1.5806754 0)
(-0.22346335 -5.2054501 0)
(-0.92461843 4.062854 0)
(1.0393266 6.0379653 0)
(-1.7855764 -10.035935 0)
(3.0468533 1.0150542 0)
(6.9340569 4.6884176 0)
(-4.9116334 -8.6052239 0)
(-5.3126822 -8.7572481 0)
(3.9263718 13.111984 0)
(5.3118639 -9.4813934 0)
(5.5274152 0.32317064 0)
(6.7820395 -6.8943217 0)
(-0.15419201 -1.4286774 0)
(9.1466944 3.9042825 0)
(8.0992156 -2.5327803 0)
(7.8280297 9.3595995 0)
(3.1490334 0.4544486 0)
(3.5258634 12.897689 0)
(-1.9017518 11.215164 0)
(0.70317904 -10.505194 0)
(10.091367 -0.14702155 0)
(10.410095 -0.34728126 0)
(1.2132767 12.909348 0)
(-5.7425689 5.0758549 0)
(5.5398483 4.2650045 0)
(-8.2636132 -8.0396174 0)
(15.600539 3.0595951 0)
(17.190865 -4.0385229 0)
(1.8786832 10.226405 0)
(-3.5510623 -9.6248329 0)
(5.391548 -3.3248145 0)
(5.3865825 -3.6471795 0)
(2.8329712 -3.0901629 0)
(0.83502367 -9.1136119 0)
(15.400285 12.504165 0)
(3.6727115 -8.7591251 0)
(8.6545605 -3.3396328 0)
(-3.1158438 12.713391 0)
(9.1657517 1.0914485 0)
(-5.6709473 -12.009204 0)
(6.769396 8.0114538 0)
(-2.5761702 0.31440814 0)
(0.82029095 7.9518646 0)
(1.1588018 2.8404958 0)
(-1.0967734 -0.89182365 0)
(-7.8221349 -12.447483 0)
(0.86842878 10.429373 0)
(7.3776876 6.8662977 0)
(2.368076 11.398364 0)
(-2.2101829 4.862613 0)
(-2.0361421 3.8728158 0)
(0.74508142 5.9127663 0)
(8.7480052 -1.8684443 0)
(6.1782978 12.167582 0)
(-4.0944531 2.245227 0)
(-5.5914322 -8.0786836 0)
(-5.8718795 -4.6097533 0)
(1.4476926 -2.0453154 0)
(1.999009 5.1394343 0)
(1.6342331 14.036791 0)
(0.2290193 -8.3373734 0)
(3.5542476 -9.93361 0)
(-5.1037825 -7.0539826 0)
(3.1819196 14.033619 0)
(4.4775087 -4.0891131 0)
(-1.6923419 5.1524911 0)
(6.101478 4.8784916 0)
(6.1054831 5.1915927 0)
(3.5296593 8.4940254 0)
(-0.15051592 10.620141 0)
(-3.5896553 9.72888 0)
(8.8094697 10.064892 0)
(-4.1855141 -13.119437 0)
(-8.2624029 -3.7641846 0)
(1.7908156 4.019732 0)
(15.168149 2.4388124 0)
(-1.9682313 -3.1669029 0)
(4.2239906 5.1308805 0)
(11.469906 -8.903913 0)
(5.3118644 -0.9882341 0)
(-8.3232002 5.4682938 0)
(-0.95051878 1.3696363 0)
(4.2995478 2.3722831 0)
(1.3360056 1.8696508 0)
(-2.1302812 2.6867718 0)
(-2.8134448 1.4233771 0)
(8.3987227 -2.7311828 0)
(7.4725404 -6.1952988 0)
(4.2095685 9.583067 0)
(-2.2066964 10.181523 0)
(18.596469 -8.3488897 0)
(-4.263798 -3.1912936 0)
(2.3622099 12.682657 0)
(3.2435424 6.6868064 0)
(18.35544 -11.932998 0)
(1.9700928 -0.38962461 0)
(2.3538092 3.8031957 0)
(-0.34899236 -2.4724552 0)
(-0.16439781 -2.6151509 0)
(-6.3253236 3.5873423 0)
(0.96426881 0.96319539 0)
(18.319237 11.62177 0)
(2.3380089 -2.3600087 0)
(-2.2218457 1.6446116 0)
(6.3877038 -1.3820085 0)
(6.4589003 -1.0545961 0)
(0.11663749 3.0323207 0)
(1.5736659 3.1749751 0)
(9.7821203 -14.523706 0)
(-1.9506292 12.501131 0)
(0.04515095 13.584003 0)
(-0.041784391 8.1481072 0)
(15.303104 -2.7609746 0)
(-1.3173568 -12.269499 0)
(6.6830996 -9.5961173 0)
(-4.3286796 -4.2205657 0)
(-3.4644627 -14.158845 0)
(3.7109434 -8.3738779 0)
(-6.4232213 0.26609329 0)
(-5.6997449 8.8193295 0)
(-0.91842025 5.2883504 0)
(-4.6169898 6.9811839 0)
(2.7950066 -4.6040903 0)
(4.6496979 -5.5590399 0)
(2.471995 -10.460797 0)
(1.2070758 0.64846285 0)
(-1.376148 5.0265214 0)
(3.2097645 -5.9268563 0)
(3.5562727 9.9903229 0)
(-9.1770704 1.0101847 0)
(-8.638398 0.44782343 0)
(5.3470425 -0.70249552 0)
(-5.1066477 4.1517311 0)
(12.569527 -11.578398 0)
(-2.7234316 2.9023035 0)
(-0.74017318 14.027378 0)
(1.7332916 5.5142866 0)
(-2.1685778 -10.201242 0)
(15.5088 1.736971 0)
(-0.03117409 -6.0457682 0)
(2.536992 -4.7302183 0)
(-1.9391751 -8.1003259 0)
(0.25605061 8.9878774 0)
(-2.1814405 -7.1280263 0)
(1.1958599 -8.2221018 0)
(9.1676895 -6.0822077 0)
(-3.9990291 4.7418043 0)
(17.834637 -6.861614 0)
(-4.2232508 8.4966688 0)
(3.4003983 -2.4311443 0)
(-6.5483715 -6.8717247 0)
(0.043843698 6.090444 0)
(-0.63690457 -6.6776482 0)
(5.0118526 1.0209541 0)
(3.5306875 3.1061411 0)
(2.4582544 -7.5867363 0)
(4.7973643 -1.1780244 0)
(0.42638634 -1.045245 0)
(1.8356154 -7.8980906 0)
(-3.7042728 -6.0947523 0)
(-8.3496091 0.75560521 0)
(1.2652734 3.4526989 0)
(8.0765419 11.878474 0)
(1.1885291 5.6182757 0)
(4.2074358 1.4263918 0)
(1.2290077 4.24367 0)
(3.3069822 -4.3551842 0)
(1.4071691 5.4737181 0)
(0.72121646 -3.576718 0)
(12.676315 4.4909415 0)
(0.77905564 2.2235035 0)
(2.0633794 2.9836041 0)
(1.472855 3.5182878 0)
(1.9175056 -3.9377882 0)
(6.3756403 -0.44406904 0)
(-1.2493945 -6.9974897 0)
(-3.4447565 5.014315 0)
(-1.7172214 2.8178668 0)
(-7.9124594 3.9203257 0)
(-1.7994502 4.7399717 0)
(0.70689639 3.4395366 0)
(-4.2732589 -5.6925864 0)
(6.4368278 9.8103279 0)
(18.78229 -11.714696 0)
(4.3946173 4.6934193 0)
(18.294258 1.2679608 0)
(2.9087486 8.5127075 0)
(0.27312384 -3.7472985 0)
(6.3971284 0.7844321 0)
(2.3763473 2.7085342 0)
(3.7577666 3.9460005 0)
(5.6724781 -9.30839 0)
(1.8845532 -1.5720623 0)
(0.50515567 4.8498545 0)
(2.0227718 -4.9686032 0)
(6.3918184 0.16957381 0)
(16.455428 4.3662344 0)
(-1.4427827 6.1204204 0)
(17.605713 -3.8271584 0)
(-2.191335 5.7125631 0)
(-2.4533674 5.8848511 0)
(-2.2692179 4.5166282 0)
(0.89108566 4.5417403 0)
(-7.6548637 1.6191667 0)
(8.4583102 8.1468587 0)
(13.69452 2.986772 0)
(8.247782 -14.521516 0)
(13.660453 -7.4747283 0)
(4.3909275 3.5555841 0)
(4.6293474 3.672064 0)
(15.409074 12.995296 0)
(-0.71398535 3.1631163 0)
(3.5369079 2.7579875 0)
(4.2006293 0.31926413 0)
(17.218641 3.8595372 0)
(-5.2611709 -5.4928575 0)
(-2.3101097 7.5411452 0)
(-7.0541727 12.132955 0)
(4.3323355 -2.2849347 0)
(1.1548961 -3.4169537 0)
(-6.6517982 0.85031438 0)
(-8.6924883 -1.1489495 0)
(-0.43231681 -0.36160725 0)
(-7.0394845 -2.4510778 0)
(-7.1281063 -3.2890255 0)
(16.411468 -9.3854952 0)
(-0.43775563 6.1072017 0)
(7.5085604 14.191323 0)
(-4.1875842 -2.5387563 0)
(8.4972146 2.8947323 0)
(9.9470607 -8.8220847 0)
(4.8345007 -13.002911 0)
(-0.30475454 4.0519869 0)
(-4.1300085 -1.8988293 0)
(-8.2415695 10.873928 0)
(-2.7323835 4.2742966 0)
(1.7293682 2.3317518 0)
(-6.3590709 0.650881 0)
(1.205251 9.1032354 0)
(-3.4290386 -0.096633203 0)
(-4.2462908 -9.5786302 0)
(1.3627675 1.0250959 0)
(14.736975 0.80330419 0)
(1.514131 -6.680075 0)
(-5.4214784 2.189261 0)
(2.8386173 -10.282662 0)
(-1.4521546 6.7229947 0)
(2.8863118 -2.8475709 0)
(-1.4894054 -5.780749 0)
(-0.50299463 -9.4188194 0)
(-5.9827519 -1.6210603 0)
(-9.0923199 9.8678598 0)
(-0.058304435 -10.851204 0)
(2.6881928 2.4516788 0)
(1.4960806 -1.8591848 0)
(-1.5425126 13.146305 0)
(9.2284724 -8.7613841 0)
(5.2596251 2.9858341 0)
(-4.9479774 -9.0579083 0)
(-3.941726 2.7597753 0)
(12.838856 -0.22888718 0)
(4.3003168 0.79773843 0)
(9.563548 -4.3183492 0)
(0.032473061 3.7703228 0)
(7.4287446 3.6737339 0)
(-1.1331602 -5.6429394 0)
(6.5930936 -4.5306711 0)
(4.2400241 -9.9859701 0)
(17.590646 3.1773847 0)
(2.0065051 2.0917254 0)
(1.0364679 1.9943288 0)
(-3.7306524 -3.8822502 0)
(3.1407042 -0.69796238 0)
(-2.6444163 1.2918088 0)
(3.9249224 -1.0287345 0)
(2.0103482 -3.1467604 0)
(6.8258767 10.005267 0)
(0.069415061 2.6406685 0)
(-3.7631448 -12.934441 0)
(9.7812543 3.5203692 0)
(4.4387384 -1.7707284 0)
(19.011102 -8.1356944 0)
(-8.4623752 -9.4249068 0)
(-0.95312587 -2.665667 0)
(12.992587 -11.367172 0)
(1.5837843 -3.2747613 0)
(5.6444292 3.1145029 0)
(9.1688084 -9.2155532 0)
(-2.0080142 0.013149485 0)
(3.9723864 1.3486218 0)
(-1.279677 2.1771773 0)
(-3.7931934 -1.2314694 0)
(15.856944 0.54090882 0)
(0.65765886 1.0191562 0)
(-6.2098086 10.741943 0)
(3.0048354 2.1771563 0)
(9.7579089 -0.67510108 0)
(-3.3569836 -1.8056906 0)
(17.46106 -6.1407364 0)
(-9.3230375 8.6271423 0)
(-3.3657891 0.39268126 0)
(2.1202807 1.956125 0)
(-0.58213405 2.3949705 0)
(-1.5822543 -0.64677286 0)
(-0.93778065 2.2761053 0)
(2.5133022 0.77810461 0)
(17.242642 -3.1263089 0)
(2.4469861 -2.9871536 0)
(1.5474739 -0.90020145 0)
(9.8609547 8.5260955 0)
(13.030797 -7.2315856 0)
(-0.92462601 4.4775554 0)
(-8.3514839 4.9444359 0)
(2.9352367 11.139959 0)
(-0.78286014 1.1229315 0)
(5.0517023 12.862973 0)
(19.575696 -12.765084 0)
(14.693263 -9.6279197 0)
(-5.175142 1.0601411 0)
(8.4837054 12.070748 0)
(-8.1881443 -0.12497564 0)
(3.5341215 -10.326363 0)
(2.5729202 0.30980229 0)
(3.2318894 5.4633279 0)
(2.4871912 -0.046866289 0)
(0.29080501 -2.3995445 0)
(16.094047 8.5656657 0)
(-1.6467939 2.0453216 0)
(-5.0003752 9.2652847 0)
(-3.2428944 9.9502296 0)
(-4.8671433 -12.103982 0)
(-3.3872349 -11.163055 0)
(7.5610411 9.9513189 0)
(2.2499983 1.011499 0)
(1.48433 1.59887 0)
(18.717365 10.26786 0)
(-6.1715705 9.839668 0)
(5.8316461 5.0380049 0)
(7.6668819 0.30241337 0)
(-4.2806409 11.488406 0)
(-6.2498021 12.157135 0)
(-5.7299546 2.4264829 0)
(-3.7164896 -0.70058785 0)
(13.970713 -14.132726 0)
(-6.195127 10.282311 0)
(14.876418 -3.3841393 0)
(19.579743 -6.7632844 0)
(-3.9564779 0.7952471 0)
(-3.3185479 -7.9888664 0)
(15.778665 -7.0141677 0)
(6.5679108 12.37523 0)
(-5.3865142 -1.0480229 0)
(-8.7551265 1.7977407 0)
(-1.2720413 -1.8525342 0)
(-1.3184043 -2.0652498 0)
(-2.4956665 -6.9235288 0)
(7.3917071 3.3200211 0)
(-3.197057 -4.2361701 0)
(-2.139787 -2.9937566 0)
(8.4888216 -9.1065419 0)
(-0.293649 1.8560419 0)
(4.7394718 4.8012462 0)
(-0.3175232 7.978738 0)
(14.568913 13.0211 0)
(-6.2676923 14.527657 0)
(2.3927803 -0.74814825 0)
(1.2731429 1.1265069 0)
(-5.0869817 12.883553 0)
(4.1125052 2.5166881 0)
(-0.37972745 -3.752774 0)
(16.864154 4.5669504 0)
(18.693072 1.0094366 0)
(-4.2322772 -9.1099947 0)
(9.5588022 5.1429186 0)
(1.0429263 -2.1380292 0)
(0.21888392 5.4041089 0)
(2.4056563 -0.37486501 0)
(-4.835095 -1.4331887 0)
(10.614261 -10.727606 0)
(1.7247692 1.4044938 0)
(13.402333 -11.619065 0)
(10.248118 1.3336361 0)
(-1.8348261 -10.451996 0)
(1.730423 0.33402473 0)
(0.82761437 13.130546 0)
(3.5142934 8.1460211 0)
(-8.6585912 11.076492 0)
(-2.1684138 0.89740913 0)
(5.5088489 6.9218893 0)
(-3.5113718 12.933214 0)
(8.8155056 11.392979 0)
(-0.17473084 -2.3933058 0)
(-3.2212039 -4.5592033 0)
(-7.5862638 1.2036988 0)
(16.940598 9.0169549 0)
(2.2174531 10.423844 0)
(3.2144476 8.6831765 0)
(6.7687898 8.4031176 0)
(-0.1062057 -8.4966821 0)
(2.3671634 13.131903 0)
(-4.6222499 7.3421305 0)
(-0.53016301 1.1605939 0)
(2.4208071 1.9802353 0)
(-5.0482227 10.559981 0)
(1.2472915 0.38047349 0)
(8.1096578 -9.2929007 0)
(-3.6502304 -10.456786 0)
(-1.6614509 -0.36352973 0)
(-6.2355663 12.674472 0)
(0.91221522 0.84884062 0)
(-4.91569 -12.56774 0)
(0.83260814 8.2891741 0)
(6.5058528 1.9389897 0)
(16.563502 -1.2568278 0)
(-0.63094734 1.6235254 0)
(0.86100548 10.820167 0)
(0.40328974 1.1959497 0)
(4.5667823 -3.7210866 0)
(1.1559226 -1.9506165 0)
(-5.6264776 -8.5268922 0)
(-0.68080909 8.1698672 0)
(-2.3534685 -1.0912117 0)
(10.237797 3.6503793 0)
(-1.777206 1.1111593 0)
(0.69511436 -1.5281543 0)
(-6.6791706 7.2906917 0)
(3.9465398 5.0040965 0)
(5.4886015 7.3010665 0)
(7.8735133 2.2489574 0)
(0.79863513 -1.0427058 0)
(1.3083011 -0.26443045 0)
(-4.8754794 -4.9018716 0)
(16.514762 8.7871265 0)
(1.037262 -0.80553366 0)
(1.1722237 -0.78546981 0)
(-0.29302202 -7.2064055 0)
(6.3174001 3.4416168 0)
(0.68308935 -0.45966497 0)
(3.9513603 3.778445 0)
(-8.8781799 -9.6200674 0)
(10.071005 -0.50299871 0)
(-1.1015122 0.9512599 0)
(0.51667017 -2.164432 0)
(0.47739569 -2.3460577 0)
(0.65820119 -2.2900417 0)
(-1.5157728 13.599312 0)
(-4.309701 10.564558 0)
(-1.3005291 -3.6668787 0)
(7.2212854 4.83025 0)
(15.098555 0.57565259 0)
(16.967192 -1.044588 0)
(1.0393697 0.65714498 0)
(-3.2403395 4.0109868 0)
(-1.4128148 -1.7233287 0)
(-0.65961057 -1.3095348 0)
(1.3822993 -0.38307928 0)
(0.86223768 -0.2044129 0)
(7.8131702 -5.6546637 0)
(-1.6210069 0.2036017 0)
(-1.7401014 0.32890651 0)
(-3.0062026 11.375876 0)
(-0.70568761 1.877808 0)
(1.9122043 0.11071541 0)
(10.757677 0.19945456 0)
(1.3443023 0.070689031 0)
(1.1127919 -2.6671353 0)
(6.4317385 -7.4201572 0)
(0.48645067 -0.9438742 0)
(0.60206504 0.18897982 0)
(-0.13419863 -1.2799435 0)
(10.95809 8.7121051 0)
(0.26151428 -0.61376215 0)
(0.39187457 -0.42214333 0)
(13.829019 -10.940541 0)
(13.7346 13.035429 0)
(14.931969 11.333652 0)
(0.61166307 0.55146137 0)
(8.853654 0.59254359 0)
(15.615241 -3.9053969 0)
(4.0546262 -12.94133 0)
(-2.4438065 -1.3941683 0)
(11.626188 -3.9796457 0)
(15.357605 -12.533849 0)
(3.0247021 -8.6984856 0)
(-5.5358987 6.0113661 0)
(14.847407 -8.2742103 0)
(-3.1457644 1.9163837 0)
(-5.0001334 -14.20681 0)
(-2.8484306 -7.0768418 0)
(-1.0723032 -0.74831799 0)
(13.556777 0.17291716 0)
(-5.8518269 12.884374 0)
(-0.17396478 -0.83365022 0)
(-3.3974091 1.7765162 0)
(10.399675 -0.70994262 0)
(-9.5887656 6.2122789 0)
(-5.3819663 9.4543239 0)
(-1.5226289 1.5262346 0)
(2.0269402 -1.6993841 0)
(-0.47226011 -1.6671004 0)
(-2.5316617 -2.9709715 0)
(-0.49523879 10.81382 0)
(6.5404424 -3.4486386 0)
(-9.5896745 -14.234472 0)
(-1.1574255 7.5127298 0)
(1.1775379 -0.46908448 0)
(19.239336 14.586336 0)
(19.234599 -14.589788 0)
(1.1733599 0.47196004 0)
(9.8999342 -4.1507914 0)
(14.948013 -12.704547 0)
(-2.6695023 -4.9530923 0)
(4.3626711 3.8650167 0)
(0.05403397 -0.81984395 0)
(6.2863356 -2.2901742 0)
(8.8093368 8.3340948 0)
(-8.0932719 -5.8188303 0)
(-0.280789 -14.513797 0)
(-3.8758267 3.2970791 0)
(0.84226247 -2.047063 0)
(9.8310521 -5.694908 0)
(-2.0994552 -5.3583927 0)
(3.362527 4.223592 0)
(2.4092694 1.7401874 0)
(-2.1473269 -4.9475606 0)
(6.3844343 5.3546259 0)
(-0.77552715 -0.38522546 0)
(-0.10752324 2.8514253 0)
(4.6451302 -1.959994 0)
(17.375615 -0.40725559 0)
(-5.8947378 6.1758701 0)
(-1.7267232 -12.447719 0)
(2.9815362 5.6392707 0)
(6.1109156 8.419071 0)
(0.24843411 0.63841235 0)
(0.17571635 0.61186133 0)
(-0.87548255 -0.91013214 0)
(2.4877228 4.7886097 0)
(18.258586 10.660706 0)
(-1.7866461 -1.1011584 0)
(4.8208201 -3.611741 0)
(7.5943099 -1.0607384 0)
(11.996301 -13.663585 0)
(1.2454529 -0.66390541 0)
(-6.6064934 -7.3050764 0)
(0.22426683 -0.83969533 0)
(3.7668967 6.3480476 0)
(6.5857081 12.8252 0)
(-6.5200882 -4.151369 0)
(-0.50542608 -1.2712459 0)
(-6.8443462 -0.62644707 0)
(-0.69212524 -1.0875794 0)
(-2.2189633 10.590156 0)
(5.0045672 -1.3544369 0)
(5.5504004 -6.1122869 0)
(8.1628285 -5.4751111 0)
(11.370507 -3.273736 0)
(-9.5859423 -4.3009683 0)
(3.3364983 1.8893043 0)
(6.0059675 -9.5219951 0)
(-2.6712333 -4.5848551 0)
(4.300155 12.874777 0)
(2.4011244 13.617617 0)
(14.464259 -13.444042 0)
(-0.2149973 -2.8269358 0)
(-0.23849228 1.3160777 0)
(0.45280701 1.3139086 0)
(7.1725926 9.782509 0)
(4.9281958 7.2541083 0)
(2.7281519 1.7043024 0)
(0.79490805 13.677085 0)
(0.13058129 1.3711289 0)
(-1.9730867 -8.5242019 0)
(-0.95111424 -7.1743848 0)
(-4.1065995 1.4511947 0)
(0.26376464 1.9099085 0)
(12.355684 6.1433584 0)
(0.65248747 0.34697677 0)
(6.7674118 -7.2539716 0)
(4.1680824 -0.9292053 0)
(-7.2950611 1.883355 0)
(7.7202628 7.0303413 0)
(3.8539782 8.3035004 0)
(0.88668441 1.0601089 0)
(0.80978305 1.1485369 0)
(1.773457 -5.0410151 0)
(-0.10561125 12.282747 0)
(-2.6043562 7.7097063 0)
(-2.8372752 -0.78290023 0)
(9.933803 4.9493356 0)
(3.1381067 -1.6999819 0)
(1.6660653 8.0573196 0)
(-0.51886658 -0.21492157 0)
(0.92310243 11.281161 0)
(-0.1401578 -8.8778694 0)
(13.412921 -4.2173296 0)
(17.252904 4.3086904 0)
(-1.0436094 -0.026022663 0)
(16.251906 0.73852909 0)
(-8.7827715 -2.0189206 0)
(6.0926 8.8273679 0)
(15.959956 -4.6137036 0)
(5.5146188 -2.1093359 0)
(-9.1559443 -3.6503849 0)
(19.109708 -6.1940216 0)
(-3.2510036 10.363003 0)
(4.6287632 7.3800083 0)
(19.124488 1.2108428 0)
(4.5146909 7.9156873 0)
(8.9374737 12.770064 0)
(0.13626527 -0.54853528 0)
(4.303863 -14.619467 0)
(-3.7605927 -8.1263745 0)
(-3.0873439 -6.5073416 0)
(3.9006434 10.157716 0)
(11.090592 0.37455578 0)
(1.11263 4.612081 0)
(13.45698 -9.2703411 0)
(10.335006 3.097997 0)
(7.9996159 1.7702848 0)
(0.715458 -2.7983467 0)
(8.8365067 11.821885 0)
(2.9542205 -9.1030872 0)
(-4.3149031 0.30452538 0)
(8.8299558 8.7306984 0)
(13.676314 10.191002 0)
(-0.60231959 -0.72211676 0)
(-0.17583893 6.2548354 0)
(-0.36576881 0.6894648 0)
(2.6952023 1.5039522 0)
(9.0638672 -1.7152304 0)
(3.9994821 -13.406092 0)
(-1.0136601 0.47508564 0)
(4.9274957 -5.7396058 0)
(-1.6120265 -5.2477895 0)
(19.603043 1.773084 0)
(0.050554504 -5.0941384 0)
(-3.5255415 13.390729 0)
(16.587819 -13.351333 0)
(9.1588415 0.75727743 0)
(4.1027468 7.7750897 0)
(-4.5475239 -12.844765 0)
(11.423827 -14.22046 0)
(10.393857 -1.0786434 0)
(3.8319937 -7.3335208 0)
(3.6502388 -2.2959192 0)
(-1.7883249 -12.900708 0)
(19.593105 3.7786297 0)
(16.310705 -5.3357149 0)
(0.78385083 -0.36442496 0)
(19.587142 -12.215091 0)
(17.415306 0.42904186 0)
(-1.7620787 3.7119846 0)
(-2.8426308 1.2170911 0)
(7.9671062 3.6003213 0)
(-0.010912947 1.478169 0)
(15.2419 -3.6411464 0)
(2.2219181 10.81752 0)
(14.064491 -13.598719 0)
(6.8263865 -3.6268165 0)
(10.603161 -14.160988 0)
(0.10635716 0.93181403 0)
(-0.83121701 0.66143453 0)
(-0.6409443 -7.0149794 0)
(-3.5090989 -6.6481147 0)
(18.735642 11.301641 0)
(-1.3483747 1.0473427 0)
(-0.50912095 -0.67603735 0)
(-0.4392707 -0.73348624 0)
(4.379552 1.7653012 0)
(-0.027031171 -1.3799904 0)
(-0.11470178 1.3317993 0)
(-4.5421336 4.4635468 0)
(-0.87342931 7.6644428 0)
(1.1643117 1.3395605 0)
(0.51552903 3.3654004 0)
(0.096751771 -4.7986485 0)
(2.8389548 1.3744138 0)
(-5.4767032 14.124239 0)
(-1.4755521 0.6175833 0)
(5.4554175 8.8216397 0)
(2.9684275 5.9608234 0)
(17.626723 -3.380105 0)
(10.223116 -4.3633239 0)
(-0.35032031 -0.52895761 0)
(10.648715 2.9392396 0)
(9.8032101 -6.1150398 0)
(-0.61517159 -3.8479086 0)
(-6.6617219 -7.7413872 0)
(10.714569 -1.2887492 0)
(-3.3735879 -2.1049376 0)
(3.0000091 1.2084341 0)
(-5.7015295 -2.1990007 0)
(2.4495639 14.149932 0)
(2.2689023 -1.2787327 0)
(-6.894518 -4.3195148 0)
(15.868297 -5.9562356 0)
(-2.2377936 10.997294 0)
(12.01684 4.8497274 0)
(5.9411372 -10.720449 0)
(19.305725 -9.4310658 0)
(3.3450994 -7.0945055 0)
(-5.7375167 9.2339351 0)
(8.0198367 6.4656601 0)
(16.986323 -0.60541033 0)
(1.4155176 8.2387336 0)
(-2.2009814 1.8370513 0)
(0.28274205 -0.48843939 0)
(-0.49404709 11.23393 0)
(-2.1947701 -13.087039 0)
(15.541766 2.1759688 0)
(-1.1278144 -3.3150118 0)
(-0.15843539 -9.3435219 0)
(6.7626168 2.0818633 0)
(16.631184 0.49295568 0)
(-8.6356708 12.04829 0)
(17.879817 -5.9238378 0)
(0.13880497 -4.5246532 0)
(6.6121602 13.280406 0)
(0.47614877 -0.42429625 0)
(-0.094445144 -0.88192441 0)
(9.9618103 -11.77727 0)
(-0.97586744 -2.1214937 0)
(-9.1470671 5.9430093 0)
(9.1756983 8.9363452 0)
(1.0813646 -0.69505463 0)
(-3.2721294 10.766307 0)
(3.1676892 3.031408 0)
(3.1864814 -10.50312 0)
(14.615737 5.968414 0)
(3.0789352 -7.2694727 0)
(0.17098783 -2.2695682 0)
(5.4020879 9.2730788 0)
(19.594411 -1.7025 0)
(19.208389 3.9864275 0)
(-2.4870401 -14.213151 0)
(4.0219071 -0.55040385 0)
(5.1317874 -0.55410548 0)
(6.6921333 5.8422969 0)
(3.9144596 10.540183 0)
(2.2378904 4.1726068 0)
(-7.9405017 3.4546329 0)
(0.16542755 -0.93064003 0)
(-5.4542502 0.93212272 0)
(11.240563 2.9838972 0)
(-1.1895115 12.055078 0)
(2.7137865 -1.8291262 0)
(1.9814531 -1.8782556 0)
(2.370034 -8.9408641 0)
(3.7788284 6.6497494 0)
(-5.1005559 4.4592186 0)
(7.8703339 -7.8758261 0)
(4.4686167 0.64096749 0)
(-1.5488883 12.704693 0)
(1.666105 -5.4806351 0)
(1.8093397 -8.2398391 0)
(5.2760156 -1.2628638 0)
(-7.2055638 14.592643 0)
(0.63210989 0.038063997 0)
(-4.6017569 3.2142459 0)
(-1.0446858 -0.27235864 0)
(14.230138 -11.195235 0)
(-2.9002429 7.8807894 0)
(-9.1623744 -4.6082641 0)
(4.683845 13.082321 0)
(4.7410252 -7.5381854 0)
(5.2232892 -5.931537 0)
(-0.25856962 0.75387628 0)
(7.2050024 -11.823547 0)
(-3.4849174 -4.3709499 0)
(9.3265434 12.955135 0)
(3.2321115 -13.336083 0)
(-9.0989836 6.8064833 0)
(9.3728272 -1.9141544 0)
(2.7774443 -7.76407 0)
(-0.085132037 0.65974229 0)
(19.62419 2.25 0)
(19.62289 -5.25 0)
(19.183613 -11.985595 0)
(-0.13078992 11.440613 0)
(-5.4817847 -14.121011 0)
(4.5896897 -2.2191568 0)
(10.349602 -12.055007 0)
(-3.7632744 -6.435504 0)
(2.4514133 -7.9263601 0)
(-1.2428595 0.92227621 0)
(11.04348 -1.1175842 0)
(-2.0278287 0.746571 0)
(6.9988483 5.6694961 0)
(8.3727175 6.618152 0)
(4.2742646 -0.41274258 0)
(0.60977519 -0.27226556 0)
(8.8882421 12.248017 0)
(7.0160846 13.495278 0)
(0.86097611 -2.9368689 0)
(7.1818484 1.9383954 0)
(16.086879 -14.008336 0)
(19.185163 -11.488983 0)
(12.889581 -13.718055 0)
(18.309988 -5.7107929 0)
(8.2579872 3.7767374 0)
(-8.328588 2.840836 0)
(0.93436774 14.172783 0)
(-9.6068913 -2.776563 0)
(-9.1728726 -8.4719557 0)
(17.038078 0.68030898 0)
(-0.42803569 0.54777098 0)
(1.7572713 -0.78100364 0)
(15.591968 -4.3414304 0)
(6.328153 -9.7545548 0)
(-6.7097378 -8.1895537 0)
(-0.84518993 0.56165971 0)
(12.138815 9.7058184 0)
(2.9209829 -1.7638914 0)
(7.1368444 -12.273541 0)
(11.242916 1.3609734 0)
(-6.1397039 9.4306619 0)
(0.19659139 11.61286 0)
(13.751828 -4.8609032 0)
(-9.1378726 -5.8659807 0)
(2.5066839 -1.907621 0)
(12.63464 2.0966792 0)
(9.5988729 11.33226 0)
(1.473985 0.080391355 0)
(-0.50055985 0.38186984 0)
(-0.93381213 0.37628767 0)
(9.1942354 11.15188 0)
(-3.8626492 -7.4935576 0)
(8.9927609 -7.6792421 0)
(0.70111411 1.5802911 0)
(-0.061975113 0.87116808 0)
(0.87165186 -1.1536013 0)
(3.5814855 1.9393573 0)
(0.5717687 1.324435 0)
(2.1339802 -8.0837474 0)
(4.4962546 14.213652 0)
(10.874305 10.642161 0)
(4.4233964 0.3866507 0)
(8.0421284 -7.3055502 0)
(14.630852 -11.437351 0)
(1.7236444 -0.49303764 0)
(-2.4527462 14.170798 0)
(0.82240586 0.16710278 0)
(2.4973712 5.892562 0)
(19.620888 12.25562 0)
(11.330386 9.8234328 0)
(2.2290671 -14.60536 0)
(-6.8934408 -1.0294325 0)
(1.1501603 8.4277936 0)
(-9.2024439 -5.0410497 0)
(-0.70410724 0.0012744561 0)
(9.4340641 -6.6814003 0)
(5.8182072 5.362819 0)
(10.975378 9.9619137 0)
(7.347218 5.8170436 0)
(3.2968419 -1.8576071 0)
(0.94753232 -6.9763928 0)
(-9.2263496 12.506672 0)
(13.366671 13.27299 0)
(9.0553585 -7.2674502 0)
(18.016808 -3.6253385 0)
(4.3774544 0.11759199 0)
(4.3906403 -3.0014997 0)
(4.214642 9.9425597 0)
(-0.97462031 -7.5256543 0)
(17.595609 3.5997235 0)
(-2.1893418 3.5144333 0)
(15.087637 14.215673 0)
(-7.856546 -12.942662 0)
(1.9462901 -2.0756625 0)
(-7.6543744 0.8249423 0)
(4.9283955 -10.42969 0)
(11.229268 -5.7366012 0)
(-2.2234319 -10.610607 0)
(0.35262523 3.486845 0)
(9.4634751 0.92476927 0)
(1.1872485 -1.3181007 0)
(10.231872 10.410802 0)
(-8.4860201 0.09333319 0)
(-7.6722285 -11.08504 0)
(8.6238376 6.0650167 0)
(0.92752848 4.7623021 0)
(-4.1463719 2.9090888 0)
(4.5586062 9.7545865 0)
(6.8731954 -4.0197933 0)
(4.8164583 9.1299891 0)
(10.755541 -12.315896 0)
(18.740811 -5.5151695 0)
(3.8907613 -10.151988 0)
(-0.6148923 1.2616764 0)
(19.194768 -10.989767 0)
(0.87445167 9.3036375 0)
(11.990378 5.9870929 0)
(-3.0362614 14.172419 0)
(-2.6326833 -0.60316992 0)
(10.540011 -4.5681506 0)
(10.597943 4.923147 0)
(10.954344 5.1050203 0)
(1.9550862 0.27789236 0)
(-5.5781698 -0.0016764453 0)
(4.7891393 -2.421761 0)
(-1.5192712 0.47454457 0)
(17.261015 -13.749837 0)
(-4.3611773 -14.542721 0)
(-6.7578464 -13.808474 0)
(18.420671 -3.436801 0)
(-6.9506743 1.030742 0)
(4.0606551 -0.11120288 0)
(9.4023814 -7.0863417 0)
(1.6223803 3.3776288 0)
(19.177433 13.515575 0)
(7.4025964 13.683816 0)
(17.975746 13.337466 0)
(-2.0311214 -1.3712341 0)
(-9.1801274 -12.038197 0)
(-2.2520015 -13.539194 0)
(15.376068 5.9381586 0)
(12.106436 -1.4491519 0)
(0.70033919 1.1261986 0)
(4.9668943 14.198759 0)
(-0.71276129 -14.164871 0)
(19.616694 -4.7305042 0)
(-3.1865053 3.3731714 0)
(-1.7876187 0.17319222 0)
(3.5183027 -11.129376 0)
(3.5287619 -10.722879 0)
(-0.098717322 9.4929399 0)
(3.9496785 -6.8118377 0)
(-1.6759232 8.8903102 0)
(2.4572115 6.3372603 0)
(15.027008 -11.70947 0)
(9.6780977 -2.1142646 0)
(4.8313396 3.5331388 0)
(8.9092009 5.8626184 0)
(6.4029186 -12.200568 0)
(0.98013362 -1.551968 0)
(-1.7865415 -1.8331918 0)
(-4.7542236 0.39863184 0)
(11.597153 -5.9296747 0)
(14.455745 -4.8977465 0)
(2.0200705 -0.21235417 0)
(-0.91749059 -3.2620248 0)
(13.24532 14.646854 0)
(19.177665 2.5840378 0)
(4.8097727 3.841013 0)
(19.206874 3.0148966 0)
(4.7073652 1.5938705 0)
(0.4916062 -5.7418826 0)
(-4.6155045 -13.315862 0)
(-2.6227053 11.193374 0)
(4.7036833 0.70739262 0)
(11.3805 -1.3249403 0)
(19.627889 12.753755 0)
(-9.1547412 11.556031 0)
(15.75 14.638301 0)
(14.75 -14.638449 0)
(-0.42277171 -0.47998957 0)
(-9.1849289 -3.097231 0)
(11.577508 2.7627275 0)
(4.9550163 5.9686392 0)
(-0.90272266 0.11259894 0)
(-9.6425585 -8.75 0)
(-0.072974749 1.9701542 0)
(-2.0531625 6.1157709 0)
(3.10223 3.3940752 0)
(-7.7725717 -14.593935 0)
(5.2758635 5.3771104 0)
(-2.504626 -2.6714484 0)
(-2.7129973 5.4057063 0)
(5.019791 5.4890849 0)
(10.245986 5.1133078 0)
(4.3517034 6.3021723 0)
(-5.0266403 -13.486787 0)
(5.2001695 -2.5857819 0)
(1.0607165 -2.8678206 0)
(-5.648649 -8.9898335 0)
(-0.63978766 3.3385945 0)
(15.425041 -11.97033 0)
(-2.6175833 -10.79037 0)
(1.0461193 -10.737732 0)
(-1.6500345 5.9512052 0)
(-4.8692248 3.0677445 0)
(1.8430722 0.59178506 0)
(-0.43195027 -0.88909597 0)
(15.137125 -9.466716 0)
(-0.12388461 6.5812736 0)
(-1.7013038 -0.54065291 0)
(1.3132557 1.2489165 0)
(-0.5626733 -4.4933645 0)
(15.937063 -5.0505848 0)
(2.0995652 -2.2713811 0)
(-1.2972837 1.1799031 0)
(-7.4918922 -3.46084 0)
(-1.4648395 -1.9237258 0)
(5.7398687 2.6879137 0)
(2.6796447 3.4876383 0)
(19.059924 -5.7501933 0)
(4.0384276 6.1774343 0)
(4.6989596 13.544022 0)
(0.56283944 9.1449086 0)
(19.271317 6.0599304 0)
(-1.1929415 9.6587435 0)
(6.0241313 2.520417 0)
(3.5073773 6.8197508 0)
(7.3543866 2.3595313 0)
(0.42572043 0.47899126 0)
(2.6280919 -3.1397134 0)
(-3.1223519 -2.4775856 0)
(3.573163 10.746533 0)
(9.7622269 13.633567 0)
(19.200739 -10.472635 0)
(3.8044584 -2.7245037 0)
(-0.72412504 0.68124544 0)
(10.895553 -4.3914061 0)
(4.5063305 5.8130034 0)
(17.988108 3.3496576 0)
(-6.9536596 -4.7443276 0)
(13.750262 -4.408951 0)
(1.020157 1.3425193 0)
(19.248303 -9.9445038 0)
(-8.6708988 13.008993 0)
(-1.5502411 -3.5110904 0)
(9.770684 1.0912176 0)
(8.8263687 -14.611079 0)
(6.7041882 14.634565 0)
(-3.9192564 -0.78360639 0)
(1.268931 -5.2824327 0)
(8.2729921 4.152608 0)
(-6.4806334 9.2042887 0)
(9.4698627 -6.2899292 0)
(11.952216 -5.3439692 0)
(-0.65905522 0.59028939 0)
(-6.9277009 3.9735068 0)
(-5.9479244 -0.54194241 0)
(11.914596 2.5469845 0)
(6.2770582 -13.126152 0)
(-0.54553568 0.84099214 0)
(1.6264856 1.6475347 0)
(-6.0592875 0.81346159 0)
(9.7171992 13.164005 0)
(9.9102361 10.662359 0)
(5.9065642 14.184796 0)
(-2.2893988 0.12316882 0)
(-2.6803341 -11.216749 0)
(5.0404166 3.3901941 0)
(-2.0508972 0.54484557 0)
(-0.73369651 1.7280462 0)
(0.31262005 -14.600875 0)
(19.635189 6.7460683 0)
(-5.3785379 -2.7064085 0)
(14.463076 -5.3388827 0)
(5.0417438 3.1209952 0)
(4.2281385 -10.365598 0)
(18.384379 3.0939605 0)
(-8.5037799 -11.83507 0)
(-7.2580809 -1.2570548 0)
(1.8042933 -8.5856137 0)
(12.261262 2.3169748 0)
(2.0165557 6.2032082 0)
(0.8102945 -4.4627883 0)
(0.89183762 -3.7115175 0)
(1.5523709 -0.031755479 0)
(2.4438237 -2.1296156 0)
(-1.534621 9.447475 0)
(0.45043765 -3.8804458 0)
(2.0169629 4.0794773 0)
(-5.6975457 -9.4436966 0)
(-6.6230036 4.8531444 0)
(-0.61144193 0.095649762 0)
(0.9010288 -12.493944 0)
(11.736232 -1.188118 0)
(-2.5010735 -1.6333166 0)
(1.1116792 -3.6322282 0)
(-2.9118851 -1.0286336 0)
(3.1837019 -13.808925 0)
(-0.79808924 12.2603 0)
(-9.6585412 -6.25 0)
(3.6110826 1.584459 0)
(1.7331546 0.70328692 0)
(19.617291 3.2025691 0)
(-6.0213889 4.8857356 0)
(2 14.236865 0)
(-0.59685446 0.22106017 0)
(-2.1888377 -1.2223388 0)
(-8.2727244 -12.601912 0)
(18.781166 12.803788 0)
(-5.4625696 13.102149 0)
(-4.369106 1.611526 0)
(4.8119863 4.1159024 0)
(-4.9195522 14.180771 0)
(-4.113796 3.1916151 0)
(1.8350448 3.449464 0)
(1.2754072 -13.801851 0)
(9.9980274 -2.3174741 0)
(6.2933864 -10.15783 0)
(3.4717264 -11.577066 0)
(3.527469 14.222368 0)
(19.181848 -4.4176114 0)
(-1.0385883 1.75216 0)
(-7.9513431 3.0504301 0)
(12.063869 -1.8247201 0)
(-2.291109 -0.40326917 0)
(0.50977655 -2.8672497 0)
(-2.5747582 8.3963334 0)
(18.820057 -3.2186393 0)
(12.933764 12.511687 0)
(0.66954028 -3.805239 0)
(8.059009 -9.7091349 0)
(-7.361725 9.5723679 0)
(11.087512 -12.591162 0)
(-5.981339 -0.8945141 0)
(-2.0222972 -14.216916 0)
(-1.3059943 -7.7292386 0)
(13.121131 -2.6372937 0)
(0.94919834 -1.2762104 0)
(7.4632107 4.9337935 0)
(12.241676 -5.1408708 0)
(-1.1359222 -0.1840103 0)
(-1.1003553 3.9212841 0)
(0.51035309 -0.35040026 0)
(0.21073475 7.043406 0)
(18.771368 2.8326139 0)
(-4.1683003 2.6492455 0)
(-6.6276435 3.7741811 0)
(11.267221 -4.2023726 0)
(-0.74253482 1.2410555 0)
(13.430673 -3.3049482 0)
(10.499119 1.1004942 0)
(-2.8900355 8.2155143 0)
(1.7445225 1.5438393 0)
(-1.3836984 -8.1601023 0)
(12.965087 2.2592225 0)
(13.421633 -3.7461085 0)
(1.8187349 6.3766916 0)
(-3.1069333 -11.39223 0)
(-0.72614826 -1.20245 0)
(-0.03597106 -1.5198419 0)
(-5.0442477 -0.01781246 0)
(0.55330606 0.27750571 0)
(0.37304223 -4.41934 0)
(7.9978056 4.3061413 0)
(16.230073 5.9734857 0)
(6.5226496 -2.1896763 0)
(-5.8196728 -3.0158411 0)
(0.40156388 13.760299 0)
(0.56109146 -1.5300438 0)
(-8.7381876 7.5363008 0)
(14.535479 -12.917295 0)
(1.612132 6.8230089 0)
(-0.70404541 -0.51990313 0)
(9.1235274 2.1561015 0)
(-0.37075098 -0.60133501 0)
(-4.2815842 13.784543 0)
(-1.9734109 8.386422 0)
(19.198681 -12.898527 0)
(0.43419146 -3.0827077 0)
(-0.10112823 -0.804565 0)
(-4.5216777 -4.4496336 0)
(1.019487 -12.104833 0)
(15.507028 -10.163468 0)
(-5.1382345 2.9117525 0)
(0.11500556 -2.4533807 0)
(12.742453 -5.4569819 0)
(-0.5719065 0.7495784 0)
(5.4747301 -4.1701857 0)
(-6.6265115 4.4629972 0)
(-8.7429337 -14.6685 0)
(1.0675056 -5.7174104 0)
(9.1875634 9.3747286 0)
(7.0949684 -7.4412543 0)
(18.789675 -4.1443162 0)
(-2.9124474 5.2389779 0)
(3.400412 -12.048832 0)
(1.0232503 -11.172752 0)
(-5.6671766 1.1056995 0)
(0.23212887 9.3244567 0)
(-1.0252542 0.073642283 0)
(0.74769033 -0.52484605 0)
(13.310001 2.0283491 0)
(-6.8948287 9.3983608 0)
(-8.7287692 14.676077 0)
(-4.0630796 -4.352375 0)
(0.31799651 -1.0353704 0)
(0.80307652 7.0238619 0)
(19.631712 6.2484003 0)
(4.5846522 -10.591739 0)
(4.9373402 0.78136547 0)
(-6.1255578 -9.6578982 0)
(-0.7226336 0.22645078 0)
(11.548731 -13.330062 0)
(-5.3784375 4.2924305 0)
(0.75921975 -1.6372699 0)
(-3.0117937 1.3568723 0)
(-0.63509525 -0.55843193 0)
(19.664682 -13.75 0)
(5.3733323 -0.44177553 0)
(14.812183 -5.5943925 0)
(2.7490418 6.9937145 0)
(11.619529 5.8327019 0)
(3.5641785 11.148565 0)
(-8.3982443 -13.505859 0)
(16.588275 6.1127759 0)
(6.2599942 -10.572663 0)
(-0.40245096 12.471173 0)
(3.222244 7.00416 0)
(8.3959719 -9.9635361 0)
(-4.0557795 7.639799 0)
(19.197069 8.1010121 0)
(0.0011508667 -0.89706835 0)
(13.06593 -6.0189795 0)
(0.40439582 -4.1548465 0)
(3.9727606 1.5963516 0)
(0.052642414 -0.55664793 0)
(-3.7633046 -4.2019463 0)
(10.310114 -2.5242915 0)
(-4.3083053 11.020436 0)
(10.83053 5.4302468 0)
(-5.494319 13.605468 0)
(1.0364656 -1.3905267 0)
(-3.5188467 0.54842024 0)
(11.443803 0.524145 0)
(0.37775195 3.6874576 0)
(18.866067 -2.706869 0)
(17.394664 0.0053031912 0)
(0.46141435 -13.135141 0)
(0.0602581 0.62831852 0)
(1.3282616 -3.5447708 0)
(-7.8029434 14.606041 0)
(-8.1373351 -3.3305706 0)
(4.8224942 2.5108381 0)
(-3.8349984 3.6680948 0)
(1.0021313 -11.616521 0)
(14.817758 -6.0570136 0)
(1.8219898 4.2265636 0)
(-5.2877548 0.15074273 0)
(0.72873113 -6.4120048 0)
(1.3374747 6.7097849 0)
(-8.7647294 3.0710287 0)
(1.2939179 4.4668939 0)
(2.9992032 -12.209306 0)
(1.4919834 1.7564697 0)
(-2.5638154 6.117685 0)
(-7.1139402 8.4209652 0)
(-8.275573 13.788767 0)
(1.072856 6.869754 0)
(8.3736356 -10.363634 0)
(17.065198 13.340002 0)
(-2.5337492 3.6640397 0)
(-8.6533695 -7.8102851 0)
(10.852381 1.2612731 0)
(4.8133074 4.3645162 0)
(5.1968183 -14.65618 0)
(-3.1922075 8.0373206 0)
(4.6623914 -2.8723826 0)
(-4.3181752 -1.7013404 0)
(0.46055439 -6.0498653 0)
(6.3233116 3.1863221 0)
(-0.87193713 7.9373516 0)
(-6.8843617 -1.7466205 0)
(-0.13741268 -0.62743568 0)
(0.47071586 -1.7471729 0)
(14.076878 14.187842 0)
(18.731677 8.8548799 0)
(-4.8018771 -1.7841448 0)
(7.4528845 -7.6742754 0)
(-0.04361221 -2.4948954 0)
(18.800593 -3.692893 0)
(0.72383179 4.9118142 0)
(-0.063684824 5.2683927 0)
(10.13967 13.760996 0)
(5.2235552 -4.3032682 0)
(2.9276102 7.1881962 0)
(1.62718 -0.14066869 0)
(5.5094819 1.0922872 0)
(-6.5635846 -9.8820096 0)
(6.5263723 -14.237614 0)
(6.3390719 -12.665401 0)
(15.92612 -9.9980835 0)
(-4.7927974 0.091952 0)
(0.52806469 6.9061478 0)
(-0.60405173 -4.7539912 0)
(0.12346084 -2.9343882 0)
(-9.6406088 -9.2204321 0)
(-9.2043732 -5.4737776 0)
(1.2787089 -2.5832162 0)
(1.7994771 5.2289726 0)
(9.4638396 -14.216275 0)
(9.3159578 6.0708133 0)
(-0.41585099 0.76056754 0)
(-4.1649081 -7.3459203 0)
(-7.3451552 -2.1368285 0)
(-4.2952478 -6.014107 0)
(1.2350063 1.770226 0)
(18.249362 -13.815247 0)
(-9.2488425 8.0639707 0)
(-2.8355198 2.2373728 0)
(2.6900842 0.84572657 0)
(5.191071 0.87455031 0)
(-0.28035573 0.55332708 0)
(-7.3157648 -4.95824 0)
(2.8712365 3.3147645 0)
(-1.0773859 14.206533 0)
(-3.1782348 3.612936 0)
(-4.1311884 -6.9541723 0)
(10.834851 13.765986 0)
(-0.95883492 -0.068137278 0)
(-1.8438788 -2.0483015 0)
(0.7727544 -0.43884526 0)
(0.90931196 -13.691418 0)
(5.7300652 3.5620178 0)
(-5.0868791 -1.581491 0)
(-3.5169572 3.9057953 0)
(-7.3872207 -2.5573216 0)
(0.13851366 1.8639678 0)
(-5.6681611 -1.1550305 0)
(13.796231 -6.1553035 0)
(1.2524537 -0.87933857 0)
(5.2059482 -4.639047 0)
(-1.9211092 1.0598884 0)
(-2.8383224 6.2745996 0)
(15.14905 -6.2448536 0)
(0.80534325 -5.5615191 0)
(15.737537 -14.676215 0)
(-8.453804 -5.9766627 0)
(6.6469725 0.3401916 0)
(18.842551 4.2357849 0)
(0.10118308 6.6257902 0)
(10.632356 -2.7367731 0)
(-0.2414615 0.83079028 0)
(-1.8527812 13.786302 0)
(-0.64758418 -4.0832145 0)
(9.7120709 2.1788143 0)
(-0.8943273 2.4266515 0)
(-0.40093472 14.206784 0)
(-8.0081195 0.64933833 0)
(12.480156 -2.4076534 0)
(16.606018 14.192615 0)
(-1.9088325 0.42623289 0)
(7.7244478 4.8235941 0)
(5.4967847 -2.4513871 0)
(19.272669 6.997251 0)
(18.610054 -13.180166 0)
(-3.1213038 6.4565702 0)
(3.2273774 11.347217 0)
(-0.6933203 -0.14541632 0)
(-3.6268608 -14.621024 0)
(3.1342955 -3.4278366 0)
(-0.067599987 -0.62064131 0)
(12.674253 -5.7963303 0)
(12.012599 -2.1463416 0)
(4.06653 -3.9278483 0)
(7.4250243 -3.9398417 0)
(1.2179405 2.0176637 0)
(-0.54336228 -0.29598242 0)
(13.779804 -6.593825 0)
(19.362142 0.1582243 0)
(0.54419682 -0.27728213 0)
(0.7248007 0.34557487 0)
(-4.085769 -6.5695682 0)
(19.268859 -2.5354904 0)
(11.234397 4.8537195 0)
(5.2077134 -4.995333 0)
(7.881508 9.741389 0)
(5.2971495 -10.66829 0)
(0.45935759 -0.63200565 0)
(1.8488823 0.34710914 0)
(-3.9284822 -9.8456572 0)
(-0.70832419 2.5050202 0)
(-3.864016 0.44753895 0)
(3.4313634 -1.9940587 0)
(1.8444992 1.4539343 0)
(0.90599043 0.18769658 0)
(0.50681091 0.35001933 0)
(0.83395166 1.2515281 0)
(12.851671 14.038526 0)
(-6.6093794 -10.324907 0)
(-1.9405349 0.14062971 0)
(-2.9068561 -1.3677873 0)
(7.7353031 4.4856926 0)
(9.4665551 14.276406 0)
(-8.5020693 -3.4957749 0)
(6.8101908 -2.6926639 0)
(6.6104046 0.0063513543 0)
(0.35960933 0.66957276 0)
(19.632223 0.86299111 0)
(-7.4228235 -3.0013705 0)
(-3.080155 2.1318964 0)
(1.528053 -2.7452064 0)
(1.5164365 0.80223607 0)
(-0.54454141 3.203796 0)
(1.5946031 0.68103323 0)
(0.27684766 0.54334414 0)
(1.245989 -1.1520738 0)
(0.64944528 2.5387891 0)
(-1.4147851 4.0618117 0)
(-3.5119572 7.8261897 0)
(-1.081923 3.0263204 0)
(-0.29539589 -1.0045601 0)
(2.4229465 -1.2223148 0)
(13.378523 -7.2583716 0)
(0.34316645 -0.62118918 0)
(10.921945 -2.9338399 0)
(3.6312886 -14.635525 0)
(4.5888565 2.6668754 0)
(-1.3555771 2.9243847 0)
(0.67747282 1.3217191 0)
(12.02163 12.51347 0)
(-5.366983 2.7655408 0)
(-9.2512672 -11.553334 0)
(7.8756204 -14.207289 0)
(-1.0845004 0.13927495 0)
(-3.5765471 13.775094 0)
(2.036784 -6.3801597 0)
(5.170405 -0.033908635 0)
(9.3050868 6.3765261 0)
(19.242191 13.003626 0)
(11.239787 12.993985 0)
(-4.9295202 -4.1123924 0)
(8.7424688 -10.623217 0)
(0.083331746 -0.88990294 0)
(1.0814419 2.1339637 0)
(-5.5590504 -0.26962968 0)
(13.421804 -5.8818601 0)
(0.4977091 -6.3292211 0)
(1.6476825 -0.60151073 0)
(6.5866532 -0.30782772 0)
(0.20675134 3.8327394 0)
(-4.1235576 -0.35000734 0)
(3.1929311 -0.31388165 0)
(-1.9311852 8.7641825 0)
(5.9174457 -13.324728 0)
(-5.3729305 -1.375686 0)
(-0.27642001 -0.54250481 0)
(16.310342 -10.255853 0)
(1.8133065 -8.9490338 0)
(-7.3010328 0.8658166 0)
(1.542406 -3.4579463 0)
(11.280894 5.6868655 0)
(7.5041458 -4.4478712 0)
(-0.062450694 5.0400527 0)
(-1.3806021 1.2923661 0)
(18.865045 4.6956417 0)
(1.9726828 -11.777401 0)
(0.57662885 -1.2671879 0)
(-3.3130537 11.152586 0)
(5.6755 -10.92153 0)
(-0.036945433 -3.0153686 0)
(7.3244664 -13.816198 0)
(-9.6339746 -14.633975 0)
(-9.6339746 14.633975 0)
(19.633975 14.633975 0)
(19.633975 -14.633975 0)
(-9.6847109 8.7131432 0)
(0.46013212 0.41841874 0)
(8.2066908 9.8905115 0)
(1.4098205 -12.155834 0)
(-0.930952 1.5277883 0)
(-1.2224232 1.7074797 0)
(-5.4487166 -3.3699198 0)
(17.401377 6.0348796 0)
(5.4773678 -5.1723141 0)
(2.7283106 1.0152298 0)
(0.5282836 5.0505896 0)
(7.7690121 13.846499 0)
(5.5164406 -3.8774656 0)
(1.6289975 4.3630067 0)
(-8.8254505 -5.7062872 0)
(0.59975031 0.1041078 0)
(-5.1574159 -3.6023224 0)
(19.256691 7.4549177 0)
(0.59500041 -0.089127362 0)
(-6.6628598 -10.733291 0)
(3.1215206 -14.209897 0)
(-0.88849838 -1.4258621 0)
(-0.053762104 2.7213299 0)
(4.6815853 -2.6281395 0)
(19.648739 -2.3787006 0)
(-0.21894085 0.91751328 0)
(1.1925342 -4.2322094 0)
(12.807826 8.5278971 0)
(-3.1689143 1.4932912 0)
(3.5928086 2.9339291 0)
(2.3948247 7.2255626 0)
(-0.24514447 2.4991409 0)
(-4.0280301 -6.225483 0)
(-0.5212336 2.5754121 0)
(-3.401907 5.3167524 0)
(-3.1029683 6.7264653 0)
(-4.5566446 -0.40882177 0)
(13.337492 7.2035766 0)
(17.814625 -0.24089416 0)
(-0.38906647 9.3373129 0)
(0.026473702 0.68671647 0)
(2.8093046 -3.2865626 0)
(5.522041 1.3989472 0)
(-7.8791339 -13.934631 0)
(-7.6849589 5.3232196 0)
(2.7047139 3.684326 0)
(12.718298 7.0603737 0)
(-9.2008118 -10.903122 0)
(3.1846028 1.1031288 0)
(-0.76718861 -0.46462059 0)
(-4.8919436 -3.8100438 0)
(4.8610408 2.1126803 0)
(5.9266242 -14.38213 0)
(8.4993559 14.289714 0)
(3.6849178 0.55656017 0)
(-0.18753513 0.57717379 0)
(9.7414013 1.6855182 0)
(6.5658967 -0.57071107 0)
(-1.0120363 -2.3277829 0)
(11.244031 -3.5334579 0)
(-1.6586252 0.43120374 0)
(12.921054 -7.6514694 0)
(1.7778958 -0.13327518 0)
(-9.2677395 -0.042237295 0)
(8.3458767 1.8903446 0)
(7.2589254 -2.5579407 0)
(-0.5850321 -0.18274025 0)
(5.8647959 -13.756166 0)
(-7.2506993 5.6930134 0)
(-7.7091682 6.4531744 0)
(15.618819 6.1519747 0)
(-6.9896476 -5.5071747 0)
(-4.6003369 -5.8309854 0)
(-4.2557728 7.8244788 0)
(-7.0064991 7.4583842 0)
(2.07476 3.1769183 0)
(4.7164292 13.904257 0)
(19.695012 -9.286163 0)
(18.263229 -0.48540085 0)
(16.679677 -10.498985 0)
(12.317903 0.83917074 0)
(4.1447789 2.7251286 0)
(3.4333395 -3.2352796 0)
(5.6224667 -3.422502 0)
(-3.4828909 -2.7550377 0)
(-8.338298 14.172173 0)
(0.68369256 0.55131208 0)
(-3.9909638 -10.33825 0)
(9.108397 -10.867664 0)
(-0.87966944 1.6798392 0)
(-7.3095429 7.2216887 0)
(-7.2236072 6.0491038 0)
(13.421631 6.6028552 0)
(19.231824 4.9256642 0)
(4.3433072 2.5901354 0)
(-1.5960599 -0.79789068 0)
(0.94366979 2.2483751 0)
(-3.9564364 4.9778455 0)
(13.381386 8.3051759 0)
(13.659411 1.7972464 0)
(-1.0778502 3.1905055 0)
(0.64470438 -0.15694184 0)
(-1.0526255 2.3590195 0)
(-0.91472543 8.4149379 0)
(0.74124602 1.2361216 0)
(-7.258985 6.8621299 0)
(11.799817 0.65861087 0)
(-0.65281126 -0.04968208 0)
(1.6678902 -2.4625743 0)
(0.22960777 0.58102048 0)
(-2.270727 -13.912458 0)
(8.0199704 -4.3146727 0)
(-9.0152905 11.223455 0)
(1.5584905 -9.4776883 0)
(-5.9286687 14.231955 0)
(13.639382 -13.734579 0)
(-7.056239 -10.894862 0)
(0.28050145 -1.6216836 0)
(-3.6881614 5.1382849 0)
(14.849134 6.20398 0)
(-5.8052511 -13.814838 0)
(4.0030253 -2.8366519 0)
(16.856742 6.3168786 0)
(17.036238 -13.463911 0)
(-0.2056902 1.9395891 0)
(-3.4545271 7.0085065 0)
(-0.065860842 0.94764098 0)
(-0.85848079 3.2751846 0)
(14.081551 6.6541112 0)
(0.63163897 -0.034905737 0)
(-0.091746002 0.60075118 0)
(6.6397736 0.66134512 0)
(-4.8137069 -0.22273377 0)
(2.6284772 0.019493509 0)
(1.1625994 -1.0531413 0)
(-7.9752169 -14.262017 0)
(1.9402166 -2.6105433 0)
(-6.0263271 5.2589789 0)
(1.9298362 -0.11985421 0)
(1.4920509 -4.0925501 0)
(10.99453 -14.295744 0)
(-6.6294034 14.218543 0)
(-0.83262785 1.3448728 0)
(-1.7931949 1.4739333 0)
(0.78134462 0.38742334 0)
(-7.2976515 4.5069868 0)
(5.7127829 -5.3295494 0)
(18.861963 8.1994814 0)
(-3.6509125 11.32766 0)
(19.63478 -8.631909 0)
(9.9965008 1.5399331 0)
(-0.53386015 0.31692368 0)
(18.704796 -0.28333631 0)
(0.75353114 0.46263562 0)
(1.1812087 -9.6408089 0)
(-8.7925653 13.343904 0)
(3.4794771 0.4688316 0)
(3.2414215 -0.049204745 0)
(-6.8606349 -14.214466 0)
(-1.0786492 -8.8714461 0)
(-0.37269528 -0.7289562 0)
(13.325394 -6.9669287 0)
(12.246986 5.0450865 0)
(14.061571 6.271485 0)
(-6.8633395 4.2786855 0)
(11.929498 9.9680303 0)
(5.3031796 -1.9822067 0)
(-0.35751866 0.57014123 0)
(13.572351 8.9324193 0)
(-1.1250813 -9.2528759 0)
(-9.23277 7.1290024 0)
(-0.69863212 -9.6292922 0)
(0.8075715 2.358206 0)
(1.8490379 -0.48220157 0)
(-9.6488251 9.3917473 0)
(7.3986593 -3.0530651 0)
(12.708084 -2.2263584 0)
(2.9057132 1.0797153 0)
(0.12564467 0.63689759 0)
(3.7210093 -4.0868658 0)
(14.01221 1.5660688 0)
(-9.7274094 -6.7434147 0)
(-2.4395597 0.084110058 0)
(0.18232407 -1.5413497 0)
(17.074565 -10.310992 0)
(-2.6373883 3.3249121 0)
(0.052228824 3.9473839 0)
(3.352548 0.95421897 0)
(9.9903941 1.2491643 0)
(3.9419492 2.8726186 0)
(1.9919777 -14.304497 0)
(5.894561 -3.3266834 0)
(6.7998976 -1.0655562 0)
(2.6038121 -0.17855093 0)
(18.630935 5.7756767 0)
(0.35803959 -1.127535 0)
(0.81280929 -0.58409228 0)
(-4.8920328 -5.9695475 0)
(-3.9878713 0.59628235 0)
(1.3115209 14.223224 0)
(8.6400869 2.0416121 0)
(2.8593241 14.229524 0)
(8.2775181 -4.5229351 0)
(-7.4339402 8.5381147 0)
(2.203828 11.15235 0)
(0.87462029 -0.12649505 0)
(-7.4545805 8.9641076 0)
(-0.99299796 -0.9472964 0)
(-7.8663262 -10.802124 0)
(12.680267 7.5866131 0)
(-9.3263856 -0.49486719 0)
(0.98099916 -12.813646 0)
(-7.0339895 7.8415518 0)
(9.4813761 -11.111162 0)
(-0.070518234 4.8294386 0)
(-9.2440495 -9.7927878 0)
(-2.3145422 -0.57464148 0)
(15.403412 -6.4249566 0)
(12.69321 7.9833764 0)
(0.62253735 1.651037 0)
(19.241357 5.3578509 0)
(-0.68902371 9.4825211 0)
(-0.34703071 3.4646918 0)
(19.063779 -0.062152348 0)
(1.7285309 -3.3691139 0)
(5.7515077 2.905862 0)
(7.3948173 14.652056 0)
(5.6965859 -5.617459 0)
(2.6608699 0.20161899 0)
(15.508815 14.329172 0)
(-0.98952098 -8.579502 0)
(-3.6904595 -11.081059 0)
(16.417132 -13.755157 0)
(12.617109 0.61722009 0)
(-3.7764683 7.5735605 0)
(0.20050725 12.239528 0)
(6.9646134 1.9406013 0)
(-0.64851325 -5.0388315 0)
(1.6789792 -0.86776634 0)
(-0.5866448 -1.6762241 0)
(-1.2563913 1.5649443 0)
(6.3632304 1.0423973 0)
(0.84931647 -9.4240857 0)
(4.8081629 1.8703028 0)
(1.698413 -11.976851 0)
(-1.0812247 -14.265239 0)
(7.6505157 -3.2566041 0)
(-1.4516283 3.0401017 0)
(7.6178354 2.2313012 0)
(-2.3352977 -3.0617125 0)
(0.69577256 -6.8456293 0)
(0.92288757 1.2955042 0)
(-2.3588065 1.9489765 0)
(10.158758 -14.227165 0)
(11.422526 -12.671594 0)
(0.0044948945 -9.7082685 0)
(-0.49018739 -0.35166423 0)
(-9.0328015 -1.7028929 0)
(-2.1968969 5.9506521 0)
(-1.4869727 9.0853146 0)
(4.7916251 9.6367942 0)
(-1.0453423 -2.5342302 0)
(9.8554645 -11.33123 0)
(14.464929 -14.289025 0)
(3.5111357 0.80922716 0)
(5.7382493 0.33351233 0)
(14.164215 8.7307656 0)
(-3.120757 -13.840062 0)
(12.715576 4.7891667 0)
(6.5851061 2.7575266 0)
(-1.1546885 8.4893369 0)
(-2.3490517 -1.2527435 0)
(-5.1150022 -13.840419 0)
(-4.6291484 -14.245864 0)
(-4.121869 -0.70590282 0)
(-0.029618131 2.9792073 0)
(-6.0185049 5.59928 0)
(14.327272 1.324437 0)
(-9.0959862 -2.3217261 0)
(5.3235229 1.535056 0)
(-0.40838967 -0.41231292 0)
(13.258611 -13.856689 0)
(5.4215798 3.1323016 0)
(17.639441 6.2447694 0)
(15.150882 -6.5682096 0)
(-4.177727 2.4283669 0)
(19.698569 0.20391317 0)
(-2.5332477 -1.7952121 0)
(7.0378679 -1.2484631 0)
(6.7424271 -2.2398755 0)
(0.51347538 -9.5817123 0)
(-3.3403741 2.6141774 0)
(10.110253 -11.138611 0)
(-3.4030884 2.2867729 0)
(3.7410068 3.0218851 0)
(0.17936858 0.55010503 0)
(1.2940196 11.251571 0)
(-1.509779 3.7302191 0)
(-0.20137529 4.1812297 0)
(-1.8246712 -0.91500809 0)
(2.0892487 4.9859929 0)
(-9.3249961 9.5017668 0)
(0.23162597 -1.027297 0)
(-5.6157508 4.1440213 0)
(-1.2179632 8.9753035 0)
(-3.0767921 2.9259972 0)
(0.29064036 0.7743767 0)
(-0.18706911 2.6751273 0)
(0.073744272 -1.5737601 0)
(5.2968223 1.9252227 0)
(14.687439 -6.8867827 0)
(-0.21977526 3.1359868 0)
(2.647601 7.749972 0)
(-2.7717688 -1.9498139 0)
(1.1930343 0.55400543 0)
(11.346504 1.021408 0)
(5.7206123 0.73323529 0)
(-0.99702544 -1.482195 0)
(-1.0215807 4.2567974 0)
(-8.4598585 -7.1871852 0)
(2.5537064 -0.36649197 0)
(2.1446894 -9.1344161 0)
(19.57247 4.2576459 1)
(19.585054 -4.2277628 1)
(9.2529846 14.593453 1)
(9.25 -14.566987 1)
(19.566987 -1.25 1)
(6.2619767 14.515968 1)
(6.2983132 -14.547077 1)
(-0.55994194 0.043958143 1)
(3.25 -14.566987 1)
(3.2185841 14.520107 1)
(-2.2509295 -14.581721 1)
(-2.2365914 14.575208 1)
(0.74063874 14.57629 1)
(0.76904804 -14.578746 1)
(-9.5371392 -7.1869997 1)
(-9.5855988 7.278788 1)
(-9.5621126 4.7479807 1)
(-9.5871719 -4.7856409 1)
(19.566987 -7.25 1)
(19.612904 7.2554708 1)
(11.742808 14.563613 1)
(11.748918 -14.575284 1)
(19.579556 1.312336 1)
(-9.5219992 -2.2779315 1)
(-9.5748362 2.2443009 1)
(-9.5988572 -0.25108055 1)
(14.279951 14.55564 1)
(14.239354 -14.602123 1)
(-4.7848509 -14.593403 1)
(-9.5854173 9.7547533 1)
(19.566662 9.7489402 1)
(19.63484 -9.7150412 1)
(-4.7368517 14.575492 1)
(-9.6236217 -9.6884587 1)
(16.251647 14.509153 1)
(16.178412 -14.528251 1)
(-6.726777 -14.580431 1)
(-9.5406045 11.755829 1)
(19.582266 11.762526 1)
(19.572351 -11.748051 1)
(-6.7862549 14.57909 1)
(-9.5936149 -11.761847 1)
(-0.74392835 14.514849 1)
(-0.81301723 -14.593353 1)
(4.7457755 -14.537991 1)
(7.7258825 -14.582745 1)
(7.7801642 14.586035 1)
(4.7496582 14.574239 1)
(19.530401 5.7203336 1)
(19.607227 2.7577561 1)
(19.607524 -2.7631688 1)
(19.553659 -5.7518887 1)
(17.749876 14.567221 1)
(17.749805 -14.567047 1)
(-8.2812752 -14.547196 1)
(-9.5669563 13.249188 1)
(19.607003 13.258967 1)
(19.523122 -13.267474 1)
(-9.5672178 -13.24939 1)
(-8.25 14.566987 1)
(-9.5817416 1.2554943 1)
(-9.5711194 3.2354249 1)
(-9.5605496 -1.2362849 1)
(-9.5859824 -3.2992431 1)
(-9.5546914 -5.785111 1)
(-9.5672142 5.7343581 1)
(-9.5828327 -8.2332182 1)
(-9.6446135 8.276835 1)
(1.6981584 14.520926 1)
(1.7377385 -14.603526 1)
(-3.2324774 -14.583312 1)
(-3.2615835 14.575556 1)
(10.247049 14.568779 1)
(10.297357 -14.583312 1)
(19.544367 -0.21053214 1)
(12.789568 14.507262 1)
(12.747991 -14.566522 1)
(-5.7391094 14.596534 1)
(-5.7499054 -14.576577 1)
(19.575805 8.2648357 1)
(19.535837 -8.2689939 1)
(15.254467 14.622701 1)
(-9.5645145 -10.741168 1)
(15.25173 -14.554073 1)
(-9.5522591 10.735871 1)
(19.56684 10.749767 1)
(19.573117 -10.749989 1)
(18.744742 14.569355 1)
(18.745761 -14.569302 1)
(-9.2038815 -14.545887 1)
(-9.5773455 14.229285 1)
(19.570353 14.266415 1)
(19.546993 -14.204215 1)
(-9.5789598 1.7564179 1)
(-9.1526229 2.0000872 1)
(-9.1557429 2.4719976 1)
(-8.7535245 2.2420502 1)
(-8.7533338 2.6674899 1)
(-8.364743 2.4445066 1)
(-8.3668743 2.0204042 1)
(-7.9996374 2.2372087 1)
(-7.9913962 2.6592598 1)
(-7.6422146 2.4488923 1)
(-7.6254437 2.8495664 1)
(-7.2910375 2.6467101 1)
(-0.47356775 0.3023282 1)
(-7.2875639 3.0389485 1)
(-6.9571813 2.8374171 1)
(-6.9614085 2.4607691 1)
(-6.6375911 2.6477595 1)
(-6.6393628 2.2815797 1)
(-6.6332954 3.013744 1)
(-6.3188119 2.8252891 1)
(-6.3209461 3.1938817 1)
(-6.0136484 3.000377 1)
(-6.0138812 3.3625439 1)
(-5.7080884 3.1716808 1)
(-5.7134346 3.5297461 1)
(-5.417292 3.3419821 1)
(-5.4188911 3.6914932 1)
(-5.1285813 3.5067312 1)
(-0.29266831 0.477045 1)
(-5.1212203 3.8352446 1)
(-4.8426921 3.6652781 1)
(-4.834982 3.9874858 1)
(-4.5621064 3.8223524 1)
(-4.553722 4.1372652 1)
(-4.2863935 3.9767084 1)
(-4.2781952 4.2869286 1)
(-4.015209 4.1291785 1)
(-4.0080064 4.4372842 1)
(-3.7473743 4.2797737 1)
(-3.7396461 4.5845468 1)
(-3.4821093 4.4283836 1)
(-3.4751465 4.7294668 1)
(-3.2199974 4.5750288 1)
(-3.2131195 4.8729293 1)
(-2.9617762 4.7201406 1)
(-0.046923364 0.5583854 1)
(-2.9502132 5.0083611 1)
(-2.704322 4.8624932 1)
(-2.691349 5.1465065 1)
(-2.4478286 5.0064951 1)
(-2.4381812 5.289932 1)
(-2.194405 5.1482477 1)
(-2.1876459 5.4347967 1)
(-1.9425049 5.2893398 1)
(-1.9357926 5.5748544 1)
(-1.6910879 5.4291187 1)
(-1.6817415 5.7089925 1)
(-1.434806 5.5671319 1)
(-1.4292335 5.8459073 1)
(-1.1876476 5.703058 1)
(-2.4465046 5.5686421 1)
(-1.1821835 5.9890154 1)
(-0.93466024 5.8417325 1)
(-0.9274353 6.1300405 1)
(-0.6833199 5.978974 1)
(-1.178896 6.2802489 1)
(-0.68978878 5.6967836 1)
(-0.44589373 5.8302778 1)
(-0.4535357 5.5531553 1)
(-0.21317135 5.6848706 1)
(0.2251661 0.51494593 1)
(-0.20241719 5.9585046 1)
(0.029977334 5.8132713 1)
(0.0087349103 5.5432505 1)
(0.26103277 5.6699937 1)
(0.27277674 5.9421622 1)
(0.50320336 5.7928304 1)
(0.49387895 5.5245858 1)
(0.73071466 5.6450633 1)
(0.71989328 5.3785247 1)
(0.95422897 5.4995298 1)
(0.94108252 5.2365438 1)
(1.1746268 5.3557505 1)
(1.1618499 5.0952873 1)
(1.3943392 5.2139967 1)
(1.3813871 4.9551716 1)
(1.6044403 5.0736852 1)
(1.5984048 4.8156972 1)
(1.8513153 4.9509615 1)
(0.42875535 0.35819933 1)
(1.8204667 4.6795552 1)
(2.0461502 4.7923026 1)
(2.0338123 4.5385327 1)
(2.2611235 4.6534289 1)
(2.2519806 4.4041872 1)
(2.4749933 4.5222149 1)
(2.4665442 4.2687164 1)
(2.6883618 4.3775383 1)
(2.6763206 4.1273469 1)
(2.9047885 4.2432682 1)
(2.8888272 3.990689 1)
(3.1174839 4.1056214 1)
(3.101582 3.8539425 1)
(3.3254509 3.9673999 1)
(3.3132922 3.7171384 1)
(3.5355522 3.831832 1)
(3.5242593 3.5810675 1)
(3.7458144 3.6954426 1)
(3.734177 3.4448386 1)
(3.9579339 3.5597477 1)
(3.9455337 3.3070317 1)
(4.1718069 3.4229649 1)
(4.15896 3.1672063 1)
(4.3883062 3.2845546 1)
(4.3750062 3.0249613 1)
(4.6082962 3.1444823 1)
(4.6006481 2.8902403 1)
(4.8292051 2.997755 1)
(4.8259926 2.7469464 1)
(5.0559098 2.8517471 1)
(5.0503992 2.5926723 1)
(5.2893056 2.7085403 1)
(5.2745228 2.4320398 1)
(5.5188159 2.558116 1)
(5.5093489 2.2769034 1)
(5.7600559 2.3996601 1)
(5.7482216 2.1190943 1)
(0.55916235 0.053103799 1)
(6.0096949 2.2434851 1)
(5.9916338 1.9546884 1)
(6.2541151 2.0902448 1)
(6.2409777 1.7981363 1)
(6.2720762 2.3801485 1)
(4.8319989 3.2576307 1)
(3.548522 4.0843435 1)
(2.2754222 4.9113868 1)
(6.5184909 2.2296697 1)
(6.5428002 2.5118431 1)
(6.7906013 2.3650164 1)
(6.8146956 2.6531156 1)
(7.0650773 2.5073737 1)
(7.0819861 2.818107 1)
(7.3438288 2.6536821 1)
(7.3609306 2.9679892 1)
(5.9738999 1.6613475 1)
(6.2203857 1.5003382 1)
(5.9580748 1.3654554 1)
(6.1895386 1.2057114 1)
(5.9393232 1.0701728 1)
(6.169938 0.91034464 1)
(5.9321457 0.79198242 1)
(6.1712369 0.61636685 1)
(5.8938977 0.50165483 1)
(6.1544163 0.32089351 1)
(5.9069176 0.18550262 1)
(6.1432914 0.020085492 1)
(5.8775736 -0.11650199 1)
(6.1260313 -0.28013111 1)
(5.8580959 -0.41694608 1)
(6.1083767 -0.58049514 1)
(5.8400363 -0.71788546 1)
(6.1116364 -0.88378815 1)
(5.8256124 -1.0205286 1)
(6.0987316 -1.1873349 1)
(5.8076153 -1.3238789 1)
(6.3652928 -0.74548295 1)
(6.0647814 -1.4911895 1)
(5.7863656 -1.6293227 1)
(0.43343935 -0.35903457 1)
(6.0429153 -1.7971685 1)
(5.7704123 -1.9335284 1)
(6.032439 -2.113186 1)
(5.75774 -2.2578297 1)
(6.0129734 -2.4267463 1)
(5.7347304 -2.5794363 1)
(5.995479 -2.7444886 1)
(6.2805362 -2.5993093 1)
(5.7083592 -2.8868649 1)
(6.2642313 -2.92108 1)
(6.548677 -2.7837479 1)
(6.5385116 -3.1013984 1)
(6.8266261 -2.9639792 1)
(7.6308867 2.7916615 1)
(7.6461005 3.1212966 1)
(6.816286 -3.2843078 1)
(7.1072924 -3.1497421 1)
(7.9220057 2.940849 1)
(7.9366895 3.2675859 1)
(7.1004072 -3.4722261 1)
(7.4049885 -3.3173895 1)
(8.2165254 3.0900729 1)
(8.2320842 3.4234867 1)
(7.3949238 -3.6518337 1)
(7.6891179 -3.5197714 1)
(7.1374723 -3.8140393 1)
(8.516042 3.2404288 1)
(8.5354522 3.5779377 1)
(7.6866857 -3.8454539 1)
(7.9937848 -3.6957838 1)
(0.97029931 5.7658112 1)
(7.9866303 -4.0353972 1)
(8.3003862 -3.8831802 1)
(8.8221996 3.3952242 1)
(8.837906 3.7432094 1)
(8.5444669 3.9292427 1)
(8.8541389 4.0927696 1)
(8.5615099 4.2894505 1)
(8.8891132 4.4486803 1)
(8.2760679 -4.249095 1)
(8.600149 -4.0854741 1)
(9.1327187 3.5561205 1)
(8.5693639 4.6348703 1)
(8.5922615 -4.435611 1)
(8.9070409 4.8048143 1)
(8.9128132 -4.2824167 1)
(-5.1330024 3.1930193 1)
(8.8890764 -4.6607526 1)
(8.5291399 -4.8293278 1)
(8.5777344 4.9977272 1)
(9.2248494 -4.4879239 1)
(8.9052979 5.1656426 1)
(4.3686509 2.7990327 1)
(9.2471192 -4.1158322 1)
(5.4531395 -2.7313157 1)
(5.4233804 -3.027952 1)
(5.1659576 -2.8638801 1)
(5.1413919 -3.1638297 1)
(4.889904 -3.0052791 1)
(4.8646544 -3.2972535 1)
(4.6219728 -3.1496552 1)
(4.5919702 -3.4291294 1)
(4.3507395 -3.2755327 1)
(4.3273996 -3.5601706 1)
(4.0861489 -3.3993941 1)
(0.22273133 -0.53609005 1)
(4.0726101 -3.6791295 1)
(3.8290236 -3.526824 1)
(3.8186993 -3.843692 1)
(3.5751003 -3.6613013 1)
(3.5535451 -3.9383445 1)
(3.3217122 -3.7838117 1)
(3.3029086 -4.0622251 1)
(3.0723557 -3.9084113 1)
(3.0536781 -4.1853697 1)
(2.8242105 -4.0322046 1)
(2.8056441 -4.3084236 1)
(3.0539954 -4.4798536 1)
(2.5769506 -4.1555931 1)
(2.5573337 -4.4306055 1)
(2.3294483 -4.2783368 1)
(-0.28996497 -0.47894874 1)
(-0.034241778 -0.55985841 1)
(2.3104844 -4.5539957 1)
(2.0816856 -4.4011958 1)
(2.0628184 -4.6771758 1)
(1.833311 -4.5238104 1)
(1.8133519 -4.7989279 1)
(1.582389 -4.6461687 1)
(1.5634861 -4.9235975 1)
(1.331696 -4.7699311 1)
(1.3101021 -5.0458534 1)
(1.0780674 -4.8939278 1)
(1.0547982 -5.17359 1)
(0.81665856 -5.0180177 1)
(0.80206721 -5.3013341 1)
(0.55312071 -5.1464034 1)
(1.5517903 -5.2217778 1)
(0.53244389 -5.4435576 1)
(0.28241844 -5.2761281 1)
(0.25425724 -5.5825512 1)
(0.0037115587 -5.4101918 1)
(-0.01978324 -5.7224437 1)
(0.24419817 -5.8947553 1)
(-0.27454311 -5.5404472 1)
(-0.30275794 -5.8648012 1)
(9.2006699 -4.8721808 1)
(9.5430602 -4.6946132 1)
(8.5909655 5.3612188 1)
(-0.56970635 -5.6855466 1)
(-0.59464536 -6.0119584 1)
(9.5235508 -5.0730217 1)
(8.9144769 5.5258096 1)
(9.2289326 5.3345656 1)
(1.1526697 4.8360875 1)
(4.1111071 -3.0737118 1)
(9.2530479 5.699837 1)
(9.563596 5.5051658 1)
(9.8667155 -4.8996809 1)
(9.8472224 -5.2865856 1)
(3.5137533 3.3336617 1)
(5.6237847 0.074987281 1)
(8.6023523 5.7233276 1)
(-0.5405347 -5.3070024 1)
(-0.47185835 -0.29162241 1)
(-0.8348072 -5.4958589 1)
(-0.81341904 -5.185651 1)
(-4.0352965 3.820536 1)
(-1.9423234 4.9925802 1)
(-1.0991824 -5.3247578 1)
(-1.0775492 -5.0101724 1)
(9.1144057 3.2031784 1)
(9.429216 3.3659853 1)
(9.594537 5.8812216 1)
(9.9039705 5.6776504 1)
(9.4110506 3.0104145 1)
(9.7303627 3.1727506 1)
(-1.3601111 -5.1471407 1)
(-1.342893 -4.8346555 1)
(10.194454 -5.1105258 1)
(10.17627 -5.5007217 1)
(2.0281312 4.2959325 1)
(-2.9694888 4.422269 1)
(9.9158794 6.0716109 1)
(10.244536 5.8549562 1)
(9.7114047 2.8143205 1)
(10.03337 2.9751492 1)
(10.015905 2.6135713 1)
(10.342304 2.7800304 1)
(10.323506 2.4094441 1)
(10.653136 2.5758265 1)
(10.634952 2.2032758 1)
(-1.6209258 -4.9706366 1)
(-1.603882 -4.6595599 1)
(-3.7300208 4.8825368 1)
(10.255795 6.2550831 1)
(10.528318 -5.3224529 1)
(10.506248 -5.7211464 1)
(10.152074 -5.9023706 1)
(10.591747 6.0331543 1)
(10.971024 2.3754083 1)
(10.95134 1.9977765 1)
(3.0982938 -3.6445038 1)
(-1.8806816 -4.7960772 1)
(-1.8945779 -5.1211919 1)
(-1.8588079 -4.4870284 1)
(10.48523 -6.1228948 1)
(10.126563 -6.3102277 1)
(10.605742 6.4346512 1)
(-2.1391627 -4.6210101 1)
(-2.1165409 -4.312913 1)
(10.860289 -5.5337816 1)
(10.883742 -5.1373778 1)
(0.82768346 -4.7319004 1)
(10.945044 6.2137016 1)
(11.291404 2.1707036 1)
(11.275492 1.7939533 1)
(10.959159 6.6203844 1)
(10.215379 6.6702113 1)
(2.0984371 -4.127084 1)
(-2.3967221 -4.4463346 1)
(-2.3711733 -4.1368714 1)
(10.463211 -6.5288078 1)
(10.097459 -6.7127462 1)
(11.21951 -5.3500409 1)
(11.242609 -4.951078 1)
(11.30303 6.3969447 1)
(11.320009 6.7999137 1)
(11.616104 1.9638714 1)
(-2.6550969 -4.271865 1)
(-2.6283572 -3.9614404 1)
(11.600007 1.5825307 1)
(10.440339 -6.9372769 1)
(10.072277 -7.1207275 1)
(11.580525 -5.1629909 1)
(11.604926 -4.7621073 1)
(-1.5852669 -4.3533381 1)
(11.664408 6.5814411 1)
(11.683855 6.9923788 1)
(-2.9136788 -4.0978816 1)
(-2.8831328 -3.7800275 1)
(11.944193 1.7537354 1)
(-4.8148484 4.3026314 1)
(4.3077526 -3.8515877 1)
(11.923732 1.3624609 1)
(11.949913 -4.9870099 1)
(-2.9298925 -4.4146644 1)
(-3.1749092 -3.921494 1)
(-3.1527475 -3.605726 1)
(10.41763 -7.3494152 1)
(10.043668 -7.5371466 1)
(11.970438 -4.5760458 1)
(12.033252 6.7704685 1)
(12.051661 7.1861855 1)
(11.688973 7.4073725 1)
(-2.5806381 -3.6505726 1)
(12.275599 1.539501 1)
(12.068829 7.6060232 1)
(7.9793024 -3.2924097 1)
(12.313627 -4.7896955 1)
(12.338229 -4.3819844 1)
(-3.4417197 -3.7443086 1)
(-3.4195073 -3.4213016 1)
(12.395089 6.9454695 1)
(10.394603 -7.767403 1)
(10.01922 -7.9551635 1)
(11.700435 7.8299301 1)
(12.086494 8.0302562 1)
(12.688925 -4.6102972 1)
(12.632004 -5.0857763 1)
(12.709381 -4.1925381 1)
(-3.7127614 -3.563309 1)
(-3.6895934 -3.2349179 1)
(10.928584 1.6164413 1)
(9.6681252 -7.7245718 1)
(9.6429301 -8.1419665 1)
(9.2981923 -7.9192643 1)
(9.2686446 -8.3281094 1)
(8.9260172 -8.1073088 1)
(8.8959646 -8.5131595 1)
(8.5516297 -8.2849419 1)
(10.370217 -8.1894161 1)
(11.713124 8.2590807 1)
(13.038243 -4.8472425 1)
(13.022596 -5.2604771 1)
(6.4139957 0.47876497 1)
(8.2776157 5.5557423 1)
(8.2876972 5.9174149 1)
(7.9657156 5.7502527 1)
(7.9764222 6.113502 1)
(7.6596966 5.9529025 1)
(7.6664742 6.3086312 1)
(7.3511785 6.1487604 1)
(7.3595466 6.5056755 1)
(7.0398768 6.3357337 1)
(7.0510806 6.6977546 1)
(6.7317353 6.5274772 1)
(6.7424758 6.8890959 1)
(7.0665253 7.0622241 1)
(6.752179 7.2570185 1)
(7.0822246 7.4329107 1)
(6.762067 7.6305924 1)
(7.0931746 7.811467 1)
(6.4326527 7.4526129 1)
(6.442186 7.8272391 1)
(6.1120453 7.6497309 1)
(6.1211579 8.0213567 1)
(5.7922542 7.8455191 1)
(5.8014566 8.2169198 1)
(5.4727062 8.0412388 1)
(5.4811848 8.4116516 1)
(5.1527487 8.2366749 1)
(5.7909753 8.6065342 1)
(5.1612254 8.6079544 1)
(4.8320636 8.4326965 1)
(4.8391549 8.802818 1)
(4.5102642 8.6287802 1)
(8.524108 -8.6954711 1)
(8.1810498 -8.4681873 1)
(12.104569 8.4592089 1)
(-3.9884038 -3.3790411 1)
(-4.0117455 -3.7130404 1)
(-3.9613247 -3.04836 1)
(-3.6838043 -2.905947 1)
(-3.9323617 -2.7213371 1)
(-3.6653777 -2.5833239 1)
(-3.9040232 -2.4043412 1)
(-3.6292957 -2.2596131 1)
(-3.8770508 -2.095863 1)
(-3.608637 -1.9484963 1)
(-3.8502038 -1.7948446 1)
(-3.5883349 -1.662447 1)
(-3.8253323 -1.5047782 1)
(-3.5637774 -1.3852061 1)
(-3.3375094 -1.5363211 1)
(-3.3160035 -1.269283 1)
(-3.5375144 -1.116714 1)
(-3.2955366 -1.0054998 1)
(-3.105275 -1.4291806 1)
(-3.5090382 -0.85307821 1)
(-3.2733527 -0.74541751 1)
(-4.0888056 -1.6206439 1)
(-3.4830965 -0.59474389 1)
(-3.2513824 -0.48901183 1)
(12.289855 1.929487 1)
(12.634036 1.7138318 1)
(12.610911 1.3182257 1)
(12.971641 1.5002786 1)
(12.979258 1.8859253 1)
(12.949763 1.0939623 1)
(13.314899 1.2796059 1)
(13.292994 0.86779333 1)
(4.5172848 9.0003078 1)
(4.1872112 8.8257386 1)
(-3.4587636 -0.34017494 1)
(-3.2277747 -0.23792781 1)
(8.1535443 -8.8780251 1)
(7.809906 -8.6537147 1)
(-4.2322027 -2.8583906 1)
(12.358143 -3.9667077 1)
(13.398084 -5.0749121 1)
(13.390684 -5.481119 1)
(11.727498 8.6903673 1)
(4.1976193 9.2045737 1)
(3.8630535 9.024437 1)
(-3.0291732 -0.38076948 1)
(-3.0056896 -0.13761051 1)
(-3.2008365 0.0012366083 1)
(-2.9837027 0.098975785 1)
(7.7844498 -9.0616242 1)
(7.4412723 -8.8377621 1)
(-3.171917 0.23665338 1)
(-2.9587003 0.32914867 1)
(12.123069 8.8921877 1)
(12.483036 8.6770942 1)
(13.6624 1.0556589 1)
(13.628556 0.63023489 1)
(5.5486817 -1.1554228 1)
(8.8639318 -8.9319375 1)
(4.5827853 9.3951549 1)
(3.8735984 9.4057234 1)
(3.536542 9.2237 1)
(7.415339 -9.2477781 1)
(7.075422 -9.0188922 1)
(7.1004459 -8.6138234 1)
(6.7392431 -8.7922027 1)
(6.7648927 -8.3922291 1)
(6.4087683 -8.5698816 1)
(6.3821002 -8.9668439 1)
(6.0515671 -8.7439475 1)
(6.0255633 -9.1372065 1)
(5.6961986 -8.9163 1)
(5.7245284 -8.5256729 1)
(5.3666236 -8.6967466 1)
(5.3402798 -9.0878751 1)
(5.0088786 -8.8666464 1)
(4.9860467 -9.2585608 1)
(4.6565162 -9.0364347 1)
(-3.1447484 0.4678056 1)
(-2.9333899 0.55906119 1)
(4.6296122 -9.4301437 1)
(4.3027426 -9.2062435 1)
(-2.818163 -0.27343939 1)
(-3.1172102 0.69744991 1)
(-2.9061494 0.7869281 1)
(-3.3299074 0.61231971 1)
(-2.7277728 0.65276136 1)
(-2.7024567 0.87172907 1)
(4.3315837 -8.8151259 1)
(3.9815696 -8.9832048 1)
(3.9472945 -9.3749252 1)
(3.6256861 -9.1501243 1)
(3.5894493 -9.5433496 1)
(3.2662711 -9.3220787 1)
(12.510821 9.0994332 1)
(12.873914 8.8813735 1)
(13.761936 -5.3044374 1)
(13.771005 -5.7158825 1)
(3.5470443 9.6073374 1)
(3.2075911 9.4239922 1)
(11.75463 9.1241564 1)
(14.012034 0.82759318 1)
(13.979102 0.40393994 1)
(-2.531194 0.74276896 1)
(-2.5057157 0.95401841 1)
(-2.673926 1.0832308 1)
(-2.4774254 1.1634014 1)
(5.1459071 7.8660356 1)
(-2.3162532 1.0361967 1)
(-2.2836299 1.2439307 1)
(-2.4473365 1.3710181 1)
(-2.2539496 1.4450193 1)
(-2.0943303 1.321725 1)
(-2.0644658 1.5177192 1)
(-1.9101301 1.3933208 1)
(-1.8922462 1.588413 1)
(-2.0346001 1.7103798 1)
(-1.8517244 1.7787302 1)
(-1.700441 1.6223975 1)
(-1.66803 1.843651 1)
(-1.5154417 1.7126978 1)
(-1.4897604 1.9067564 1)
(-1.3489996 1.7964064 1)
(-1.3157081 1.9735206 1)
(-1.1771292 1.8659638 1)
(-1.142614 2.0380435 1)
(-1.0041079 1.9277638 1)
(-0.97065602 2.1005226 1)
(-0.83476674 1.9851127 1)
(-0.79919798 2.1606128 1)
(-0.66749834 2.0438867 1)
(-0.63195133 2.2220303 1)
(-0.49691529 2.1055606 1)
(-0.46434417 2.2831471 1)
(-0.32708332 2.1696487 1)
(-0.29455431 2.3380317 1)
(-0.15963086 2.2304348 1)
(-0.40672464 2.4474088 1)
(-0.12712131 2.3985179 1)
(0.0097071382 2.2895946 1)
(-1.1106557 2.2186483 1)
(0.038929381 2.4669492 1)
(0.17933813 2.350993 1)
(0.20892837 2.5314501 1)
(0.34771779 2.4131408 1)
(0.31829181 2.2356232 1)
(0.48485945 2.2957515 1)
(0.45238654 2.1224032 1)
(0.61519724 2.1810857 1)
(0.58424531 2.0143661 1)
(0.74253108 2.0703259 1)
(0.71278404 1.9086666 1)
(0.86693652 1.9629294 1)
(0.83771637 1.8048752 1)
(0.98880388 1.8579957 1)
(0.9602342 1.702722 1)
(1.1058337 1.7513648 1)
(1.0801495 1.6010421 1)
(1.2240436 1.6490053 1)
(1.1981276 1.503315 1)
(1.3448291 1.5523767 1)
(1.3179932 1.4003759 1)
(1.4629623 1.4526238 1)
(1.4404623 1.3004723 1)
(1.5813192 1.3529744 1)
(1.5538547 1.200597 1)
(1.6994131 1.2531842 1)
(1.6711516 1.0984739 1)
(1.826639 1.1601994 1)
(1.7919309 0.99618268 1)
(1.951108 1.0589875 1)
(1.9149813 0.88993089 1)
(2.0708358 0.94560085 1)
(2.0394343 0.77872175 1)
(2.1996864 0.83560983 1)
(2.1673944 0.66339616 1)
(2.3332181 0.7232952 1)
(2.3001189 0.54618624 1)
(2.4710866 0.60810313 1)
(2.4373037 0.42977555 1)
(1.3570474 1.6990078 1)
(2.265869 0.36836189 1)
(2.4021949 0.25100257 1)
(2.232163 0.19292314 1)
(2.3672679 0.074432362 1)
(2.1986106 0.016992478 1)
(2.3325991 -0.10091917 1)
(2.1699869 -0.15990582 1)
(2.2991949 -0.27555491 1)
(2.1388502 -0.33460565 1)
(2.2659664 -0.44965566 1)
(2.1003867 -0.50778502 1)
(2.2316188 -0.62390506 1)
(2.0631944 -0.68272441 1)
(2.4554928 -0.2283419 1)
(2.1965285 -0.79879122 1)
(2.0277974 -0.85833075 1)
(1.8475452 1.3089332 1)
(2.6144783 0.47864597 1)
(2.1660987 -0.97816551 1)
(1.9939169 -1.0339406 1)
(2.3464893 -0.93271594 1)
(2.3699017 0.89597908 1)
(0.90525286 2.1104061 1)
(2.1319883 -1.1573764 1)
(1.9574866 -1.2121349 1)
(3.2296977 -9.7142639 1)
(2.9043761 -9.4914373 1)
(12.898076 9.3154181 1)
(13.266946 9.0905904 1)
(3.8582787 8.6523482 1)
(-1.8242835 1.9724472 1)
(4.0118431 -8.5936057 1)
(-6.0131683 3.7396547 1)
(3.2181928 9.810367 1)
(2.8765516 9.6253197 1)
(7.6157816 2.4738683 1)
(14.128742 -5.5413199 1)
(14.129311 -5.9702816 1)
(14.101431 -5.1016897 1)
(2.8675118 -9.8854744 1)
(2.5364822 -9.6557146 1)
(14.368392 0.60030633 1)
(14.39037 1.0249518 1)
(14.334688 0.17500788 1)
(2.0953987 -1.3355454 1)
(1.9200218 -1.3921512 1)
(12.380376 6.545344 1)
(12.748337 6.7166209 1)
(13.2927 9.5266967 1)
(13.666113 9.2981838 1)
(1.7842285 -1.2712062 1)
(1.746123 -1.4488417 1)
(2.8861888 3.7510801 1)
(1.6131037 -1.3299805 1)
(1.5759986 -1.5048959 1)
(1.7086257 -1.6250059 1)
(1.5369335 -1.6793861 1)
(1.4038891 -1.5578986 1)
(1.3665362 -1.7316435 1)
(1.2361673 -1.6151519 1)
(1.1995791 -1.7832371 1)
(1.0783766 -1.6684653 1)
(1.0369426 -1.8339955 1)
(0.9044459 -1.6968692 1)
(0.87311546 -1.8808336 1)
(0.74522949 -1.7713075 1)
(0.71115165 -1.9357828 1)
(0.5870527 -1.8278514 1)
(0.54843391 -1.9899372 1)
(0.42277058 -1.8799653 1)
(0.38281926 -2.0438348 1)
(0.25319449 -1.9228283 1)
(0.21416265 -2.095712 1)
(0.0815419 -1.9749905 1)
(0.041374645 -2.1514609 1)
(-0.095046779 -2.0276562 1)
(0.67693036 -2.1070229 1)
(-0.13544808 -2.2098356 1)
(-0.27390357 -2.0826283 1)
(-3.6961364 -0.44504765 1)
(13.258098 0.44380024 1)
(0.38087302 2.5957437 1)
(0.23803617 2.7160284 1)
(2.5022048 -10.056367 1)
(2.1698993 -9.8247863 1)
(-0.0024324873 -2.3281621 1)
(2.8865303 10.015035 1)
(2.5447983 9.8273343 1)
(2.5377177 9.4398135 1)
(2.2050836 9.640779 1)
(2.2116949 10.027054 1)
(1.8736336 9.8378144 1)
(12.734273 6.3139264 1)
(13.104732 6.4859973 1)
(1.3271501 -1.9044024 1)
(2.5443373 -9.2366519 1)
(1.867864 9.4538065 1)
(1.5366673 9.6485393 1)
(1.5405589 10.034935 1)
(1.2036128 9.842177 1)
(13.696525 9.7238266 1)
(14.089213 9.459517 1)
(-1.3743886 1.6148644 1)
(1.7593798 0.84248226 1)
(1.204852 10.23196 1)
(0.86820511 10.03697 1)
(0.8623782 9.6596536 1)
(0.53197591 9.8439373 1)
(13.087942 6.0656814 1)
(13.464091 6.2524907 1)
(14.475083 -5.7931744 1)
(14.469169 -6.2262176 1)
(3.2320785 10.202989 1)
(0.55795936 1.8523268 1)
(0.53168366 10.231504 1)
(0.19398579 10.034525 1)
(11.35156 8.9192649 1)
(11.379907 9.3491411 1)
(13.447222 5.8289339 1)
(13.815609 6.0372715 1)
(13.814946 5.606058 1)
(14.214931 5.8787608 1)
(3.1999729 -10.108871 1)
(14.186705 5.3836659 1)
(14.578268 5.5795655 1)
(2.1357825 -10.228769 1)
(1.8008158 -9.9965942 1)
(14.722755 0.3685783 1)
(14.703386 -0.06312379 1)
(-0.31635525 -2.268513 1)
(-0.45950318 -2.1377143 1)
(14.093129 -6.4111456 1)
(14.428254 -6.6536706 1)
(14.073513 -6.8543688 1)
(14.402986 -7.0953521 1)
(14.032215 -7.2960232 1)
(14.408915 -7.5440457 1)
(14.008882 -7.7432987 1)
(14.414438 -8.0047262 1)
(13.976202 -8.1967753 1)
(14.383222 -8.4509642 1)
(13.947614 -8.6491502 1)
(14.344481 -8.9021626 1)
(13.910233 -9.0958986 1)
(14.315255 -9.3594133 1)
(13.873004 -9.5388376 1)
(1.9426109 -0.57121782 1)
(7.0206705 5.9966665 1)
(14.554732 5.1364732 1)
(0.41786058 2.7826917 1)
(0.26793736 2.9049113 1)
(14.088318 9.9320581 1)
(14.500852 9.6453479 1)
(2.0267805 -0.041995845 1)
(14.283758 -9.8140499 1)
(-0.35743582 1.9973346 1)
(10.990963 9.1485076 1)
(11.017904 9.5866566 1)
(5.6798938 0.93783137 1)
(13.285565 9.9775876 1)
(1.7654317 -10.404645 1)
(1.4308733 -10.169113 1)
(1.4666055 -9.7621358 1)
(1.1068858 -9.9538995 1)
(1.0600095 -10.339493 1)
(0.72942073 -10.106382 1)
(0.191425 10.426415 1)
(-0.14622486 10.226532 1)
(-0.1476318 9.8454051 1)
(-0.48429294 10.027497 1)
(-0.48872053 10.418062 1)
(-0.82730025 10.216399 1)
(-0.83068781 9.7794523 1)
(-1.1631203 10.011392 1)
(-1.1744807 10.409431 1)
(-1.5152925 10.20054 1)
(-1.5062683 9.805213 1)
(-1.8555204 9.9904518 1)
(-1.8503515 9.6029853 1)
(-2.1951647 9.7817875 1)
(-2.1828954 9.3832107 1)
(-2.5355564 9.5678163 1)
(-2.5477351 9.9715737 1)
(-2.8896884 9.7570467 1)
(-2.8766696 9.3527303 1)
(-3.2320047 9.5404683 1)
(-3.2166134 9.1369402 1)
(-3.5742826 9.3256592 1)
(-3.5576877 8.923598 1)
(-3.9173549 9.1103349 1)
(-3.9344757 9.5178189 1)
(-4.2811092 9.2982378 1)
(-4.2590596 8.8927915 1)
(-4.3002021 9.7123494 1)
(-4.6272735 9.0766088 1)
(-4.6055979 8.6686308 1)
(-4.9758749 8.8534842 1)
(-4.9565886 8.4421618 1)
(0.78131759 -9.733123 1)
(0.35634201 -9.8524265 1)
(0.35014883 -10.270676 1)
(0.001512601 -10.048655 1)
(-0.017338781 -10.440518 1)
(-0.3566189 -10.202081 1)
(-3.3051651 0.84220845 1)
(-3.5240078 0.75449652 1)
(-0.91864786 6.4235407 1)
(14.811102 -6.5089237 1)
(-3.4983149 0.99066942 1)
(-3.7261086 0.89463173 1)
(14.759006 -8.7028384 1)
(-0.35016204 -9.7583774 1)
(-0.6862882 -9.9548559 1)
(-0.73363638 -10.369766 1)
(-1.0697604 -10.121544 1)
(-1.0261545 -9.6513617 1)
(-1.4053032 -9.8632759 1)
(-1.3821317 -9.4460846 1)
(-1.7424359 -9.620844 1)
(-1.6939536 -9.2113764 1)
(-2.0720755 -9.3757319 1)
(-2.1201039 -9.7907974 1)
(-2.4565799 -9.5407227 1)
(-2.3950283 -9.1147403 1)
(-2.7924029 -9.2830651 1)
(-2.8449811 -9.7069431 1)
(-3.1826841 -9.4497262 1)
(-3.1317446 -9.0269922 1)
(-3.5194931 -9.1925028 1)
(-3.4675423 -8.7722754 1)
(-3.8557962 -8.9347057 1)
(-3.8787838 -9.3813878 1)
(-3.8065237 -8.5214846 1)
(-4.192024 -8.6784007 1)
(-4.144034 -8.2652238 1)
(-4.5295766 -8.4231801 1)
(-4.4767419 -8.003709 1)
(-4.86551 -8.1658795 1)
(-4.814244 -7.7392528 1)
(13.8614 -10.006197 1)
(-1.1182665 -10.540008 1)
(14.946867 5.337459 1)
(14.985752 5.8389387 1)
(14.924251 4.8946877 1)
(10.632 9.3822174 1)
(10.644459 9.8116753 1)
(-1.5282344 10.604341 1)
(-0.86477878 1.8284279 1)
(-0.50408848 -2.3333812 1)
(-0.65298672 -2.1951425 1)
(-0.60531196 -2.0022104 1)
(-0.79696172 -2.0563875 1)
(-0.75231161 -1.8624674 1)
(-0.9404501 -1.9197834 1)
(-0.89924397 -1.7305752 1)
(14.497028 10.146703 1)
(1.411594 1.1565621 1)
(10.000904 2.2579591 1)
(10.263467 9.613655 1)
(10.274373 10.041538 1)
(10.666879 10.267537 1)
(9.8941989 9.8449604 1)
(9.9070636 10.275916 1)
(9.524954 10.076245 1)
(12.72858 -3.7754239 1)
(12.37768 -3.5511589 1)
(4.958325 -9.6571684 1)
(10.946466 2.7759854 1)
(-5.2007267 -7.9079833 1)
(-5.1521614 -7.4764349 1)
(-5.2572775 -8.3306506 1)
(2.1066049 -10.639043 1)
(7.7483013 -9.4743501 1)
(1.1334881 -1.5022342 1)
(15.088311 0.1346071 1)
(15.065678 -0.30564055 1)
(1.0505195 1.459459 1)
(6.787131 2.9940383 1)
(7.1263624 -2.8002652 1)
(2.9250479 4.5068295 1)
(14.902224 9.9016034 1)
(0.45328583 2.9739518 1)
(0.29929499 3.1005124 1)
(2.2939462 -4.8318856 1)
(1.5941493 5.3042046 1)
(-5.326644 8.6313065 1)
(-5.3048526 8.2179128 1)
(-5.3488239 9.0415973 1)
(4.1833971 3.678296 1)
(9.534754 10.50228 1)
(9.1562355 10.308441 1)
(-1.0817752 -1.7871827 1)
(-1.0383626 -1.6117449 1)
(-1.1201955 -1.9850247 1)
(-0.70103407 -2.3952656 1)
(-0.54509849 -2.5372466 1)
(-3.3924275 -8.3755693 1)
(14.91664 10.375312 1)
(15.320036 5.0973763 1)
(15.29825 4.650527 1)
(14.261307 -10.27623 1)
(14.678163 -10.069228 1)
(-4.5802929 8.2663827 1)
(-4.4213766 -7.58516 1)
(-3.6965113 1.1472315 1)
(-3.93275 1.0456413 1)
(13.843789 -10.482937 1)
(13.447865 -10.215638 1)
(-0.056379257 -1.8528469 1)
(5.1062742 -3.4734891 1)
(-5.5395839 -7.6492781 1)
(-5.486829 -7.2238904 1)
(12.747513 -3.3590678 1)
(12.397154 -3.1352403 1)
(-1.176042 6.5775865 1)
(-0.90852375 6.7244191 1)
(9.16689 10.736131 1)
(8.7867701 10.540324 1)
(15.458789 -0.10284249 1)
(15.434712 -0.54495535 1)
(15.468634 0.33662142 1)
(-1.2197279 -1.6562359 1)
(-1.1522209 -1.4619406 1)
(15.324355 10.104255 1)
(15.318455 9.5753192 1)
(15.334727 10.593483 1)
(14.487053 10.634436 1)
(0.60959637 -1.664513 1)
(14.655778 -10.535231 1)
(15.067447 -10.334859 1)
(13.414794 5.3942737 1)
(0.51697339 -0.21380936 1)
(-0.54504093 -0.13268871 1)
(0.51834995 0.21269344 1)
(13.427396 -10.692509 1)
(13.033599 -10.428556 1)
(-5.677937 8.4062879 1)
(-5.6571438 7.9903656 1)
(-1.3266804 -9.0477967 1)
(5.006893 2.302502 1)
(0.48589078 3.1694211 1)
(0.32900625 3.2956631 1)
(0.64102089 3.0406748 1)
(9.5690417 10.902146 1)
(15.696521 4.8560674 1)
(15.674302 4.4079688 1)
(10.946476 5.7670353 1)
(-0.87624064 -1.5609699 1)
(8.7961953 10.966701 1)
(8.4142681 10.770325 1)
(8.6059907 -7.8774154 1)
(-8.0032518 1.8165125 1)
(-1.3553792 -1.5240825 1)
(-1.3098249 -1.3359485 1)
(13.012779 -10.905312 1)
(12.618166 -10.639354 1)
(-5.8765128 -7.3929579 1)
(-5.8219038 -6.9703498 1)
(-5.4336553 -6.8050138 1)
(-5.7660345 -6.5520764 1)
(-0.74828267 -2.602252 1)
(-0.58529538 -2.7483231 1)
(15.049741 -10.796298 1)
(15.464372 -10.593843 1)
(-3.2048723 8.7389593 1)
(12.766047 -2.9209225 1)
(12.424109 -2.7308185 1)
(12.051187 -2.912671 1)
(12.108888 -2.4667415 1)
(13.102361 -3.1025311 1)
(11.713545 -2.6828586 1)
(11.723978 -2.290021 1)
(11.368283 -2.4686868 1)
(11.38457 -2.0686902 1)
(11.032175 -2.251488 1)
(11.049099 -1.8564084 1)
(10.701104 -2.0370726 1)
(10.715471 -1.6516511 1)
(10.3734 -1.8255682 1)
(10.387786 -1.4435901 1)
(10.051465 -1.6170503 1)
(10.065059 -1.2395748 1)
(9.7335086 -1.4109552 1)
(9.7492801 -1.0381467 1)
(9.4202842 -1.2081855 1)
(9.4363883 -0.83808966 1)
(9.8811584 9.4126139 1)
(15.830718 -0.34290789 1)
(15.806863 -0.78580213 1)
(-3.9013666 1.3004215 1)
(-4.1443864 1.1993625 1)
(-4.1749663 0.93617778 1)
(-4.4026824 1.1123184 1)
(-4.4275558 0.82122699 1)
(-4.6645703 1.0065452 1)
(-4.6922538 0.70757355 1)
(15.744654 10.318679 1)
(15.758241 10.805171 1)
(0.13953014 3.2231954 1)
(0.16973258 3.4280731 1)
(-0.024884031 3.35201 1)
(0.0091660322 3.5647468 1)
(-0.18285115 3.4987541 1)
(-0.15488395 3.705107 1)
(-0.35249609 3.6363494 1)
(-6.1575215 -6.7118871 1)
(-6.1001935 -6.292095 1)
(-1.1733436 6.8827029 1)
(-0.89861909 7.0334992 1)
(0.67656904 3.238075 1)
(0.83272303 3.1067988 1)
(-4.9284926 0.87759822 1)
(-4.9636865 0.5813257 1)
(9.1128505 -1.0072746 1)
(9.1280666 -0.64424865 1)
(-6.034858 8.1807576 1)
(-6.0119549 7.7616828 1)
(-5.6409055 7.5739755 1)
(-5.987931 7.3487643 1)
(-5.6260706 7.1613401 1)
(-5.9659705 6.9404025 1)
(-5.2061457 0.75323596 1)
(-5.2396433 0.45376795 1)
(-5.4979077 0.63096433 1)
(-5.5392783 0.32027402 1)
(7.3847628 -9.6622028 1)
(7.7229314 -9.8936275 1)
(7.3549596 -10.081692 1)
(7.7086209 -10.317393 1)
(7.3284869 -10.506112 1)
(7.6856572 -10.745824 1)
(7.2980582 -10.937225 1)
(7.6602674 -11.179336 1)
(8.0509728 -10.984989 1)
(5.3993418 -8.3081323 1)
(-5.379288 -6.3954227 1)
(-1.4927921 -1.3953496 1)
(-1.4476203 -1.2148433 1)
(-1.539997 -1.5824394 1)
(-1.273371 -1.1591023 1)
(-1.4041793 -1.0349212 1)
(-1.5782968 -1.0882087 1)
(-1.523918 -0.91747699 1)
(12.59596 -11.113009 1)
(12.208578 -10.859737 1)
(8.4292457 11.205355 1)
(8.0438127 11.00282 1)
(11.58676 -5.535036 1)
(-2.9009259 10.165096 1)
(7.675216 3.4576891 1)
(-0.80534554 -4.87408 1)
(4.9216307 -2.6804015 1)
(-5.801889 0.52930991 1)
(-5.8478156 0.17658654 1)
(10.788605 -7.1619831 1)
(15.447269 -11.057328 1)
(15.872788 -10.840963 1)
(15.889634 -10.410588 1)
(7.4158168 7.6081826 1)
(15.27573 4.2030888 1)
(15.651502 3.9582677 1)
(16.051872 4.1636323 1)
(16.028195 3.7128254 1)
(7.2647032 -11.367647 1)
(-1.362685 -0.86257851 1)
(-1.475185 -0.75131984 1)
(11.051664 -1.4786549 1)
(13.959178 9.0245931 1)
(-6.3305641 7.1233942 1)
(-6.3075059 6.7146307 1)
(13.415182 -11.152135 1)
(12.784646 -2.5280267 1)
(12.18195 -11.325415 1)
(11.794369 -11.07141 1)
(-0.32415164 3.8467804 1)
(-0.53469391 3.7660653 1)
(15.409595 -0.98787144 1)
(15.781529 -1.2300405 1)
(8.0261339 -11.424091 1)
(8.4223095 -11.226005 1)
(16.206294 -0.58484367 1)
(13.531265 -8.8447466 1)
(8.0596296 11.440939 1)
(7.6659457 11.235933 1)
(-6.101538 0.41314541 1)
(-6.1530501 0.030871464 1)
(-5.8560972 -0.21169747 1)
(-6.1916555 -0.31994966 1)
(-6.4816383 -0.11065087 1)
(-6.5171042 -0.4700608 1)
(-6.220066 -0.67996692 1)
(-6.5463228 -0.83615178 1)
(-6.261725 -1.0478103 1)
(-6.5850422 -1.206319 1)
(-6.2852042 -1.4184301 1)
(-6.6138318 -1.5821282 1)
(-6.3143243 -1.7966897 1)
(-6.6484823 -1.9629798 1)
(-6.343521 -2.1847499 1)
(-6.6967305 -2.3473282 1)
(-6.3777758 -2.573337 1)
(-6.7343363 -2.7387637 1)
(-6.4098158 -2.9682363 1)
(-6.7713483 -3.1340504 1)
(-6.4429235 -3.3659627 1)
(-6.8088879 -3.5335393 1)
(7.430024 7.9939226 1)
(7.7603476 7.7846422 1)
(11.767133 -11.536194 1)
(-3.6631383 1.4025835 1)
(-3.8795681 1.555079 1)
(-3.6344798 1.6582068 1)
(-0.79739484 -2.8166133 1)
(-0.62719055 -2.9691817 1)
(8.8096523 -0.81057673 1)
(8.8259746 -0.45241781 1)
(9.1419954 -0.28492134 1)
(8.8405216 -0.096477631 1)
(-1.3240683 -0.70246008 1)
(-1.4378555 -0.59112233 1)
(10.066585 3.3333353 1)
(10.074097 -0.87446969 1)
(-3.8419102 1.8146051 1)
(-3.6001474 1.9160342 1)
(16.160189 10.548692 1)
(16.179267 11.027507 1)
(15.775839 11.283272 1)
(-6.495201 -6.451724 1)
(16.199679 11.506729 1)
(15.849191 -11.317503 1)
(-5.6056165 6.7610556 1)
(-1.1707105 7.1938178 1)
(-1.4476613 7.0379004 1)
(-0.89033502 7.3449936 1)
(-0.61862804 7.182593 1)
(-0.60931933 7.4995512 1)
(-0.33423162 7.3322244 1)
(7.6876229 11.675621 1)
(7.2883992 11.469354 1)
(0.86779428 3.309445 1)
(1.0271262 3.1751013 1)
(7.6445371 10.80029 1)
(6.4969591 1.2943872 1)
(-0.12671413 3.9641042 1)
(-1.6702023 -0.933742 1)
(-0.49910913 3.989793 1)
(-0.712901 3.9081563 1)
(-0.74859173 3.6812065 1)
(-0.92520896 3.8192098 1)
(-0.9624103 3.5961595 1)
(-1.1395169 3.7347314 1)
(-1.1770214 3.5115193 1)
(-1.352279 3.6440608 1)
(-1.3921137 3.4254349 1)
(-1.5693161 3.5569924 1)
(-1.6089096 3.339312 1)
(16.278161 -11.098679 1)
(-4.9069691 1.2091723 1)
(15.384094 -1.4305949 1)
(15.756405 -1.6748062 1)
(8.4522617 11.6394 1)
(-3.3787998 -2.4482539 1)
(16.432784 3.9170081 1)
(16.40826 3.460696 1)
(15.424455 -11.528319 1)
(-0.32627251 7.6557441 1)
(-0.049511815 7.4847597 1)
(8.528574 -0.26043868 1)
(8.5415963 0.089292761 1)
(-6.6755461 6.8986738 1)
(-6.6533134 6.4835416 1)
(-6.8157829 -0.26255266 1)
(15.252208 3.757243 1)
(16.252273 -11.580802 1)
(13.67521 -7.006681 1)
(-1.7916906 3.4861819 1)
(-1.8266469 3.2562932 1)
(-3.8178839 2.0766054 1)
(-3.5793552 2.1776694 1)
(-1.285638 -0.55167971 1)
(-1.3959012 -0.43911748 1)
(-1.1775247 -0.65466803 1)
(-1.5491827 -0.4769431 1)
(-1.5062155 -0.32304441 1)
(-1.3503712 -0.29286243 1)
(-1.4577878 -0.17491098 1)
(-1.6149584 -0.20643179 1)
(-1.567232 -0.055666843 1)
(-1.4116387 -0.024570472 1)
(-1.5177699 0.091771479 1)
(-1.3683641 0.12149652 1)
(-1.469877 0.23504106 1)
(-1.3239369 0.26748669 1)
(-1.4222968 0.3756543 1)
(-1.2814539 0.40962223 1)
(-1.3760563 0.51449957 1)
(-1.2349051 0.54769879 1)
(8.3961021 -11.670369 1)
(-2.0101591 3.4001678 1)
(-2.0470029 3.1684982 1)
(-2.2320159 3.3144464 1)
(8.791865 -1.1692798 1)
(12.215899 -10.356171 1)
(-2.2693946 3.0796598 1)
(9.1549222 0.070629878 1)
(-1.7271455 -0.087267826 1)
(8.7974101 -11.470447 1)
(-2.4541541 3.2198611 1)
(6.9033744 -11.128189 1)
(6.8694619 -11.561149 1)
(6.5058962 -11.320944 1)
(6.4717929 -11.753136 1)
(6.1085675 -11.513718 1)
(-0.67765793 4.1374625 1)
(14.302636 -0.25371376 1)
(15.358792 -1.8744311 1)
(15.730325 -2.1216377 1)
(16.13155 -1.9185707 1)
(16.104846 -2.3700396 1)
(16.510349 -2.1644471 1)
(16.483397 -2.6190284 1)
(16.076565 -2.8221007 1)
(16.455852 -3.0731869 1)
(9.7068788 -1.7734154 1)
(6.0738165 -11.947466 1)
(5.7083906 -11.708187 1)
(-6.4767226 -3.7611189 1)
(-6.8472131 -3.9295052 1)
(13.757506 6.4489713 1)
(7.3139555 11.909547 1)
(6.9182739 11.703428 1)
(-6.9099016 -1.414794 1)
(9.7735655 -6.5055613 1)
(7.774649 8.1758243 1)
(8.1056633 7.9661023 1)
(-1.4410653 7.3617978 1)
(-1.7308639 7.1960862 1)
(-1.3332799 0.65344617 1)
(-1.1896714 0.68600008 1)
(16.60608 11.249468 1)
(16.627004 11.731744 1)
(16.816046 3.6692078 1)
(16.792034 3.2117392 1)
(16.837522 4.1222459 1)
(16.382937 3.0026708 1)
(16.766025 2.7537359 1)
(-7.6106423 3.2464727 1)
(10.995189 -2.6192423 1)
(-7.0053131 6.6734705 1)
(-6.9762999 6.2586267 1)
(-6.9940679 7.0752728 1)
(-6.6267593 6.0704813 1)
(-6.9603924 5.8455786 1)
(12.158868 -11.79124 1)
(11.738077 -12.004111 1)
(-0.60478897 7.8242953 1)
(-0.84909163 -3.0356704 1)
(-1.0180744 -2.8820994 1)
(-0.68914005 -3.1920444 1)
(-0.45341768 -3.1191403 1)
(-0.51501804 -3.3530785 1)
(-0.27388914 -3.276069 1)
(-0.32332462 -3.5117847 1)
(-0.089254003 -3.434285 1)
(-1.5679344 0.34024587 1)
(15.793166 11.763523 1)
(-0.13906472 -3.6738916 1)
(0.092752018 -3.59374 1)
(1.0640261 3.3818918 1)
(1.2230937 3.2458299 1)
(0.90213245 3.5182134 1)
(16.048694 -3.2754621 1)
(16.42785 -3.5288656 1)
(16.836015 -3.3254091 1)
(16.808927 -3.7833356 1)
(8.7703263 -11.919953 1)
(5.5164101 2.8705103 1)
(7.4421953 8.3824336 1)
(16.68508 -11.360161 1)
(16.658329 -11.846451 1)
(-0.041203006 7.8125682 1)
(0.24166267 7.6389532 1)
(0.14150686 -3.3564307 1)
(0.3222248 -3.5133117 1)
(0.37019477 -3.2875349 1)
(0.54662552 -3.4353921 1)
(0.59419557 -3.2134195 1)
(0.76767615 -3.3577619 1)
(0.81250364 -3.1363687 1)
(0.98559175 -3.2787687 1)
(1.0272328 -3.067183 1)
(1.2005679 -3.2029914 1)
(1.2430412 -2.9802796 1)
(1.4136572 -3.1286256 1)
(1.4595279 -2.9174564 1)
(1.6268574 -3.0565645 1)
(1.6727941 -2.8456198 1)
(1.8399724 -2.9834801 1)
(1.886691 -2.773675 1)
(6.3437894 -1.6823745 1)
(6.7959187 -12.005465 1)
(-7.0834133 -2.8707835 1)
(16.397774 -3.9869712 1)
(16.779424 -4.2427844 1)
(8.2348671 -0.070815846 1)
(8.2477744 0.27213763 1)
(-5.0089967 0.28866258 1)
(-1.1427995 0.44944299 1)
(1.1878906 3.0401369 1)
(1.3803817 3.1097615 1)
(1.3453727 2.9077264 1)
(1.5352149 2.9756825 1)
(1.4984147 2.7766661 1)
(1.6897087 2.8421943 1)
(1.7275998 3.0435838 1)
(1.8815725 2.9085854 1)
(1.8430846 2.7086187 1)
(2.0344379 2.7739224 1)
(1.9957927 2.5764707 1)
(2.1858219 2.6396502 1)
(2.1475379 2.4435214 1)
(2.3375602 2.5070405 1)
(2.2981503 2.3095471 1)
(2.488946 2.3736933 1)
(2.4510339 2.1770744 1)
(2.6411844 2.2399342 1)
(2.6036235 2.0420402 1)
(2.7964206 2.1057444 1)
(2.7581613 1.905843 1)
(2.9515301 1.9693262 1)
(2.9137688 1.7670751 1)
(3.1102764 1.8315044 1)
(3.0690764 1.6237373 1)
(3.271668 1.69107 1)
(3.2295355 1.480147 1)
(3.4330824 1.5457089 1)
(3.3926844 1.3329402 1)
(3.5995551 1.4002792 1)
(3.5586989 1.1840038 1)
(3.772483 1.2563105 1)
(3.7283669 1.0330166 1)
(3.946474 1.1068943 1)
(3.9008793 0.87836723 1)
(3.1584042 2.0365978 1)
(4.123973 0.95367372 1)
(4.0762876 0.72200586 1)
(3.8645921 0.6453462 1)
(4.0297178 0.48994051 1)
(3.818291 0.41382493 1)
(3.9815037 0.25934142 1)
(3.7593862 0.18707092 1)
(3.9275571 0.031322155 1)
(3.7089426 -0.041142583 1)
(3.8780164 -0.19679559 1)
(3.659881 -0.27031258 1)
(3.8311529 -0.42537517 1)
(3.6122577 -0.49995358 1)
(3.7836842 -0.65411362 1)
(3.5641151 -0.72886093 1)
(3.7381058 -0.88372214 1)
(3.5164716 -0.9560733 1)
(3.6901802 -1.1131142 1)
(3.4676023 -1.1859467 1)
(3.6423363 -1.3446794 1)
(3.4176682 -1.4165202 1)
(4.0587934 -0.33240195 1)
(3.8696017 -1.2707482 1)
(3.8207117 -1.5083167 1)
(4.0576518 -1.4302789 1)
(3.7807157 1.4935572 1)
(2.5295702 2.5729933 1)
(4.250253 0.56462025 1)
(5.6794934 -12.152441 1)
(5.3079231 -11.904634 1)
(-6.0048834 -1.9917466 1)
(11.379549 -11.280073 1)
(-4.1030992 1.989673 1)
(2.053971 -2.9102186 1)
(2.100807 -2.6989864 1)
(-3.7883282 2.3383024 1)
(-6.1150524 -3.5955279 1)
(-6.1472317 -3.9874958 1)
(6.9388925 12.145843 1)
(6.547429 11.935945 1)
(6.5287354 11.497195 1)
(6.1583991 11.728719 1)
(6.1475399 11.292645 1)
(5.7770906 11.521633 1)
(5.7882001 11.958819 1)
(5.4023113 11.750697 1)
(-1.7217658 7.5342582 1)
(-2.0168616 7.3687024 1)
(9.8994167 5.3126068 1)
(5.4145718 12.189163 1)
(5.0289645 11.979067 1)
(-1.9939647 3.6311134 1)
(-2.4926635 2.9893932 1)
(-2.6973502 3.1401798 1)
(5.0172531 11.543391 1)
(4.6453239 11.768946 1)
(4.6547744 12.207527 1)
(4.269668 11.994673 1)
(-6.6044839 5.6629008 1)
(-6.9237443 5.440994 1)
(-5.275656 6.9744313 1)
(-5.2564827 6.5860617 1)
(-4.9350101 6.789353 1)
(-4.9158394 6.4143824 1)
(-4.6021984 6.6121064 1)
(-1.0739779 -3.1046784 1)
(-1.2496363 -2.9413841 1)
(7.790211 8.5696019 1)
(7.4511426 8.78021 1)
(2.2692617 -2.8361864 1)
(2.3111007 -2.6130667 1)
(2.4850341 -2.7583666 1)
(2.5288998 -2.5308103 1)
(2.706698 -2.6832121 1)
(8.7853871 -11.031967 1)
(16.357893 2.5467478 1)
(16.739135 2.2936903 1)
(4.0037136 -1.6798241 1)
(4.2475839 -1.5999353 1)
(4.2998016 -1.3460664 1)
(1.9129933 3.1138534 1)
(-7.3743109 6.4440362 1)
(17.196111 3.4156314 1)
(16.37269 -4.4470759 1)
(16.751068 -4.7030923 1)
(2.7521061 -2.4497109 1)
(-1.2895553 0.79190446 1)
(-1.1454741 0.818823 1)
(-1.4356658 0.75851455 1)
(14.989073 -1.6315732 1)
(14.962925 -2.0712291 1)
(17.216833 -3.5773706 1)
(17.035533 11.472329 1)
(17.056771 11.957571 1)
(8.3279101 6.2595283 1)
(0.9419767 -3.5025087 1)
(1.10415 3.5915816 1)
(0.93691276 3.7320107 1)
(0.2481046 7.9717073 1)
(0.53068013 7.7947192 1)
(0.52213606 7.4657926 1)
(0.80995576 7.6189514 1)
(0.79370864 7.3039227 1)
(1.0860141 7.4458879 1)
(1.0988604 7.7730917 1)
(1.37549 7.5964114 1)
(1.3625806 7.2705175 1)
(1.6576162 7.4371706 1)
(1.6418523 7.1093796 1)
(1.9253306 7.2554389 1)
(1.9129098 6.9384048 1)
(2.1763144 7.0758213 1)
(2.1723129 6.7578915 1)
(2.4696806 6.9420664 1)
(2.4454673 6.6000507 1)
(2.7165547 6.7279664 1)
(2.7075611 6.4265407 1)
(2.9789939 6.5609002 1)
(2.9678342 6.256651 1)
(3.2390951 6.3928549 1)
(3.2278465 6.0898411 1)
(3.4970711 6.2242825 1)
(3.4829376 5.9196926 1)
(3.7507614 6.051444 1)
(3.7407385 5.7517622 1)
(4.0088924 5.8862794 1)
(3.9983598 5.5865207 1)
(4.2662438 5.7207532 1)
(4.2540167 5.4233062 1)
(4.5234108 5.5558109 1)
(4.5110775 5.2581809 1)
(4.7813386 5.3909816 1)
(4.8028362 5.7175583 1)
(4.7718896 5.0926367 1)
(5.0417466 5.2279057 1)
(3.5078966 6.5222744 1)
(5.0309945 4.9266682 1)
(5.2998716 5.0600565 1)
(5.2901931 4.7510277 1)
(5.5631043 4.8965891 1)
(2.2155828 7.4361066 1)
(5.5520196 4.5790335 1)
(5.8256842 4.7289169 1)
(5.8123805 4.4144431 1)
(6.0884754 4.5624124 1)
(5.5521225 5.203623 1)
(8.2554806 4.468371 1)
(4.2792993 12.433347 1)
(3.8876362 12.220482 1)
(5.2782227 -12.349597 1)
(4.9076687 -12.099126 1)
(-1.2210925 3.2924835 1)
(-1.3244007 3.8721952 1)
(2.9318869 -2.6063996 1)
(7.334119 12.356905 1)
(-6.4347887 -6.0288454 1)
(-6.8345645 -6.1889152 1)
(-6.8944815 -6.6185165 1)
(-7.2433823 -6.3494279 1)
(-7.3016859 -6.7905503 1)
(-7.2048908 -5.8534709 1)
(13.060944 -5.6417359 1)
(9.1753534 -11.717578 1)
(9.1483171 -12.172045 1)
(8.7386691 -12.374687 1)
(17.093404 -11.625034 1)
(17.118574 -11.137485 1)
(17.068143 -12.11264 1)
(2.1080738 2.2459162 1)
(-1.3031505 -3.1817212 1)
(-1.4853162 -3.0097834 1)
(-3.3502208 2.0623749 1)
(12.131139 -12.263614 1)
(2.5795806 -2.2938204 1)
(4.9384517 -11.65596 1)
(4.5404468 -11.849401 1)
(4.506253 -12.293872 1)
(4.1373425 -12.041009 1)
(3.4522787 -0.093946928 1)
(-5.7604642 0.83645126 1)
(-1.8727563 3.0058184 1)
(11.247657 -4.5652388 1)
(-0.57250623 -3.5930942 1)
(4.1015524 -12.485762 1)
(3.7379123 -12.247534 1)
(11.735269 -12.478734 1)
(3.3361574 -0.81468949 1)
(-1.8374838 9.1888171 1)
(16.631099 -12.334322 1)
(0.045763787 -3.8377005 1)
(-4.5708219 3.5098866 1)
(7.9474406 0.1176763 1)
(7.9322077 -0.22492393 1)
(7.961617 0.45947845 1)
(8.2589838 0.61344813 1)
(7.9723252 0.79342711 1)
(8.2698191 0.95103029 1)
(14.596479 -1.8305619 1)
(-2.0198602 7.0299475 1)
(-2.3079126 7.2027923 1)
(-5.7920313 -3.8208871 1)
(-5.8236011 -4.2123083 1)
(2.5783005 1.8358651 1)
(0.28859272 2.0668249 1)
(-3.0793463 -0.89567449 1)
(16.344037 -4.899754 1)
(16.727414 -5.1644458 1)
(17.138318 -4.9595354 1)
(17.107801 -5.4244666 1)
(16.6953 -5.630115 1)
(17.07453 -5.8907128 1)
(16.655592 -6.0966924 1)
(17.041403 -6.3578943 1)
(16.621161 -6.5638732 1)
(17.010334 -6.8261538 1)
(16.58818 -7.032564 1)
(16.978352 -7.2957174 1)
(16.55497 -7.503324 1)
(16.946103 -7.7664285 1)
(1.6497501 -1.1575537 1)
(-1.2045376 0.16397692 1)
(-2.5498935 0.53445534 1)
(3.1908421 1.2720259 1)
(17.434538 -6.6075172 1)
(-5.6738092 2.7843222 1)
(6.0727891 4.2485198 1)
(6.3547089 4.3925345 1)
(1.3898265 7.925135 1)
(2.2322658 -3.0666207 1)
(2.1023727 0.31361811 1)
(0.81845726 1.6466864 1)
(-4.587185 6.2443774 1)
(-4.279447 6.4408067 1)
(-4.8930792 6.0469446 1)
(-4.2925823 6.8049755 1)
(-3.9714656 6.6339385 1)
(-3.9827494 6.9970967 1)
(16.521523 -7.9749092 1)
(16.914178 -8.2396181 1)
(17.341769 -8.0309078 1)
(17.309116 -8.507467 1)
(-0.69104201 5.4219492 1)
(4.5740074 -11.40926 1)
(4.4735325 4.9709234 1)
(-3.490082 4.142715 1)
(-5.7444727 -3.387484 1)
(0.71240059 5.1208088 1)
(1.1454646 3.8069037 1)
(3.604434 0.34299449 1)
(-2.3649273 0.61900748 1)
(-2.3836312 0.41983298 1)
(0.3071758 -1.747866 1)
(-1.444863 5.2810195 1)
(9.1717116 9.8361681 1)
(-7.6567711 -6.5144806 1)
(-7.716535 -6.9605409 1)
(-7.3587248 -7.2364437 1)
(-7.7775698 -7.4093849 1)
(-7.4161871 -7.6865922 1)
(-1.0495244 0.71725252 1)
(-1.0067447 0.84742526 1)
(-0.91442657 0.75232303 1)
(-0.87116084 0.87618711 1)
(-0.96141955 0.97714122 1)
(-0.8276887 1.0009579 1)
(-0.74002149 0.90163821 1)
(-0.69646846 1.0235171 1)
(-0.61482179 0.93014073 1)
(-0.57146783 1.0446332 1)
(-0.49217074 0.95473092 1)
(-0.44888202 1.064362 1)
(-0.3712297 0.97267055 1)
(-0.32737396 1.0850913 1)
(-0.40750565 1.1808489 1)
(-0.28440094 1.2005671 1)
(-0.20502455 1.1042222 1)
(-0.16053051 1.2186389 1)
(-0.083883976 1.1226799 1)
(-0.037623291 1.2375617 1)
(0.036996674 1.140671 1)
(0.084903813 1.2562653 1)
(0.16035388 1.1590385 1)
(0.0073697664 1.3556697 1)
(0.20794705 1.2746207 1)
(0.28355321 1.1771602 1)
(0.23772586 1.0646429 1)
(0.35697735 1.0820142 1)
(-0.65718026 0.79749308 1)
(-0.36151203 1.3008231 1)
(-0.91620523 1.1072545 1)
(0.3129266 0.97465394 1)
(0.42796584 0.99023614 1)
(0.47382899 1.0976793 1)
(0.54389548 1.0044964 1)
(0.49863029 0.89904179 1)
(0.61235387 0.91231949 1)
(0.56822134 0.80877547 1)
(0.68028366 0.82143631 1)
(0.72626838 0.92614736 1)
(0.79370888 0.83273763 1)
(0.74641119 0.72813716 1)
(0.86036178 0.73938233 1)
(0.81315347 0.63636249 1)
(0.92665525 0.64670121 1)
(0.87944526 0.54387752 1)
(0.99309803 0.55413896 1)
(0.94601278 0.44978337 1)
(1.0598245 0.46083928 1)
(1.0118668 0.35598826 1)
(1.1282076 0.36658843 1)
(1.0795651 0.25880865 1)
(1.1976903 0.27065086 1)
(1.148212 0.1605842 1)
(1.2705899 0.17172251 1)
(1.2189324 0.059900932 1)
(1.0972887 0.049084026 1)
(1.1654561 -0.053308527 1)
(1.2911448 -0.04233127 1)
(1.2355801 -0.15548507 1)
(1.1111417 -0.16550669 1)
(1.1799209 -0.26735023 1)
(1.0580263 -0.27451305 1)
(1.1249146 -0.37697133 1)
(1.0041222 -0.38450028 1)
(1.070507 -0.48590709 1)
(0.94946613 -0.49467296 1)
(1.0162334 -0.59480457 1)
(0.90159742 -0.59880643 1)
(0.96301635 -0.70405875 1)
(0.83016827 -0.69271179 1)
(1.1402804 -0.58799132 1)
(1.1093607 0.56447266 1)
(0.90692966 -0.81261716 1)
(0.78098479 -0.81887921 1)
(1.3215186 0.28554393 1)
(1.3644619 -0.14770738 1)
(0.84223442 0.94304848 1)
(0.2016294 0.95544134 1)
(0.85284043 -0.92748418 1)
(0.72765562 -0.93434486 1)
(0.65912638 -0.83092261 1)
(0.60513966 -0.94155797 1)
(0.98099631 -0.92047512 1)
(0.97348536 -0.16404395 1)
(-2.0154441 7.7080224 1)
(5.599151 -0.56541094 1)
(3.9832862 5.2853468 1)
(0.33062022 1.2938902 1)
(3.2284683 5.778744 1)
(6.9569687 12.592493 1)
(-1.1424535 -0.51232678 1)
(-1.0408184 -0.61008343 1)
(-1.0083038 -0.47825778 1)
(-0.91291848 -0.57193315 1)
(-0.94216748 -0.69981694 1)
(-0.81848302 -0.66090766 1)
(-0.84497472 -0.78624451 1)
(-0.72190964 -0.75153083 1)
(-0.7503026 -0.873363 1)
(-0.6270507 -0.83853396 1)
(-0.65576035 -0.96027104 1)
(-0.53597137 -0.92481664 1)
(-0.5616521 -1.0481319 1)
(-0.41944214 -1.0021135 1)
(-0.46182327 -1.1362392 1)
(-0.33493117 -1.0979381 1)
(-0.36454302 -1.2298381 1)
(-0.23491313 -1.1875047 1)
(-0.20496099 -1.062202 1)
(-0.10772056 -1.1456147 1)
(-0.073239935 -0.99810277 1)
(0.018566829 -1.0993579 1)
(0.060100195 -0.97593858 1)
(2.9777777 -2.3690304 1)
(3.2460002 -1.2598792 1)
(7.6408331 5.6067087 1)
(3.1610182 -2.5284373 1)
(5.7296072 1.5235055 1)
(2.1153438 -2.5076548 1)
(-2.4157703 1.5772566 1)
(-0.78965137 3.4681131 1)
(5.7852297 7.4802284 1)
(4.5049228 8.2617108 1)
(9.5537384 -11.973626 1)
(9.5297614 -12.427815 1)
(7.8368706 -8.2540587 1)
(4.495443 -1.5191401 1)
(10.342196 -2.1907767 1)
(3.2026028 9.0456549 1)
(1.8041567 2.5110894 1)
(2.0599649 -1.5168119 1)
(2.2402042 -1.4570566 1)
(-5.9698699 -1.2617372 1)
(5.7459742 -8.1389516 1)
(5.4293217 -7.9270423 1)
(5.768942 -7.7598286 1)
(5.4561304 -7.550955 1)
(5.7915532 -7.3863177 1)
(5.4833799 -7.1798292 1)
(5.814666 -7.0173391 1)
(5.5101727 -6.8143558 1)
(5.8380489 -6.6524702 1)
(5.1709096 -6.9897189 1)
(5.2083005 -6.6166134 1)
(4.8790853 -6.7831489 1)
(4.9130282 -6.4201051 1)
(4.5910927 -6.5838587 1)
(4.6236447 -6.2228332 1)
(4.3096169 -6.3839995 1)
(4.9256575 -6.0720317 1)
(6.1439073 -6.8547252 1)
(6.1674007 -6.4880086 1)
(6.4738818 -6.6915207 1)
(6.4973612 -6.3230878 1)
(6.8053019 -6.5277033 1)
(4.3394769 -6.0369316 1)
(4.0349587 -6.1861443 1)
(3.9962898 -6.5327465 1)
(3.7302742 -6.3324841 1)
(3.7009113 -6.6658261 1)
(3.4294888 -6.4748887 1)
(3.4036552 -6.808749 1)
(3.127997 -6.6180131 1)
(3.099159 -6.9550209 1)
(2.8214619 -6.7630908 1)
(2.7916221 -7.0998133 1)
(2.5113778 -6.9095683 1)
(2.4841427 -7.2512521 1)
(2.2018354 -7.0573071 1)
(2.1729945 -7.4021245 1)
(1.8879145 -7.205666 1)
(1.8586785 -7.5533647 1)
(1.5710917 -7.3554198 1)
(6.8269478 -6.1583484 1)
(6.521175 -5.9553918 1)
(7.1376255 -6.3628334 1)
(1.5411499 -7.706074 1)
(1.2498509 -7.5061719 1)
(1.5986552 -7.0059781 1)
(6.8479866 -5.7909304 1)
(6.5440459 -5.5898636 1)
(3.4654224 -6.1269299 1)
(2.5431119 -6.5733194 1)
(1.2199679 -7.8611716 1)
(0.92169601 -7.6575774 1)
(2.7792597 -7.4288473 1)
(0.89420533 -8.0189898 1)
(0.59220504 -7.8119099 1)
(6.8679596 -5.4268429 1)
(6.5647131 -5.229534 1)
(0.56416436 -8.1786558 1)
(0.26227278 -7.9692848 1)
(0.29098948 -7.6040646 1)
(-0.040347559 -7.7590509 1)
(3.6860254 -7.0170881 1)
(6.2458216 -5.3893551 1)
(6.2666043 -5.0359393 1)
(5.9659103 -5.1835666 1)
(5.9751428 -4.8433646 1)
(5.7020344 -4.9959139 1)
(5.1020703 -7.7225166 1)
(4.6383581 11.33582 1)
(5.0107709 11.113856 1)
(2.4325021 4.0347924 1)
(2.6675224 6.1083511 1)
(10.603416 8.9480345 1)
(-2.3068527 2.8394313 1)
(-2.5273134 2.7523468 1)
(17.527655 -5.2183752 1)
(5.6515089 -12.602857 1)
(0.94509992 -7.2984795 1)
(14.879507 4.0011321 1)
(14.85646 3.5596198 1)
(14.48809 3.7996836 1)
(14.466026 3.3612187 1)
(14.102016 3.5986484 1)
(11.407134 -10.819293 1)
(-4.4940398 0.52287821 1)
(-1.5366302 -3.2567519 1)
(-1.7246241 -3.0881006 1)
(-1.6691479 -2.8361262 1)
(-1.9081919 -2.9148268 1)
(-1.8520437 -2.6668767 1)
(-2.0938317 -2.7406368 1)
(-2.0343185 -2.4932117 1)
(-6.0423613 -5.8715821 1)
(-7.8384831 -7.8618401 1)
(-7.4730611 -8.1426024 1)
(-7.8998706 -8.3184535 1)
(-7.5313966 -8.6016015 1)
(0.54061374 -0.83952443 1)
(-6.5874451 5.2721192 1)
(-6.9218373 5.0489285 1)
(-7.3044366 5.2575884 1)
(-0.22462648 3.282032 1)
(6.1103082 -11.033324 1)
(14.831572 3.1226217 1)
(0.67134013 -1.0471974 1)
(4.5463107 -1.261004 1)
(-0.46103788 5.2845766 1)
(-1.3894513 0.9062886 1)
(11.728483 -1.923644 1)
(-0.69230106 5.1550985 1)
(0.96117659 0.25635594 1)
(0.51799445 6.0685386 1)
(0.54477408 -1.0533961 1)
(15.998204 -4.1807651 1)
(13.593202 -7.9385231 1)
(4.0615275 -5.8512395 1)
(4.3576765 -5.7043936 1)
(4.0867688 -5.5225268 1)
(4.3767116 -5.3790654 1)
(4.1090917 -5.1977868 1)
(3.8204867 -5.3417015 1)
(4.396992 -5.0557847 1)
(3.9359697 3.0661187 1)
(3.9069606 12.663284 1)
(3.5104219 12.450134 1)
(3.4963048 12.006511 1)
(3.1198669 12.234058 1)
(3.1284895 12.678644 1)
(2.7416012 12.459573 1)
(2.7349248 12.018981 1)
(2.3576901 12.241409 1)
(2.3529322 11.807553 1)
(1.9773517 12.02552 1)
(1.9804539 12.46151 1)
(1.5989116 12.244289 1)
(1.5994804 12.686473 1)
(1.2172021 12.465095 1)
(1.220024 12.025712 1)
(0.83775743 12.242969 1)
(0.83383684 12.684158 1)
(0.47636288 12.461671 1)
(12.690454 5.8908426 1)
(-1.6432942 -8.7941924 1)
(-2.452451 4.7173749 1)
(9.5351023 -11.529323 1)
(7.1744014 -5.6267882 1)
(1.6711545 -1.8040154 1)
(5.7976036 4.1040537 1)
(11.602112 1.1904764 1)
(1.3088511 -2.7664745 1)
(16.1368 10.075312 1)
(14.443024 2.9270985 1)
(14.805774 2.6879089 1)
(1.5164771 -8.0650874 1)
(4.977539 4.5859872 1)
(-3.9650831 6.2721566 1)
(-3.6628706 6.4644345 1)
(-0.77623427 -10.790167 1)
(-1.165937 -10.963727 1)
(-0.81421554 -11.218528 1)
(-1.2137382 -11.393839 1)
(-0.8565722 -11.652428 1)
(-1.2625063 -11.82992 1)
(-1.6183318 -11.568242 1)
(-1.6707936 -12.006018 1)
(-2.0290928 -11.743777 1)
(-2.0815532 -12.187706 1)
(-2.4449811 -11.922069 1)
(-0.90616591 -12.089855 1)
(-0.49456024 -11.910226 1)
(-0.54560379 -12.354406 1)
(-0.13295075 -12.169687 1)
(-2.4956317 -12.37386 1)
(-2.8633686 -12.103247 1)
(-0.18036848 -12.617863 1)
(0.23089267 -12.431786 1)
(-2.9147218 -12.559787 1)
(-3.2847005 -12.285924 1)
(-3.2152229 -11.830275 1)
(-3.6508601 -12.011553 1)
(-3.5777967 -11.495156 1)
(-4.0194125 -11.724021 1)
(-4.0760674 -12.19327 1)
(-4.4460632 -11.913775 1)
(-4.3921657 -11.453762 1)
(-4.8167771 -11.635963 1)
(-4.7612799 -11.176523 1)
(-5.1890637 -11.35558 1)
(-5.2401084 -11.82048 1)
(-5.6177038 -11.538111 1)
(-5.5602915 -11.073077 1)
(-5.9906209 -11.254968 1)
(-6.0499167 -11.722028 1)
(-6.4275377 -11.43457 1)
(-6.4879754 -11.906292 1)
(-5.9306275 -10.790963 1)
(-6.8683932 -11.615452 1)
(-6.9309824 -12.090796 1)
(-6.5468834 -12.382939 1)
(-6.9933339 -12.569115 1)
(-7.3125063 -11.798343 1)
(-7.2586565 -11.25402 1)
(-2.1361494 -12.632615 1)
(-5.5018802 -10.611313 1)
(-5.8696367 -10.331651 1)
(-3.3362917 -12.746849 1)
(-4.4951508 -12.376878 1)
(0.65677862 -3.0036017 1)
(17.014009 10.987916 1)
(17.44558 11.211811 1)
(17.424341 10.725886 1)
(16.6458 12.217483 1)
(17.077185 12.44475 1)
(17.489811 12.183334 1)
(16.891986 -2.4151449 1)
(16.91811 -1.9562179 1)
(17.303703 -2.2088088 1)
(17.329239 -1.7446999 1)
(1.7278426 -10.81805 1)
(2.0764153 -11.056901 1)
(1.6881251 -11.238861 1)
(2.0322604 -11.467273 1)
(9.390265 2.6536835 1)
(3.6969008 -12.683367 1)
(11.758756 9.6194337 1)
(17.151076 2.5034581 1)
(17.123357 2.0391991 1)
(17.539408 2.251118 1)
(17.511564 1.7853501 1)
(17.094837 1.5778112 1)
(17.483022 1.3210145 1)
(13.249605 8.6282883 1)
(16.331323 2.0913388 1)
(17.719236 -2.0005694 1)
(17.744967 -1.5319174 1)
(8.6277237 -3.7123982 1)
(9.8846897 -4.5170783 1)
(-1.5434758 0.8702792 1)
(6.2243138 -3.2809033 1)
(12.59145 0.92266967 1)
(8.1996543 2.7575658 1)
(0.54130505 8.129589 1)
(0.25387614 8.3089013 1)
(8.4000442 10.256157 1)
(9.1808601 -5.2707465 1)
(16.487957 -8.4461902 1)
(13.074123 -3.9863735 1)
(10.75043 -7.9973198 1)
(10.726061 -8.4255154 1)
(11.111705 -8.2295325 1)
(11.087308 -8.6608674 1)
(10.700475 -8.8555003 1)
(11.474486 -8.4654245 1)
(11.497897 -8.0318304 1)
(7.1152635 -6.7366187 1)
(7.4530446 -6.5702753 1)
(-1.1796895 10.815542 1)
(-1.5392957 11.014655 1)
(-1.1831601 11.229553 1)
(-1.5508406 11.433872 1)
(-1.1910369 11.648165 1)
(-1.565173 11.855535 1)
(-1.9289417 11.636105 1)
(-1.9411485 12.068378 1)
(-2.3156601 11.84127 1)
(-2.3270536 12.281835 1)
(-2.7059303 12.050262 1)
(-1.5633231 12.271632 1)
(-2.7179524 12.497366 1)
(-3.1004951 12.262371 1)
(10.975994 7.0176682 1)
(11.610942 2.3554645 1)
(4.6663688 12.647498 1)
(15.718052 5.3049076 1)
(-6.1899481 -4.3770018 1)
(0.56101387 2.6589519 1)
(1.8782531 6.6556104 1)
(0.45100556 12.907039 1)
(-0.14051618 0.99674085 1)
(9.231602 4.2557252 1)
(0.31832677 -10.682413 1)
(0.28192656 6.2215452 1)
(-0.32059258 -6.1929469 1)
(-0.61662771 -6.3431132 1)
(-0.8959579 -6.1578 1)
(-0.91912956 -6.4959239 1)
(-1.2035817 -6.3055735 1)
(-1.2269336 -6.6505495 1)
(-1.5183245 -6.4555273 1)
(-1.5404986 -6.8079577 1)
(-1.8374004 -6.6091843 1)
(-1.8598364 -6.9685683 1)
(-2.1584695 -6.7666764 1)
(-1.5591534 -7.1676647 1)
(-1.8845527 -7.3326958 1)
(-6.7775316 0.11092948 1)
(-7.1242076 -0.044638356 1)
(-7.0817259 0.34094391 1)
(-7.4398381 0.18993285 1)
(-7.481293 -0.20889757 1)
(0.97318224 3.9512793 1)
(7.0548272 2.1926626 1)
(9.5927644 6.2649022 1)
(-2.6151818 1.5007673 1)
(-2.5790767 1.7199724 1)
(-3.5028761 2.4589668 1)
(-3.733347 2.5981023 1)
(-2.1350166 -6.4074177 1)
(-2.4579481 -6.5646529 1)
(-2.4317753 -6.206397 1)
(-2.7551533 -6.3606725 1)
(-2.7297961 -6.0039697 1)
(-3.0534736 -6.1580932 1)
(-2.7996719 -6.7113485 1)
(-3.0258211 -5.8005325 1)
(-3.3537101 -5.9573603 1)
(-3.327793 -5.5969206 1)
(-3.6535774 -5.754647 1)
(-3.624829 -5.3935442 1)
(-3.9552892 -5.5516497 1)
(-3.9818987 -5.8930492 1)
(-3.9215044 -5.1819456 1)
(-4.2583861 -5.3462326 1)
(-2.3340474 12.731055 1)
(-5.4005392 4.0073598 1)
(6.3712241 4.7116402 1)
(6.6422376 4.5381267 1)
(-6.6265844 3.4081313 1)
(-0.46776221 5.0189088 1)
(-3.0897001 11.819145 1)
(-3.4831121 12.025696 1)
(-3.4974203 12.475647 1)
(-3.8825202 12.236633 1)
(-3.8607382 11.705924 1)
(-4.2674431 11.984259 1)
(-4.2844151 12.449224 1)
(-4.670372 12.203536 1)
(-4.6511039 11.749857 1)
(-5.0550557 11.959104 1)
(-5.0333436 11.504362 1)
(-5.4400986 11.713089 1)
(-5.46288 12.173143 1)
(-5.8513469 11.922262 1)
(-5.8282979 11.461646 1)
(-6.2412425 11.670541 1)
(-6.2203659 11.210882 1)
(-6.6327429 11.4195 1)
(-6.6116222 10.955854 1)
(-6.650073 11.891735 1)
(-7.0235254 11.166056 1)
(-7.0013947 10.697602 1)
(-7.4183345 10.912347 1)
(-7.3936696 10.443057 1)
(-6.977581 10.22968 1)
(-7.3759429 9.9867134 1)
(-5.8162736 11.000147 1)
(-4.6884929 12.66547 1)
(-5.8689833 12.394593 1)
(-4.1602022 -2.2261471 1)
(-7.4421305 11.384418 1)
(-4.5784267 -8.8515524 1)
(4.5966824 -9.8306705 1)
(-5.9338747 -7.8184189 1)
(2.9785212 6.8600182 1)
(0.50105696 -3.6620898 1)
(3.8809764 9.7825152 1)
(-1.7761016 -0.24856405 1)
(-1.8949762 -0.121083 1)
(-1.9452826 -0.29255597 1)
(-4.272496 4.6015647 1)
(0.58954255 1.1130828 1)
(1.9837785 12.907458 1)
(-0.82610797 11.444947 1)
(2.1492238 -7.7428688 1)
(7.983265 1.1286667 1)
(8.281129 1.2889036 1)
(8.5703319 1.1096448 1)
(-2.3089814 6.8677455 1)
(5.1363714 9.0035073 1)
(17.042405 -12.601943 1)
(17.480143 -12.379368 1)
(-6.0537632 8.6045573 1)
(-6.4164003 8.3743048 1)
(-2.0707058 -0.15725578 1)
(-2.1210391 -0.33516647 1)
(4.2984174 6.0003874 1)
(16.22916 -0.13705923 1)
(2.6489335 0.66554976 1)
(1.423454 3.3118756 1)
(-3.1649268 5.164223 1)
(-3.3816424 -6.3207173 1)
(1.0634147 -5.4343858 1)
(-7.1796814 -3.7088825 1)
(-7.2251354 -4.1118269 1)
(-7.5657731 -3.8807407 1)
(-7.6086559 -4.3038483 1)
(-1.7119611 7.8759985 1)
(16.606122 -0.3758559 1)
(-6.979704 -2.0654215 1)
(13.13852 6.9316642 1)
(7.6528133 -0.033004621 1)
(7.6332516 -0.37548823 1)
(17.528443 -11.402606 1)
(17.553659 -10.913705 1)
(-7.8071583 0.031493564 1)
(-7.8499478 -0.3739385 1)
(4.1700237 1.1856429 1)
(4.3528474 1.0291468 1)
(4.4001409 1.2698298 1)
(1.5994212 -4.3219839 1)
(14.569794 -2.2662956 1)
(3.4951573 1.737607 1)
(3.1961396 -1.4841341 1)
(1.3699777 -3.3452395 1)
(4.5880551 1.1064926 1)
(1.152101 1.8821014 1)
(2.844363 2.3151236 1)
(-1.6825882 -1.4476578 1)
(-1.7299585 -1.6406757 1)
(-1.8793576 -1.5040778 1)
(2.2274354 2.8392696 1)
(2.8775315 1.5654724 1)
(4.147417 0.085380823 1)
(4.1944522 -1.8525877 1)
(-0.071244663 -8.1256336 1)
(-3.7519867 -0.95979202 1)
(-3.3903575 0.14442006 1)
(-3.9817855 2.4962146 1)
(1.3984324 0.18438301 1)
(1.4516048 0.30602309 1)
(0.30629276 -4.9750906 1)
(-2.4341141 3.4630275 1)
(3.3660623 -1.6449619 1)
(2.5354978 0.13268839 1)
(-0.7624112 2.330931 1)
(-0.5957011 -12.8048 1)
(-0.19335192 -3.919456 1)
(1.7970385 -3.2044804 1)
(-2.3788937 -11.476559 1)
(-3.2371684 -9.8743597 1)
(3.3231338 -8.9243122 1)
(-5.4719554 -4.046006 1)
(-5.5029397 -4.4329213 1)
(8.5814446 1.4526551 1)
(8.8745757 1.2706382 1)
(2.1214379 1.1296402 1)
(-0.86770619 -0.44593613 1)
(-0.96886134 -0.35662574 1)
(-0.0062843486 -1.2329578 1)
(-7.9628757 -4.050171 1)
(-8.0046981 -4.4911711 1)
(-7.8599107 -3.6190085 1)
(-4.2980994 12.913778 1)
(3.798515 -11.803576 1)
(-1.4620747 2.1115492 1)
(17.511297 12.673151 1)
(0.34184 -2.2164934 1)
(2.4412698 -0.54099139 1)
(-7.9622326 -8.7794416 1)
(-7.5918244 -9.061798 1)
(-7.1625032 -8.8837206 1)
(11.87573 -8.2691977 1)
(11.887375 -7.8338275 1)
(1.6070483 1.5031874 1)
(0.83808104 -0.50539477 1)
(-2.2748966 -2.5671104 1)
(-2.2197309 -2.3191972 1)
(4.4643808 -12.742 1)
(4.6385359 1.3501559 1)
(4.4434962 1.5259274 1)
(0.59137328 -0.73513455 1)
(-0.37604369 -7.9134871 1)
(-0.20312008 -0.9291262 1)
(-4.2294378 -4.9774241 1)
(0.24901416 1.3944826 1)
(-0.49283551 1.2778049 1)
(-0.44471095 1.4061073 1)
(0.20283569 3.630986 1)
(0.97541743 0.75110717 1)
(11.0709 -9.0942041 1)
(10.67204 -9.2918792 1)
(1.3585545 6.9833369 1)
(7.6564868 -4.2109901 1)
(6.6245438 4.2160556 1)
(6.9146656 4.3616391 1)
(7.6886987 0.97168739 1)
(12.109888 -12.739286 1)
(12.535059 -12.521961 1)
(-7.2713742 4.8349649 1)
(-7.6224389 4.9883462 1)
(1.2491451 -0.37122164 1)
(2.796254 0.5373244 1)
(6.3889432 -0.14405746 1)
(0.99279706 -1.9776716 1)
(7.3531279 12.808836 1)
(5.6941974 -4.6556576 1)
(-6.2823429 5.4609788 1)
(5.9925646 -4.5034962 1)
(11.876047 -8.7057063 1)
(-7.2214967 -9.3423324 1)
(-7.6519892 -9.524762 1)
(6.0557418 3.937749 1)
(3.3242789 -12.427856 1)
(3.2864156 -12.874927 1)
(2.9200638 -12.637604 1)
(2.8774458 -13.075449 1)
(2.5007171 -12.81993 1)
(1.7173267 -2.6264594 1)
(16.663855 12.705897 1)
(-7.6945607 -11.504761 1)
(-7.7592253 -11.983802 1)
(17.93039 1.9943003 1)
(17.957487 2.4648031 1)
(1.5374249 9.2684905 1)
(1.8587244 9.077827 1)
(3.9470419 -1.9303436 1)
(1.6528315 -11.628917 1)
(1.5462286 10.427243 1)
(4.9271121 -10.054959 1)
(4.1394994 -2.1072244 1)
(13.676664 1.4615276 1)
(-4.2947124 -3.5244437 1)
(-6.7951579 -9.1618015 1)
(-1.329393 -3.4226918 1)
(-0.42177454 0.85378652 1)
(-0.58274842 1.3833609 1)
(3.0279306 -1.3330223 1)
(-7.7890257 10.189088 1)
(-7.7701427 9.7300517 1)
(0.83952266 0.45247679 1)
(1.3119174 2.7103987 1)
(-0.41529618 4.2353654 1)
(14.842203 -7.3138635 1)
(-0.22454908 -13.072806 1)
(-4.5713893 5.8825133 1)
(-4.8688176 5.6856347 1)
(-4.6400798 11.283793 1)
(3.5361328 -4.2202307 1)
(11.691084 -3.0962918 1)
(2.9793202 -1.55438 1)
(-2.5991143 7.0361962 1)
(-2.6027779 7.3741356 1)
(-2.5979155 6.7011154 1)
(9.9428822 -12.219896 1)
(9.9162526 -12.68436 1)
(-2.3432181 2.6032547 1)
(-2.559582 2.5172389 1)
(-0.7800968 -0.99975932 1)
(0.050981044 12.628172 1)
(0.69329351 0.62308916 1)
(1.1848099 4.0286765 1)
(1.3589407 3.8814443 1)
(0.53106563 10.625431 1)
(-0.5675275 -1.8082868 1)
(9.499113 -12.891838 1)
(-1.4958223 1.0250849 1)
(0.45823878 0.79638507 1)
(16.601909 -12.81836 1)
(17.739901 -8.297159 1)
(17.706927 -8.7776114 1)
(17.273765 -8.9876285 1)
(11.678609 -12.952881 1)
(0.86904596 -8.3869689 1)
(-6.6082138 -12.861808 1)
(-7.0560306 -13.049777 1)
(3.6383904 -13.131243 1)
(-0.69646605 -0.62563575 1)
(1.5328467 0.19508802 1)
(1.5900859 0.31997555 1)
(1.5053351 0.43477374 1)
(0.18846416 -3.1231138 1)
(0.53342515 -8.5500848 1)
(17.680167 -9.2751135 1)
(-8.0749698 -6.683836 1)
(-8.0536016 -6.2526617 1)
(17.926277 12.410493 1)
(17.95266 12.893021 1)
(14.20612 -2.0275327 1)
(-6.3092747 5.0705578 1)
(-3.4868931 2.7178538 1)
(-0.262553 -1.3259356 1)
(-0.087436179 2.5655342 1)
(-2.7315757 12.951456 1)
(-7.8412096 11.126522 1)
(-7.8655047 11.605707 1)
(-2.0080502 8.0470649 1)
(2.8941739 10.411926 1)
(6.4492498 -7.0568754 1)
(7.805509 8.9689154 1)
(7.464009 9.1812455 1)
(8.1458483 8.7555158 1)
(5.4684984 -1.7676125 1)
(2.2057586 -1.6463205 1)
(-3.6995591 2.8663397 1)
(-2.2090271 0.49556216 1)
(-1.5816068 -7.5270358 1)
(-1.9087906 -7.7024893 1)
(16.281812 -5.7889596 1)
(0.43474369 11.954125 1)
(0.92425946 -1.0373227 1)
(1.0529892 -1.0340799 1)
(-2.4152325 -4.767158 1)
(-4.318707 -3.8679599 1)
(-3.1162685 -1.6804751 1)
(-2.8923312 -1.5742088 1)
(-0.33633046 -6.5279666 1)
(3.609695 -3.3774586 1)
(-2.9626947 -13.023045 1)
(3.241891 10.595958 1)
(17.454661 -12.870823 1)
(17.894294 -12.646987 1)
(-0.49902167 -0.80228068 1)
(6.9718297 13.045938 1)
(-2.9129221 -1.819477 1)
(-2.6938619 -1.7353612 1)
(-2.6847367 -1.4291878 1)
(0.38061501 1.4154929 1)
(0.29381935 1.520296 1)
(0.12297618 -1.1881095 1)
(6.6588956 4.8633254 1)
(7.1088542 8.9910174 1)
(7.1224818 9.3907405 1)
(-3.0928486 -3.2820058 1)
(0.055598548 13.123884 1)
(-4.338561 -10.998212 1)
(-1.7954359 -2.4257714 1)
(7.4293078 -6.9485421 1)
(7.7718077 -6.778806 1)
(7.7945922 -6.3981201 1)
(8.1158002 -6.6073029 1)
(8.1391161 -6.2225846 1)
(2.5997951 -3.8809383 1)
(-1.9305732 5.8732048 1)
(0.47336266 -0.72961337 1)
(0.42685634 -0.8420257 1)
(-5.4444998 -10.154806 1)
(17.852719 10.950356 1)
(17.829758 10.462553 1)
(-3.458272 -4.0547263 1)
(17.245526 -9.4875369 1)
(0.55447656 8.4727694 1)
(1.5977513 13.135858 1)
(-0.85263347 -0.32472438 1)
(-0.9340766 -0.24615002 1)
(-7.7437139 0.4219774 1)
(-8.1781175 0.3245103 1)
(8.0913321 7.5736124 1)
(8.4378191 7.755994 1)
(0.260498 8.6547494 1)
(4.3867908 -2.0295465 1)
(0.61763705 -1.162197 1)
(17.965313 -11.179844 1)
(17.990293 -10.689517 1)
(-1.7789706 -3.3395146 1)
(-1.1810397 -2.6739552 1)
(18.110501 -9.0508948 1)
(5.7760694 3.8103391 1)
(6.0103018 3.5929834 1)
(-3.4475568 2.9687033 1)
(-0.00061290142 -4.0910126 1)
(7.7003002 1.3021862 1)
(-4.564924 -5.1404678 1)
(-6.9574966 2.0926049 1)
(-6.6371888 1.9147448 1)
(-6.9505315 1.7292879 1)
(-7.6118411 4.5960566 1)
(-7.976644 4.761284 1)
(-8.001152 5.1815921 1)
(-3.3933181 1.5127833 1)
(10.99839 -11.026628 1)
(-2.3738775 2.375106 1)
(-6.3266704 2.0938467 1)
(-6.9653618 4.6088621 1)
(2.6608822 -2.914578 1)
(3.5193879 0.97086452 1)
(5.5242614 3.9640461 1)
(-5.052731 -6.6423868 1)
(-2.3135289 -2.8347186 1)
(14.231858 -1.5940675 1)
(13.845778 -1.7895449 1)
(13.870446 -1.3605541 1)
(13.489112 -1.5542929 1)
(13.519314 -1.1210534 1)
(13.137416 -1.3196779 1)
(13.167533 -0.89082451 1)
(12.789003 -1.0861526 1)
(12.811193 -0.67288464 1)
(12.443899 -0.85805703 1)
(12.464897 -0.45071068 1)
(12.103889 -0.63298908 1)
(12.125318 -0.23046677 1)
(11.767854 -0.41026419 1)
(-8.3638192 1.6005771 1)
(-0.94112099 -6.8340014 1)
(2.4267965 -11.297782 1)
(18.138892 -1.7904214 1)
(18.111772 -2.2609292 1)
(18.164646 -1.3195686 1)
(-6.4335503 8.798263 1)
(-6.7968165 8.5833189 1)
(-0.34440696 7.0144471 1)
(0.53712353 6.3522882 1)
(6.5110075 11.0633 1)
(6.1355117 10.862115 1)
(5.9544559 -5.5299196 1)
(12.506885 -13.002466 1)
(12.936909 -12.784778 1)
(-3.5387041 8.5293236 1)
(14.119595 4.0477358 1)
(13.738844 3.8326098 1)
(13.715482 3.408582 1)
(13.361036 3.6395758 1)
(13.380486 4.0682029 1)
(13.009157 3.8707257 1)
(12.988087 3.4509139 1)
(12.638901 3.6732614 1)
(12.658633 4.0913608 1)
(12.294208 3.8989027 1)
(12.312525 4.3049497 1)
(11.951194 4.116995 1)
(11.973155 4.5169797 1)
(11.612736 4.3373731 1)
(11.93291 3.7129904 1)
(12.619515 3.2633095 1)
(6.5816289 -4.8754061 1)
(6.4948916 10.634614 1)
(6.120955 10.438046 1)
(-7.2781568 -9.8069948 1)
(-7.7117663 -9.991717 1)
(-3.3907125 -13.213535 1)
(4.8306142 1.186804 1)
(4.7665498 0.93983526 1)
(4.8823279 1.4366048 1)
(9.3528311 -7.4977794 1)
(-6.6322673 1.5495652 1)
(6.4245592 6.717526 1)
(6.4134549 6.3599227 1)
(6.1122737 6.5475772 1)
(6.1017358 6.1981904 1)
(5.8063924 6.3811566 1)
(-7.2767846 -4.52773 1)
(-0.69538458 4.8937867 1)
(8.4927101 -0.97366079 1)
(8.4750534 -1.3264403 1)
(8.1809497 -1.1355075 1)
(8.1629857 -1.4846783 1)
(8.45528 -1.6767306 1)
(7.8705326 -1.2852319 1)
(8.1432458 -1.834632 1)
(8.4359657 -2.0275337 1)
(8.1220921 -2.184786 1)
(7.8313958 -1.9928728 1)
(8.4169317 -2.3799482 1)
(3.8941617 -2.1870522 1)
(8.4624418 -6.4345489 1)
(11.30019 8.0516255 1)
(16.627841 0.067243292 1)
(17.004905 -0.16590381 1)
(6.9745477 -10.26736 1)
(8.8855485 1.6180035 1)
(9.1831195 1.4337795 1)
(-2.164382 2.4573916 1)
(13.04177 -9.9404259 1)
(-2.8948515 -10.134012 1)
(0.27656258 -11.985017 1)
(4.6296317 10.90969 1)
(4.9875448 10.689527 1)
(11.652804 6.1923618 1)
(16.096664 -8.1822536 1)
(16.062938 -8.6522824 1)
(15.672727 -3.0212012 1)
(8.2960198 1.6102618 1)
(17.402728 10.238657 1)
(17.811216 9.9749231 1)
(17.381149 9.7508727 1)
(17.789097 9.4883313 1)
(17.360375 9.2609878 1)
(17.766578 9.0028236 1)
(17.339371 8.7759826 1)
(17.74391 8.5193115 1)
(17.315343 8.2975686 1)
(17.72137 8.0378004 1)
(17.293699 7.8183928 1)
(16.891222 8.076085 1)
(16.868974 7.6012357 1)
(17.271545 7.3367464 1)
(16.469052 7.8555176 1)
(16.448189 7.3849846 1)
(16.053754 7.6376972 1)
(16.489824 8.3244901 1)
(16.031847 7.169929 1)
(15.641534 7.4208501 1)
(16.424736 6.9185641 1)
(15.661135 7.8856258 1)
(15.252281 7.6705089 1)
(15.270899 8.1308017 1)
(14.864532 7.9179215 1)
(15.232566 7.2069434 1)
(-0.35277105 12.89513 1)
(-0.53651252 1.5155492 1)
(-0.39242061 1.5389744 1)
(11.628817 4.7556081 1)
(11.26835 4.541202 1)
(11.257745 4.1555203 1)
(10.926205 4.3681741 1)
(-2.2780732 11.411535 1)
(-4.7096854 13.133656 1)
(-6.373434 -5.6089666 1)
(16.192884 -12.554735 1)
(16.16333 -13.039213 1)
(15.757034 -12.77994 1)
(8.0629431 -10.127532 1)
(15.366499 11.543632 1)
(15.385776 12.020475 1)
(14.957252 11.801205 1)
(14.977509 12.278002 1)
(14.550815 12.054376 1)
(14.568738 12.533278 1)
(14.142278 12.310367 1)
(14.14851 12.789023 1)
(13.732846 12.565716 1)
(13.716228 12.084358 1)
(13.316003 12.328352 1)
(13.291227 11.860952 1)
(12.895992 12.101548 1)
(12.873232 11.639027 1)
(12.472507 11.890089 1)
(12.467629 12.406588 1)
(12.05689 12.131778 1)
(12.053311 11.670561 1)
(11.654944 11.918248 1)
(11.657583 12.370719 1)
(11.255954 12.163273 1)
(11.258174 12.615805 1)
(10.85393 12.409836 1)
(14.986963 12.761671 1)
(11.683962 12.843822 1)
(13.244367 12.827044 1)
(10.857784 12.862869 1)
(10.452522 12.656597 1)
(10.843665 11.944933 1)
(11.641592 11.453566 1)
(12.036492 11.207905 1)
(13.271006 11.388747 1)
(-6.1609649 -12.674701 1)
(-2.4614474 -2.4091528 1)
(9.4601991 -0.11921127 1)
(9.4733337 0.24123869 1)
(9.7812987 0.048777614 1)
(9.7957497 0.41457485 1)
(10.1073 0.21882868 1)
(10.121261 0.58872499 1)
(10.435565 0.39070743 1)
(9.6125437 -8.5644051 1)
(17.517953 13.226294 1)
(4.6641164 -5.2350782 1)
(4.6847927 -4.9106883 1)
(14.631114 -11.003879 1)
(15.087537 -9.9068134 1)
(7.1935623 -5.2618001 1)
(7.5007411 -5.4601377 1)
(-0.25043549 -4.1740801 1)
(16.099173 5.0617422 1)
(16.127089 5.5042759 1)
(16.507255 5.2675802 1)
(17.772247 -7.8179189 1)
(5.7144937 -4.3290014 1)
(-3.6539962 6.1131575 1)
(17.557207 -4.7497109 1)
(17.950831 -5.0099038 1)
(17.980503 -4.5362968 1)
(17.917781 -5.4791382 1)
(-1.5099652 -10.706287 1)
(-4.3048337 13.373258 1)
(-1.5016445 -6.1057257 1)
(-7.9473795 4.3424792 1)
(5.8039535 12.400843 1)
(7.9956047 -11.868908 1)
(12.431842 7.8016925 1)
(-2.8999321 7.2050624 1)
(-2.8996317 7.5534377 1)
(10.826074 -6.3435617 1)
(4.5282332 -6.9539006 1)
(0.097176009 -1.3241408 1)
(6.3010664 2.6886406 1)
(11.78896 -0.012733396 1)
(11.435218 -0.19237446 1)
(2.8307803 0.73411758 1)
(2.9830267 0.60731199 1)
(2.957393 0.39565344 1)
(6.7662405 9.2016429 1)
(-1.6540496 0.99226184 1)
(-1.7032512 0.83104369 1)
(5.2966577 -9.8826073 1)
(7.7384182 12.566638 1)
(7.7582468 13.024048 1)
(8.1474962 12.776644 1)
(8.1674596 13.23983 1)
(8.5577482 12.995803 1)
(6.5897854 -2.4624562 1)
(2.4662058 -13.279751 1)
(2.0820246 -13.018071 1)
(8.7350321 -2.2204682 1)
(8.7163693 -2.5779917 1)
(17.868371 -13.140615 1)
(10.466769 13.127092 1)
(10.066431 12.905421 1)
(10.042685 12.437737 1)
(-0.40954549 -8.2853661 1)
(-3.947469 9.9337567 1)
(0.53513695 -0.64174733 1)
(18.234799 9.1748418 1)
(1.0099541 4.1748343 1)
(0.79539322 4.094833 1)
(0.83264473 4.322815 1)
(0.61228439 4.2400535 1)
(-1.9946016 -0.46975053 1)
(-2.1696758 -0.51794007 1)
(-2.2215021 -7.4953459 1)
(-2.2483926 -7.8742295 1)
(-2.5671826 -7.6606444 1)
(14.179896 -2.4613493 1)
(14.542743 -2.7000664 1)
(-3.7461333 0.62932228 1)
(12.258746 -8.0703534 1)
(12.274261 -7.6348347 1)
(11.909111 -7.3995447 1)
(12.293535 -7.2015347 1)
(11.932 -6.967428 1)
(6.3807385 5.0328268 1)
(3.114375 -2.7686072 1)
(3.3495082 -2.6891446 1)
(-2.3395816 13.187959 1)
(9.889159 -13.152544 1)
(6.8963007 4.0372096 1)
(7.1895288 4.1839515 1)
(7.2076077 4.5133531 1)
(4.567449 -10.224291 1)
(-0.044939295 8.4877337 1)
(-5.1951476 5.8463129 1)
(-5.1679907 5.4862898 1)
(-8.0875079 -9.70765 1)
(-8.1495524 -10.178447 1)
(10.939195 13.336179 1)
(-0.39976918 -1.3689999 1)
(0.18610034 10.825146 1)
(-1.9319115 -1.7023008 1)
(4.3532858 -1.0899548 1)
(4.5963607 -1.0027417 1)
(-1.0558921 1.0830416 1)
(-1.0080385 1.2195527 1)
(0.22884862 -1.2780889 1)
(8.4216852 7.363629 1)
(8.7694471 7.5455444 1)
(8.7893784 7.9378294 1)
(9.1242429 7.7269914 1)
(9.1439467 8.1255002 1)
(9.4826219 7.9112448 1)
(8.7514396 7.1529322 1)
(-0.38110599 -2.6777005 1)
(12.359315 4.7287457 1)
(1.6481026 0.44982858 1)
(-8.3684344 -4.2313447 1)
(-8.4100788 -4.6769827 1)
(16.200457 -6.7767415 1)
(-4.5848219 -5.4976875 1)
(-4.9027661 -5.2937179 1)
(-1.7005546 8.2148184 1)
(-6.2218616 -13.154274 1)
(-5.7745036 -12.966086 1)
(-4.3597135 1.3678026 1)
(-1.4384757 6.4293525 1)
(-0.96828434 -0.82769271 1)
(1.99218 13.359636 1)
(9.462683 7.5094661 1)
(9.8226442 7.6932971 1)
(7.4079822 1.1468815 1)
(7.3980383 0.82042936 1)
(10.422884 0.024219213 1)
(-4.3034762 7.1686411 1)
(-4.0162755 7.3531108 1)
(11.048721 -9.5324739 1)
(10.656051 -9.7480744 1)
(10.278121 -9.4916164 1)
(10.261713 -9.9481542 1)
(9.8855626 -9.688878 1)
(9.858914 -10.127562 1)
(9.4915502 -9.8798985 1)
(-1.8379943 0.034305854 1)
(17.41111 -13.328587 1)
(-0.82642625 -0.22055682 1)
(-0.90030054 -0.14253606 1)
(-1.0217278 -0.14588411 1)
(-0.78622406 -0.12227426 1)
(-0.86741804 -0.046038847 1)
(-0.64467662 -13.261236 1)
(1.9953124 11.506974 1)
(4.9661599 -11.218971 1)
(1.4871403 -1.2145069 1)
(1.5195812 -1.0451653 1)
(-8.0412473 -4.9354575 1)
(-8.2471491 -7.5567825 1)
(8.1625551 9.160083 1)
(8.5030306 8.9435381 1)
(4.7470038 -1.4362099 1)
(-0.59770102 -1.1743733 1)
(12.313604 -6.7710485 1)
(9.0382041 -2.4158731 1)
(9.0184622 -2.7812271 1)
(9.3465037 -2.6148262 1)
(9.3259046 -2.9855893 1)
(7.3577705 -0.19175286 1)
(7.3388046 -0.52617859 1)
(4.1343982 -4.8719285 1)
(0.36570483 -0.75187443 1)
(-2.7496773 2.6641312 1)
(-2.2483593 -0.2087099 1)
(1.3997363 4.1071091 1)
(7.5114663 9.5620803 1)
(14.419212 2.4934319 1)
(14.780706 2.2541501 1)
(4.2583214 11.1247 1)
(18.352769 2.2057612 1)
(18.324095 1.7349874 1)
(18.378616 2.6791314 1)
(-2.784711 2.4346458 1)
(12.905715 -13.261104 1)
(13.340415 -13.048204 1)
(13.367439 -12.565747 1)
(13.772438 -12.829704 1)
(13.797844 -12.347048 1)
(14.189298 -12.609673 1)
(14.135819 -13.118473 1)
(1.295652 -11.417152 1)
(10.333287 -12.475135 1)
(-8.1329524 -11.687632 1)
(-8.2110179 -12.139073 1)
(6.0074226 -4.1656555 1)
(-3.2917085 -10.303019 1)
(3.2049686 -2.2899 1)
(-4.5509887 5.5298706 1)
(18.358361 12.62447 1)
(18.34315 12.143086 1)
(18.415553 13.164775 1)
(-2.7878766 1.6348639 1)
(-8.4441605 -6.4109576 1)
(-0.26897466 -13.533893 1)
(0.13727617 -13.339823 1)
(-8.449113 -5.1259391 1)
(-0.75257368 -0.2930449 1)
(1.1275202 -0.91930661 1)
(18.37759 -4.7996011 1)
(18.392865 -4.3222115 1)
(12.965449 3.0380807 1)
(10.90921 3.9785839 1)
(10.583131 4.1875429 1)
(16.011365 6.7047664 1)
(0.6199382 -12.25587 1)
(18.151349 8.2594564 1)
(18.128416 7.7752604 1)
(-8.1859755 9.930965 1)
(-8.1567349 9.4578012 1)
(13.30267 -13.507116 1)
(18.246767 10.198432 1)
(-4.5387782 -4.77014 1)
(16.527145 5.7283084 1)
(16.917673 5.4792589 1)
(16.982377 5.9645851 1)
(17.350088 5.6779296 1)
(17.309255 5.2237323 1)
(17.731914 5.4355792 1)
(17.705932 4.964112 1)
(17.751661 5.9100466 1)
(18.128629 5.181192 1)
(18.104458 4.7045677 1)
(1.6730558 0.20415522 1)
(1.6122853 0.082272422 1)
(-1.6020619 -1.7803201 1)
(-0.29042985 -1.4711036 1)
(-8.2698637 11.343474 1)
(-8.2885046 11.826449 1)
(-7.8845289 12.088763 1)
(-8.3109841 12.31127 1)
(-7.9054274 12.574182 1)
(-8.3289455 12.798901 1)
(-7.9279345 13.061896 1)
(-7.4937721 12.837126 1)
(-7.517301 13.324987 1)
(-7.0831726 13.099243 1)
(-8.385053 13.335425 1)
(-5.7839039 -9.8841018 1)
(18.173234 -8.0846353 1)
(18.205677 -7.6018475 1)
(-1.1530826 1.1925084 1)
(7.7453789 -7.1578791 1)
(7.401158 -7.3336941 1)
(1.5376888 8.8968245 1)
(1.8494482 8.7094601 1)
(0.3016539 6.5086636 1)
(-4.3172174 10.130911 1)
(-3.9580209 10.35497 1)
(-4.6758459 9.9060692 1)
(-6.9448787 1.3688073 1)
(-0.039238682 8.8389641 1)
(-0.35050293 8.6665668 1)
(-0.71773983 -8.0700738 1)
(14.153829 -2.8943108 1)
(14.514398 -3.1339316 1)
(14.126479 -3.3282705 1)
(14.487395 -3.5683422 1)
(2.398766 -1.5756046 1)
(2.426387 -1.3844423 1)
(5.5050851 3.6774355 1)
(5.2608906 3.8248051 1)
(15.728011 -13.266618 1)
(5.4315841 -4.4791424 1)
(9.6589005 -2.8164409 1)
(9.6384643 -3.1916727 1)
(9.9757417 -3.0207649 1)
(9.9550246 -3.4011956 1)
(4.0842429 -2.3640778 1)
(-8.3286874 4.5219955 1)
(-8.3003771 4.0911827 1)
(-2.1941081 8.9742561 1)
(9.5000555 8.3172228 1)
(10.932256 4.7293534 1)
(-5.9848816 -5.4539906 1)
(4.3582434 -8.4298876 1)
(4.0474233 -8.2132814 1)
(14.099129 -3.762499 1)
(14.462472 -4.0049408 1)
(0.65219543 4.473131 1)
(0.42897734 4.3894358 1)
(18.535887 -2.049493 1)
(-2.6993139 -5.6494941 1)
(10.102971 13.366831 1)
(1.5743383 3.9570937 1)
(-3.6646982 3.1322282 1)
(-3.4198986 3.2380941 1)
(-3.9093017 3.0223319 1)
(-1.8175713 0.9514433 1)
(11.627433 10.991809 1)
(12.016782 10.749552 1)
(8.4833242 -6.0484942 1)
(-0.34160602 13.357264 1)
(-0.73371932 13.127921 1)
(8.4398654 -6.8231955 1)
(18.521168 4.9415071 1)
(-6.278581 -10.537656 1)
(11.431836 0.18303975 1)
(-4.5954405 -3.6730796 1)
(18.476788 4.4672464 1)
(14.850061 -3.8140712 1)
(14.827503 -4.2503398 1)
(18.501404 -2.5110698 1)
(8.5800158 13.458442 1)
(0.32008797 -0.84619025 1)
(0.26905976 -0.75765418 1)
(2.9015288 10.814166 1)
(10.296885 -3.2280218 1)
(10.275858 -3.6136283 1)
(10.622291 -3.4381634 1)
(15.197313 2.8788067 1)
(0.43792749 13.347944 1)
(12.75947 -1.5031477 1)
(6.3545111 -9.3640183 1)
(-6.7534936 -8.674247 1)
(-6.3886504 -8.9610635 1)
(-3.3734838 6.2987493 1)
(-2.7442247 13.412639 1)
(-6.6229423 1.1945256 1)
(5.2743303 -10.272402 1)
(5.6411401 -10.109364 1)
(9.466546 -13.361672 1)
(-3.573251 -5.0297062 1)
(12.477656 -13.489473 1)
(-0.67955781 1.4894797 1)
(-5.3697433 -9.706652 1)
(-5.0197186 -9.9830676 1)
(6.4399248 8.2078794 1)
(18.290493 -12.915245 1)
(18.331099 -12.422891 1)
(5.7942864 6.0402953 1)
(5.504489 6.2207687 1)
(5.5139023 6.5588805 1)
(5.21534 6.3988542 1)
(5.2243574 6.7359743 1)
(4.926474 6.5760522 1)
(4.9347775 6.9118221 1)
(4.6375504 6.7528512 1)
(4.6470099 7.0899576 1)
(4.3492622 6.9289451 1)
(4.3569829 7.2660349 1)
(4.0589948 7.1066608 1)
(4.066963 7.4436293 1)
(3.7683886 7.2842077 1)
(3.7764921 7.6222452 1)
(3.4768471 7.4620981 1)
(3.4861304 7.8035947 1)
(3.184054 7.6410859 1)
(3.1934362 7.9845532 1)
(-8.3331133 -8.4941197 1)
(2.3546336 -1.779158 1)
(2.1664031 -1.8372936 1)
(-0.0066801236 -7.3958649 1)
(-0.77852829 -0.020341651 1)
(-0.84312356 0.046452212 1)
(-0.75892985 0.070736929 1)
(-0.81876666 0.13385257 1)
(-0.73679255 0.15314947 1)
(-0.7960387 0.21989991 1)
(-0.88753135 0.19934291 1)
(-0.85895761 0.29394565 1)
(-0.74875493 0.30865801 1)
(-0.82343758 0.38965923 1)
(-0.72081614 0.41142491 1)
(7.6896541 6.6623804 1)
(6.0834839 5.8561002 1)
(17.117784 -10.691995 1)
(-1.1044786 1.3366979 1)
(6.7857407 9.6001315 1)
(6.4252922 9.4105146 1)
(-0.82098416 11.857619 1)
(-2.0440977 -0.65627733 1)
(-2.2265635 -0.70543595 1)
(-2.0965069 -0.84819628 1)
(-2.2948118 -0.89470002 1)
(-2.4382441 -0.71842719 1)
(-2.1495454 -1.039456 1)
(0.53521084 11.02677 1)
(0.84446042 -8.7616044 1)
(2.9014035 7.8390282 1)
(2.9010251 8.1697513 1)
(2.6070931 8.0233285 1)
(2.6027103 8.3486687 1)
(0.46922624 4.6259005 1)
(0.24225322 4.5407533 1)
(0.28316856 4.7813348 1)
(10.456062 0.75492081 1)
(10.129037 0.9761278 1)
(-2.2272736 0.31169846 1)
(-2.4115284 0.2255346 1)
(-2.0536301 0.38262247 1)
(16.582921 -0.81292197 1)
(5.0795665 1.2692452 1)
(-2.0860958 -1.5602842 1)
(-2.1363202 -1.7849114 1)
(-0.05176594 -4.3499338 1)
(0.18874032 -4.2595953 1)
(-0.94052419 0.018785022 1)
(-7.7082559 9.2432762 1)
(-8.1196255 8.9787099 1)
(-8.5490455 9.1918137 1)
(-8.516101 8.7189144 1)
(-8.0929675 8.5110304 1)
(-8.4833397 8.2498139 1)
(-8.0629934 8.0416829 1)
(-8.4369791 7.7865058 1)
(-8.0339872 7.5801711 1)
(-8.4018552 7.3274862 1)
(-7.6530767 7.8299764 1)
(8.8609577 0.92658684 1)
(18.081728 -2.7331282 1)
(18.453579 -2.9740955 1)
(-6.2734592 -7.5571626 1)
(9.1746618 1.795382 1)
(8.8932546 1.9689151 1)
(9.4844389 1.5873792 1)
(-2.0882091 -4.0094025 1)
(7.522068 -5.0942158 1)
(-3.3570796 5.9494347 1)
(-3.6340188 5.7699782 1)
(-3.0888646 6.1256502 1)
(7.8294151 -5.2944846 1)
(18.074716 4.2308739 1)
(18.456806 3.972569 1)
(1.5569504 0.56101708 1)
(5.7424816 -4.005299 1)
(0.50238985 -8.9280904 1)
(12.636351 -7.4341943 1)
(0.06546035 4.6918089 1)
(-2.5589023 10.378031 1)
(-2.919662 10.579185 1)
(-0.48709923 1.6529867 1)
(-1.0179823 -12.989848 1)
(-1.0687098 -13.45058 1)
(4.6224197 10.491398 1)
(4.985426 10.272787 1)
(10.966878 -11.48606 1)
(7.4196123 1.4719357 1)
(6.6707684 5.1906338 1)
(17.769291 -1.0614574 1)
(18.200443 -0.867191 1)
(3.0226097 -2.1322127 1)
(18.075286 -9.6084229 1)
(-0.3417747 1.6830425 1)
(-2.7503934 1.8627746 1)
(0.99603962 -1.1532771 1)
(5.1208148 1.5189948 1)
(14.226322 -12.127862 1)
(-6.3169941 1.3715099 1)
(18.283606 -13.41135 1)
(-8.7543151 12.532958 1)
(-3.0219109 -13.468803 1)
(-2.5011017 -0.94314678 1)
(10.600975 -3.82888 1)
(10.942156 -3.6662881 1)
(8.7903952 -6.6480303 1)
(-0.35238151 9.0124235 1)
(-0.66173044 8.8485218 1)
(0.25129466 -1.1337852 1)
(-1.6025151 1.1504898 1)
(3.2477245 10.981139 1)
(14.597229 -12.407223 1)
(0.38650911 4.1542119 1)
(17.063278 1.122607 1)
(17.454026 0.85706663 1)
(-1.6155611 -7.926878 1)
(-1.868218 0.79376642 1)
(11.953266 -6.5395885 1)
(7.8098334 -2.3400762 1)
(7.5219586 -2.1502972 1)
(11.614011 10.535906 1)
(0.4402168 1.5467546 1)
(0.51232521 1.4348582 1)
(0.35538901 1.658148 1)
(0.2042543 1.6287643 1)
(-0.67584677 -7.7032828 1)
(9.6761024 12.693351 1)
(9.6384448 12.217779 1)
(-2.3126552 6.5371145 1)
(7.1228397 0.99153226 1)
(7.1084248 0.66158594 1)
(-0.79071489 0.48796524 1)
(-0.68952217 0.50208767 1)
(-1.4051222 8.0398342 1)
(-1.4074557 8.3816882 1)
(11.787052 0.35033457 1)
(2.0473673 -13.481331 1)
(1.6653389 -13.217629 1)
(1.700108 -12.757193 1)
(2.4347011 -13.745846 1)
(18.751537 1.945743 1)
(0.56567031 8.8161394 1)
(18.564389 5.3822305 1)
(11.412428 -0.586438 1)
(-7.542635 4.1561189 1)
(-2.9486891 -10.557432 1)
(-7.9927455 1.3940484 1)
(-8.3578494 1.175986 1)
(-6.9542223 9.793503 1)
(-6.5693122 10.021926 1)
(18.403753 -10.956695 1)
(18.428417 -10.464789 1)
(12.599182 2.852282 1)
(0.72847184 3.6493024 1)
(-4.676986 10.342837 1)
(-5.0549325 10.103012 1)
(-2.5968652 -8.0492117 1)
(3.0137814 0.81433505 1)
(2.8605003 0.93534626 1)
(3.1746214 0.67668716 1)
(1.4194284 0.54746013 1)
(1.4647162 0.67421922 1)
(13.180206 -0.46350357 1)
(0.10839901 4.9213473 1)
(4.9438297 1.6934537 1)
(14.882421 8.3762851 1)
(14.478067 8.1627254 1)
(14.459629 7.7088469 1)
(14.077255 7.9512273 1)
(15.289233 8.5903201 1)
(14.059334 7.4983785 1)
(13.680948 7.7413489 1)
(7.7740631 13.462723 1)
(-7.5142573 -0.61478194 1)
(-7.8878783 -0.78984641 1)
(-8.2328945 -0.54297943 1)
(-8.273893 -0.9669236 1)
(-7.9220186 -1.2120336 1)
(-8.309886 -1.3941997 1)
(-7.9560318 -1.6421762 1)
(-8.3465748 -1.8259259 1)
(-7.9900745 -2.0757603 1)
(-8.3826752 -2.261946 1)
(-8.0239843 -2.5083618 1)
(-8.4206807 -2.6992235 1)
(1.295509 -12.978162 1)
(1.2706337 -13.411121 1)
(-6.828316 8.1346481 1)
(-8.6297601 -0.71801898 1)
(1.1281197 -1.1592564 1)
(-0.24722416 1.5620337 1)
(-0.19520449 1.7065126 1)
(12.491722 -0.02387288 1)
(18.514035 -9.3209505 1)
(4.4020109 -0.83103698 1)
(4.6451699 -0.74200872 1)
(4.8466939 -0.91640966 1)
(4.8919678 -0.65308173 1)
(4.691233 -0.48030952 1)
(4.9382913 -0.38993706 1)
(4.7374208 -0.21987879 1)
(4.9771551 -0.12656299 1)
(4.7835375 0.042997234 1)
(5.0222193 0.13570896 1)
(4.8299751 0.30474447 1)
(5.078168 0.39693134 1)
(2.3496086 -11.700831 1)
(-4.2051065 -4.6113374 1)
(10.228791 -10.380879 1)
(-5.8205295 -13.429541 1)
(-5.3896684 -13.245317 1)
(2.7772811 -11.537221 1)
(2.8173091 -11.11046 1)
(-2.1960334 2.236105 1)
(10.517361 -11.192779 1)
(0.18340972 11.228633 1)
(1.8328895 -0.91332808 1)
(0.2780709 0.85443405 1)
(0.17121995 0.85121968 1)
(0.22865276 0.76904195 1)
(0.13491352 0.76009554 1)
(0.076190366 0.83400566 1)
(0.047209474 0.75138568 1)
(0.095344554 0.69171113 1)
(-0.011972487 0.81515607 1)
(-8.7021705 4.284911 1)
(-8.6857201 3.8269958 1)
(-1.9721893 -1.8875527 1)
(7.4794288 4.3268329 1)
(7.4805342 4.6520999 1)
(-1.2544969 1.3095626 1)
(-0.46008524 4.7610369 1)
(-4.6267389 -4.0889456 1)
(-0.036220876 0.72249954 1)
(-0.097338842 0.79565375 1)
(-0.12569349 0.71484936 1)
(-0.1810486 0.77597514 1)
(-0.20593728 0.69741386 1)
(4.3952558 -8.0503639 1)
(4.0764814 -7.8405886 1)
(3.7428191 -7.999232 1)
(1.5968523 13.592384 1)
(-0.30518468 -4.4353186 1)
(-0.50734909 -4.2503349 1)
(-0.91938514 5.0259088 1)
(-0.92234744 4.7686513 1)
(0.54750914 6.6364441 1)
(0.79729392 6.482863 1)
(0.30082612 6.8032101 1)
(-0.022077088 2.1198286 1)
(3.0747854 -1.1120344 1)
(2.8657353 -1.1836757 1)
(2.9082625 -0.97256767 1)
(0.016667256 4.4536817 1)
(-3.2022406 8.3664107 1)
(-3.5168086 8.1716726 1)
(-2.8847056 8.5636778 1)
(-0.6275438 0.43271884 1)
(-0.59691471 0.51405573 1)
(-0.54463577 0.44912937 1)
(-0.51436972 0.52761104 1)
(5.4915123 5.8861941 1)
(-3.0527594 5.8084603 1)
(14.082857 -4.1994015 1)
(12.078431 -1.039979 1)
(0.5239652 0.71229424 1)
(0.42885705 0.69754467 1)
(0.48220721 0.62348789 1)
(0.3981357 0.61058402 1)
(2.5609896 -1.6944231 1)
(0.20126785 -1.4130526 1)
(0.34006851 -1.3705856 1)
(0.073548966 -1.4618475 1)
(-1.7507157 0.66714643 1)
(-7.3350003 -10.275608 1)
(8.6874576 -2.9585058 1)
(-2.8367725 -0.51355146 1)
(2.0046384 0.61023607 1)
(14.255703 -1.1528478 1)
(2.2949914 8.1822034 1)
(4.4168276 -7.6845958 1)
(9.8295655 -10.568802 1)
(7.060988 -0.35179301 1)
(7.0470032 -0.67733594 1)
(7.0771941 -0.024101081 1)
(5.863838 -6.2931977 1)
(-6.0692123 -2.7999382 1)
(15.946945 2.349483 1)
(15.91727 1.9042838 1)
(0.32568054 -7.2453092 1)
(2.1778085 8.8839473 1)
(14.395067 2.0594444 1)
(14.032764 2.3063764 1)
(14.756583 1.8124898 1)
(14.163751 4.9365793 1)
(12.333705 -6.3434544 1)
(12.694998 -6.5746394 1)
(-5.6514061 -5.7044163 1)
(1.4603764 2.5833044 1)
(1.2775749 2.5195041 1)
(1.4212187 2.3971873 1)
(1.1316983 2.6430956 1)
(1.2463859 2.3354099 1)
(1.3876408 2.2149418 1)
(-2.6317136 -0.39973568 1)
(7.3193315 -0.85414008 1)
(7.0300864 -1.0031576 1)
(0.63328795 -0.63204014 1)
(0.57089142 -0.55607773 1)
(0.48647801 -0.56235143 1)
(13.792712 -2.6569587 1)
(-2.1139103 -6.0476834 1)
(-0.56447834 0.59377582 1)
(-0.48099878 0.60738417 1)
(-8.7307136 4.7408773 1)
(7.121893 -8.2148437 1)
(6.7906388 -7.9974644 1)
(0.44668489 0.54476603 1)
(0.5272771 0.548059 1)
(7.8518336 -4.9251515 1)
(-3.2697436 1.0833965 1)
(-0.7381825 13.589323 1)
(-1.1316887 13.355306 1)
(-0.33641508 13.823307 1)
(7.5421892 -1.8063032 1)
(7.2378718 -1.9617144 1)
(-8.1093637 -11.136714 1)
(-8.5571769 -11.408949 1)
(-0.23686133 -3.0532616 1)
(4.9492807 -5.1007017 1)
(18.7746 12.357917 1)
(12.256982 3.0763629 1)
(10.026745 11.974996 1)
(-1.9908791 2.3188783 1)
(-1.9574189 2.5349656 1)
(-1.7891774 2.3976387 1)
(-1.7540584 2.6095304 1)
(-1.5894375 2.4747762 1)
(-1.5539725 2.6840627 1)
(-1.3919953 2.550968 1)
(-1.3627068 2.7521477 1)
(-1.1976121 2.6251934 1)
(-1.1737288 2.8567919 1)
(-1.0051851 2.7047363 1)
(-0.96865779 2.9038568 1)
(-0.81115367 2.7750137 1)
(-0.77726746 2.9768827 1)
(-0.6196846 2.8478118 1)
(1.558692 2.274375 1)
(1.5260815 2.0955059 1)
(1.6949669 2.1552236 1)
(1.6613874 1.9784576 1)
(12.01295 -3.7398697 1)
(16.95398 9.5188951 1)
(-5.5786356 6.3735678 1)
(-2.2747131 -8.2631728 1)
(15.674413 -8.3879623 1)
(15.707368 -7.9218202 1)
(15.640109 -8.8565576 1)
(16.027849 -9.1216254 1)
(-3.2670636 7.3235819 1)
(11.236841 3.7670008 1)
(10.890738 3.590802 1)
(0.81094531 2.9030051 1)
(7.2148821 -4.8959329 1)
(3.8350274 -2.4676772 1)
(14.443431 7.2439631 1)
(1.830196 2.0369213 1)
(1.7965259 1.8605456 1)
(1.965404 1.9186207 1)
(1.9318092 1.7421453 1)
(2.1017123 1.8008576 1)
(2.0672441 1.6230344 1)
(0.31059298 -0.68153006 1)
(0.22236926 -0.68290556 1)
(0.18176025 -0.75662499 1)
(0.13946569 -0.68096563 1)
(0.097556917 -0.75186038 1)
(-3.4591271 -13.656679 1)
(-3.8305735 -13.400773 1)
(-3.8883532 -13.874027 1)
(-4.2625663 -13.594445 1)
(11.238369 11.235593 1)
(16.102351 -13.527065 1)
(18.536308 7.9987582 1)
(18.532891 7.5109011 1)
(-1.1449223 4.8972999 1)
(-1.1481185 4.6409095 1)
(-1.3699614 4.7693328 1)
(-1.3711519 4.5096207 1)
(-1.1700246 4.3835775 1)
(-1.5943363 4.6407677 1)
(-1.5970437 4.3821106 1)
(-1.8197582 4.5132567 1)
(-1.8215793 4.2540358 1)
(-1.1408108 13.82078 1)
(-8.5290976 -9.8912365 1)
(-8.5924383 -10.366781 1)
(-0.71962594 1.3574488 1)
(-0.8251295 1.4624087 1)
(-2.0456248 4.3854043 1)
(12.85186 11.172506 1)
(13.250476 10.921078 1)
(13.665758 11.137792 1)
(12.829768 10.709847 1)
(14.521834 11.579492 1)
(-0.64992476 6.5636524 1)
(-7.276835 3.4343847 1)
(-3.3786014 6.6900431 1)
(-0.58324687 3.0418282 1)
(-0.42730963 2.9196592 1)
(18.609839 -7.8719791 1)
(18.64255 -7.3852133 1)
(-8.9432131 8.9281191 1)
(7.7064235 1.6292383 1)
(16.681233 1.3698288 1)
(9.4804903 1.2465606 1)
(3.6652205 -2.0290398 1)
(13.462965 -1.981805 1)
(-0.74033164 -8.4315457 1)
(-0.44120798 -8.6614759 1)
(-6.2528087 -13.683676 1)
(-4.9916069 -6.2618552 1)
(-4.6773761 -6.4847477 1)
(-0.96343595 0.27160247 1)
(-7.1050416 13.586914 1)
(-6.6724506 13.360458 1)
(0.66093789 2.3683135 1)
(18.103819 7.2893438 1)
(18.511488 7.0243491 1)
(9.8612436 -13.62598 1)
(10.286961 -13.413158 1)
(-2.0462738 4.1273573 1)
(-2.2719166 4.2565247 1)
(-2.2728798 3.9980588 1)
(-2.4999702 4.1276496 1)
(9.3018917 -3.3587829 1)
(5.188823 1.7293315 1)
(0.11371822 -13.818608 1)
(-6.3130542 -5.1951526 1)
(-8.0050162 7.124876 1)
(-8.3833343 6.8700949 1)
(-0.89785885 0.46947046 1)
(6.6054232 3.8972367 1)
(6.8764613 3.715614 1)
(6.5903843 3.5696329 1)
(18.767935 -12.761972 1)
(-7.5404952 13.815475 1)
(10.768785 0.56477671 1)
(11.313365 -12.214552 1)
(6.2943703 -4.3496855 1)
(6.3095706 -4.0096792 1)
(-2.3801517 1.7875947 1)
(-6.6848487 -5.3505566 1)
(-2.5538332 -10.376876 1)
(-7.0560417 -7.9425867 1)
(-2.4071299 -2.1369492 1)
(16.241133 0.29847897 1)
(16.234363 12.476717 1)
(16.24966 12.966913 1)
(16.674409 13.182228 1)
(16.265966 13.456236 1)
(16.736025 13.708228 1)
(9.0755318 -13.099649 1)
(9.0423023 -13.570795 1)
(8.648024 -13.308327 1)
(8.6166069 -13.781492 1)
(8.2230106 -13.515971 1)
(8.2545574 -13.044991 1)
(7.8316056 -13.251086 1)
(7.863824 -12.784345 1)
(7.4431224 -12.988729 1)
(7.4011234 -13.437983 1)
(7.0196819 -13.189496 1)
(6.9770069 -13.640013 1)
(6.6012075 -13.404563 1)
(6.6546801 -12.937749 1)
(-2.919902 -7.8306877 1)
(-4.7161909 13.685579 1)
(-5.1362028 13.351194 1)
(-2.9843687 2.5861515 1)
(-4.0668223 -1.3317153 1)
(-4.3352628 -1.4486221 1)
(-4.3123232 -1.1519696 1)
(-4.5907335 -1.2803226 1)
(-4.5628605 -0.97182449 1)
(-4.5678645 -1.5965855 1)
(-4.8486327 -1.1023757 1)
(-4.8197729 -0.78581722 1)
(-4.5427103 -0.67157219 1)
(-5.1112547 -0.91992495 1)
(-5.1153065 -1.2421916 1)
(-5.0812327 -0.59705799 1)
(-5.3792245 -0.73368182 1)
(11.574529 -6.7333675 1)
(-7.4320085 -12.757185 1)
(-7.4955738 -13.240832 1)
(-4.9453087 7.1745711 1)
(18.031368 3.7751117 1)
(-7.1195345 -13.526311 1)
(-7.5465477 -13.72826 1)
(-7.9549263 -13.477293 1)
(-5.4962319 5.6459335 1)
(-5.4693252 5.2834958 1)
(-5.1451877 5.1267126 1)
(-5.4421304 4.9253353 1)
(-2.5989338 -13.286464 1)
(5.6822944 -3.1966557 1)
(15.768353 5.7968398 1)
(17.87214 1.0631337 1)
(17.850061 0.59462892 1)
(18.26506 0.80266452 1)
(18.237182 0.33235017 1)
(18.661764 0.54169272 1)
(18.641673 0.11133878 1)
(18.238065 -7.1183695 1)
(18.67374 -6.8989314 1)
(18.269412 -6.6322985 1)
(18.699496 -6.4127521 1)
(11.084327 -0.37102629 1)
(18.547267 -8.8352166 1)
(-3.9038751 13.156255 1)
(-3.9267257 13.603654 1)
(3.2077766 8.329539 1)
(18.37816 -11.446529 1)
(-3.6277546 3.4203192 1)
(-3.3853939 3.5118103 1)
(17.273916 -2.670976 1)
(18.001978 -4.0718568 1)
(18.583017 8.4850905 1)
(1.5336877 3.7340188 1)
(1.7477069 3.8067836 1)
(1.6870356 3.5846415 1)
(1.9065618 3.6566565 1)
(-3.6713277 -0.18432392 1)
(-3.9084338 -0.28380105 1)
(-3.8856665 -0.02191609 1)
(-4.1304811 -0.1247359 1)
(11.039823 -10.04355 1)
(11.432456 -9.8074396 1)
(2.5572839 10.616672 1)
(9.052783 -2.0589309 1)
(15.835061 13.228078 1)
(15.850198 13.720395 1)
(15.417392 13.489791 1)
(1.3356766 0.65938338 1)
(1.3829991 0.7878142 1)
(1.2531612 0.77014671 1)
(-0.039550204 -6.3756209 1)
(1.3043691 0.89539021 1)
(1.1710965 0.87815553 1)
(1.2220089 1.0022564 1)
(1.0906479 0.98462456 1)
(1.1401434 1.1092293 1)
(1.0111006 1.0884231 1)
(12.505005 9.5493966 1)
(-3.611909 -10.065415 1)
(5.2448643 -12.80209 1)
(5.6043022 -13.057988 1)
(5.2073436 -13.262258 1)
(5.5939675 -13.52087 1)
(18.608177 -1.108411 1)
(8.5327223 12.527571 1)
(-8.3970669 -8.9593829 1)
(-2.61021 -0.16762565 1)
(2.7469213 12.905717 1)
(3.1386828 13.129499 1)
(-0.89971895 -2.4568777 1)
(0.86425893 8.6218873 1)
(-8.2120847 10.402871 1)
(-8.6121536 10.142925 1)
(14.898084 8.8440306 1)
(-3.1308058 -1.9412547 1)
(-2.9189178 -2.0788604 1)
(6.1085473 -7.5889097 1)
(2.2381743 1.6819316 1)
(2.2034665 1.502725 1)
(2.3775447 1.5620784 1)
(2.3421425 1.3798118 1)
(3.9113369 -9.7657472 1)
(5.4263618 12.635112 1)
(5.8220247 12.850964 1)
(5.4357884 13.089627 1)
(5.838302 13.308092 1)
(5.4439426 13.550618 1)
(5.059037 13.32043 1)
(-0.71275671 -0.084028997 1)
(5.0956816 -0.82061913 1)
(-4.5813465 -3.3243841 1)
(-4.8749074 -3.4690014 1)
(-4.872151 -3.1189374 1)
(-0.42540923 -11.039819 1)
(1.4513689 0.91806467 1)
(-0.65121447 8.5110833 1)
(1.1834207 -8.5962202 1)
(1.1586891 -8.9745419 1)
(1.4899789 -8.7796826 1)
(15.645257 -3.471924 1)
(-5.0269674 11.036177 1)
(-8.4851746 -6.8376777 1)
(-8.8719992 -6.5752459 1)
(1.2069812 10.62734 1)
(1.5250771 10.916277 1)
(1.5598191 4.5392155 1)
(2.8572883 7.5072952 1)
(3.3401831 -2.9786564 1)
(3.5416749 -2.8532618 1)
(18.720702 1.4726956 1)
(6.8580895 0.83958431 1)
(15.31699 -12.998039 1)
(15.289805 -13.488962 1)
(3.5709735 10.373146 1)
(-1.3973795 -5.4616881 1)
(4.9381347 -5.4163285 1)
(-8.7014333 -1.5733997 1)
(-6.0790953 9.0111246 1)
(9.4461816 3.7207249 1)
(6.9527253 5.0160252 1)
(-3.2002253 3.0699117 1)
(-1.8632208 -0.60137481 1)
(-2.8877639 -7.4466457 1)
(-3.2411331 -7.6109058 1)
(-3.2102761 -7.2274515 1)
(-3.5615749 -7.3880782 1)
(17.796666 -0.63810928 1)
(-0.45285356 0.45998507 1)
(9.8027308 7.2900151 1)
(10.164449 7.4735674 1)
(10.184413 7.8813287 1)
(10.535013 7.6584212 1)
(10.552855 8.0778146 1)
(9.4419845 7.1114255 1)
(10.20589 8.3062314 1)
(-8.6422718 10.61947 1)
(3.0710575 -3.0224657 1)
(0.069359023 6.3812392 1)
(0.074084125 2.8391613 1)
(13.390961 -12.08811 1)
(7.2353141 -1.5531727 1)
(-2.3133056 7.8835121 1)
(9.5209172 -9.4477178 1)
(9.1310647 -9.6410291 1)
(9.1016161 -10.071824 1)
(6.95451 -1.7650759 1)
(-0.75541182 0.58269059 1)
(-1.9462105 12.945437 1)
(-1.9195078 13.379413 1)
(18.079358 6.8040759 1)
(18.486894 6.5387848 1)
(-5.5938421 -5.2541428 1)
(-5.3344443 -12.775075 1)
(-8.5763271 -0.29331804 1)
(5.0496947 -1.0955779 1)
(-4.308982 7.5379095 1)
(9.9302975 -3.7814315 1)
(-1.8859584 10.798492 1)
(18.917458 5.1579046 1)
(2.752917 13.360112 1)
(3.1488675 13.587728 1)
(2.7962345 13.835334 1)
(3.544254 13.352588 1)
(-6.6540643 12.879112 1)
(-6.2416108 13.135023 1)
(-6.2616072 13.620998 1)
(2.5180133 1.4406059 1)
(2.4824787 1.2556506 1)
(3.5488478 13.80442 1)
(3.9536954 13.571943 1)
(3.9843135 14.106672 1)
(5.2269582 7.0834424 1)
(5.1742475 -13.727216 1)
(4.7855981 -13.463268 1)
(4.6933066 -1.7010383 1)
(4.9546321 -1.617407 1)
(4.9009849 -1.8886471 1)
(3.8009316 7.9615496 1)
(-3.5397282 -7.0075609 1)
(-8.8291074 -6.1401024 1)
(-0.10189838 -4.6222555 1)
(18.953492 -9.1013409 1)
(-2.9659038 1.7748511 1)
(-2.9126129 2.0033906 1)
(-2.9950442 1.549627 1)
(8.5235666 9.3524834 1)
(8.8557747 9.1348301 1)
(8.1782776 9.5632541 1)
(-5.4419442 -13.666614 1)
(-9.1256696 4.0178283 1)
(-0.43694401 -1.5165643 1)
(-0.32243997 -1.623629 1)
(-1.4385596 -13.175931 1)
(-1.4960626 -13.639532 1)
(1.1563523 10.980967 1)
(0.058282222 -0.68007906 1)
(0.015921229 -0.74893541 1)
(-0.15477051 11.021255 1)
(2.7079657 -1.0403706 1)
(2.7495945 -0.83673585 1)
(2.9467261 -0.76711593 1)
(2.7901709 -0.63288905 1)
(2.9853909 -0.5638057 1)
(2.8304418 -0.43008133 1)
(3.0195111 -0.36775471 1)
(2.868865 -0.22932486 1)
(3.086484 -0.16281703 1)
(2.9125982 -0.02793331 1)
(3.1016366 0.041629382 1)
(-6.7183379 0.4883953 1)
(0.37493384 -0.94149603 1)
(-3.4215118 -10.770046 1)
(-0.10227528 1.5869809 1)
(-0.046354103 1.7202497 1)
(0.25427954 1.7639711 1)
(1.7582223 0.085146128 1)
(1.6943853 -0.041642428 1)
(8.9743296 13.209384 1)
(8.9965502 13.677754 1)
(8.5462658 13.903582 1)
(6.5962908 -4.1917716 1)
(2.6613665 1.3158636 1)
(2.5527519 11.040948 1)
(11.22139 3.3758445 1)
(-5.1573109 13.832373 1)
(2.311268 -1.9776016 1)
(2.1294833 -2.0343534 1)
(-1.828619 -1.3202183 1)
(5.6268347 -14.029263 1)
(-0.47088625 11.65408 1)
(0.36049245 0.52862777 1)
(0.77137718 1.0355863 1)
(-0.66421004 4.3895303 1)
(-8.0803084 -5.3809687 1)
(-7.6915282 -5.1909121 1)
(-2.6342502 -8.4412762 1)
(4.0568853 6.7767617 1)
(15.284701 -8.1205299 1)
(1.0609719 4.3921368 1)
(-8.7754165 -4.4155682 1)
(-8.7341421 -3.878389 1)
(6.4170748 9.0163562 1)
(6.0755787 9.2260362 1)
(6.0849047 9.6216606 1)
(5.7349807 9.4355278 1)
(5.7392835 9.8285124 1)
(5.3867622 9.6349047 1)
(11.05833 -0.75420385 1)
(10.735824 -0.5467169 1)
(-8.7708932 -8.6787418 1)
(-8.7067196 -8.2402486 1)
(-8.8361159 -9.1452557 1)
(-2.1945224 0.68985351 1)
(18.81162 -11.223601 1)
(5.380829 10.463206 1)
(-0.54910942 -1.4084898 1)
(0.52049895 -0.48683379 1)
(0.60180966 -0.47458339 1)
(0.87974418 8.9607396 1)
(-3.9648642 -0.54780182 1)
(18.777096 -12.195061 1)
(-0.13970309 1.8377923 1)
(0.015521063 1.8577882 1)
(-2.7782606 5.9819957 1)
(5.274508 4.1206933 1)
(5.0289576 3.97752 1)
(4.3809535 7.6031377 1)
(-0.069383445 9.1627726 1)
(-7.2700446 1.5464797 1)
(-7.2334914 1.1915173 1)
(0.27323731 -0.93376246 1)
(-4.7279564 -6.8848533 1)
(-4.3659621 -6.7252876 1)
(6.9676311 5.3467456 1)
(6.6715507 5.5118531 1)
(-0.05294383 -6.7122908 1)
(0.25461475 -6.5507493 1)
(-0.3479491 -6.8673874 1)
(11.988379 10.316342 1)
(0.43653287 -0.49415109 1)
(0.74471331 -1.1585153 1)
(0.69055199 -1.2775391 1)
(18.756322 11.85552 1)
(-4.2492602 5.7222997 1)
(-4.2432467 5.3722243 1)
(-4.532535 5.1817649 1)
(13.658395 10.661607 1)
(1.6915917 0.57583787 1)
(1.7909849 0.45686167 1)
(1.8128987 0.22531581 1)
(13.403518 -4.6451353 1)
(-1.51992 2.8932818 1)
(-8.7293599 1.3847008 1)
(-8.7314216 0.9125355 1)
(18.037772 -3.1826016 1)
(-3.8624471 8.3160983 1)
(5.8592326 13.763636 1)
(6.2440643 13.5258 1)
(5.463589 14.092404 1)
(7.9142292 -0.57544689 1)
(0.47786261 -1.1745107 1)
(4.7200501 -8.261538 1)
(-0.75843231 12.677873 1)
(9.6264542 11.765087 1)
(10.019658 11.519102 1)
(9.2405588 12.004687 1)
(0.55172232 -0.4132228 1)
(0.63008926 -0.39738642 1)
(18.407219 -3.8686659 1)
(-6.3309796 -7.9887616 1)
(-5.9741493 -8.2683173 1)
(-4.1040904 0.14197185 1)
(-4.3638913 0.027974726 1)
(7.3864405 0.48370016 1)
(1.9985146 13.822766 1)
(10.783482 0.94272278 1)
(6.1197077 6.9036395 1)
(14.633478 -11.913678 1)
(4.3657393 13.781018 1)
(8.4097261 6.9802714 1)
(8.7384335 6.771321 1)
(6.8715786 10.83374 1)
(6.8522844 10.412117 1)
(7.4804221 -12.534104 1)
(-8.2821232 3.6523866 1)
(-4.9660642 -13.037139 1)
(11.148918 0.75999966 1)
(-1.2661049 -7.3437207 1)
(-5.3426151 -0.41867554 1)
(9.6733839 -2.4489984 1)
(-2.6818771 -13.7707 1)
(3.2429733 -2.0643137 1)
(4.0262742 -2.6217093 1)
(4.2831919 -2.5425012 1)
(8.764608 -7.0357335 1)
(9.1172348 -6.8617062 1)
(8.3882266 -7.2135746 1)
(5.6354989 -10.504605 1)
(5.9788673 -10.340826 1)
(9.4719449 0.59144547 1)
(7.2581794 5.1492959 1)
(-6.6276365 -4.9389073 1)
(3.7760803 -7.6398926 1)
(3.4430467 -7.7910466 1)
(3.4107014 -8.155024 1)
(3.097358 -7.9512215 1)
(3.0771734 -8.3090549 1)
(2.7528954 -8.1123959 1)
(2.7417158 -8.4661509 1)
(-8.7027329 11.562719 1)
(1.9635467 3.8772529 1)
(2.1370864 3.7312544 1)
(2.0654182 3.5119737 1)
(2.3040228 3.5805526 1)
(2.2191565 3.3389884 1)
(2.4699136 3.4276563 1)
(2.4263809 3.2040757 1)
(2.6479105 3.278873 1)
(2.6033031 3.0581965 1)
(2.8184259 3.1234913 1)
(2.7727966 2.9095548 1)
(2.9836769 2.9820677 1)
(3.0402054 3.1861559 1)
(2.9400232 2.7624396 1)
(3.1512963 2.832543 1)
(3.108299 2.6131544 1)
(3.3226081 2.6851638 1)
(3.2777803 2.463933 1)
(3.4946499 2.5356573 1)
(3.4478726 2.3103669 1)
(3.6689716 2.3812101 1)
(3.7150895 2.6124299 1)
(3.8933623 2.4568888 1)
(3.8455962 2.2221155 1)
(4.074226 2.2996315 1)
(4.0244241 2.0609093 1)
(4.2582916 2.1393284 1)
(3.3703255 2.939152 1)
(-1.9885888 0.92148835 1)
(1.4934076 8.5553897 1)
(0.57138498 1.5595445 1)
(0.65862467 1.4377527 1)
(15.014441 -12.199171 1)
(12.949642 2.6369783 1)
(13.312134 2.8134134 1)
(-4.7023345 -10.723887 1)
(-4.3068296 -10.544891 1)
(17.980104 2.9378309 1)
(4.5941788 10.10103 1)
(4.5953622 0.21345153 1)
(-4.9696259 -9.5335297 1)
(-5.3261659 -9.2579265 1)
(-4.614642 -9.8008093 1)
(3.18191 -0.496362 1)
(4.2066449 1.8997537 1)
(4.4440995 1.9757177 1)
(4.4955258 2.2216003 1)
(15.140836 2.010108 1)
(15.116281 1.535456 1)
(0.13594615 -0.8260238 1)
(-6.3216605 1.0159218 1)
(2.428089 -8.269601 1)
(2.4035297 -8.6245393 1)
(2.109578 -8.4287455 1)
(7.7576958 -7.5266426 1)
(-2.2827742 8.2208428 1)
(18.425447 3.5198531 1)
(18.831804 3.7342538 1)
(18.827769 3.259196 1)
(11.601119 -6.3188721 1)
(-4.0300931 -4.049748 1)
(-3.0054917 -10.994337 1)
(4.6051585 -10.97426 1)
(4.2175518 -11.164147 1)
(-0.15106101 0.63069675 1)
(-0.23594401 0.6221881 1)
(-0.2850476 0.67952271 1)
(0.40111047 -0.57702822 1)
(12.235317 2.669128 1)
(11.898162 2.8897828 1)
(-9.1571847 -4.1385428 1)
(-2.4086266 2.1451443 1)
(14.232222 -11.651444 1)
(9.1436387 -6.4661287 1)
(18.780295 -4.5907407 1)
(18.767619 -5.0589747 1)
(-2.7743516 0.2018491 1)
(3.1639482 -11.33175 1)
(3.1810433 -10.908974 1)
(10.534054 -11.680656 1)
(18.903176 6.7601579 1)
(18.869651 6.1836046 1)
(0.61278072 -12.740394 1)
(7.4639002 4.0015688 1)
(7.745163 4.1490811 1)
(17.642384 4.0366855 1)
(5.2570741 3.5332277 1)
(5.4914415 3.3722072 1)
(0.80058005 6.7547543 1)
(-3.8889913 -7.1715838 1)
(-0.16837104 -1.5806028 1)
(3.9653193 -0.79989634 1)
(16.562749 10.291358 1)
(1.3015898 -12.514635 1)
(0.69686277 4.6970053 1)
(4.6786076 2.0512232 1)
(-6.4535638 -9.4192508 1)
(-5.0565155 -0.28494075 1)
(-6.8273405 8.9916446 1)
(0.54063013 9.4873558 1)
(4.4970021 -0.31155016 1)
(-8.775884 -2.4716516 1)
(-8.8158018 -2.9010865 1)
(14.904691 -2.9490396 1)
(-2.6037782 8.0460371 1)
(2.8384008 -10.685845 1)
(7.4325296 1.7927658 1)
(7.0931431 1.6778749 1)
(7.7147634 1.9545407 1)
(-3.5950043 3.6778344 1)
(0.0047045005 0.90742128 1)
(-1.8120829 3.9946572 1)
(15.219213 -4.0774839 1)
(15.196569 -4.4951017 1)
(14.804917 -4.6831919 1)
(15.167656 -4.9395808 1)
(15.562625 -4.7761313 1)
(15.540111 -5.190884 1)
(4.6446359 0.47014793 1)
(7.4868886 -5.8235802 1)
(13.737624 -3.5212326 1)
(11.383914 -0.95527893 1)
(17.877919 11.437632 1)
(18.288586 11.122799 1)
(-0.53337052 0.67721497 1)
(-0.4462346 0.68762068 1)
(0.31009846 0.60603751 1)
(17.381182 -0.82593673 1)
(4.9224791 6.2497281 1)
(5.162588 -0.27434354 1)
(8.7497003 -9.8175351 1)
(8.718028 -10.249763 1)
(15.149716 -5.3854191 1)
(15.506322 -5.6396146 1)
(-1.6780787 8.5625825 1)
(-1.3831658 8.7437374 1)
(10.311887 -2.8502075 1)
(0.52195162 1.2110456 1)
(0.63375718 1.2197715 1)
(9.7641569 1.406411 1)
(16.839745 -9.1970172 1)
(16.80173 -9.6793527 1)
(0.82085878 -1.2744364 1)
(0.76205783 -1.3993284 1)
(0.60401112 -1.3977344 1)
(3.4888761 7.1299313 1)
(-8.8315581 7.1165624 1)
(-8.7639867 6.6129809 1)
(-8.3504485 6.4096765 1)
(-8.7262262 6.1568459 1)
(-8.316528 5.9572815 1)
(-8.7163649 5.7065623 1)
(-9.1470126 6.3808975 1)
(9.7667962 -0.31443062 1)
(-7.1705692 8.779755 1)
(-2.1830475 -0.01249202 1)
(2.2740223 1.8622106 1)
(1.6096349 4.1719029 1)
(4.2528324 10.322685 1)
(-0.65420169 9.2138284 1)
(-0.3109442 0.60758357 1)
(8.1466654 -5.8469806 1)
(8.4930525 -5.6700864 1)
(8.8337592 -5.8747501 1)
(0.6544364 -11.812868 1)
(0.31867616 -11.545067 1)
(-4.1295438 -12.656049 1)
(1.8456437 -1.750179 1)
(1.8078249 -1.932705 1)
(1.6270164 -1.9903463 1)
(1.7673179 -2.1228366 1)
(1.5823309 -2.1826503 1)
(1.1083362 8.105662 1)
(16.481914 4.8126484 1)
(-2.5072223 3.8742759 1)
(-2.7310421 4.0001665 1)
(-2.7381965 3.7439732 1)
(-3.014764 3.8417392 1)
(-2.9722554 3.5596882 1)
(15.792953 -12.283003 1)
(3.7997975 1.99114 1)
(-1.0634904 -8.2281405 1)
(-5.4674996 12.645239 1)
(-2.2994951 -1.6040136 1)
(-2.2436416 -1.3965107 1)
(-1.3781508 -12.716386 1)
(1.0560616 1.2224945 1)
(0.92050805 1.1790444 1)
(0.58217605 -0.33984171 1)
(0.65871735 -0.32232579 1)
(0.70894214 -0.3826365 1)
(0.74016209 -0.30525701 1)
(0.67677451 -0.23369271 1)
(0.76677504 -0.22435991 1)
(0.71395117 -0.15662546 1)
(0.79482909 -0.14294737 1)
(0.73933579 -0.078547853 1)
(0.82103579 -0.062164786 1)
(0.76568455 0.0037570657 1)
(0.85086 0.019239574 1)
(0.79222555 0.085447768 1)
(0.66905785 -0.089542829 1)
(0.71097857 0.066938952 1)
(0.73349322 0.1467151 1)
(0.66039419 0.1251966 1)
(0.67784091 0.20608123 1)
(0.75699564 0.22580014 1)
(0.70084806 0.2829746 1)
(0.83553038 -0.29456405 1)
(1.6420816 1.80451 1)
(-3.6259054 -7.759167 1)
(18.931441 -2.3024488 1)
(18.988984 -1.8402414 1)
(6.2039409 12.609254 1)
(8.48284 8.5385601 1)
(-8.6281191 3.4261086 1)
(17.280646 4.7639683 1)
(4.9532564 -4.7775596 1)
(4.7007595 -4.5904833 1)
(2.1034404 -8.7765228 1)
(16.944248 -1.4949491 1)
(5.6549952 -9.7055698 1)
(0.32822181 5.0258205 1)
(19.194113 -4.8976068 1)
(18.978559 7.7501431 1)
(-2.6306825 -0.80851151 1)
(-2.7104792 -0.99479492 1)
(-0.45078295 12.082818 1)
(0.19039143 -8.7104139 1)
(0.15589711 -9.0933005 1)
(4.3398218 13.326197 1)
(-3.5976564 10.149906 1)
(-3.6070943 10.572839 1)
(-3.9608298 10.781719 1)
(-3.615981 10.994166 1)
(19.177903 -12.470374 1)
(1.2021183 13.361679 1)
(1.2273155 13.829915 1)
(-5.0327929 9.6782471 1)
(-5.4218337 9.8731373 1)
(-5.4321269 10.313156 1)
(-5.813977 10.068039 1)
(19.047707 0.32639961 1)
(-8.4552618 -3.1417866 1)
(2.5254973 3.6526384 1)
(-5.1150779 4.7809436 1)
(-5.4089731 4.5919187 1)
(-5.7308407 4.7213367 1)
(9.5063734 1.9433104 1)
(-3.1327152 13.170465 1)
(-3.1819546 13.705784 1)
(-2.7546235 13.822913 1)
(-6.9108888 -10.088992 1)
(-6.9855522 -10.527792 1)
(16.400598 6.4538469 1)
(16.815013 6.6653421 1)
(-0.35788951 -4.6980876 1)
(-0.15947887 -4.9022375 1)
(6.5548566 -13.851139 1)
(6.9761612 -14.120538 1)
(19.113282 -6.6635396 1)
(9.1588348 8.5308388 1)
(9.5191436 8.7273263 1)
(1.8826782 10.637245 1)
(-0.65303157 1.1415362 1)
(11.010885 -3.2598151 1)
(5.231683 -5.2700505 1)
(5.2129589 -5.6036192 1)
(-0.91674596 3.0968667 1)
(0.49335382 0.47800129 1)
(0.57118699 0.48010633 1)
(0.53653183 0.41436403 1)
(0.6143831 0.41310419 1)
(0.57834893 0.34569408 1)
(0.65575625 0.47818317 1)
(1.8988509 1.5795329 1)
(-0.58742565 -1.5615683 1)
(-8.8318622 7.9212187 1)
(0.50746464 -13.533783 1)
(-5.1742592 -3.2546456 1)
(-5.1549991 -2.9112378 1)
(-4.8419014 -2.7598996 1)
(-5.1242333 -2.5579172 1)
(-4.8129945 -2.4108093 1)
(-5.0997376 -2.2077818 1)
(-5.4040991 -2.3759994 1)
(-5.3814608 -2.0060217 1)
(-5.0725148 -1.8636917 1)
(-0.24396938 5.1458239 1)
(-5.1728287 -4.2671776 1)
(-5.1877255 -4.6634121 1)
(18.288181 -6.1592769 1)
(18.719938 -5.9416426 1)
(-7.6314072 -2.3215951 1)
(16.649819 0.93143504 1)
(16.267429 1.1802797 1)
(-7.5854661 -1.4570517 1)
(1.0607335 6.5961212 1)
(1.046522 6.3186445 1)
(1.3054531 6.4411219 1)
(1.2950863 6.1585901 1)
(1.5502486 6.2812902 1)
(1.5385126 5.9976331 1)
(1.7939052 6.1229224 1)
(1.780624 5.8413195 1)
(2.0328335 5.9622918 1)
(2.0205266 5.683903 1)
(2.2721673 5.8055308 1)
(2.2577468 5.5251334 1)
(2.5089039 5.6480162 1)
(2.49549 5.3691945 1)
(2.7460805 5.4938546 1)
(2.7314336 5.2144071 1)
(2.9805264 5.3380749 1)
(2.9648199 5.0600011 1)
(3.2151074 5.1847151 1)
(3.197883 4.9068222 1)
(3.4503567 5.0318789 1)
(3.4312109 4.7534609 1)
(3.6832595 4.8772237 1)
(3.6632741 4.6012067 1)
(3.9127343 4.7223887 1)
(3.8949386 4.447449 1)
(4.1451481 4.568895 1)
(4.1286576 4.2912982 1)
(4.3785075 4.415064 1)
(4.3641665 4.1388434 1)
(2.7195615 4.9302912 1)
(4.6130025 4.2605731 1)
(3.4676173 5.31552 1)
(4.5961257 3.9793851 1)
(3.4000907 4.4833638 1)
(17.808899 0.15908288 1)
(9.2189065 11.581066 1)
(3.9320189 2.6740686 1)
(-9.2244461 -8.9299017 1)
(11.942902 0.93965586 1)
(5.3105547 1.3179856 1)
(5.2715465 1.0799447 1)
(6.7984924 -0.49083592 1)
(2.617707 1.1310056 1)
(-0.021963203 -0.68137386 1)
(-0.064066367 -0.74547949 1)
(-0.10195957 -0.67738001 1)
(-0.14271311 -0.74549262 1)
(-0.18243239 -0.67644391 1)
(-0.22289671 -0.74695726 1)
(-0.26422745 -0.66981015 1)
(-0.30587305 -0.74084108 1)
(-0.34191002 -0.66366309 1)
(-0.21531482 -0.59886358 1)
(-0.030451739 -0.81627826 1)
(1.7647255 3.2464868 1)
(10.721956 -0.91553412 1)
(-5.6905611 4.4054967 1)
(-6.0314294 4.5228251 1)
(-1.9007324 0.61274538 1)
(-1.7732807 0.4991092 1)
(3.225669 -3.2377249 1)
(3.0038628 -3.2655952 1)
(-3.8790331 7.928429 1)
(1.4183358 -0.033192007 1)
(1.4977984 -0.13837878 1)
(1.4383992 -0.26173908 1)
(1.576003 -0.25526176 1)
(1.5170563 -0.38182724 1)
(1.6610545 -0.37200638 1)
(1.5899071 -0.50172974 1)
(1.4504504 -0.51225097 1)
(1.5242477 -0.63462394 1)
(1.3840788 -0.64668576 1)
(1.4623372 -0.76973047 1)
(1.6241007 -0.74574898 1)
(1.3161797 -0.77169717 1)
(15.585857 -9.3122019 1)
(15.99301 -9.5813562 1)
(4.2353166 -10.74604 1)
(3.8749242 -10.930841 1)
(3.8776983 -10.538601 1)
(-1.10706 -13.888237 1)
(-1.5176987 -14.142269 1)
(13.307291 2.4107707 1)
(-3.8650414 0.23986094 1)
(-2.5671466 10.795432 1)
(-2.9533376 10.972702 1)
(0.31228128 -1.5038298 1)
(-0.68323024 0.084418124 1)
(-0.65262316 0.17350291 1)
(-1.0400676 2.5165627 1)
(-4.621128 -6.1284107 1)
(3.0767177 -1.9123647 1)
(2.8601758 -1.9801459 1)
(1.3714869 -1.0968333 1)
(1.3391449 -1.2724939 1)
(-0.65509209 2.6544375 1)
(-6.5261676 9.6083269 1)
(17.014856 0.24874768 1)
(1.5229998 5.7120012 1)
(-1.1975488 1.0613951 1)
(3.1900844 0.88632231 1)
(-6.0299435 -9.2093211 1)
(5.2333075 3.2428104 1)
(2.2752787 -2.1866852 1)
(1.7259838 -12.346351 1)
(-0.30622068 0.88916898 1)
(1.2257265 2.1638154 1)
(6.955901 -2.1104848 1)
(0.099723734 -0.61493058 1)
(-1.071441 8.1865595 1)
(-1.1292173 7.8415935 1)
(3.0981843 -11.781907 1)
(-7.6659845 -2.7509316 1)
(-4.0713409 0.41123734 1)
(0.89519641 0.10863894 1)
(-3.0073555 2.3303652 1)
(-1.9212951 1.215049 1)
(2.7410403 -0.10272878 1)
(18.612699 -0.62951525 1)
(-6.9819933 -5.1553394 1)
(8.2216722 -14.010379 1)
(8.58493 -14.239119 1)
(10.929452 -4.0450185 1)
(10.573202 -4.2164791 1)
(11.28459 -3.8663221 1)
(-1.8606505 -13.36245 1)
(1.0730908 -1.2749204 1)
(0.89811843 -1.4039103 1)
(2.014657 5.3912634 1)
(-0.76303704 -8.7917961 1)
(-0.47237577 -9.0432862 1)
(1.4992128 -9.1161933 1)
(17.200085 -9.9520427 1)
(13.674082 7.3106712 1)
(13.302103 7.5567983 1)
(15.152833 -5.8347167 1)
(15.494633 -6.0900424 1)
(-0.26434488 -0.82519661 1)
(-0.57189192 0.37091897 1)
(-5.7757662 9.6465735 1)
(-0.30328034 -14.013689 1)
(0.076242034 -14.235116 1)
(13.318171 7.9620743 1)
(2.5695864 -12.392686 1)
(8.5398362 9.7676821 1)
(1.282341 0.53112616 1)
(2.3048108 6.1097579 1)
(2.7468008 11.516325 1)
(16.746763 -10.127558 1)
(-3.3322555 3.7782708 1)
(0.70440737 -11.362443 1)
(-5.3525428 -1.6528787 1)
(-0.16876645 1.451265 1)
(6.601734 -3.844644 1)
(-0.72817965 -0.2061363 1)
(-0.6654235 -0.26701524 1)
(-0.68520137 -0.35047328 1)
(-0.60703208 -0.32249061 1)
(-0.61824015 -0.40420147 1)
(-0.69613524 -0.43240193 1)
(-0.63040436 -0.48578633 1)
(-0.5526195 -0.45711575 1)
(-0.56427289 -0.53873612 1)
(-0.4895873 -0.50882378 1)
(-0.49935205 -0.59039329 1)
(-0.47664349 -0.42376985 1)
(-0.42979477 -0.55644227 1)
(-0.59120131 -0.24433336 1)
(14.367168 1.6581925 1)
(14.878256 -13.219811 1)
(14.852451 -13.716275 1)
(19.248447 3.475974 1)
(-4.9355321 -5.6835731 1)
(-1.6037642 4.89877 1)
(1.3155548 -11.829075 1)
(-2.7019663 2.084222 1)
(0.784454 0.30427241 1)
(0.69815989 0.41323494 1)
(2.7918851 1.1893516 1)
(-8.934732 -7.0726437 1)
(1.8386758 8.3377208 1)
(3.4730233 -7.4186016 1)
(-2.0370687 4.654484 1)
(-8.8599616 -3.3496261 1)
(9.8099448 6.8921441 1)
(0.35645841 -0.49678468 1)
(2.231138 3.1018902 1)
(1.7253409 -2.3100207 1)
(1.5326817 -2.3674921 1)
(1.3902997 -2.23939 1)
(1.3409773 -2.4275545 1)
(1.1979928 -2.2994433 1)
(1.1491588 -2.4848948 1)
(1.0065018 -2.3573131 1)
(0.9599194 -2.5492643 1)
(0.81352031 -2.4158029 1)
(0.76809609 -2.6074034 1)
(0.62227409 -2.4743035 1)
(0.57319151 -2.6621342 1)
(0.42897355 -2.5309871 1)
(0.37827505 -2.7226002 1)
(0.23753516 -2.5897743 1)
(0.18072027 -2.782062 1)
(0.036750043 -2.6383394 1)
(0.91254082 -2.7407921 1)
(-0.37459746 -0.80522856 1)
(-5.8499768 13.372372 1)
(-4.3426223 -0.25128264 1)
(-4.582428 -0.099229999 1)
(1.9018916 -2.2505175 1)
(0.31363264 -0.55931045 1)
(18.908372 -9.6185781 1)
(-1.1974218 1.4553285 1)
(-1.0549874 1.4875452 1)
(-8.2907321 3.2378714 1)
(-2.9406622 2.8170693 1)
(0.52406854 11.458149 1)
(1.1911084 1.2142429 1)
(3.4331565 -2.2081884 1)
(-2.0757576 0.18972142 1)
(-1.9130357 0.27084857 1)
(-1.1289938 1.6076944 1)
(10.245381 -13.86218 1)
(10.684968 -13.665882 1)
(10.715917 -13.194896 1)
(11.11162 -13.469729 1)
(11.077102 -13.910292 1)
(11.540331 -13.782017 1)
(9.8146138 -14.059403 1)
(4.9701427 -4.4453533 1)
(4.7204988 -4.2698657 1)
(4.439487 -4.415442 1)
(4.9904752 -4.1267655 1)
(4.7392347 -3.954297 1)
(-5.8831507 13.850482 1)
(1.081412 2.2739554 1)
(9.3689209 13.429722 1)
(9.4323018 13.889573 1)
(1.7207522 -0.24764555 1)
(1.8124448 -0.36255712 1)
(1.8780979 -0.23128231 1)
(4.6314109 4.5437246 1)
(0.14831389 5.173413 1)
(-8.9634343 9.3857036 1)
(-7.9669964 6.2099795 1)
(-7.9042487 5.6813688 1)
(7.1190007 -7.8244527 1)
(6.7856585 -7.6147535 1)
(18.450389 6.0706354 1)
(8.1709771 -5.10414 1)
(-9.2367275 -6.2841654 1)
(6.8263521 1.1560441 1)
(9.0716868 -10.504713 1)
(7.5103768 -2.4807627 1)
(7.790206 -2.6835299 1)
(19.10525 0.74339004 1)
(-0.9900728 0.16639394 1)
(-1.0738117 0.24358506 1)
(6.9289747 -1.4841093 1)
(-7.9972937 0.98392041 1)
(1.9989673 -13.929009 1)
(2.3920558 -14.209974 1)
(2.7922615 -14.011358 1)
(-0.4355723 1.7936707 1)
(-0.58806921 1.7685291 1)
(-7.1932477 -14.004381 1)
(-7.6191289 -14.205091 1)
(18.028449 -10.174519 1)
(-7.7069401 -5.6382961 1)
(19.095465 -8.5995797 1)
(6.8604585 0.49415707 1)
(-3.6725031 7.2174425 1)
(14.105981 8.3783538 1)
(-0.96512634 9.0567522 1)
(19.057697 -7.6405629 1)
(19.082415 -0.91821451 1)
(-4.2138109 5.0046584 1)
(7.3045047 -1.1809916 1)
(-2.3923067 -0.057448206 1)
(1.9035722 11.062602 1)
(5.3087245 0.18542968 1)
(5.3380609 0.48474607 1)
(5.1260426 0.65872613 1)
(6.6528539 -1.9397551 1)
(-0.62387924 0.66788113 1)
(-3.9889545 11.216913 1)
(-0.18645072 4.6441053 1)
(-8.9738715 -10.077923 1)
(-0.3307187 -0.91104047 1)
(-9.053411 10.372185 1)
(-5.3161933 -0.13875927 1)
(-3.8409264 -6.7907349 1)
(-3.2069919 7.7357194 1)
(-1.6289652 0.55596451 1)
(2.3257193 7.8076281 1)
(15.320086 -7.6629742 1)
(15.737093 -7.4589144 1)
(15.347408 -7.1834796 1)
(-5.9797626 1.1548016 1)
(-6.0106658 1.5451956 1)
(-5.7124777 1.3744354 1)
(-5.7191441 1.7111074 1)
(-5.4298988 1.5470245 1)
(-5.4319851 1.8726011 1)
(-5.1542459 1.7144493 1)
(-5.155202 2.0306365 1)
(-4.886012 1.8757485 1)
(-4.887642 2.1853802 1)
(-5.1543225 2.3420736 1)
(-4.8873217 2.4945067 1)
(-4.6248162 2.3396849 1)
(-4.6243129 2.6418989 1)
(-5.7263345 2.0646863 1)
(-5.1509355 2.6465832 1)
(-5.4289285 1.2306863 1)
(-5.4251773 2.4975718 1)
(4.7542303 -13.964518 1)
(4.3670663 -13.674667 1)
(4.3283399 -14.166358 1)
(3.9357148 -13.878003 1)
(3.9451994 -14.392985 1)
(2.6225838 -1.2599098 1)
(-5.6508229 -0.54349551 1)
(-4.8830721 1.5629541 1)
(-4.6317276 1.7317846 1)
(1.8661683 2.2146698 1)
(-1.4452609 1.1678108 1)
(-1.5264252 1.3247217 1)
(-0.77616243 1.5860327 1)
(6.8576662 3.3949264 1)
(7.1444335 3.5370701 1)
(-4.3854162 2.5087379 1)
(-4.3822705 2.7907327 1)
(-4.6178806 2.9356199 1)
(-4.3577962 3.0638976 1)
(-4.3367559 2.2060861 1)
(19.295484 6.5014754 1)
(-2.5477896 -1.1840318 1)
(4.9434554 -10.810552 1)
(5.3256946 -11.054527 1)
(0.92151352 -0.05890625 1)
(-2.5885057 6.38005 1)
(-2.3151433 6.1888325 1)
(-2.0369063 6.3696454 1)
(-2.8611543 6.5664378 1)
(-2.1963373 2.0276335 1)
(2.4937348 -1.0792761 1)
(0.3577834 0.77777373 1)
(11.02357 -10.563476 1)
(11.42482 -10.329656 1)
(-3.1822357 1.687785 1)
(5.5023241 2.0001598 1)
(-5.9602466 4.1454457 1)
(-6.3215433 4.3094753 1)
(3.8798511 4.1681997 1)
(-0.35666297 -0.44264452 1)
(-0.52397637 0.23444227 1)
(0.56975207 -0.018502735 1)
(0.032018566 0.56495973 1)
(0.11184419 0.56716916 1)
(0.55610209 -0.14863773 1)
(0.3696204 0.43093723 1)
(-0.12701905 -0.55766815 1)
(15.187542 -9.0259663 1)
(-8.4652945 -5.5581638 1)
(-8.8336007 -5.2879012 1)
(-6.276688 14.060862 1)
(-8.9706773 -0.40642362 1)
(-8.8567903 0.059609599 1)
(-9.1212206 -0.87654992 1)
(-2.356267 -1.8350809 1)
(-7.0185419 0.70483396 1)
(0.47403559 0.28800768 1)
(-0.14448431 0.87786962 1)
(10.519131 7.2499463 1)
(-7.4240674 -10.75519 1)
(-4.2948618 -14.073785 1)
(-4.7047183 -13.812599 1)
(-3.9373639 -14.36296 1)
(-3.9394979 5.2328537 1)
(-0.57438863 -0.048248158 1)
(-0.63304351 0.015226335 1)
(-0.55384548 0.14386135 1)
(15.304244 9.0708884 1)
(15.699557 8.8100157 1)
(15.72207 9.2914284 1)
(16.115395 9.0267349 1)
(0.54172463 0.13064738 1)
(-0.95074708 0.60673773 1)
(11.824959 -10.091569 1)
(11.842735 -9.6020235 1)
(12.227535 -9.8702537 1)
(12.24819 -9.402515 1)
(5.9629689 -12.86814 1)
(0.4744352 -0.28872411 1)
(-5.6779857 -0.84781426 1)
(-3.9203485 -10.792305 1)
(10.190891 -11.424924 1)
(2.6495015 -0.49823316 1)
(19.367311 -2.0948436 1)
(2.1684101 1.3190837 1)
(-6.007136 -8.7268584 1)
(-7.6151696 3.6446416 1)
(6.2866359 -3.6466601 1)
(2.5682183 2.8200327 1)
(11.599633 10.082092 1)
(-0.018133307 -2.8244212 1)
(0.84171265 -1.5255057 1)
(0.50566154 7.1752103 1)
(-2.7103096 3.5125211 1)
(-2.921867 3.3026154 1)
(-0.81179081 -9.2476903 1)
(-1.9542999 -0.99145484 1)
(-1.9189751 2.7630819 1)
(-0.36604808 0.42930224 1)
(-0.36454208 0.50400265 1)
(-1.43076 2.3286602 1)
(-9.4151817 9.0880251 1)
(-0.42500986 0.37144208 1)
(-4.5502593 0.21217786 1)
(-5.1676388 -3.9145211 1)
(19.153118 1.6824154 1)
(19.180624 2.1353042 1)
(-0.49956681 0.76431066 1)
(1.3879659 -0.91922945 1)
(-0.045036763 11.892922 1)
(9.4567716 6.6655159 1)
(-0.99811777 1.6267983 1)
(-5.4976498 -3.0567638 1)
(3.350258 0.7470595 1)
(3.3299995 0.54498829 1)
(3.5160465 0.64326201 1)
(0.39353086 -0.66564912 1)
(-0.42048947 -4.9786835 1)
(7.4021896 2.0926921 1)
(10.914075 3.1846276 1)
(10.548684 3.4130119 1)
(19.005221 5.6614241 1)
(-0.58028756 -0.6220983 1)
(10.197622 -10.813239 1)
(0.29805436 0.69625707 1)
(-3.2033896 2.4811663 1)
(5.4291594 0.80674715 1)
(16.135529 9.5146467 1)
(6.573904 3.2526105 1)
(12.711717 -6.1714838 1)
(13.08426 -6.3938486 1)
(12.34179 -5.9349909 1)
(13.048063 -6.7897553 1)
(1.1644364 -9.3153125 1)
(11.217259 10.320267 1)
(-0.21333771 0.51515521 1)
(-5.5459784 -4.8382652 1)
(4.1683014 4.8489225 1)
(12.635082 -9.6640214 1)
(12.652553 -9.2018602 1)
(13.038831 -9.4571612 1)
(-0.65484445 0.34812536 1)
(-0.59127105 0.29113709 1)
(-0.66255623 0.26235723 1)
(4.9588372 9.8689128 1)
(-1.7406191 1.3022788 1)
(-7.075846 14.134932 1)
(-7.528108 14.240652 1)
(-7.9613719 14.109643 1)
(-2.2789033 3.7264009 1)
(-1.1442619 5.1571154 1)
(6.213168 -13.602062 1)
(-0.018042828 0.63311984 1)
(15.443208 13.951381 1)
(14.995908 13.738438 1)
(-2.4991216 4.3923641 1)
(19.442626 -8.9582905 1)
(18.470268 -9.9044828 1)
(18.840218 -10.194427 1)
(-0.84002828 4.2703062 1)
(4.6043038 1.7940029 1)
(-4.6696259 10.787224 1)
(11.092627 1.0914802 1)
(0.18506017 0.68542782 1)
(0.4908498 -9.2780363 1)
(0.21928374 -9.4711016 1)
(5.4846892 -5.4614522 1)
(5.4961465 -5.7939451 1)
(1.6723992 -0.99551079 1)
(-4.5893303 -9.3419694 1)
(2.9395062 0.17476908 1)
(3.1336643 0.24656495 1)
(3.2993394 0.10803655 1)
(2.7684982 0.29587881 1)
(4.2240106 -2.807189 1)
(4.4700003 -2.7228844 1)
(4.5298712 -2.4630221 1)
(6.270395 13.99238 1)
(6.6494853 13.743098 1)
(6.6864011 14.218329 1)
(7.0854791 13.963764 1)
(1.3028423 -0.52333103 1)
(-1.3020967 -8.5745817 1)
(-1.6262025 -8.3572735 1)
(-0.19980859 4.3780431 1)
(-0.012775745 4.1865166 1)
(-2.807541 -1.1955652 1)
(-2.3378671 -8.6867899 1)
(0.86595347 -13.177942 1)
(9.8100759 -10.966538 1)
(10.9156 7.8502383 1)
(10.927654 8.2773132 1)
(-0.97044506 9.407561 1)
(-1.2578967 9.2709518 1)
(-0.011399907 1.0269313 1)
(14.856349 -7.8234259 1)
(3.5164226 -14.153848 1)
(-6.3079065 3.952233 1)
(-6.638327 4.1127034 1)
(0.59735491 -0.20653534 1)
(15.267536 -14.000896 1)
(14.822151 -14.204845 1)
(14.432952 -13.914429 1)
(15.697721 -14.266057 1)
(15.968976 6.244867 1)
(15.608494 6.5155102 1)
(-3.1867643 6.996832 1)
(8.6938344 -7.4501989 1)
(2.7334518 5.7911541 1)
(1.2633521 -2.1030046 1)
(-5.7895029 5.4445739 1)
(-5.8242465 5.8148221 1)
(14.902441 9.3480039 1)
(11.546853 0.81193505 1)
(-0.87206709 1.2321748 1)
(11.286234 7.6232449 1)
(15.904943 -5.4873211 1)
(0.84241654 -2.232631 1)
(13.423334 -6.6312412 1)
(13.446029 -6.2781402 1)
(-1.6603482 1.4433718 1)
(5.167172 -1.801214 1)
(5.0973481 -2.0795218 1)
(5.2263076 -1.5375714 1)
(4.8439216 -2.1534532 1)
(5.049561 -2.36533 1)
(5.290976 -2.2601482 1)
(0.45529172 -1.4553477 1)
(0.42698388 -1.6156687 1)
(6.6065175 0.96270068 1)
(6.7968297 1.4834207 1)
(-3.1370057 -2.2263167 1)
(-2.9108129 -2.3467961 1)
(2.1900571 3.9523703 1)
(0.66075708 -0.54200997 1)
(0.73165834 -0.61435133 1)
(7.0725631 14.438527 1)
(1.2583791 -1.0009898 1)
(1.8500263 -0.025025358 1)
(5.7606601 9.0271118 1)
(5.0305148 4.2661117 1)
(0.12194384 1.0464232 1)
(7.8931879 -0.91916934 1)
(-8.2061042 -10.65703 1)
(-8.6746111 -10.889957 1)
(-9.0114227 -11.228955 1)
(-8.9048582 -11.706399 1)
(14.070714 10.883501 1)
(-4.5256818 -2.6199848 1)
(-0.79539817 -0.54668235 1)
(-9.165239 2.9450741 1)
(-6.3210782 4.6834952 1)
(0.69227462 -0.015419754 1)
(-0.19145819 -1.7370613 1)
(-0.36366422 -1.7820238 1)
(-7.2188833 9.2200339 1)
(5.6138818 0.53133995 1)
(5.0538306 1.9765862 1)
(1.1144349 0.76143222 1)
(7.7214419 3.8053526 1)
(7.9923377 3.9628642 1)
(13.065016 -9.0093017 1)
(12.681247 -8.7528821 1)
(13.082052 -8.5480022 1)
(12.708046 -8.2999059 1)
(13.097706 -8.053137 1)
(8.7692938 -9.3978855 1)
(8.4075862 -9.5637137 1)
(-9.2020242 -2.6379753 1)
(2.6737614 -8.8484499 1)
(19.081988 -0.47500834 1)
(-0.78500928 0.78081753 1)
(19.175505 -5.3482439 1)
(-1.0844267 0.58645661 1)
(0.8748727 -0.39610428 1)
(-0.33668152 0.77776563 1)
(5.0560049 -3.7951906 1)
(5.2853896 -3.9830336 1)
(-3.4837856 7.5347528 1)
(-4.4309225 -7.1302952 1)
(-1.2447217 -0.40646381 1)
(-1.1940958 -0.27937615 1)
(-1.2775726 -0.14848758 1)
(-1.2563252 0.014778058 1)
(-1.1288256 0.048776518 1)
(-1.1415291 -0.073945016 1)
(1.447726 4.3145904 1)
(11.188838 -12.989111 1)
(13.673625 2.5604405 1)
(-2.7359321 5.6924722 1)
(-3.0427506 5.4700926 1)
(-0.13231785 0.54976136 1)
(0.62748274 0.27470203 1)
(0.049875331 1.6092563 1)
(-1.208251 -0.80582318 1)
(-1.2428228 -0.97648415 1)
(-1.097707 -1.0659601 1)
(-1.1366688 -1.2629186 1)
(-0.98154352 -1.1937902 1)
(-1.0015945 -1.3530274 1)
(-0.82864677 -1.2962292 1)
(-0.9267425 -1.0408734 1)
(0.57835401 0.63008608 1)
(5.7617498 10.66109 1)
(-7.2504904 3.8417143 1)
(-7.1587963 4.2353583 1)
(-0.37743376 3.1301224 1)
(-0.21610564 2.9934681 1)
(-0.44635184 3.3293644 1)
(-0.28593799 2.7973816 1)
(-0.060935154 3.1383245 1)
(0.76546964 0.53679464 1)
(2.8943397 2.535274 1)
(6.4619507 2.9753405 1)
(6.1761419 2.9883889 1)
(5.9810153 2.8027573 1)
(5.8998876 3.0670642 1)
(6.0871612 3.273654 1)
(-0.62907307 -0.11527019 1)
(-0.42345324 -0.64977238 1)
(0.30392126 -2.9199859 1)
(1.0416272 -0.058135264 1)
(3.7466955 2.8230769 1)
(-2.7978917 -0.03614515 1)
(-2.5863601 0.069183966 1)
(-3.0609905 -1.1712673 1)
(2.070212 0.14295937 1)
(0.15073049 2.1775642 1)
(0.10631594 1.9953612 1)
(-3.1663372 -6.8630482 1)
(1.8809144 -2.4459407 1)
(-4.8159731 4.9858885 1)
(0.70443317 -0.72067327 1)
(-4.8339406 -4.4684159 1)
(0.41991946 1.955124 1)
(3.5887997 -2.6010876 1)
(-2.1008848 1.1003019 1)
(1.4817653 -2.5700217 1)
(-1.3587291 1.4393544 1)
(-2.6830633 -2.2078802 1)
(-2.5897467 -1.9660879 1)
(7.247001 10.602924 1)
(7.2289487 10.185516 1)
(0.39767187 1.8019947 1)
(-2.7512565 0.43559284 1)
(2.5548101 1.6262853 1)
(0.68295915 1.739986 1)
(-5.6741708 -1.8017924 1)
(1.3712532 0.41423342 1)
(0.93665354 1.5503661 1)
(0.91698972 1.4132911 1)
(-0.051283601 -3.2109197 1)
(3.5300871 0.1313555 1)
(-1.8393394 -4.1838619 1)
(-1.5700753 -4.057805 1)
(-1.3272058 -4.2201346 1)
(-1.3079161 -3.9384378 1)
(-1.0693559 -4.0961869 1)
(-1.0558056 -3.8190288 1)
(-1.0643424 -4.3971806 1)
(-0.83426175 -3.9647168 1)
(-1.5526028 -3.7766365 1)
(-0.81857544 -3.6961949 1)
(-1.0402456 -3.5319475 1)
(-0.75661145 -3.4351246 1)
(1.8934938 -0.74424208 1)
(1.7765127 -0.63241336 1)
(1.2942304 -1.4431531 1)
(-0.26202155 0.99299666 1)
(3.2912793 -1.0383821 1)
(7.0948174 3.162348 1)
(-5.8110064 10.534126 1)
(-1.8124483 -3.8925996 1)
(-2.0552448 -3.7154904 1)
(-2.3336043 -3.8324788 1)
(-2.3029939 -3.5361138 1)
(-2.5111966 -3.3002662 1)
(-2.2196406 -3.2437423 1)
(-2.8203521 -3.4469299 1)
(-2.7757049 -3.1475781 1)
(-3.0221424 -2.974507 1)
(-2.7548713 -2.8375985 1)
(-2.9837849 -2.6841137 1)
(-3.2473899 -2.7812904 1)
(15.040049 -6.8680488 1)
(15.437872 -6.7608434 1)
(-3.0566273 -0.63445614 1)
(0.88189587 0.34890333 1)
(-4.2336832 8.1147651 1)
(-2.4368441 -0.28944161 1)
(-7.5563334 6.004264 1)
(-0.19221511 2.0705659 1)
(1.978981 7.9907867 1)
(1.9774659 7.6500664 1)
(2.5136704 7.4954203 1)
(2.6476766 7.2300746 1)
(0.38893597 0.88208745 1)
(-5.2587372 -5.9462191 1)
(-4.8550781 3.359192 1)
(-3.7538501 3.9578973 1)
(4.7388084 2.3048108 1)
(4.5455041 2.4608042 1)
(11.45351 -9.3462557 1)
(5.1369801 -14.250349 1)
(5.5652329 -14.551854 1)
(8.2914896 -12.578548 1)
(7.281397 5.4996914 1)
(-1.1005203 -0.38423482 1)
(-4.2921616 3.6690738 1)
(-4.0590153 3.5035421 1)
(-3.2183288 4.2847933 1)
(5.5149782 -1.4459399 1)
(-5.4073838 3.0251304 1)
(3.8487637 -3.2373836 1)
(3.8146207 -2.9771235 1)
(-7.6443742 2.0460226 1)
(-4.5178017 4.8210998 1)
(-0.30524527 -0.5989959 1)
(2.6936353 -0.30142341 1)
(-0.84920872 2.5802121 1)
(13.443275 -9.7097809 1)
(12.930132 7.7723347 1)
(12.944869 8.2093081 1)
(12.899126 7.3349703 1)
(1.0097582 0.15214831 1)
(1.8151118 -1.0972791 1)
(2.7986684 -2.20664 1)
(2.6521221 -2.051957 1)
(3.3449121 -3.4861469 1)
(-1.2162494 2.392642 1)
(0.12444626 -1.8032565 1)
(0.15747269 -1.6627567 1)
(-0.0086533079 -1.683005 1)
(3.3595127 0.32686719 1)
(1.7733903 1.6963593 1)
(1.3533527 4.69967 1)
(-0.46976614 2.7345404 1)
(1.8024882 4.4234528 1)
(2.8461895 -3.7596428 1)
(2.6205818 -3.614053 1)
(2.3826727 -3.7295846 1)
(2.4046612 -3.470559 1)
(2.1734386 -3.579597 1)
(2.6237452 -3.368098 1)
(2.1479252 -3.8319606 1)
(1.9436952 -3.6841149 1)
(1.9420357 -3.403809 1)
(1.7294068 -3.5554242 1)
(1.7144595 -3.7894348 1)
(1.5110974 -3.6619472 1)
(1.4943926 -3.8832041 1)
(1.2921477 -3.7584868 1)
(1.2752801 -4.0181112 1)
(1.0707408 -3.8594721 1)
(1.029531 -4.0949855 1)
(0.84205589 -3.951353 1)
(0.79590841 -4.2011367 1)
(0.6106371 -4.0493096 1)
(1.0063214 -4.3540641 1)
(0.59390173 -4.3090912 1)
(1.691496 -4.035731 1)
(-0.73137249 -1.4610145 1)
(2.5499717 -0.90085776 1)
(2.5908038 -0.69162817 1)
(0.46848394 -1.3156434 1)
(0.93381483 4.9853318 1)
(-1.0629304 -4.7003315 1)
(-0.81546048 -4.5793718 1)
(-0.78368436 -4.2671232 1)
(3.3801621 -8.5229993 1)
(8.8424898 -5.4809727 1)
(9.177634 -5.6827947 1)
(-1.6170805 -2.5899794 1)
(-1.5651807 -2.3567937 1)
(-1.7272674 -2.1988353 1)
(-1.5198632 -2.1342489 1)
(-1.3510675 -2.2831803 1)
(1.5804353 6.5488543 1)
(2.1346332 0.4874143 1)
(1.955019 0.44145114 1)
(6.436989 -7.7940635 1)
(-4.6209314 2.0362002 1)
(-4.3547066 1.9018989 1)
(-4.1210018 1.7212787 1)
(5.3667115 10.049987 1)
(5.0066952 9.4481575 1)
(5.6078142 -0.2569202 1)
(-4.6540749 -10.267143 1)
(-4.2771726 -10.070535 1)
(2.6493969 3.8705515 1)
(-0.5478788 -0.37577431 1)
(7.5648868 -1.4159422 1)
(-1.9645329 -2.260413 1)
(12.628675 -10.149797 1)
(11.914244 3.3057718 1)
(11.565012 3.130196 1)
(-6.0753213 -3.204895 1)
(-6.3266901 2.4597936 1)
(-6.0261984 2.2634553 1)
(-6.0174358 2.6303596 1)
(-2.0093475 -1.1888342 1)
(-3.3768824 -3.0507153 1)
(-2.7216194 -2.567501 1)
(-0.5430882 1.9299099 1)
(14.093148 11.355622 1)
(4.5480063 -0.051005868 1)
(4.2914916 -0.14351986 1)
(-2.0048866 2.1076212 1)
(0.22700476 7.3282784 1)
(-0.064927698 7.1745721 1)
(-0.042039056 6.8545644 1)
(-0.36357253 6.7132787 1)
(-2.3457453 0.82401347 1)
(-0.93032483 5.5604956 1)
(5.7185603 1.2283822 1)
(-2.4561938 -0.49371549 1)
(-1.8162136 2.183444 1)
(-1.6204012 2.2540821 1)
(-5.4406226 -3.6525147 1)
(17.858218 -6.3887693 1)
(16.536346 9.2374456 1)
(-1.0128642 3.3939115 1)
(0.29216908 0.4779778 1)
(2.4055093 2.9545285 1)
(-6.9400184 3.6111698 1)
(5.5784603 -0.85939887 1)
(1.6491548 2.646581 1)
(6.1371902 -14.062531 1)
(5.8055587 3.3300321 1)
(-7.6236973 -1.8869592 1)
(-7.2330094 -1.7087578 1)
(2.0068081 1.4328724 1)
(-6.3234875 1.7265958 1)
(-9.5824689 -0.7466355 1)
(-9.4825903 -1.7223737 1)
(-9.152539 -1.9930023 1)
(-2.4090896 -5.8494361 1)
(-2.3872019 -5.5031233 1)
(-2.6714954 -5.3053822 1)
(-2.3958646 -5.1426266 1)
(-2.0987705 -5.6985406 1)
(-1.8031237 -5.8814115 1)
(-1.7871381 -5.5382903 1)
(-2.99014 -5.4464436 1)
(-2.9575085 -5.1039644 1)
(-3.283034 -5.2415026 1)
(-3.2466815 -4.8940772 1)
(-3.5275142 -4.6811994 1)
(-3.8733075 -4.8213046 1)
(-3.8128133 -4.5016286 1)
(-1.3925284 -2.5101833 1)
(-1.1832553 -2.423983 1)
(-1.1595771 -2.1921504 1)
(-1.4324582 -2.7602353 1)
(-5.1610984 1.3860003 1)
(14.084016 10.401685 1)
(4.419177 -4.7329816 1)
(4.154939 -4.5587211 1)
(3.8777902 -4.6948657 1)
(4.1778717 -4.1923506 1)
(3.8467807 -5.0126697 1)
(3.5610428 -5.1524763 1)
(3.5325032 -5.4636011 1)
(3.2784764 -5.2814693 1)
(3.2489357 -5.5897801 1)
(2.9949144 -5.4082687 1)
(2.9658436 -5.7162166 1)
(2.7129516 -5.5343462 1)
(2.6704627 -5.859203 1)
(2.4259779 -5.6642211 1)
(3.0234559 -5.1027444 1)
(2.3982153 -5.9706579 1)
(2.1440191 -5.7891196 1)
(2.0922963 -6.1117171 1)
(1.853947 -5.9180703 1)
(1.8142301 -6.2310317 1)
(1.5688996 -6.0434235 1)
(2.1739496 -5.4823149 1)
(1.5333319 -6.3616858 1)
(1.2740271 -6.1730406 1)
(1.2407367 -6.4950342 1)
(0.98504594 -6.2957989 1)
(0.90947436 -6.6287424 1)
(2.9081726 -6.0706034 1)
(1.6045927 -5.7378021 1)
(1.0200599 -5.993032 1)
(0.72291217 -6.1224241 1)
(1.7963443 -6.549927 1)
(0.76033819 -5.8457109 1)
(1.2239684 -6.8209335 1)
(3.5893705 -4.8378603 1)
(3.5027554 -5.7891984 1)
(3.5841821 -4.5239325 1)
(3.310996 -4.6594933 1)
(3.8505472 -4.3389776 1)
(3.1674571 -6.2684098 1)
(2.8580388 -6.4230312 1)
(-4.4933038 -2.2891847 1)
(-4.7923122 -2.0829342 1)
(-4.4689347 -1.9420211 1)
(-0.30885441 1.4292135 1)
(1.5059499 1.9192449 1)
(1.3679673 2.0465563 1)
(-9.5952614 -5.2613938 1)
(-9.5713822 5.2436813 1)
(-9.1521876 4.9999167 1)
(-9.1368189 5.4671132 1)
(-6.2191167 5.8697453 1)
(-6.2719649 6.3093793 1)
(2.4190919 -3.2228849 1)
(2.196806 -3.3119538 1)
(3.3953982 -0.35148527 1)
(0.94087372 -0.27814307 1)
(10.429146 11.730141 1)
(10.428843 11.261621 1)
(6.7154561 6.1788007 1)
(7.4741503 -8.0437828 1)
(1.0767166 7.1506652 1)
(6.3933389 6.0182454 1)
(2.1606961 6.4416013 1)
(5.4677839 7.6765318 1)
(5.1801509 7.4800827 1)
(4.830674 7.686803 1)
(6.1098058 7.2782336 1)
(5.8031713 7.1012507 1)
(-2.0276217 6.6948201 1)
(-1.7434916 6.5390887 1)
(-1.7658414 6.207501 1)
(-1.7339137 6.8713373 1)
(3.0978332 3.6132346 1)
(2.8845826 3.5296029 1)
(3.3088765 3.4775348 1)
(3.2929419 3.2171214 1)
(16.547159 9.7869749 1)
(0.85053392 0.24831816 1)
(3.7778849 6.960045 1)
(2.232706 5.1988544 1)
(3.4809889 5.6124882 1)
(2.1724928 8.5209912 1)
(-2.9475283 -4.753922 1)
(0.1416789 -1.0570674 1)
(0.46502783 5.2450175 1)
(8.5236906 -5.2803114 1)
(2.7307537 2.6730542 1)
(0.79748474 1.4910007 1)
(0.7921722 1.3489754 1)
(1.4487951 -1.3874694 1)
(11.327563 8.4837708 1)
(2.9485455 4.7836855 1)
(3.1751858 4.6336075 1)
(3.1956354 7.3197946 1)
(5.2118519 6.0735344 1)
(5.19717 5.7318682 1)
(5.5261537 5.5327247 1)
(5.7993404 5.6942071 1)
(6.0944976 5.5167618 1)
(12.407893 10.505572 1)
(12.384193 10.051973 1)
(0.61766789 -7.4471394 1)
(0.64714657 -7.110383 1)
(0.37161608 -6.8914036 1)
(0.5680009 -6.6162416 1)
(2.8135173 -1.4041813 1)
(2.7685616 -1.6191754 1)
(-4.2689325 6.076496 1)
(-3.9447898 5.9206614 1)
(-3.9422401 5.5617581 1)
(-3.6563496 5.4054059 1)
(-3.3574775 5.6200207 1)
(-0.54833296 3.5286433 1)
(-8.0028665 6.6643663 1)
(-7.6116903 6.8961812 1)
(-7.6443125 7.3911575 1)
(-7.3186336 7.6420238 1)
(-7.295839 8.0980837 1)
(-7.7064462 8.2937649 1)
(-7.7363709 8.7550428 1)
(1.2861787 5.8672214 1)
(-7.3241157 -5.3911284 1)
(-6.0328546 -2.3883194 1)
(-5.7117081 -2.6301244 1)
(0.97266086 0.03778058 1)
(-1.6044654 4.1356285 1)
(-1.5712664 3.9173717 1)
(-1.3857618 4.2664333 1)
(-1.1880315 4.11743 1)
(-5.9232888 -5.021695 1)
(2.1150239 -12.564934 1)
(4.4527744 -0.57173819 1)
(4.2116615 -0.68481274 1)
(1.8937073 -5.6148701 1)
(1.915885 -5.2921689 1)
(2.2051348 -5.1805685 1)
(2.4513798 -5.3541426 1)
(2.738654 -5.2290589 1)
(2.7718592 -4.9138801 1)
(3.0412453 -4.785565 1)
(-2.9747232 4.1355002 1)
(-0.25324463 4.901901 1)
(-1.7545656 -14.587874 1)
(4.1840085 8.4586654 1)
(4.1569321 8.1120553 1)
(-1.277751 -14.598123 1)
(15.270677 -3.2014776 1)
(3.7653081 -5.9907739 1)
(4.8301679 8.0666014 1)
(3.53486 8.8520277 1)
(2.872248 9.2406016 1)
(2.8702358 8.8703262 1)
(2.5224533 9.0643948 1)
(-5.2247419 -5.075076 1)
(-2.872823 8.950569 1)
(-2.536973 8.7647368 1)
(-9.5699792 -7.7339692 1)
(-9.0751796 -7.5413969 1)
(-9.3290753 -6.6865091 1)
(-8.6675315 -7.4442474 1)
(5.0397672 3.6810214 1)
(-9.6070107 7.7600161 1)
(-9.1569522 7.5382395 1)
(-4.7997861 -0.4814248 1)
(-1.6370039 3.0882908 1)
(-1.4286177 3.2081554 1)
(-1.2575014 3.077812 1)
(1.3164731 -5.8703587 1)
(1.3645497 -5.5365565 1)
(-2.9329229 3.0507007 1)
(-3.2087915 2.7739648 1)
(5.2774619 4.4274077 1)
(3.1347386 11.782035 1)
(3.5286536 11.556799 1)
(3.8754937 11.775291 1)
(3.8882805 11.33674 1)
(3.0341035 1.4228742 1)
(15.8513 14.183876 1)
(-2.0908407 2.9225055 1)
(3.585817 -13.609676 1)
(-2.5331709 9.1655532 1)
(-2.2281063 8.5827071 1)
(0.20005009 4.3003663 1)
(0.1979956 4.0538555 1)
(0.37979795 3.9114008 1)
(0.5708013 4.005246 1)
(0.55046184 3.776624 1)
(-7.5324066 5.575484 1)
(4.1079654 -7.4840848 1)
(4.4484572 -7.3347961 1)
(4.116874 -7.1079366 1)
(4.8078212 -7.1764684 1)
(5.1434287 -7.3419281 1)
(4.3470748 6.6038718 1)
(4.0538942 6.476275 1)
(4.6368488 6.4295604 1)
(4.6407442 6.0705071 1)
(-3.0633797 -8.6142349 1)
(-2.7257788 -8.8611831 1)
(7.9517195 5.392477 1)
(7.6191258 5.2127703 1)
(7.9323554 5.0289583 1)
(8.260698 5.1948036 1)
(8.2557367 4.826177 1)
(7.984439 4.6564061 1)
(2.2537597 2.1072105 1)
(-0.082556043 -11.723842 1)
(-0.035614316 -11.285134 1)
(3.7565065 -1.7584301 1)
(-6.5950875 10.488167 1)
(-1.9200503 -0.79249165 1)
(-1.7287397 -0.74014169 1)
(6.8101366 -0.17547433 1)
(6.8462855 0.15475274 1)
(7.1020495 0.31391106 1)
(7.3739189 0.14498416 1)
(8.2162902 -8.0688653 1)
(8.2335678 -7.6421957 1)
(9.5105278 -5.4754931 1)
(9.4970084 -5.8892372 1)
(1.1929538 14.581314 1)
(1.2503395 -14.578881 1)
(1.0046318 -14.146201 1)
(1.5512752 -14.152041 1)
(1.6154622 0.92952736 1)
(1.6360038 0.79538859 1)
(1.5141216 1.051795 1)
(-4.9337977 8.0352947 1)
(-5.2893728 7.804216 1)
(-4.9269008 7.6128037 1)
(-4.3056337 -0.84417962 1)
(-4.2713865 -0.5424153 1)
(3.9243497 -4.0820575 1)
(8.5126329 -0.61534023 1)
(4.1118896 4.0127382 1)
(5.5377202 -6.4591275 1)
(-2.5968244 2.2924575 1)
(3.7296101 3.2118391 1)
(6.6518491 -1.582479 1)
(6.7081708 -1.2940769 1)
(6.326125 -1.9940538 1)
(1.8706842 -4.2239581 1)
(-4.0718664 -7.8030389 1)
(14.502798 11.113449 1)
(14.92094 10.852559 1)
(-5.0755967 -10.436177 1)
(-9.1097855 -7.9996241 1)
(5.7364201 1.8239999 1)
(5.4753809 1.7100208 1)
(10.671189 -10.275122 1)
(13.513529 -8.3958362 1)
(13.274689 -7.6054723 1)
(5.393767 11.316383 1)
(8.2024617 -0.77206984 1)
(-4.8469155 5.3326935 1)
(-0.42655726 4.511194 1)
(10.568713 3.8052034 1)
(10.246861 4.0148502 1)
(10.261582 4.3913426 1)
(9.9270277 4.2180389 1)
(9.9396748 4.5888323 1)
(10.267278 4.7575086 1)
(9.8665308 3.8639209 1)
(9.6023637 4.4207537 1)
(9.6145381 4.7883057 1)
(9.2753127 4.6168543 1)
(3.1483368 4.3674831 1)
(8.1481366 -4.7861649 1)
(7.8618917 -4.5617124 1)
(-7.1126654 -8.4012938 1)
(1.1042606 2.454505 1)
(0.95458618 2.5751693 1)
(0.97633236 2.7698155 1)
(0.76354625 2.6840858 1)
(0.94013256 2.3909024 1)
(0.78598349 2.4942927 1)
(0.99959926 2.9718015 1)
(-0.23777737 5.4133449 1)
(9.7120484 -7.3094857 1)
(2.8715029 -3.4858537 1)
(3.3007645 -4.9699348 1)
(2.7526307 -14.514163 1)
(-5.9374052 6.5458176 1)
(-7.5591242 -1.0298018 1)
(-7.2010393 -0.82878432 1)
(9.5232911 9.6186214 1)
(9.5232407 9.1650163 1)
(4.248292 -6.7355912 1)
(8.0288156 10.554361 1)
(7.973297 10.119063 1)
(7.6441846 10.363286 1)
(12.276127 3.4884331 1)
(9.8713817 8.9651723 1)
(3.2813523 -0.19098921 1)
(6.4278519 -8.1788069 1)
(6.0828402 -8.3502135 1)
(-4.3377177 -6.3459176 1)
(3.3545485 1.1222989 1)
(-2.7504386 14.578852 1)
(-2.747692 -14.584595 1)
(-2.9651111 -14.186249 1)
(2.4891266 5.0657996 1)
(15.73785 9.8045287 1)
(9.7504422 14.59657 1)
(9.8993601 14.126236 1)
(10.473826 14.075064 1)
(10.740084 14.556416 1)
(10.979877 14.133636 1)
(10.245078 9.1788483 1)
(10.227159 8.7379888 1)
(3.3717571 -0.59821894 1)
(-0.69345275 4.6388936 1)
(5.0823465 -8.0937998 1)
(4.7804537 -7.875013 1)
(5.0425284 -8.4785034 1)
(-4.6047026 1.3786654 1)
(1.2004388 9.4699031 1)
(1.3106289 -4.4532669 1)
(1.0571069 -4.6059983 1)
(17.680284 -9.8327882 1)
(-9.6044927 0.2487015 1)
(-9.58694 0.74964866 1)
(-9.1514777 0.49992359 1)
(9.3943106 -1.5668896 1)
(9.0897926 -1.3641798 1)
(2.455863 -10.875104 1)
(-9.5613038 3.7503549 1)
(-9.0746138 3.4662259 1)
(-9.5628653 4.2520585 1)
(-9.5770322 -3.8225952 1)
(2.1422268 -12.105706 1)
(-2.1285784 -2.0389152 1)
(19.545959 -0.72562583 1)
(11.089452 0.0065060621 1)
(-4.0410724 -1.0039475 1)
(5.7455759 10.244812 1)
(5.3853089 10.888373 1)
(6.5084933 1.6456164 1)
(6.7676445 1.7956108 1)
(0.63282505 0.72111812 1)
(5.45114 -4.8236315 1)
(3.730212 5.4520603 1)
(7.5313425 -4.742615 1)
(7.2243001 -4.5496623 1)
(6.9030168 -4.7100575 1)
(6.9025658 -4.3665155 1)
(7.2495527 -4.1768916 1)
(-3.4577571 1.243732 1)
(-3.2236696 1.3102129 1)
(-3.0487126 1.1475743 1)
(7.1111265 1.3212815 1)
(6.7613836 8.801427 1)
(6.432938 8.6095606 1)
(7.1059984 8.5917198 1)
(2.4413035 1.0697447 1)
(2.5652096 0.95005338 1)
(2.2968244 1.1924195 1)
(3.057477 2.3909812 1)
(-1.8229746 -0.41515528 1)
(11.23975 14.561015 1)
(11.481235 14.129466 1)
(11.978141 14.125539 1)
(11.722042 13.700223 1)
(12.210548 13.688934 1)
(12.465236 14.107186 1)
(12.682056 13.667236 1)
(12.443177 13.258026 1)
(12.932184 13.247078 1)
(13.210771 13.715016 1)
(12.70399 12.850731 1)
(12.213723 12.856712 1)
(6.1925059 -6.1226999 1)
(5.8557165 -5.8924069 1)
(-5.6996701 -6.1269686 1)
(-9.5271786 6.7635087 1)
(17.675874 7.0695698 1)
(17.662899 6.6094036 1)
(-1.8182367 -6.2511583 1)
(11.213459 -6.5131528 1)
(11.21789 -6.1298659 1)
(11.183063 -6.9461716 1)
(2.3541482 -4.002835 1)
(16.297666 1.6347826 1)
(15.887098 1.4525174 1)
(15.865639 0.98865163 1)
(15.48102 1.2359338 1)
(15.477176 0.78370444 1)
(15.106821 1.0423792 1)
(14.686637 1.31311 1)
(19.192227 12.079358 1)
(19.210388 12.53766 1)
(1.8448466 -9.6134466 1)
(2.1857882 -9.4464247 1)
(4.6362042 -5.8874519 1)
(14.902319 4.4477714 1)
(8.0723102 7.1895129 1)
(8.0443317 6.825584 1)
(7.741062 7.4034369 1)
(14.011053 1.9099851 1)
(13.661135 2.1702906 1)
(3.8522172 -11.355515 1)
(1.8796993 0.73767129 1)
(2.5871588 -6.2368406 1)
(6.5525766 -10.865976 1)
(-2.0172683 -8.9434572 1)
(11.816018 -10.593547 1)
(-0.71936595 -1.6679408 1)
(7.9108404 -12.323474 1)
(7.5599215 -12.073198 1)
(0.18008272 -0.61251217 1)
(11.977992 -6.1282733 1)
(11.969888 -5.7293997 1)
(12.360618 -5.4979032 1)
(11.995536 -4.1580691 1)
(1.6028929 11.795162 1)
(1.2218931 11.590903 1)
(1.6038645 11.377574 1)
(0.84926274 11.78411 1)
(5.227076 -6.2677333 1)
(9.9114405 -9.2531441 1)
(9.5647903 -9.0090196 1)
(10.306618 -9.0569082 1)
(6.4771067 10.215887 1)
(12.031118 -3.3229832 1)
(11.611961 -3.5425451 1)
(13.780007 -3.0892571 1)
(13.438566 -2.8581619 1)
(13.454117 -2.4193372 1)
(13.823598 -2.2227546 1)
(13.057185 -2.2061251 1)
(13.104795 -1.7473899 1)
(12.731758 -1.9076608 1)
(12.385963 -1.676622 1)
(12.345678 -2.0873733 1)
(2.3031247 -1.109213 1)
(12.451529 11.423834 1)
(4.8831532 0.54973456 1)
(0.57423972 -4.8558584 1)
(0.33860368 -4.6871502 1)
(2.7061094 4.6485372 1)
(2.1793216 -6.6783483 1)
(4.2625743 11.556029 1)
(3.9198718 10.92296 1)
(4.1512251 2.9254336 1)
(7.230768 -2.2848796 1)
(6.9595031 -2.4528711 1)
(14.07691 3.1714069 1)
(-1.589021 0.71744943 1)
(14.992614 13.251931 1)
(14.568806 13.512931 1)
(14.548351 14.077092 1)
(14.140934 13.780973 1)
(14.147846 13.277766 1)
(13.711432 13.540384 1)
(13.687596 13.998341 1)
(13.209474 14.199842 1)
(11.576375 3.5394558 1)
(10.019013 -1.9735293 1)
(0.78055699 6.195511 1)
(7.4676169 -2.7709249 1)
(7.7215222 -2.9912133 1)
(8.0672915 -2.8875301 1)
(8.3504303 -3.1377599 1)
(7.8068149 -6.0239179 1)
(8.8487725 0.25243111 1)
(9.1566711 0.41716263 1)
(5.7428253 -11.267744 1)
(15.976879 2.7944879 1)
(15.568599 2.6161547 1)
(16.003309 3.2511344 1)
(16.23745 -6.2706415 1)
(7.0646524 -12.739133 1)
(6.7151492 -12.4658 1)
(-4.774703 -7.3103419 1)
(16.711259 1.8344418 1)
(11.957336 13.272594 1)
(0.20135381 9.6708858 1)
(-5.1317411 -10.896093 1)
(-3.9726056 -11.26874 1)
(1.1868335 8.7559148 1)
(2.1961301 9.2607763 1)
(0.25293013 14.573058 1)
(0.52177255 14.139321 1)
(-0.22631735 14.574178 1)
(-7.062919 12.617233 1)
(-6.6516008 12.389208 1)
(-7.4751008 12.35497 1)
(-1.2452843 14.56971 1)
(-1.7479168 14.57127 1)
(-2.0191283 14.150104 1)
(-1.5167329 14.09995 1)
(2.2406594 14.587167 1)
(2.7184158 14.589164 1)
(3.75 14.566987 1)
(4.2467044 14.576925 1)
(6.8876272 -5.0665956 1)
(5.25 14.566987 1)
(5.7398751 14.565869 1)
(6.0228967 -3.8276244 1)
(5.742918 -3.6506785 1)
(-9.0754156 10.846267 1)
(-9.4224111 11.222968 1)
(10.661846 -2.3938602 1)
(11.231153 10.785982 1)
(10.836773 11.029611 1)
(10.838045 11.483495 1)
(10.419461 10.807406 1)
(9.9944242 11.083393 1)
(8.254311 14.598059 1)
(8.0565284 14.152339 1)
(8.7537511 14.604953 1)
(7.2402527 -14.56997 1)
(7.4949271 -14.156739 1)
(15.236542 -8.560822 1)
(14.727994 -9.1748414 1)
(12.61076 2.4744443 1)
(14.531083 4.6912353 1)
(14.140185 4.4954644 1)
(13.767083 4.7380022 1)
(13.751941 4.2981832 1)
(13.388627 4.5398314 1)
(13.028531 4.3099218 1)
(13.024076 4.7090496 1)
(13.37351 4.9619017 1)
(12.965964 5.1378444 1)
(13.038595 5.6313491 1)
(12.635083 5.4701112 1)
(12.304272 5.7474358 1)
(12.255455 5.3635497 1)
(11.923186 5.6273105 1)
(11.854648 5.1998048 1)
(11.534611 5.4999396 1)
(11.388216 5.1374136 1)
(11.145804 5.3878558 1)
(12.563149 5.0625715 1)
(14.51013 4.2471704 1)
(-9.5361838 10.25 1)
(13.817065 -11.870997 1)
(13.818539 -11.402549 1)
(17.674079 4.5027551 1)
(15.622278 6.9614903 1)
(15.213578 6.7509793 1)
(15.207095 6.2812327 1)
(14.823517 6.5572739 1)
(14.831051 6.9995288 1)
(14.442309 6.8106404 1)
(14.438259 6.3383102 1)
(14.059763 7.0702234 1)
(-4.5753848 7.8507095 1)
(7.2680004 11.034126 1)
(15.014549 -1.1899827 1)
(15.040154 -0.74822786 1)
(14.645951 -0.94731244 1)
(-0.35084683 8.3152471 1)
(9.7427515 -6.9002282 1)
(4.2692738 10.718057 1)
(11.294547 -2.9072785 1)
(9.2745641 12.476166 1)
(-8.0628108 -2.9309705 1)
(-7.7717294 -3.1818448 1)
(18.045355 6.2913616 1)
(-7.0038611 -7.4917309 1)
(-0.39793133 0.6175017 1)
(-5.7193709 -12.486017 1)
(-5.2918231 -12.292927 1)
(2.5031119 8.6942815 1)
(12.964364 -12.303885 1)
(12.979662 -11.833429 1)
(1.0373 0.8635727 1)
(9.0837927 6.9374293 1)
(9.0603567 6.5525961 1)
(8.6960669 6.406547 1)
(8.9857769 6.2249828 1)
(3.9810451 1.8307751 1)
(4.1854567 1.6698219 1)
(3.7469026 1.7451429 1)
(11.524706 -7.596489 1)
(15.703138 -2.5683367 1)
(11.136467 -7.7979321 1)
(13.752971 -3.9707836 1)
(-9.2571992 -9.3832694 1)
(11.619886 -4.3666041 1)
(1.3170594 3.6640315 1)
(12.273674 -8.9527219 1)
(19.496529 0.49472675 1)
(15.784623 -6.4608341 1)
(19.574905 -3.249076 1)
(19.192179 -2.9934964 1)
(19.17863 -3.4889823 1)
(19.578856 -3.7410996 1)
(19.166602 -3.9550759 1)
(19.584782 4.7317918 1)
(19.204521 4.4822379 1)
(19.595971 5.2021845 1)
(-1.1793883 -5.9701935 1)
(-9.5778229 2.7327996 1)
(13.643307 6.8951525 1)
(10.577958 8.5128567 1)
(-5.4152721 11.255931 1)
(-5.4286978 10.777479 1)
(11.232856 13.708184 1)
(8.1185062 12.325932 1)
(3.681152 0.80578972 1)
(10.165283 7.0711179 1)
(1.9641478 3.3193964 1)
(6.2205645 -5.7520393 1)
(3.6249053 2.1550075 1)
(3.393159 2.0977609 1)
(10.76403 -14.582344 1)
(11.250859 -14.605843 1)
(-1.1417802 12.904245 1)
(-1.1488743 12.45941 1)
(-5.2840357 7.3835563 1)
(-7.2930556 2.2665681 1)
(12.4272 -1.2688517 1)
(-3.7505523 14.571247 1)
(-3.4682668 14.156301 1)
(-3.9626156 14.084904 1)
(-4.2444445 14.56329 1)
(-4.4775672 14.146755 1)
(-2.524979 1.9620708 1)
(1.8368503 -9.2853727 1)
(13.245067 10.449251 1)
(12.821076 10.241861 1)
(7.8525393 -1.6366101 1)
(14.847066 7.4573122 1)
(10.734574 -12.737256 1)
(0.25144125 -6.2240414 1)
(6.7223619 -0.80444241 1)
(6.4302301 7.0830211 1)
(0.3518112 -11.110747 1)
(0.71071534 -10.926207 1)
(-0.83139291 -1.1404908 1)
(16.165003 -7.24976 1)
(-7.460134 11.868376 1)
(5.3315742 -11.468337 1)
(-2.5308678 -7.2890282 1)
(6.312763 3.769317 1)
(15.628055 3.5063701 1)
(14.510656 8.5947371 1)
(-2.7755195 -11.653807 1)
(16.912361 8.5514678 1)
(-1.9746745 -11.30218 1)
(-2.2974641 -11.035649 1)
(-1.8975968 -10.870659 1)
(-6.9509519 -7.0505426 1)
(10.888257 -4.7558148 1)
(12.558993 -12.046169 1)
(15.33173 -2.3161215 1)
(3.1455561 -7.5824293 1)
(-6.8731562 -9.6175943 1)
(-0.33881645 -7.5513126 1)
(-0.64575798 -7.3590203 1)
(16.130437 -7.7151636 1)
(-2.6936782 11.607403 1)
(1.5991879 2.457613 1)
(16.02603 -3.729434 1)
(17.69912 7.554519 1)
(19.566987 -6.25 1)
(10.9079 7.4293165 1)
(13.786798 5.1700801 1)
(11.548729 -7.1663611 1)
(11.157778 -7.3743654 1)
(13.899267 -0.91086842 1)
(17.655986 -2.9321688 1)
(17.359097 -1.2799531 1)
(-2.7199552 4.5678301 1)
(-4.8157383 4.6317908 1)
(16.073357 8.10209 1)
(0.042160352 14.094209 1)
(-1.0143744 -7.8920407 1)
(17.585203 -4.2851756 1)
(17.523847 -10.364135 1)
(12.245959 14.5506 1)
(12.249052 -14.56908 1)
(11.931218 -14.153579 1)
(12.473463 -14.04272 1)
(13.009612 -14.148199 1)
(13.248412 -14.56659 1)
(13.49009 -14.128942 1)
(13.741428 -14.57173 1)
(13.711975 8.1621912 1)
(13.719911 8.6204412 1)
(8.6879629 -12.838855 1)
(9.7874939 0.76541919 1)
(10.339273 -8.62177 1)
(10.438757 12.194292 1)
(15.540558 -9.7525536 1)
(17.803488 -7.3391444 1)
(14.671864 -0.50047345 1)
(14.277156 -0.69002034 1)
(13.923593 -0.44015036 1)
(13.554229 -0.66772284 1)
(13.545503 -0.24538992 1)
(13.185925 -0.036860898 1)
(8.4053945 -10.792863 1)
(1.879674 -6.8622914 1)
(2.4933218 -5.0468525 1)
(5.2643082 2.1516848 1)
(14.120422 11.831602 1)
(-6.2455211 -4.7763285 1)
(9.0936475 2.8488599 1)
(9.0776706 2.5050897 1)
(8.781089 2.6965335 1)
(8.7715169 2.3055657 1)
(9.4105312 2.3194213 1)
(8.4663566 2.5348462 1)
(8.422706 2.1987144 1)
(8.1685906 2.3964887 1)
(8.1260143 2.0502414 1)
(9.7024411 2.4657584 1)
(8.8036204 3.0489467 1)
(6.3835677 5.6840874 1)
(16.223445 -12.066157 1)
(0.11163751 1.7403196 1)
(0.15251229 1.5015189 1)
(-6.2087167 -10.104825 1)
(-0.99665461 8.7197615 1)
(3.1163192 -0.90045866 1)
(0.35284322 -1.2338751 1)
(8.595352 1.7904594 1)
(16.691774 -10.903137 1)
(-0.45384831 9.6574415 1)
(0.52952514 1.7040757 1)
(-6.5648956 -4.5335773 1)
(-9.4873754 -10.194221 1)
(13.938477 -0.032460865 1)
(-3.4149919 11.564754 1)
(10.539098 -4.9367736 1)
(-5.2325871 14.588836 1)
(-5.2557407 -14.587787 1)
(-1.6638516 -1.986673 1)
(2.3017277 -6.3297744 1)
(4.4152781 -13.201632 1)
(7.0101365 -9.846683 1)
(6.6455704 -10.010067 1)
(6.6109456 -10.426674 1)
(19.515329 7.7618415 1)
(-1.4231584 7.6949167 1)
(19.553045 -7.7680131 1)
(-6.7695617 -11.149432 1)
(-9.5335824 -11.238267 1)
(5.9907856 -9.9282305 1)
(-6.1067606 -12.195658 1)
(14.622269 -1.3910576 1)
(10.612729 1.8258882 1)
(10.567558 1.4555267 1)
(10.285773 1.6783932 1)
(10.303436 2.0419318 1)
(9.9401051 1.9076226 1)
(-6.2461182 -14.570906 1)
(-6.0096425 -14.162238 1)
(-6.4741643 -14.164214 1)
(19.568707 8.7514715 1)
(19.093108 8.5239 1)
(19.135772 8.9971925 1)
(19.567542 9.2495481 1)
(19.135313 9.4994922 1)
(19.13826 9.9992279 1)
(18.703837 9.7494071 1)
(18.700643 9.2927981 1)
(19.567534 10.249708 1)
(19.139124 10.4996 1)
(19.142937 11.000005 1)
(18.713969 10.80152 1)
(19.571086 11.25205 1)
(19.165322 11.533174 1)
(3.518625 -1.8111441 1)
(14.053695 2.7425032 1)
(14.757017 14.571364 1)
(9.1455347 -11.279527 1)
(13.727556 14.527165 1)
(-9.5776838 -12.262014 1)
(-9.5691913 -12.751757 1)
(-9.135439 -12.999722 1)
(-9.1346503 -13.498235 1)
(-8.7200945 -13.248345 1)
(-8.7212754 -13.746287 1)
(-8.7145526 -12.763336 1)
(-9.1513742 -14.001618 1)
(-8.7295118 -14.249416 1)
(-8.2757247 -13.971754 1)
(-8.3192009 -13.085618 1)
(-9.1450872 -12.515369 1)
(-8.7128941 -12.233297 1)
(-9.573539 12.250846 1)
(-9.1218172 12.008052 1)
(-9.5789171 12.74988 1)
(-9.1031598 12.991625 1)
(-9.1422521 13.51964 1)
(-9.5665549 13.748748 1)
(-9.1338118 13.996735 1)
(-8.6805524 13.779538 1)
(-8.7082124 14.271652 1)
(-9.1856337 14.541744 1)
(-7.2356841 -14.520569 1)
(19.599922 -10.235275 1)
(19.572466 -11.249343 1)
(16.75 14.566987 1)
(17.250422 14.56689 1)
(17.500676 14.134467 1)
(17.999218 14.134829 1)
(17.749793 13.702742 1)
(18.242771 13.7005 1)
(17.26205 13.707442 1)
(17.017532 14.146105 1)
(18.49638 14.134649 1)
(18.707774 13.647017 1)
(18.882929 13.219457 1)
(16.737931 -14.560612 1)
(16.514955 -14.126764 1)
(17.000392 -14.14353 1)
(16.793655 -13.762289 1)
(17.25 -14.566988 1)
(17.515147 -14.136073 1)
(17.999381 -14.134332 1)
(18.249449 -14.566669 1)
(18.498955 -14.15357 1)
(19.002752 -14.151987 1)
(18.699122 -13.669137 1)
(19.239435 -13.718741 1)
(19.001413 -13.253597 1)
(19.556505 13.786773 1)
(-9.5698328 -13.747645 1)
(-3.6434484 0.07703463 1)
(-3.628396 0.35328143 1)
(11.390669 -1.6888882 1)
(11.729777 -1.5643927 1)
(17.917423 -12.15608 1)
(-0.23034209 -1.9060897 1)
(-0.64870499 -0.19348528 1)
(12.141925 0.16899237 1)
(12.475309 0.33191716 1)
(18.248369 14.567676 1)
(4.6809804 -8.6455658 1)
(-1.8033211 -3.604069 1)
(-3.6898237 6.834552 1)
(7.9915603 1.4555411 1)
(-1.1830475 0.31482059 1)
(4.1113015 -1.1830579 1)
(18.236123 -0.068120649 1)
(8.5495089 0.43164277 1)
(9.8906057 6.4969994 1)
(10.750063 -0.17064166 1)
(3.7969104 -5.6586472 1)
(15.822128 12.736143 1)
(11.247155 11.699628 1)
(5.8129917 6.7244823 1)
(12.937938 0.70399948 1)
(11.350385 -11.744305 1)
(7.1030976 8.1966648 1)
(12.432388 10.961536 1)
(19.066748 14.078177 1)
(6.7434337 -14.576229 1)
(6.9446649 -10.688589 1)
(7.6790609 0.64164579 1)
(8.8609878 -5.0657153 1)
(7.0463087 -9.4292356 1)
(16.53412 -1.7129657 1)
(14.808185 -5.132877 1)
(1.3776551 -4.2279958 1)
(-0.62618161 6.871354 1)
(-0.40417885 6.4103492 1)
(10.572915 5.6379706 1)
(-5.6480589 -1.455966 1)
(17.80955 -13.664632 1)
(-9.164558 1.5386248 1)
(16.36744 -9.8337785 1)
(6.1007756 10.026541 1)
(11.738335 -0.79496537 1)
(1.9982235 1.2448755 1)
(-0.83084296 11.02409 1)
(9.1055983 7.3306315 1)
(3.2208172 2.2451645 1)
(7.4640897 -8.4363309 1)
(12.899192 0.27450959 1)
(14.442249 -4.4341948 1)
(14.095375 -4.6450295 1)
(8.220895 -0.41796926 1)
(10.2482 -3.9919351 1)
(14.434786 9.0907884 1)
(16.281283 -10.654597 1)
(-6.338223 -10.982037 1)
(17.564806 2.7208808 1)
(-0.21552772 -0.51844232 1)
(1.3640865 -10.98836 1)
(-6.0220835 1.9008145 1)
(9.6151407 -3.5704018 1)
(9.273628 -3.739567 1)
(8.9634163 -3.5270577 1)
(9.5863421 -3.946064 1)
(8.9909394 -3.1605156 1)
(17.017988 -13.060985 1)
(16.994168 10.505929 1)
(-7.6665073 -4.7400026 1)
(16.260192 13.96175 1)
(-4.3344646 3.3537514 1)
(2.682694 -11.96695 1)
(16.451742 -8.9191313 1)
(0.60936605 2.8474993 1)
(-1.1708585 5.429697 1)
(17.252231 6.8497159 1)
(17.230725 6.3759792 1)
(-3.893084 8.7114692 1)
(-9.1392865 4.5072621 1)
(-8.729563 5.2288182 1)
(17.503195 -11.890356 1)
(7.3965312 7.2348359 1)
(-1.6278736 -1.2672985 1)
(-1.3335212 -4.525444 1)
(17.096971 12.933307 1)
(7.7674894 -13.770806 1)
(17.46782 11.697772 1)
(5.3813382 -0.089775275 1)
(18.815539 -10.723209 1)
(15.350096 11.066288 1)
(19.097224 -1.3662332 1)
(-0.67021039 6.2689597 1)
(4.1866801 -11.603818 1)
(13.725936 -13.31096 1)
(15.691045 -13.763209 1)
(16.586077 10.768478 1)
(16.179679 -1.026203 1)
(16.219304 11.987463 1)
(16.880494 -8.7121773 1)
(15.028788 -11.261693 1)
(-3.898476 12.692085 1)
(7.613416 -0.70895533 1)
(-1.0455227 0.35796256 1)
(16.842661 7.1321618 1)
(-0.44168336 -11.47576 1)
(-0.34261065 2.6159518 1)
(-9.1187367 -1.3646052 1)
(-1.4541887 -10.287187 1)
(-0.39459033 -10.615592 1)
(-7.375423 -12.276707 1)
(18.934736 7.246907 1)
(17.491302 -5.6804777 1)
(15.680491 8.3473037 1)
(8.3219318 -3.5120447 1)
(8.7696164 -1.5188573 1)
(-7.6316643 -6.0699266 1)
(18.206156 8.7154805 1)
(12.299467 -8.5087655 1)
(1.9541104 2.3849945 1)
(6.0917027 -7.9686129 1)
(17.371078 -7.5586438 1)
(7.0956374 -7.1012209 1)
(11.857183 -9.1510201 1)
(19.089511 -7.1426616 1)
(12.014153 6.3717966 1)
(10.222583 5.4708755 1)
(10.554889 5.2663735 1)
(9.441616 -13.81505 1)
(-4.5573841 -2.9716888 1)
(8.8190587 -6.2592866 1)
(-2.5064101 -9.9594146 1)
(-7.9376729 13.571025 1)
(12.26246 1.150121 1)
(-0.41747183 -2.8954244 1)
(16.973656 10.015448 1)
(-6.3681038 -8.4527633 1)
(2.7609175 0.098018217 1)
(14.239083 -10.735645 1)
(12.897021 9.7978302 1)
(-7.3820797 0.56631353 1)
(11.292749 6.013442 1)
(13.691036 11.609157 1)
(-2.8846666 6.8678415 1)
(1.2637321 -7.1541894 1)
(10.204466 -4.7329037 1)
(1.6696448 7.7539614 1)
(16.893071 5.0202822 1)
(2.6037134 -1.4852055 1)
(10.600513 4.55818 1)
(15.229077 3.3106166 1)
(9.4650005 -10.315312 1)
(-6.6679089 -13.341569 1)
(-5.6857287 3.8760548 1)
(18.141907 -8.5662331 1)
(13.09125 -3.5384086 1)
(17.901669 1.5279694 1)
(16.862829 -2.8702124 1)
(17.163394 -4.4986385 1)
(0.22650783 -3.996503 1)
(-9.0392004 -10.554181 1)
(-6.6714924 13.829696 1)
(15.828918 -11.788862 1)
(-1.6730388 0.060860984 1)
(16.154388 -1.4731694 1)
(12.669558 -7.0004596 1)
(-2.9593467 -8.2278605 1)
(11.592696 3.9401394 1)
(12.054672 -13.196389 1)
(-3.2294562 2.241491 1)
(-5.2263929 6.2116903 1)
(-4.8821901 2.7913248 1)
(9.4412512 -10.74517 1)
(-6.7652597 -5.7640182 1)
(3.6352776 4.3333403 1)
(0.016996362 -0.62013178 1)
(14.93566 -2.509671 1)
(-2.0217503 -3.4339137 1)
(-0.86387888 -5.8292105 1)
(3.6140773 -3.1101923 1)
(17.404099 -7.0835852 1)
(-6.3995503 7.9482074 1)
(-6.7186005 7.6981766 1)
(11.459819 13.311253 1)
(9.554012 4.0607522 1)
(8.9374749 -3.9104577 1)
(6.2806887 -4.6905906 1)
(-0.83850348 -2.2548835 1)
(-0.83452919 10.612487 1)
(10.919352 -11.936483 1)
(12.639319 -7.8701096 1)
(3.7076669 5.1598167 1)
(-7.7847192 -10.442102 1)
(18.340507 -5.2651618 1)
(9.9873922 -8.3837273 1)
(-1.8676749 10.391135 1)
(15.810519 12.245137 1)
(-3.7062333 -12.470005 1)
(18.771599 2.4113086 1)
(8.0857728 -6.9874589 1)
(13.335272 3.2242862 1)
(-7.1631227 -0.4304202 1)
(16.075902 4.6111215 1)
(1.628143 -13.681655 1)
(-4.1991635 0.66105623 1)
(18.588968 -1.5790614 1)
(7.1670536 3.8592247 1)
(13.054592 -4.4181403 1)
(17.69053 -2.4662803 1)
(12.132269 9.3357189 1)
(1.3997828 -10.570942 1)
(15.850419 0.096747579 1)
(18.18846 5.7169004 1)
(6.037151 -3.5398096 1)
(18.2301 9.687751 1)
(5.0542983 13.783833 1)
(-2.875857 1.0039273 1)
(-3.0871397 0.9269141 1)
(5.766828 11.090373 1)
(12.495554 8.239678 1)
(9.842099 8.1026312 1)
(10.312692 -12.942891 1)
(10.774252 -7.5747364 1)
(-8.8946407 8.4125172 1)
(2.55246 10.218166 1)
(6.8976658 11.266857 1)
(-1.8996821 -13.809778 1)
(4.5273764 0.86832564 1)
(6.3376616 4.0769021 1)
(10.631006 -3.0773772 1)
(12.451788 7.3633094 1)
(-0.43837448 -3.9974574 1)
(17.940204 -11.668009 1)
(5.9751067 -3.0625207 1)
(11.337024 7.2074147 1)
(9.0308482 -14.116228 1)
(10.846128 -5.9287655 1)
(-2.0046338 1.9047871 1)
(-7.8154651 10.657908 1)
(10.487575 13.587282 1)
(9.2258881 4.9722501 1)
(15.338201 5.5387168 1)
(-0.41670875 -1.9531589 1)
(-8.0251178 -9.2426637 1)
(-0.96143548 -12.538678 1)
(9.9876806 -2.6525942 1)
(4.8737452 -12.548133 1)
(10.803036 -6.7504843 1)
(14.031695 1.245024 1)
(-1.5579337 -11.13541 1)
(6.2211138 13.065869 1)
(-8.1268761 -7.1059012 1)
(-6.2127259 -7.133062 1)
(13.31409 1.6602514 1)
(4.6158913 3.4016237 1)
(0.58084516 -4.5745393 1)
(-6.3549246 7.533266 1)
(8.0466133 -10.554285 1)
(0.75920387 3.8682159 1)
(0.5421865 3.5628616 1)
(10.573448 6.8439966 1)
(9.1132259 -12.634148 1)
(0.18359678 -12.883765 1)
(9.3574809 -2.2582096 1)
(-0.69119645 -13.714908 1)
(0.53178096 -14.077613 1)
(7.9028295 2.598118 1)
(7.6213179 -11.615242 1)
(0.030604162 -7.049989 1)
(6.1214156 -7.2205415 1)
(17.174563 2.9602379 1)
(4.2727562 -9.6008463 1)
(8.3682462 -12.115763 1)
(-7.0425894 11.645942 1)
(-8.5798399 9.6653058 1)
(8.1473613 13.679419 1)
(7.1562765 -5.993066 1)
(11.937886 2.1455643 1)
(-2.2927641 13.702733 1)
(6.0216565 -12.393994 1)
(7.374957 13.254644 1)
(2.8306223 -13.533898 1)
(11.269474 2.5774058 1)
(8.8756638 9.5573907 1)
(0.51622026 2.4729927 1)
(8.5589282 0.77042905 1)
(9.4485591 -0.47933377 1)
(-5.0726847 12.421217 1)
(8.997687 14.176196 1)
(17.902352 11.922001 1)
(-4.6470413 9.4883716 1)
(-2.5496413 -12.824153 1)
(-6.954728 3.2189306 1)
(6.7144326 -9.1912634 1)
(12.156572 0.56214547 1)
(-8.8048067 -4.8618336 1)
(1.5005033 -8.4118949 1)
(8.1226897 8.358539 1)
(5.0405498 12.418816 1)
(7.7114194 12.120019 1)
(3.586985 -1.5806754 1)
(-0.22346335 -5.2054501 1)
(-0.92461843 4.062854 1)
(1.0393266 6.0379653 1)
(-1.7855764 -10.035935 1)
(3.0468533 1.0150542 1)
(6.9340569 4.6884176 1)
(-4.9116334 -8.6052239 1)
(-5.3126822 -8.7572481 1)
(3.9263718 13.111984 1)
(5.3118639 -9.4813934 1)
(5.5274152 0.32317064 1)
(6.7820395 -6.8943217 1)
(-0.15419201 -1.4286774 1)
(9.1466944 3.9042825 1)
(8.0992156 -2.5327803 1)
(7.8280297 9.3595995 1)
(3.1490334 0.4544486 1)
(3.5258634 12.897689 1)
(-1.9017518 11.215164 1)
(0.70317904 -10.505194 1)
(10.091367 -0.14702155 1)
(10.410095 -0.34728126 1)
(1.2132767 12.909348 1)
(-5.7425689 5.0758549 1)
(5.5398483 4.2650045 1)
(-8.2636132 -8.0396174 1)
(15.600539 3.0595951 1)
(17.190865 -4.0385229 1)
(1.8786832 10.226405 1)
(-3.5510623 -9.6248329 1)
(5.391548 -3.3248145 1)
(5.3865825 -3.6471795 1)
(2.8329712 -3.0901629 1)
(0.83502367 -9.1136119 1)
(15.400285 12.504165 1)
(3.6727115 -8.7591251 1)
(8.6545605 -3.3396328 1)
(-3.1158438 12.713391 1)
(9.1657517 1.0914485 1)
(-5.6709473 -12.009204 1)
(6.769396 8.0114538 1)
(-2.5761702 0.31440814 1)
(0.82029095 7.9518646 1)
(1.1588018 2.8404958 1)
(-1.0967734 -0.89182365 1)
(-7.8221349 -12.447483 1)
(0.86842878 10.429373 1)
(7.3776876 6.8662977 1)
(2.368076 11.398364 1)
(-2.2101829 4.862613 1)
(-2.0361421 3.8728158 1)
(0.74508142 5.9127663 1)
(8.7480052 -1.8684443 1)
(6.1782978 12.167582 1)
(-4.0944531 2.245227 1)
(-5.5914322 -8.0786836 1)
(-5.8718795 -4.6097533 1)
(1.4476926 -2.0453154 1)
(1.999009 5.1394343 1)
(1.6342331 14.036791 1)
(0.2290193 -8.3373734 1)
(3.5542476 -9.93361 1)
(-5.1037825 -7.0539826 1)
(3.1819196 14.033619 1)
(4.4775087 -4.0891131 1)
(-1.6923419 5.1524911 1)
(6.101478 4.8784916 1)
(6.1054831 5.1915927 1)
(3.5296593 8.4940254 1)
(-0.15051592 10.620141 1)
(-3.5896553 9.72888 1)
(8.8094697 10.064892 1)
(-4.1855141 -13.119437 1)
(-8.2624029 -3.7641846 1)
(1.7908156 4.019732 1)
(15.168149 2.4388124 1)
(-1.9682313 -3.1669029 1)
(4.2239906 5.1308805 1)
(11.469906 -8.903913 1)
(5.3118644 -0.9882341 1)
(-8.3232002 5.4682938 1)
(-0.95051878 1.3696363 1)
(4.2995478 2.3722831 1)
(1.3360056 1.8696508 1)
(-2.1302812 2.6867718 1)
(-2.8134448 1.4233771 1)
(8.3987227 -2.7311828 1)
(7.4725404 -6.1952988 1)
(4.2095685 9.583067 1)
(-2.2066964 10.181523 1)
(18.596469 -8.3488897 1)
(-4.263798 -3.1912936 1)
(2.3622099 12.682657 1)
(3.2435424 6.6868064 1)
(18.35544 -11.932998 1)
(1.9700928 -0.38962461 1)
(2.3538092 3.8031957 1)
(-0.34899236 -2.4724552 1)
(-0.16439781 -2.6151509 1)
(-6.3253236 3.5873423 1)
(0.96426881 0.96319539 1)
(18.319237 11.62177 1)
(2.3380089 -2.3600087 1)
(-2.2218457 1.6446116 1)
(6.3877038 -1.3820085 1)
(6.4589003 -1.0545961 1)
(0.11663749 3.0323207 1)
(1.5736659 3.1749751 1)
(9.7821203 -14.523706 1)
(-1.9506292 12.501131 1)
(0.04515095 13.584003 1)
(-0.041784391 8.1481072 1)
(15.303104 -2.7609746 1)
(-1.3173568 -12.269499 1)
(6.6830996 -9.5961173 1)
(-4.3286796 -4.2205657 1)
(-3.4644627 -14.158845 1)
(3.7109434 -8.3738779 1)
(-6.4232213 0.26609329 1)
(-5.6997449 8.8193295 1)
(-0.91842025 5.2883504 1)
(-4.6169898 6.9811839 1)
(2.7950066 -4.6040903 1)
(4.6496979 -5.5590399 1)
(2.471995 -10.460797 1)
(1.2070758 0.64846285 1)
(-1.376148 5.0265214 1)
(3.2097645 -5.9268563 1)
(3.5562727 9.9903229 1)
(-9.1770704 1.0101847 1)
(-8.638398 0.44782343 1)
(5.3470425 -0.70249552 1)
(-5.1066477 4.1517311 1)
(12.569527 -11.578398 1)
(-2.7234316 2.9023035 1)
(-0.74017318 14.027378 1)
(1.7332916 5.5142866 1)
(-2.1685778 -10.201242 1)
(15.5088 1.736971 1)
(-0.03117409 -6.0457682 1)
(2.536992 -4.7302183 1)
(-1.9391751 -8.1003259 1)
(0.25605061 8.9878774 1)
(-2.1814405 -7.1280263 1)
(1.1958599 -8.2221018 1)
(9.1676895 -6.0822077 1)
(-3.9990291 4.7418043 1)
(17.834637 -6.861614 1)
(-4.2232508 8.4966688 1)
(3.4003983 -2.4311443 1)
(-6.5483715 -6.8717247 1)
(0.043843698 6.090444 1)
(-0.63690457 -6.6776482 1)
(5.0118526 1.0209541 1)
(3.5306875 3.1061411 1)
(2.4582544 -7.5867363 1)
(4.7973643 -1.1780244 1)
(0.42638634 -1.045245 1)
(1.8356154 -7.8980906 1)
(-3.7042728 -6.0947523 1)
(-8.3496091 0.75560521 1)
(1.2652734 3.4526989 1)
(8.0765419 11.878474 1)
(1.1885291 5.6182757 1)
(4.2074358 1.4263918 1)
(1.2290077 4.24367 1)
(3.3069822 -4.3551842 1)
(1.4071691 5.4737181 1)
(0.72121646 -3.576718 1)
(12.676315 4.4909415 1)
(0.77905564 2.2235035 1)
(2.0633794 2.9836041 1)
(1.472855 3.5182878 1)
(1.9175056 -3.9377882 1)
(6.3756403 -0.44406904 1)
(-1.2493945 -6.9974897 1)
(-3.4447565 5.014315 1)
(-1.7172214 2.8178668 1)
(-7.9124594 3.9203257 1)
(-1.7994502 4.7399717 1)
(0.70689639 3.4395366 1)
(-4.2732589 -5.6925864 1)
(6.4368278 9.8103279 1)
(18.78229 -11.714696 1)
(4.3946173 4.6934193 1)
(18.294258 1.2679608 1)
(2.9087486 8.5127075 1)
(0.27312384 -3.7472985 1)
(6.3971284 0.7844321 1)
(2.3763473 2.7085342 1)
(3.7577666 3.9460005 1)
(5.6724781 -9.30839 1)
(1.8845532 -1.5720623 1)
(0.50515567 4.8498545 1)
(2.0227718 -4.9686032 1)
(6.3918184 0.16957381 1)
(16.455428 4.3662344 1)
(-1.4427827 6.1204204 1)
(17.605713 -3.8271584 1)
(-2.191335 5.7125631 1)
(-2.4533674 5.8848511 1)
(-2.2692179 4.5166282 1)
(0.89108566 4.5417403 1)
(-7.6548637 1.6191667 1)
(8.4583102 8.1468587 1)
(13.69452 2.986772 1)
(8.247782 -14.521516 1)
(13.660453 -7.4747283 1)
(4.3909275 3.5555841 1)
(4.6293474 3.672064 1)
(15.409074 12.995296 1)
(-0.71398535 3.1631163 1)
(3.5369079 2.7579875 1)
(4.2006293 0.31926413 1)
(17.218641 3.8595372 1)
(-5.2611709 -5.4928575 1)
(-2.3101097 7.5411452 1)
(-7.0541727 12.132955 1)
(4.3323355 -2.2849347 1)
(1.1548961 -3.4169537 1)
(-6.6517982 0.85031438 1)
(-8.6924883 -1.1489495 1)
(-0.43231681 -0.36160725 1)
(-7.0394845 -2.4510778 1)
(-7.1281063 -3.2890255 1)
(16.411468 -9.3854952 1)
(-0.43775563 6.1072017 1)
(7.5085604 14.191323 1)
(-4.1875842 -2.5387563 1)
(8.4972146 2.8947323 1)
(9.9470607 -8.8220847 1)
(4.8345007 -13.002911 1)
(-0.30475454 4.0519869 1)
(-4.1300085 -1.8988293 1)
(-8.2415695 10.873928 1)
(-2.7323835 4.2742966 1)
(1.7293682 2.3317518 1)
(-6.3590709 0.650881 1)
(1.205251 9.1032354 1)
(-3.4290386 -0.096633203 1)
(-4.2462908 -9.5786302 1)
(1.3627675 1.0250959 1)
(14.736975 0.80330419 1)
(1.514131 -6.680075 1)
(-5.4214784 2.189261 1)
(2.8386173 -10.282662 1)
(-1.4521546 6.7229947 1)
(2.8863118 -2.8475709 1)
(-1.4894054 -5.780749 1)
(-0.50299463 -9.4188194 1)
(-5.9827519 -1.6210603 1)
(-9.0923199 9.8678598 1)
(-0.058304435 -10.851204 1)
(2.6881928 2.4516788 1)
(1.4960806 -1.8591848 1)
(-1.5425126 13.146305 1)
(9.2284724 -8.7613841 1)
(5.2596251 2.9858341 1)
(-4.9479774 -9.0579083 1)
(-3.941726 2.7597753 1)
(12.838856 -0.22888718 1)
(4.3003168 0.79773843 1)
(9.563548 -4.3183492 1)
(0.032473061 3.7703228 1)
(7.4287446 3.6737339 1)
(-1.1331602 -5.6429394 1)
(6.5930936 -4.5306711 1)
(4.2400241 -9.9859701 1)
(17.590646 3.1773847 1)
(2.0065051 2.0917254 1)
(1.0364679 1.9943288 1)
(-3.7306524 -3.8822502 1)
(3.1407042 -0.69796238 1)
(-2.6444163 1.2918088 1)
(3.9249224 -1.0287345 1)
(2.0103482 -3.1467604 1)
(6.8258767 10.005267 1)
(0.069415061 2.6406685 1)
(-3.7631448 -12.934441 1)
(9.7812543 3.5203692 1)
(4.4387384 -1.7707284 1)
(19.011102 -8.1356944 1)
(-8.4623752 -9.4249068 1)
(-0.95312587 -2.665667 1)
(12.992587 -11.367172 1)
(1.5837843 -3.2747613 1)
(5.6444292 3.1145029 1)
(9.1688084 -9.2155532 1)
(-2.0080142 0.013149485 1)
(3.9723864 1.3486218 1)
(-1.279677 2.1771773 1)
(-3.7931934 -1.2314694 1)
(15.856944 0.54090882 1)
(0.65765886 1.0191562 1)
(-6.2098086 10.741943 1)
(3.0048354 2.1771563 1)
(9.7579089 -0.67510108 1)
(-3.3569836 -1.8056906 1)
(17.46106 -6.1407364 1)
(-9.3230375 8.6271423 1)
(-3.3657891 0.39268126 1)
(2.1202807 1.956125 1)
(-0.58213405 2.3949705 1)
(-1.5822543 -0.64677286 1)
(-0.93778065 2.2761053 1)
(2.5133022 0.77810461 1)
(17.242642 -3.1263089 1)
(2.4469861 -2.9871536 1)
(1.5474739 -0.90020145 1)
(9.8609547 8.5260955 1)
(13.030797 -7.2315856 1)
(-0.92462601 4.4775554 1)
(-8.3514839 4.9444359 1)
(2.9352367 11.139959 1)
(-0.78286014 1.1229315 1)
(5.0517023 12.862973 1)
(19.575696 -12.765084 1)
(14.693263 -9.6279197 1)
(-5.175142 1.0601411 1)
(8.4837054 12.070748 1)
(-8.1881443 -0.12497564 1)
(3.5341215 -10.326363 1)
(2.5729202 0.30980229 1)
(3.2318894 5.4633279 1)
(2.4871912 -0.046866289 1)
(0.29080501 -2.3995445 1)
(16.094047 8.5656657 1)
(-1.6467939 2.0453216 1)
(-5.0003752 9.2652847 1)
(-3.2428944 9.9502296 1)
(-4.8671433 -12.103982 1)
(-3.3872349 -11.163055 1)
(7.5610411 9.9513189 1)
(2.2499983 1.011499 1)
(1.48433 1.59887 1)
(18.717365 10.26786 1)
(-6.1715705 9.839668 1)
(5.8316461 5.0380049 1)
(7.6668819 0.30241337 1)
(-4.2806409 11.488406 1)
(-6.2498021 12.157135 1)
(-5.7299546 2.4264829 1)
(-3.7164896 -0.70058785 1)
(13.970713 -14.132726 1)
(-6.195127 10.282311 1)
(14.876418 -3.3841393 1)
(19.579743 -6.7632844 1)
(-3.9564779 0.7952471 1)
(-3.3185479 -7.9888664 1)
(15.778665 -7.0141677 1)
(6.5679108 12.37523 1)
(-5.3865142 -1.0480229 1)
(-8.7551265 1.7977407 1)
(-1.2720413 -1.8525342 1)
(-1.3184043 -2.0652498 1)
(-2.4956665 -6.9235288 1)
(7.3917071 3.3200211 1)
(-3.197057 -4.2361701 1)
(-2.139787 -2.9937566 1)
(8.4888216 -9.1065419 1)
(-0.293649 1.8560419 1)
(4.7394718 4.8012462 1)
(-0.3175232 7.978738 1)
(14.568913 13.0211 1)
(-6.2676923 14.527657 1)
(2.3927803 -0.74814825 1)
(1.2731429 1.1265069 1)
(-5.0869817 12.883553 1)
(4.1125052 2.5166881 1)
(-0.37972745 -3.752774 1)
(16.864154 4.5669504 1)
(18.693072 1.0094366 1)
(-4.2322772 -9.1099947 1)
(9.5588022 5.1429186 1)
(1.0429263 -2.1380292 1)
(0.21888392 5.4041089 1)
(2.4056563 -0.37486501 1)
(-4.835095 -1.4331887 1)
(10.614261 -10.727606 1)
(1.7247692 1.4044938 1)
(13.402333 -11.619065 1)
(10.248118 1.3336361 1)
(-1.8348261 -10.451996 1)
(1.730423 0.33402473 1)
(0.82761437 13.130546 1)
(3.5142934 8.1460211 1)
(-8.6585912 11.076492 1)
(-2.1684138 0.89740913 1)
(5.5088489 6.9218893 1)
(-3.5113718 12.933214 1)
(8.8155056 11.392979 1)
(-0.17473084 -2.3933058 1)
(-3.2212039 -4.5592033 1)
(-7.5862638 1.2036988 1)
(16.940598 9.0169549 1)
(2.2174531 10.423844 1)
(3.2144476 8.6831765 1)
(6.7687898 8.4031176 1)
(-0.1062057 -8.4966821 1)
(2.3671634 13.131903 1)
(-4.6222499 7.3421305 1)
(-0.53016301 1.1605939 1)
(2.4208071 1.9802353 1)
(-5.0482227 10.559981 1)
(1.2472915 0.38047349 1)
(8.1096578 -9.2929007 1)
(-3.6502304 -10.456786 1)
(-1.6614509 -0.36352973 1)
(-6.2355663 12.674472 1)
(0.91221522 0.84884062 1)
(-4.91569 -12.56774 1)
(0.83260814 8.2891741 1)
(6.5058528 1.9389897 1)
(16.563502 -1.2568278 1)
(-0.63094734 1.6235254 1)
(0.86100548 10.820167 1)
(0.40328974 1.1959497 1)
(4.5667823 -3.7210866 1)
(1.1559226 -1.9506165 1)
(-5.6264776 -8.5268922 1)
(-0.68080909 8.1698672 1)
(-2.3534685 -1.0912117 1)
(10.237797 3.6503793 1)
(-1.777206 1.1111593 1)
(0.69511436 -1.5281543 1)
(-6.6791706 7.2906917 1)
(3.9465398 5.0040965 1)
(5.4886015 7.3010665 1)
(7.8735133 2.2489574 1)
(0.79863513 -1.0427058 1)
(1.3083011 -0.26443045 1)
(-4.8754794 -4.9018716 1)
(16.514762 8.7871265 1)
(1.037262 -0.80553366 1)
(1.1722237 -0.78546981 1)
(-0.29302202 -7.2064055 1)
(6.3174001 3.4416168 1)
(0.68308935 -0.45966497 1)
(3.9513603 3.778445 1)
(-8.8781799 -9.6200674 1)
(10.071005 -0.50299871 1)
(-1.1015122 0.9512599 1)
(0.51667017 -2.164432 1)
(0.47739569 -2.3460577 1)
(0.65820119 -2.2900417 1)
(-1.5157728 13.599312 1)
(-4.309701 10.564558 1)
(-1.3005291 -3.6668787 1)
(7.2212854 4.83025 1)
(15.098555 0.57565259 1)
(16.967192 -1.044588 1)
(1.0393697 0.65714498 1)
(-3.2403395 4.0109868 1)
(-1.4128148 -1.7233287 1)
(-0.65961057 -1.3095348 1)
(1.3822993 -0.38307928 1)
(0.86223768 -0.2044129 1)
(7.8131702 -5.6546637 1)
(-1.6210069 0.2036017 1)
(-1.7401014 0.32890651 1)
(-3.0062026 11.375876 1)
(-0.70568761 1.877808 1)
(1.9122043 0.11071541 1)
(10.757677 0.19945456 1)
(1.3443023 0.070689031 1)
(1.1127919 -2.6671353 1)
(6.4317385 -7.4201572 1)
(0.48645067 -0.9438742 1)
(0.60206504 0.18897982 1)
(-0.13419863 -1.2799435 1)
(10.95809 8.7121051 1)
(0.26151428 -0.61376215 1)
(0.39187457 -0.42214333 1)
(13.829019 -10.940541 1)
(13.7346 13.035429 1)
(14.931969 11.333652 1)
(0.61166307 0.55146137 1)
(8.853654 0.59254359 1)
(15.615241 -3.9053969 1)
(4.0546262 -12.94133 1)
(-2.4438065 -1.3941683 1)
(11.626188 -3.9796457 1)
(15.357605 -12.533849 1)
(3.0247021 -8.6984856 1)
(-5.5358987 6.0113661 1)
(14.847407 -8.2742103 1)
(-3.1457644 1.9163837 1)
(-5.0001334 -14.20681 1)
(-2.8484306 -7.0768418 1)
(-1.0723032 -0.74831799 1)
(13.556777 0.17291716 1)
(-5.8518269 12.884374 1)
(-0.17396478 -0.83365022 1)
(-3.3974091 1.7765162 1)
(10.399675 -0.70994262 1)
(-9.5887656 6.2122789 1)
(-5.3819663 9.4543239 1)
(-1.5226289 1.5262346 1)
(2.0269402 -1.6993841 1)
(-0.47226011 -1.6671004 1)
(-2.5316617 -2.9709715 1)
(-0.49523879 10.81382 1)
(6.5404424 -3.4486386 1)
(-9.5896745 -14.234472 1)
(-1.1574255 7.5127298 1)
(1.1775379 -0.46908448 1)
(19.239336 14.586336 1)
(19.234599 -14.589788 1)
(1.1733599 0.47196004 1)
(9.8999342 -4.1507914 1)
(14.948013 -12.704547 1)
(-2.6695023 -4.9530923 1)
(4.3626711 3.8650167 1)
(0.05403397 -0.81984395 1)
(6.2863356 -2.2901742 1)
(8.8093368 8.3340948 1)
(-8.0932719 -5.8188303 1)
(-0.280789 -14.513797 1)
(-3.8758267 3.2970791 1)
(0.84226247 -2.047063 1)
(9.8310521 -5.694908 1)
(-2.0994552 -5.3583927 1)
(3.362527 4.223592 1)
(2.4092694 1.7401874 1)
(-2.1473269 -4.9475606 1)
(6.3844343 5.3546259 1)
(-0.77552715 -0.38522546 1)
(-0.10752324 2.8514253 1)
(4.6451302 -1.959994 1)
(17.375615 -0.40725559 1)
(-5.8947378 6.1758701 1)
(-1.7267232 -12.447719 1)
(2.9815362 5.6392707 1)
(6.1109156 8.419071 1)
(0.24843411 0.63841235 1)
(0.17571635 0.61186133 1)
(-0.87548255 -0.91013214 1)
(2.4877228 4.7886097 1)
(18.258586 10.660706 1)
(-1.7866461 -1.1011584 1)
(4.8208201 -3.611741 1)
(7.5943099 -1.0607384 1)
(11.996301 -13.663585 1)
(1.2454529 -0.66390541 1)
(-6.6064934 -7.3050764 1)
(0.22426683 -0.83969533 1)
(3.7668967 6.3480476 1)
(6.5857081 12.8252 1)
(-6.5200882 -4.151369 1)
(-0.50542608 -1.2712459 1)
(-6.8443462 -0.62644707 1)
(-0.69212524 -1.0875794 1)
(-2.2189633 10.590156 1)
(5.0045672 -1.3544369 1)
(5.5504004 -6.1122869 1)
(8.1628285 -5.4751111 1)
(11.370507 -3.273736 1)
(-9.5859423 -4.3009683 1)
(3.3364983 1.8893043 1)
(6.0059675 -9.5219951 1)
(-2.6712333 -4.5848551 1)
(4.300155 12.874777 1)
(2.4011244 13.617617 1)
(14.464259 -13.444042 1)
(-0.2149973 -2.8269358 1)
(-0.23849228 1.3160777 1)
(0.45280701 1.3139086 1)
(7.1725926 9.782509 1)
(4.9281958 7.2541083 1)
(2.7281519 1.7043024 1)
(0.79490805 13.677085 1)
(0.13058129 1.3711289 1)
(-1.9730867 -8.5242019 1)
(-0.95111424 -7.1743848 1)
(-4.1065995 1.4511947 1)
(0.26376464 1.9099085 1)
(12.355684 6.1433584 1)
(0.65248747 0.34697677 1)
(6.7674118 -7.2539716 1)
(4.1680824 -0.9292053 1)
(-7.2950611 1.883355 1)
(7.7202628 7.0303413 1)
(3.8539782 8.3035004 1)
(0.88668441 1.0601089 1)
(0.80978305 1.1485369 1)
(1.773457 -5.0410151 1)
(-0.10561125 12.282747 1)
(-2.6043562 7.7097063 1)
(-2.8372752 -0.78290023 1)
(9.933803 4.9493356 1)
(3.1381067 -1.6999819 1)
(1.6660653 8.0573196 1)
(-0.51886658 -0.21492157 1)
(0.92310243 11.281161 1)
(-0.1401578 -8.8778694 1)
(13.412921 -4.2173296 1)
(17.252904 4.3086904 1)
(-1.0436094 -0.026022663 1)
(16.251906 0.73852909 1)
(-8.7827715 -2.0189206 1)
(6.0926 8.8273679 1)
(15.959956 -4.6137036 1)
(5.5146188 -2.1093359 1)
(-9.1559443 -3.6503849 1)
(19.109708 -6.1940216 1)
(-3.2510036 10.363003 1)
(4.6287632 7.3800083 1)
(19.124488 1.2108428 1)
(4.5146909 7.9156873 1)
(8.9374737 12.770064 1)
(0.13626527 -0.54853528 1)
(4.303863 -14.619467 1)
(-3.7605927 -8.1263745 1)
(-3.0873439 -6.5073416 1)
(3.9006434 10.157716 1)
(11.090592 0.37455578 1)
(1.11263 4.612081 1)
(13.45698 -9.2703411 1)
(10.335006 3.097997 1)
(7.9996159 1.7702848 1)
(0.715458 -2.7983467 1)
(8.8365067 11.821885 1)
(2.9542205 -9.1030872 1)
(-4.3149031 0.30452538 1)
(8.8299558 8.7306984 1)
(13.676314 10.191002 1)
(-0.60231959 -0.72211676 1)
(-0.17583893 6.2548354 1)
(-0.36576881 0.6894648 1)
(2.6952023 1.5039522 1)
(9.0638672 -1.7152304 1)
(3.9994821 -13.406092 1)
(-1.0136601 0.47508564 1)
(4.9274957 -5.7396058 1)
(-1.6120265 -5.2477895 1)
(19.603043 1.773084 1)
(0.050554504 -5.0941384 1)
(-3.5255415 13.390729 1)
(16.587819 -13.351333 1)
(9.1588415 0.75727743 1)
(4.1027468 7.7750897 1)
(-4.5475239 -12.844765 1)
(11.423827 -14.22046 1)
(10.393857 -1.0786434 1)
(3.8319937 -7.3335208 1)
(3.6502388 -2.2959192 1)
(-1.7883249 -12.900708 1)
(19.593105 3.7786297 1)
(16.310705 -5.3357149 1)
(0.78385083 -0.36442496 1)
(19.587142 -12.215091 1)
(17.415306 0.42904186 1)
(-1.7620787 3.7119846 1)
(-2.8426308 1.2170911 1)
(7.9671062 3.6003213 1)
(-0.010912947 1.478169 1)
(15.2419 -3.6411464 1)
(2.2219181 10.81752 1)
(14.064491 -13.598719 1)
(6.8263865 -3.6268165 1)
(10.603161 -14.160988 1)
(0.10635716 0.93181403 1)
(-0.83121701 0.66143453 1)
(-0.6409443 -7.0149794 1)
(-3.5090989 -6.6481147 1)
(18.735642 11.301641 1)
(-1.3483747 1.0473427 1)
(-0.50912095 -0.67603735 1)
(-0.4392707 -0.73348624 1)
(4.379552 1.7653012 1)
(-0.027031171 -1.3799904 1)
(-0.11470178 1.3317993 1)
(-4.5421336 4.4635468 1)
(-0.87342931 7.6644428 1)
(1.1643117 1.3395605 1)
(0.51552903 3.3654004 1)
(0.096751771 -4.7986485 1)
(2.8389548 1.3744138 1)
(-5.4767032 14.124239 1)
(-1.4755521 0.6175833 1)
(5.4554175 8.8216397 1)
(2.9684275 5.9608234 1)
(17.626723 -3.380105 1)
(10.223116 -4.3633239 1)
(-0.35032031 -0.52895761 1)
(10.648715 2.9392396 1)
(9.8032101 -6.1150398 1)
(-0.61517159 -3.8479086 1)
(-6.6617219 -7.7413872 1)
(10.714569 -1.2887492 1)
(-3.3735879 -2.1049376 1)
(3.0000091 1.2084341 1)
(-5.7015295 -2.1990007 1)
(2.4495639 14.149932 1)
(2.2689023 -1.2787327 1)
(-6.894518 -4.3195148 1)
(15.868297 -5.9562356 1)
(-2.2377936 10.997294 1)
(12.01684 4.8497274 1)
(5.9411372 -10.720449 1)
(19.305725 -9.4310658 1)
(3.3450994 -7.0945055 1)
(-5.7375167 9.2339351 1)
(8.0198367 6.4656601 1)
(16.986323 -0.60541033 1)
(1.4155176 8.2387336 1)
(-2.2009814 1.8370513 1)
(0.28274205 -0.48843939 1)
(-0.49404709 11.23393 1)
(-2.1947701 -13.087039 1)
(15.541766 2.1759688 1)
(-1.1278144 -3.3150118 1)
(-0.15843539 -9.3435219 1)
(6.7626168 2.0818633 1)
(16.631184 0.49295568 1)
(-8.6356708 12.04829 1)
(17.879817 -5.9238378 1)
(0.13880497 -4.5246532 1)
(6.6121602 13.280406 1)
(0.47614877 -0.42429625 1)
(-0.094445144 -0.88192441 1)
(9.9618103 -11.77727 1)
(-0.97586744 -2.1214937 1)
(-9.1470671 5.9430093 1)
(9.1756983 8.9363452 1)
(1.0813646 -0.69505463 1)
(-3.2721294 10.766307 1)
(3.1676892 3.031408 1)
(3.1864814 -10.50312 1)
(14.615737 5.968414 1)
(3.0789352 -7.2694727 1)
(0.17098783 -2.2695682 1)
(5.4020879 9.2730788 1)
(19.594411 -1.7025 1)
(19.208389 3.9864275 1)
(-2.4870401 -14.213151 1)
(4.0219071 -0.55040385 1)
(5.1317874 -0.55410548 1)
(6.6921333 5.8422969 1)
(3.9144596 10.540183 1)
(2.2378904 4.1726068 1)
(-7.9405017 3.4546329 1)
(0.16542755 -0.93064003 1)
(-5.4542502 0.93212272 1)
(11.240563 2.9838972 1)
(-1.1895115 12.055078 1)
(2.7137865 -1.8291262 1)
(1.9814531 -1.8782556 1)
(2.370034 -8.9408641 1)
(3.7788284 6.6497494 1)
(-5.1005559 4.4592186 1)
(7.8703339 -7.8758261 1)
(4.4686167 0.64096749 1)
(-1.5488883 12.704693 1)
(1.666105 -5.4806351 1)
(1.8093397 -8.2398391 1)
(5.2760156 -1.2628638 1)
(-7.2055638 14.592643 1)
(0.63210989 0.038063997 1)
(-4.6017569 3.2142459 1)
(-1.0446858 -0.27235864 1)
(14.230138 -11.195235 1)
(-2.9002429 7.8807894 1)
(-9.1623744 -4.6082641 1)
(4.683845 13.082321 1)
(4.7410252 -7.5381854 1)
(5.2232892 -5.931537 1)
(-0.25856962 0.75387628 1)
(7.2050024 -11.823547 1)
(-3.4849174 -4.3709499 1)
(9.3265434 12.955135 1)
(3.2321115 -13.336083 1)
(-9.0989836 6.8064833 1)
(9.3728272 -1.9141544 1)
(2.7774443 -7.76407 1)
(-0.085132037 0.65974229 1)
(19.62419 2.25 1)
(19.62289 -5.25 1)
(19.183613 -11.985595 1)
(-0.13078992 11.440613 1)
(-5.4817847 -14.121011 1)
(4.5896897 -2.2191568 1)
(10.349602 -12.055007 1)
(-3.7632744 -6.435504 1)
(2.4514133 -7.9263601 1)
(-1.2428595 0.92227621 1)
(11.04348 -1.1175842 1)
(-2.0278287 0.746571 1)
(6.9988483 5.6694961 1)
(8.3727175 6.618152 1)
(4.2742646 -0.41274258 1)
(0.60977519 -0.27226556 1)
(8.8882421 12.248017 1)
(7.0160846 13.495278 1)
(0.86097611 -2.9368689 1)
(7.1818484 1.9383954 1)
(16.086879 -14.008336 1)
(19.185163 -11.488983 1)
(12.889581 -13.718055 1)
(18.309988 -5.7107929 1)
(8.2579872 3.7767374 1)
(-8.328588 2.840836 1)
(0.93436774 14.172783 1)
(-9.6068913 -2.776563 1)
(-9.1728726 -8.4719557 1)
(17.038078 0.68030898 1)
(-0.42803569 0.54777098 1)
(1.7572713 -0.78100364 1)
(15.591968 -4.3414304 1)
(6.328153 -9.7545548 1)
(-6.7097378 -8.1895537 1)
(-0.84518993 0.56165971 1)
(12.138815 9.7058184 1)
(2.9209829 -1.7638914 1)
(7.1368444 -12.273541 1)
(11.242916 1.3609734 1)
(-6.1397039 9.4306619 1)
(0.19659139 11.61286 1)
(13.751828 -4.8609032 1)
(-9.1378726 -5.8659807 1)
(2.5066839 -1.907621 1)
(12.63464 2.0966792 1)
(9.5988729 11.33226 1)
(1.473985 0.080391355 1)
(-0.50055985 0.38186984 1)
(-0.93381213 0.37628767 1)
(9.1942354 11.15188 1)
(-3.8626492 -7.4935576 1)
(8.9927609 -7.6792421 1)
(0.70111411 1.5802911 1)
(-0.061975113 0.87116808 1)
(0.87165186 -1.1536013 1)
(3.5814855 1.9393573 1)
(0.5717687 1.324435 1)
(2.1339802 -8.0837474 1)
(4.4962546 14.213652 1)
(10.874305 10.642161 1)
(4.4233964 0.3866507 1)
(8.0421284 -7.3055502 1)
(14.630852 -11.437351 1)
(1.7236444 -0.49303764 1)
(-2.4527462 14.170798 1)
(0.82240586 0.16710278 1)
(2.4973712 5.892562 1)
(19.620888 12.25562 1)
(11.330386 9.8234328 1)
(2.2290671 -14.60536 1)
(-6.8934408 -1.0294325 1)
(1.1501603 8.4277936 1)
(-9.2024439 -5.0410497 1)
(-0.70410724 0.0012744561 1)
(9.4340641 -6.6814003 1)
(5.8182072 5.362819 1)
(10.975378 9.9619137 1)
(7.347218 5.8170436 1)
(3.2968419 -1.8576071 1)
(0.94753232 -6.9763928 1)
(-9.2263496 12.506672 1)
(13.366671 13.27299 1)
(9.0553585 -7.2674502 1)
(18.016808 -3.6253385 1)
(4.3774544 0.11759199 1)
(4.3906403 -3.0014997 1)
(4.214642 9.9425597 1)
(-0.97462031 -7.5256543 1)
(17.595609 3.5997235 1)
(-2.1893418 3.5144333 1)
(15.087637 14.215673 1)
(-7.856546 -12.942662 1)
(1.9462901 -2.0756625 1)
(-7.6543744 0.8249423 1)
(4.9283955 -10.42969 1)
(11.229268 -5.7366012 1)
(-2.2234319 -10.610607 1)
(0.35262523 3.486845 1)
(9.4634751 0.92476927 1)
(1.1872485 -1.3181007 1)
(10.231872 10.410802 1)
(-8.4860201 0.09333319 1)
(-7.6722285 -11.08504 1)
(8.6238376 6.0650167 1)
(0.92752848 4.7623021 1)
(-4.1463719 2.9090888 1)
(4.5586062 9.7545865 1)
(6.8731954 -4.0197933 1)
(4.8164583 9.1299891 1)
(10.755541 -12.315896 1)
(18.740811 -5.5151695 1)
(3.8907613 -10.151988 1)
(-0.6148923 1.2616764 1)
(19.194768 -10.989767 1)
(0.87445167 9.3036375 1)
(11.990378 5.9870929 1)
(-3.0362614 14.172419 1)
(-2.6326833 -0.60316992 1)
(10.540011 -4.5681506 1)
(10.597943 4.923147 1)
(10.954344 5.1050203 1)
(1.9550862 0.27789236 1)
(-5.5781698 -0.0016764453 1)
(4.7891393 -2.421761 1)
(-1.5192712 0.47454457 1)
(17.261015 -13.749837 1)
(-4.3611773 -14.542721 1)
(-6.7578464 -13.808474 1)
(18.420671 -3.436801 1)
(-6.9506743 1.030742 1)
(4.0606551 -0.11120288 1)
(9.4023814 -7.0863417 1)
(1.6223803 3.3776288 1)
(19.177433 13.515575 1)
(7.4025964 13.683816 1)
(17.975746 13.337466 1)
(-2.0311214 -1.3712341 1)
(-9.1801274 -12.038197 1)
(-2.2520015 -13.539194 1)
(15.376068 5.9381586 1)
(12.106436 -1.4491519 1)
(0.70033919 1.1261986 1)
(4.9668943 14.198759 1)
(-0.71276129 -14.164871 1)
(19.616694 -4.7305042 1)
(-3.1865053 3.3731714 1)
(-1.7876187 0.17319222 1)
(3.5183027 -11.129376 1)
(3.5287619 -10.722879 1)
(-0.098717322 9.4929399 1)
(3.9496785 -6.8118377 1)
(-1.6759232 8.8903102 1)
(2.4572115 6.3372603 1)
(15.027008 -11.70947 1)
(9.6780977 -2.1142646 1)
(4.8313396 3.5331388 1)
(8.9092009 5.8626184 1)
(6.4029186 -12.200568 1)
(0.98013362 -1.551968 1)
(-1.7865415 -1.8331918 1)
(-4.7542236 0.39863184 1)
(11.597153 -5.9296747 1)
(14.455745 -4.8977465 1)
(2.0200705 -0.21235417 1)
(-0.91749059 -3.2620248 1)
(13.24532 14.646854 1)
(19.177665 2.5840378 1)
(4.8097727 3.841013 1)
(19.206874 3.0148966 1)
(4.7073652 1.5938705 1)
(0.4916062 -5.7418826 1)
(-4.6155045 -13.315862 1)
(-2.6227053 11.193374 1)
(4.7036833 0.70739262 1)
(11.3805 -1.3249403 1)
(19.627889 12.753755 1)
(-9.1547412 11.556031 1)
(15.75 14.638301 1)
(14.75 -14.638449 1)
(-0.42277171 -0.47998957 1)
(-9.1849289 -3.097231 1)
(11.577508 2.7627275 1)
(4.9550163 5.9686392 1)
(-0.90272266 0.11259894 1)
(-9.6425585 -8.75 1)
(-0.072974749 1.9701542 1)
(-2.0531625 6.1157709 1)
(3.10223 3.3940752 1)
(-7.7725717 -14.593935 1)
(5.2758635 5.3771104 1)
(-2.504626 -2.6714484 1)
(-2.7129973 5.4057063 1)
(5.019791 5.4890849 1)
(10.245986 5.1133078 1)
(4.3517034 6.3021723 1)
(-5.0266403 -13.486787 1)
(5.2001695 -2.5857819 1)
(1.0607165 -2.8678206 1)
(-5.648649 -8.9898335 1)
(-0.63978766 3.3385945 1)
(15.425041 -11.97033 1)
(-2.6175833 -10.79037 1)
(1.0461193 -10.737732 1)
(-1.6500345 5.9512052 1)
(-4.8692248 3.0677445 1)
(1.8430722 0.59178506 1)
(-0.43195027 -0.88909597 1)
(15.137125 -9.466716 1)
(-0.12388461 6.5812736 1)
(-1.7013038 -0.54065291 1)
(1.3132557 1.2489165 1)
(-0.5626733 -4.4933645 1)
(15.937063 -5.0505848 1)
(2.0995652 -2.2713811 1)
(-1.2972837 1.1799031 1)
(-7.4918922 -3.46084 1)
(-1.4648395 -1.9237258 1)
(5.7398687 2.6879137 1)
(2.6796447 3.4876383 1)
(19.059924 -5.7501933 1)
(4.0384276 6.1774343 1)
(4.6989596 13.544022 1)
(0.56283944 9.1449086 1)
(19.271317 6.0599304 1)
(-1.1929415 9.6587435 1)
(6.0241313 2.520417 1)
(3.5073773 6.8197508 1)
(7.3543866 2.3595313 1)
(0.42572043 0.47899126 1)
(2.6280919 -3.1397134 1)
(-3.1223519 -2.4775856 1)
(3.573163 10.746533 1)
(9.7622269 13.633567 1)
(19.200739 -10.472635 1)
(3.8044584 -2.7245037 1)
(-0.72412504 0.68124544 1)
(10.895553 -4.3914061 1)
(4.5063305 5.8130034 1)
(17.988108 3.3496576 1)
(-6.9536596 -4.7443276 1)
(13.750262 -4.408951 1)
(1.020157 1.3425193 1)
(19.248303 -9.9445038 1)
(-8.6708988 13.008993 1)
(-1.5502411 -3.5110904 1)
(9.770684 1.0912176 1)
(8.8263687 -14.611079 1)
(6.7041882 14.634565 1)
(-3.9192564 -0.78360639 1)
(1.268931 -5.2824327 1)
(8.2729921 4.152608 1)
(-6.4806334 9.2042887 1)
(9.4698627 -6.2899292 1)
(11.952216 -5.3439692 1)
(-0.65905522 0.59028939 1)
(-6.9277009 3.9735068 1)
(-5.9479244 -0.54194241 1)
(11.914596 2.5469845 1)
(6.2770582 -13.126152 1)
(-0.54553568 0.84099214 1)
(1.6264856 1.6475347 1)
(-6.0592875 0.81346159 1)
(9.7171992 13.164005 1)
(9.9102361 10.662359 1)
(5.9065642 14.184796 1)
(-2.2893988 0.12316882 1)
(-2.6803341 -11.216749 1)
(5.0404166 3.3901941 1)
(-2.0508972 0.54484557 1)
(-0.73369651 1.7280462 1)
(0.31262005 -14.600875 1)
(19.635189 6.7460683 1)
(-5.3785379 -2.7064085 1)
(14.463076 -5.3388827 1)
(5.0417438 3.1209952 1)
(4.2281385 -10.365598 1)
(18.384379 3.0939605 1)
(-8.5037799 -11.83507 1)
(-7.2580809 -1.2570548 1)
(1.8042933 -8.5856137 1)
(12.261262 2.3169748 1)
(2.0165557 6.2032082 1)
(0.8102945 -4.4627883 1)
(0.89183762 -3.7115175 1)
(1.5523709 -0.031755479 1)
(2.4438237 -2.1296156 1)
(-1.534621 9.447475 1)
(0.45043765 -3.8804458 1)
(2.0169629 4.0794773 1)
(-5.6975457 -9.4436966 1)
(-6.6230036 4.8531444 1)
(-0.61144193 0.095649762 1)
(0.9010288 -12.493944 1)
(11.736232 -1.188118 1)
(-2.5010735 -1.6333166 1)
(1.1116792 -3.6322282 1)
(-2.9118851 -1.0286336 1)
(3.1837019 -13.808925 1)
(-0.79808924 12.2603 1)
(-9.6585412 -6.25 1)
(3.6110826 1.584459 1)
(1.7331546 0.70328692 1)
(19.617291 3.2025691 1)
(-6.0213889 4.8857356 1)
(2 14.236865 1)
(-0.59685446 0.22106017 1)
(-2.1888377 -1.2223388 1)
(-8.2727244 -12.601912 1)
(18.781166 12.803788 1)
(-5.4625696 13.102149 1)
(-4.369106 1.611526 1)
(4.8119863 4.1159024 1)
(-4.9195522 14.180771 1)
(-4.113796 3.1916151 1)
(1.8350448 3.449464 1)
(1.2754072 -13.801851 1)
(9.9980274 -2.3174741 1)
(6.2933864 -10.15783 1)
(3.4717264 -11.577066 1)
(3.527469 14.222368 1)
(19.181848 -4.4176114 1)
(-1.0385883 1.75216 1)
(-7.9513431 3.0504301 1)
(12.063869 -1.8247201 1)
(-2.291109 -0.40326917 1)
(0.50977655 -2.8672497 1)
(-2.5747582 8.3963334 1)
(18.820057 -3.2186393 1)
(12.933764 12.511687 1)
(0.66954028 -3.805239 1)
(8.059009 -9.7091349 1)
(-7.361725 9.5723679 1)
(11.087512 -12.591162 1)
(-5.981339 -0.8945141 1)
(-2.0222972 -14.216916 1)
(-1.3059943 -7.7292386 1)
(13.121131 -2.6372937 1)
(0.94919834 -1.2762104 1)
(7.4632107 4.9337935 1)
(12.241676 -5.1408708 1)
(-1.1359222 -0.1840103 1)
(-1.1003553 3.9212841 1)
(0.51035309 -0.35040026 1)
(0.21073475 7.043406 1)
(18.771368 2.8326139 1)
(-4.1683003 2.6492455 1)
(-6.6276435 3.7741811 1)
(11.267221 -4.2023726 1)
(-0.74253482 1.2410555 1)
(13.430673 -3.3049482 1)
(10.499119 1.1004942 1)
(-2.8900355 8.2155143 1)
(1.7445225 1.5438393 1)
(-1.3836984 -8.1601023 1)
(12.965087 2.2592225 1)
(13.421633 -3.7461085 1)
(1.8187349 6.3766916 1)
(-3.1069333 -11.39223 1)
(-0.72614826 -1.20245 1)
(-0.03597106 -1.5198419 1)
(-5.0442477 -0.01781246 1)
(0.55330606 0.27750571 1)
(0.37304223 -4.41934 1)
(7.9978056 4.3061413 1)
(16.230073 5.9734857 1)
(6.5226496 -2.1896763 1)
(-5.8196728 -3.0158411 1)
(0.40156388 13.760299 1)
(0.56109146 -1.5300438 1)
(-8.7381876 7.5363008 1)
(14.535479 -12.917295 1)
(1.612132 6.8230089 1)
(-0.70404541 -0.51990313 1)
(9.1235274 2.1561015 1)
(-0.37075098 -0.60133501 1)
(-4.2815842 13.784543 1)
(-1.9734109 8.386422 1)
(19.198681 -12.898527 1)
(0.43419146 -3.0827077 1)
(-0.10112823 -0.804565 1)
(-4.5216777 -4.4496336 1)
(1.019487 -12.104833 1)
(15.507028 -10.163468 1)
(-5.1382345 2.9117525 1)
(0.11500556 -2.4533807 1)
(12.742453 -5.4569819 1)
(-0.5719065 0.7495784 1)
(5.4747301 -4.1701857 1)
(-6.6265115 4.4629972 1)
(-8.7429337 -14.6685 1)
(1.0675056 -5.7174104 1)
(9.1875634 9.3747286 1)
(7.0949684 -7.4412543 1)
(18.789675 -4.1443162 1)
(-2.9124474 5.2389779 1)
(3.400412 -12.048832 1)
(1.0232503 -11.172752 1)
(-5.6671766 1.1056995 1)
(0.23212887 9.3244567 1)
(-1.0252542 0.073642283 1)
(0.74769033 -0.52484605 1)
(13.310001 2.0283491 1)
(-6.8948287 9.3983608 1)
(-8.7287692 14.676077 1)
(-4.0630796 -4.352375 1)
(0.31799651 -1.0353704 1)
(0.80307652 7.0238619 1)
(19.631712 6.2484003 1)
(4.5846522 -10.591739 1)
(4.9373402 0.78136547 1)
(-6.1255578 -9.6578982 1)
(-0.7226336 0.22645078 1)
(11.548731 -13.330062 1)
(-5.3784375 4.2924305 1)
(0.75921975 -1.6372699 1)
(-3.0117937 1.3568723 1)
(-0.63509525 -0.55843193 1)
(19.664682 -13.75 1)
(5.3733323 -0.44177553 1)
(14.812183 -5.5943925 1)
(2.7490418 6.9937145 1)
(11.619529 5.8327019 1)
(3.5641785 11.148565 1)
(-8.3982443 -13.505859 1)
(16.588275 6.1127759 1)
(6.2599942 -10.572663 1)
(-0.40245096 12.471173 1)
(3.222244 7.00416 1)
(8.3959719 -9.9635361 1)
(-4.0557795 7.639799 1)
(19.197069 8.1010121 1)
(0.0011508667 -0.89706835 1)
(13.06593 -6.0189795 1)
(0.40439582 -4.1548465 1)
(3.9727606 1.5963516 1)
(0.052642414 -0.55664793 1)
(-3.7633046 -4.2019463 1)
(10.310114 -2.5242915 1)
(-4.3083053 11.020436 1)
(10.83053 5.4302468 1)
(-5.494319 13.605468 1)
(1.0364656 -1.3905267 1)
(-3.5188467 0.54842024 1)
(11.443803 0.524145 1)
(0.37775195 3.6874576 1)
(18.866067 -2.706869 1)
(17.394664 0.0053031912 1)
(0.46141435 -13.135141 1)
(0.0602581 0.62831852 1)
(1.3282616 -3.5447708 1)
(-7.8029434 14.606041 1)
(-8.1373351 -3.3305706 1)
(4.8224942 2.5108381 1)
(-3.8349984 3.6680948 1)
(1.0021313 -11.616521 1)
(14.817758 -6.0570136 1)
(1.8219898 4.2265636 1)
(-5.2877548 0.15074273 1)
(0.72873113 -6.4120048 1)
(1.3374747 6.7097849 1)
(-8.7647294 3.0710287 1)
(1.2939179 4.4668939 1)
(2.9992032 -12.209306 1)
(1.4919834 1.7564697 1)
(-2.5638154 6.117685 1)
(-7.1139402 8.4209652 1)
(-8.275573 13.788767 1)
(1.072856 6.869754 1)
(8.3736356 -10.363634 1)
(17.065198 13.340002 1)
(-2.5337492 3.6640397 1)
(-8.6533695 -7.8102851 1)
(10.852381 1.2612731 1)
(4.8133074 4.3645162 1)
(5.1968183 -14.65618 1)
(-3.1922075 8.0373206 1)
(4.6623914 -2.8723826 1)
(-4.3181752 -1.7013404 1)
(0.46055439 -6.0498653 1)
(6.3233116 3.1863221 1)
(-0.87193713 7.9373516 1)
(-6.8843617 -1.7466205 1)
(-0.13741268 -0.62743568 1)
(0.47071586 -1.7471729 1)
(14.076878 14.187842 1)
(18.731677 8.8548799 1)
(-4.8018771 -1.7841448 1)
(7.4528845 -7.6742754 1)
(-0.04361221 -2.4948954 1)
(18.800593 -3.692893 1)
(0.72383179 4.9118142 1)
(-0.063684824 5.2683927 1)
(10.13967 13.760996 1)
(5.2235552 -4.3032682 1)
(2.9276102 7.1881962 1)
(1.62718 -0.14066869 1)
(5.5094819 1.0922872 1)
(-6.5635846 -9.8820096 1)
(6.5263723 -14.237614 1)
(6.3390719 -12.665401 1)
(15.92612 -9.9980835 1)
(-4.7927974 0.091952 1)
(0.52806469 6.9061478 1)
(-0.60405173 -4.7539912 1)
(0.12346084 -2.9343882 1)
(-9.6406088 -9.2204321 1)
(-9.2043732 -5.4737776 1)
(1.2787089 -2.5832162 1)
(1.7994771 5.2289726 1)
(9.4638396 -14.216275 1)
(9.3159578 6.0708133 1)
(-0.41585099 0.76056754 1)
(-4.1649081 -7.3459203 1)
(-7.3451552 -2.1368285 1)
(-4.2952478 -6.014107 1)
(1.2350063 1.770226 1)
(18.249362 -13.815247 1)
(-9.2488425 8.0639707 1)
(-2.8355198 2.2373728 1)
(2.6900842 0.84572657 1)
(5.191071 0.87455031 1)
(-0.28035573 0.55332708 1)
(-7.3157648 -4.95824 1)
(2.8712365 3.3147645 1)
(-1.0773859 14.206533 1)
(-3.1782348 3.612936 1)
(-4.1311884 -6.9541723 1)
(10.834851 13.765986 1)
(-0.95883492 -0.068137278 1)
(-1.8438788 -2.0483015 1)
(0.7727544 -0.43884526 1)
(0.90931196 -13.691418 1)
(5.7300652 3.5620178 1)
(-5.0868791 -1.581491 1)
(-3.5169572 3.9057953 1)
(-7.3872207 -2.5573216 1)
(0.13851366 1.8639678 1)
(-5.6681611 -1.1550305 1)
(13.796231 -6.1553035 1)
(1.2524537 -0.87933857 1)
(5.2059482 -4.639047 1)
(-1.9211092 1.0598884 1)
(-2.8383224 6.2745996 1)
(15.14905 -6.2448536 1)
(0.80534325 -5.5615191 1)
(15.737537 -14.676215 1)
(-8.453804 -5.9766627 1)
(6.6469725 0.3401916 1)
(18.842551 4.2357849 1)
(0.10118308 6.6257902 1)
(10.632356 -2.7367731 1)
(-0.2414615 0.83079028 1)
(-1.8527812 13.786302 1)
(-0.64758418 -4.0832145 1)
(9.7120709 2.1788143 1)
(-0.8943273 2.4266515 1)
(-0.40093472 14.206784 1)
(-8.0081195 0.64933833 1)
(12.480156 -2.4076534 1)
(16.606018 14.192615 1)
(-1.9088325 0.42623289 1)
(7.7244478 4.8235941 1)
(5.4967847 -2.4513871 1)
(19.272669 6.997251 1)
(18.610054 -13.180166 1)
(-3.1213038 6.4565702 1)
(3.2273774 11.347217 1)
(-0.6933203 -0.14541632 1)
(-3.6268608 -14.621024 1)
(3.1342955 -3.4278366 1)
(-0.067599987 -0.62064131 1)
(12.674253 -5.7963303 1)
(12.012599 -2.1463416 1)
(4.06653 -3.9278483 1)
(7.4250243 -3.9398417 1)
(1.2179405 2.0176637 1)
(-0.54336228 -0.29598242 1)
(13.779804 -6.593825 1)
(19.362142 0.1582243 1)
(0.54419682 -0.27728213 1)
(0.7248007 0.34557487 1)
(-4.085769 -6.5695682 1)
(19.268859 -2.5354904 1)
(11.234397 4.8537195 1)
(5.2077134 -4.995333 1)
(7.881508 9.741389 1)
(5.2971495 -10.66829 1)
(0.45935759 -0.63200565 1)
(1.8488823 0.34710914 1)
(-3.9284822 -9.8456572 1)
(-0.70832419 2.5050202 1)
(-3.864016 0.44753895 1)
(3.4313634 -1.9940587 1)
(1.8444992 1.4539343 1)
(0.90599043 0.18769658 1)
(0.50681091 0.35001933 1)
(0.83395166 1.2515281 1)
(12.851671 14.038526 1)
(-6.6093794 -10.324907 1)
(-1.9405349 0.14062971 1)
(-2.9068561 -1.3677873 1)
(7.7353031 4.4856926 1)
(9.4665551 14.276406 1)
(-8.5020693 -3.4957749 1)
(6.8101908 -2.6926639 1)
(6.6104046 0.0063513543 1)
(0.35960933 0.66957276 1)
(19.632223 0.86299111 1)
(-7.4228235 -3.0013705 1)
(-3.080155 2.1318964 1)
(1.528053 -2.7452064 1)
(1.5164365 0.80223607 1)
(-0.54454141 3.203796 1)
(1.5946031 0.68103323 1)
(0.27684766 0.54334414 1)
(1.245989 -1.1520738 1)
(0.64944528 2.5387891 1)
(-1.4147851 4.0618117 1)
(-3.5119572 7.8261897 1)
(-1.081923 3.0263204 1)
(-0.29539589 -1.0045601 1)
(2.4229465 -1.2223148 1)
(13.378523 -7.2583716 1)
(0.34316645 -0.62118918 1)
(10.921945 -2.9338399 1)
(3.6312886 -14.635525 1)
(4.5888565 2.6668754 1)
(-1.3555771 2.9243847 1)
(0.67747282 1.3217191 1)
(12.02163 12.51347 1)
(-5.366983 2.7655408 1)
(-9.2512672 -11.553334 1)
(7.8756204 -14.207289 1)
(-1.0845004 0.13927495 1)
(-3.5765471 13.775094 1)
(2.036784 -6.3801597 1)
(5.170405 -0.033908635 1)
(9.3050868 6.3765261 1)
(19.242191 13.003626 1)
(11.239787 12.993985 1)
(-4.9295202 -4.1123924 1)
(8.7424688 -10.623217 1)
(0.083331746 -0.88990294 1)
(1.0814419 2.1339637 1)
(-5.5590504 -0.26962968 1)
(13.421804 -5.8818601 1)
(0.4977091 -6.3292211 1)
(1.6476825 -0.60151073 1)
(6.5866532 -0.30782772 1)
(0.20675134 3.8327394 1)
(-4.1235576 -0.35000734 1)
(3.1929311 -0.31388165 1)
(-1.9311852 8.7641825 1)
(5.9174457 -13.324728 1)
(-5.3729305 -1.375686 1)
(-0.27642001 -0.54250481 1)
(16.310342 -10.255853 1)
(1.8133065 -8.9490338 1)
(-7.3010328 0.8658166 1)
(1.542406 -3.4579463 1)
(11.280894 5.6868655 1)
(7.5041458 -4.4478712 1)
(-0.062450694 5.0400527 1)
(-1.3806021 1.2923661 1)
(18.865045 4.6956417 1)
(1.9726828 -11.777401 1)
(0.57662885 -1.2671879 1)
(-3.3130537 11.152586 1)
(5.6755 -10.92153 1)
(-0.036945433 -3.0153686 1)
(7.3244664 -13.816198 1)
(-9.6339746 -14.633975 1)
(-9.6339746 14.633975 1)
(19.633975 14.633975 1)
(19.633975 -14.633975 1)
(-9.6847109 8.7131432 1)
(0.46013212 0.41841874 1)
(8.2066908 9.8905115 1)
(1.4098205 -12.155834 1)
(-0.930952 1.5277883 1)
(-1.2224232 1.7074797 1)
(-5.4487166 -3.3699198 1)
(17.401377 6.0348796 1)
(5.4773678 -5.1723141 1)
(2.7283106 1.0152298 1)
(0.5282836 5.0505896 1)
(7.7690121 13.846499 1)
(5.5164406 -3.8774656 1)
(1.6289975 4.3630067 1)
(-8.8254505 -5.7062872 1)
(0.59975031 0.1041078 1)
(-5.1574159 -3.6023224 1)
(19.256691 7.4549177 1)
(0.59500041 -0.089127362 1)
(-6.6628598 -10.733291 1)
(3.1215206 -14.209897 1)
(-0.88849838 -1.4258621 1)
(-0.053762104 2.7213299 1)
(4.6815853 -2.6281395 1)
(19.648739 -2.3787006 1)
(-0.21894085 0.91751328 1)
(1.1925342 -4.2322094 1)
(12.807826 8.5278971 1)
(-3.1689143 1.4932912 1)
(3.5928086 2.9339291 1)
(2.3948247 7.2255626 1)
(-0.24514447 2.4991409 1)
(-4.0280301 -6.225483 1)
(-0.5212336 2.5754121 1)
(-3.401907 5.3167524 1)
(-3.1029683 6.7264653 1)
(-4.5566446 -0.40882177 1)
(13.337492 7.2035766 1)
(17.814625 -0.24089416 1)
(-0.38906647 9.3373129 1)
(0.026473702 0.68671647 1)
(2.8093046 -3.2865626 1)
(5.522041 1.3989472 1)
(-7.8791339 -13.934631 1)
(-7.6849589 5.3232196 1)
(2.7047139 3.684326 1)
(12.718298 7.0603737 1)
(-9.2008118 -10.903122 1)
(3.1846028 1.1031288 1)
(-0.76718861 -0.46462059 1)
(-4.8919436 -3.8100438 1)
(4.8610408 2.1126803 1)
(5.9266242 -14.38213 1)
(8.4993559 14.289714 1)
(3.6849178 0.55656017 1)
(-0.18753513 0.57717379 1)
(9.7414013 1.6855182 1)
(6.5658967 -0.57071107 1)
(-1.0120363 -2.3277829 1)
(11.244031 -3.5334579 1)
(-1.6586252 0.43120374 1)
(12.921054 -7.6514694 1)
(1.7778958 -0.13327518 1)
(-9.2677395 -0.042237295 1)
(8.3458767 1.8903446 1)
(7.2589254 -2.5579407 1)
(-0.5850321 -0.18274025 1)
(5.8647959 -13.756166 1)
(-7.2506993 5.6930134 1)
(-7.7091682 6.4531744 1)
(15.618819 6.1519747 1)
(-6.9896476 -5.5071747 1)
(-4.6003369 -5.8309854 1)
(-4.2557728 7.8244788 1)
(-7.0064991 7.4583842 1)
(2.07476 3.1769183 1)
(4.7164292 13.904257 1)
(19.695012 -9.286163 1)
(18.263229 -0.48540085 1)
(16.679677 -10.498985 1)
(12.317903 0.83917074 1)
(4.1447789 2.7251286 1)
(3.4333395 -3.2352796 1)
(5.6224667 -3.422502 1)
(-3.4828909 -2.7550377 1)
(-8.338298 14.172173 1)
(0.68369256 0.55131208 1)
(-3.9909638 -10.33825 1)
(9.108397 -10.867664 1)
(-0.87966944 1.6798392 1)
(-7.3095429 7.2216887 1)
(-7.2236072 6.0491038 1)
(13.421631 6.6028552 1)
(19.231824 4.9256642 1)
(4.3433072 2.5901354 1)
(-1.5960599 -0.79789068 1)
(0.94366979 2.2483751 1)
(-3.9564364 4.9778455 1)
(13.381386 8.3051759 1)
(13.659411 1.7972464 1)
(-1.0778502 3.1905055 1)
(0.64470438 -0.15694184 1)
(-1.0526255 2.3590195 1)
(-0.91472543 8.4149379 1)
(0.74124602 1.2361216 1)
(-7.258985 6.8621299 1)
(11.799817 0.65861087 1)
(-0.65281126 -0.04968208 1)
(1.6678902 -2.4625743 1)
(0.22960777 0.58102048 1)
(-2.270727 -13.912458 1)
(8.0199704 -4.3146727 1)
(-9.0152905 11.223455 1)
(1.5584905 -9.4776883 1)
(-5.9286687 14.231955 1)
(13.639382 -13.734579 1)
(-7.056239 -10.894862 1)
(0.28050145 -1.6216836 1)
(-3.6881614 5.1382849 1)
(14.849134 6.20398 1)
(-5.8052511 -13.814838 1)
(4.0030253 -2.8366519 1)
(16.856742 6.3168786 1)
(17.036238 -13.463911 1)
(-0.2056902 1.9395891 1)
(-3.4545271 7.0085065 1)
(-0.065860842 0.94764098 1)
(-0.85848079 3.2751846 1)
(14.081551 6.6541112 1)
(0.63163897 -0.034905737 1)
(-0.091746002 0.60075118 1)
(6.6397736 0.66134512 1)
(-4.8137069 -0.22273377 1)
(2.6284772 0.019493509 1)
(1.1625994 -1.0531413 1)
(-7.9752169 -14.262017 1)
(1.9402166 -2.6105433 1)
(-6.0263271 5.2589789 1)
(1.9298362 -0.11985421 1)
(1.4920509 -4.0925501 1)
(10.99453 -14.295744 1)
(-6.6294034 14.218543 1)
(-0.83262785 1.3448728 1)
(-1.7931949 1.4739333 1)
(0.78134462 0.38742334 1)
(-7.2976515 4.5069868 1)
(5.7127829 -5.3295494 1)
(18.861963 8.1994814 1)
(-3.6509125 11.32766 1)
(19.63478 -8.631909 1)
(9.9965008 1.5399331 1)
(-0.53386015 0.31692368 1)
(18.704796 -0.28333631 1)
(0.75353114 0.46263562 1)
(1.1812087 -9.6408089 1)
(-8.7925653 13.343904 1)
(3.4794771 0.4688316 1)
(3.2414215 -0.049204745 1)
(-6.8606349 -14.214466 1)
(-1.0786492 -8.8714461 1)
(-0.37269528 -0.7289562 1)
(13.325394 -6.9669287 1)
(12.246986 5.0450865 1)
(14.061571 6.271485 1)
(-6.8633395 4.2786855 1)
(11.929498 9.9680303 1)
(5.3031796 -1.9822067 1)
(-0.35751866 0.57014123 1)
(13.572351 8.9324193 1)
(-1.1250813 -9.2528759 1)
(-9.23277 7.1290024 1)
(-0.69863212 -9.6292922 1)
(0.8075715 2.358206 1)
(1.8490379 -0.48220157 1)
(-9.6488251 9.3917473 1)
(7.3986593 -3.0530651 1)
(12.708084 -2.2263584 1)
(2.9057132 1.0797153 1)
(0.12564467 0.63689759 1)
(3.7210093 -4.0868658 1)
(14.01221 1.5660688 1)
(-9.7274094 -6.7434147 1)
(-2.4395597 0.084110058 1)
(0.18232407 -1.5413497 1)
(17.074565 -10.310992 1)
(-2.6373883 3.3249121 1)
(0.052228824 3.9473839 1)
(3.352548 0.95421897 1)
(9.9903941 1.2491643 1)
(3.9419492 2.8726186 1)
(1.9919777 -14.304497 1)
(5.894561 -3.3266834 1)
(6.7998976 -1.0655562 1)
(2.6038121 -0.17855093 1)
(18.630935 5.7756767 1)
(0.35803959 -1.127535 1)
(0.81280929 -0.58409228 1)
(-4.8920328 -5.9695475 1)
(-3.9878713 0.59628235 1)
(1.3115209 14.223224 1)
(8.6400869 2.0416121 1)
(2.8593241 14.229524 1)
(8.2775181 -4.5229351 1)
(-7.4339402 8.5381147 1)
(2.203828 11.15235 1)
(0.87462029 -0.12649505 1)
(-7.4545805 8.9641076 1)
(-0.99299796 -0.9472964 1)
(-7.8663262 -10.802124 1)
(12.680267 7.5866131 1)
(-9.3263856 -0.49486719 1)
(0.98099916 -12.813646 1)
(-7.0339895 7.8415518 1)
(9.4813761 -11.111162 1)
(-0.070518234 4.8294386 1)
(-9.2440495 -9.7927878 1)
(-2.3145422 -0.57464148 1)
(15.403412 -6.4249566 1)
(12.69321 7.9833764 1)
(0.62253735 1.651037 1)
(19.241357 5.3578509 1)
(-0.68902371 9.4825211 1)
(-0.34703071 3.4646918 1)
(19.063779 -0.062152348 1)
(1.7285309 -3.3691139 1)
(5.7515077 2.905862 1)
(7.3948173 14.652056 1)
(5.6965859 -5.617459 1)
(2.6608699 0.20161899 1)
(15.508815 14.329172 1)
(-0.98952098 -8.579502 1)
(-3.6904595 -11.081059 1)
(16.417132 -13.755157 1)
(12.617109 0.61722009 1)
(-3.7764683 7.5735605 1)
(0.20050725 12.239528 1)
(6.9646134 1.9406013 1)
(-0.64851325 -5.0388315 1)
(1.6789792 -0.86776634 1)
(-0.5866448 -1.6762241 1)
(-1.2563913 1.5649443 1)
(6.3632304 1.0423973 1)
(0.84931647 -9.4240857 1)
(4.8081629 1.8703028 1)
(1.698413 -11.976851 1)
(-1.0812247 -14.265239 1)
(7.6505157 -3.2566041 1)
(-1.4516283 3.0401017 1)
(7.6178354 2.2313012 1)
(-2.3352977 -3.0617125 1)
(0.69577256 -6.8456293 1)
(0.92288757 1.2955042 1)
(-2.3588065 1.9489765 1)
(10.158758 -14.227165 1)
(11.422526 -12.671594 1)
(0.0044948945 -9.7082685 1)
(-0.49018739 -0.35166423 1)
(-9.0328015 -1.7028929 1)
(-2.1968969 5.9506521 1)
(-1.4869727 9.0853146 1)
(4.7916251 9.6367942 1)
(-1.0453423 -2.5342302 1)
(9.8554645 -11.33123 1)
(14.464929 -14.289025 1)
(3.5111357 0.80922716 1)
(5.7382493 0.33351233 1)
(14.164215 8.7307656 1)
(-3.120757 -13.840062 1)
(12.715576 4.7891667 1)
(6.5851061 2.7575266 1)
(-1.1546885 8.4893369 1)
(-2.3490517 -1.2527435 1)
(-5.1150022 -13.840419 1)
(-4.6291484 -14.245864 1)
(-4.121869 -0.70590282 1)
(-0.029618131 2.9792073 1)
(-6.0185049 5.59928 1)
(14.327272 1.324437 1)
(-9.0959862 -2.3217261 1)
(5.3235229 1.535056 1)
(-0.40838967 -0.41231292 1)
(13.258611 -13.856689 1)
(5.4215798 3.1323016 1)
(17.639441 6.2447694 1)
(15.150882 -6.5682096 1)
(-4.177727 2.4283669 1)
(19.698569 0.20391317 1)
(-2.5332477 -1.7952121 1)
(7.0378679 -1.2484631 1)
(6.7424271 -2.2398755 1)
(0.51347538 -9.5817123 1)
(-3.3403741 2.6141774 1)
(10.110253 -11.138611 1)
(-3.4030884 2.2867729 1)
(3.7410068 3.0218851 1)
(0.17936858 0.55010503 1)
(1.2940196 11.251571 1)
(-1.509779 3.7302191 1)
(-0.20137529 4.1812297 1)
(-1.8246712 -0.91500809 1)
(2.0892487 4.9859929 1)
(-9.3249961 9.5017668 1)
(0.23162597 -1.027297 1)
(-5.6157508 4.1440213 1)
(-1.2179632 8.9753035 1)
(-3.0767921 2.9259972 1)
(0.29064036 0.7743767 1)
(-0.18706911 2.6751273 1)
(0.073744272 -1.5737601 1)
(5.2968223 1.9252227 1)
(14.687439 -6.8867827 1)
(-0.21977526 3.1359868 1)
(2.647601 7.749972 1)
(-2.7717688 -1.9498139 1)
(1.1930343 0.55400543 1)
(11.346504 1.021408 1)
(5.7206123 0.73323529 1)
(-0.99702544 -1.482195 1)
(-1.0215807 4.2567974 1)
(-8.4598585 -7.1871852 1)
(2.5537064 -0.36649197 1)
(2.1446894 -9.1344161 1)
)


// ************************************************************************* //
