/*--------------------------------*- C++ -*----------------------------------*\
  =========                 |
  \\      /  F ield         | OpenFOAM: The Open Source CFD Toolbox
   \\    /   O peration     | Website:  https://openfoam.org
    \\  /    A nd           | Version:  10
     \\/     M anipulation  |
\*---------------------------------------------------------------------------*/
FoamFile
{
    format      ascii;
    class       faceList;
    location    "constant/polyMesh";
    object      faces;
}
// * * * * * * * * * * * * * * * * * * * * * * * * * * * * * * * * * * * * * //


20672
(
4(1 18 307 290)
4(17 306 307 18)
4(0 1 290 289)
4(2 19 308 291)
4(18 307 308 19)
4(1 2 291 290)
4(3 20 309 292)
4(19 308 309 20)
4(2 3 292 291)
4(4 21 310 293)
4(20 309 310 21)
4(3 4 293 292)
4(5 22 311 294)
4(21 310 311 22)
4(4 5 294 293)
4(6 23 312 295)
4(22 311 312 23)
4(5 6 295 294)
4(7 24 313 296)
4(23 312 313 24)
4(6 7 296 295)
4(8 25 314 297)
4(24 313 314 25)
4(7 8 297 296)
4(9 26 315 298)
4(25 314 315 26)
4(8 9 298 297)
4(10 27 316 299)
4(26 315 316 27)
4(9 10 299 298)
4(11 28 317 300)
4(27 316 317 28)
4(10 11 300 299)
4(12 29 318 301)
4(28 317 318 29)
4(11 12 301 300)
4(13 30 319 302)
4(29 318 319 30)
4(12 13 302 301)
4(14 31 320 303)
4(30 319 320 31)
4(13 14 303 302)
4(15 32 321 304)
4(31 320 321 32)
4(14 15 304 303)
4(32 321 322 33)
4(15 16 305 304)
4(16 33 322 305)
4(18 35 324 307)
4(34 323 324 35)
4(19 36 325 308)
4(35 324 325 36)
4(20 37 326 309)
4(36 325 326 37)
4(21 38 327 310)
4(37 326 327 38)
4(22 39 328 311)
4(38 327 328 39)
4(23 40 329 312)
4(39 328 329 40)
4(24 41 330 313)
4(40 329 330 41)
4(25 42 331 314)
4(41 330 331 42)
4(26 43 332 315)
4(42 331 332 43)
4(27 44 333 316)
4(43 332 333 44)
4(28 45 334 317)
4(44 333 334 45)
4(29 46 335 318)
4(45 334 335 46)
4(30 47 336 319)
4(46 335 336 47)
4(31 48 337 320)
4(47 336 337 48)
4(32 49 338 321)
4(48 337 338 49)
4(49 338 339 50)
4(33 50 339 322)
4(35 52 341 324)
4(51 340 341 52)
4(36 53 342 325)
4(52 341 342 53)
4(37 54 343 326)
4(53 342 343 54)
4(38 55 344 327)
4(54 343 344 55)
4(39 56 345 328)
4(55 344 345 56)
4(40 57 346 329)
4(56 345 346 57)
4(41 58 347 330)
4(57 346 347 58)
4(42 59 348 331)
4(58 347 348 59)
4(43 60 349 332)
4(59 348 349 60)
4(44 61 350 333)
4(60 349 350 61)
4(45 62 351 334)
4(61 350 351 62)
4(46 63 352 335)
4(62 351 352 63)
4(47 64 353 336)
4(63 352 353 64)
4(48 65 354 337)
4(64 353 354 65)
4(49 66 355 338)
4(65 354 355 66)
4(66 355 356 67)
4(50 67 356 339)
4(52 69 358 341)
4(68 357 358 69)
4(53 70 359 342)
4(69 358 359 70)
4(54 71 360 343)
4(70 359 360 71)
4(55 72 361 344)
4(71 360 361 72)
4(56 73 362 345)
4(72 361 362 73)
4(57 74 363 346)
4(73 362 363 74)
4(58 75 364 347)
4(74 363 364 75)
4(59 76 365 348)
4(75 364 365 76)
4(60 77 366 349)
4(76 365 366 77)
4(61 78 367 350)
4(77 366 367 78)
4(62 79 368 351)
4(78 367 368 79)
4(63 80 369 352)
4(79 368 369 80)
4(64 81 370 353)
4(80 369 370 81)
4(65 82 371 354)
4(81 370 371 82)
4(66 83 372 355)
4(82 371 372 83)
4(83 372 373 84)
4(67 84 373 356)
4(69 86 375 358)
4(85 374 375 86)
4(70 87 376 359)
4(86 375 376 87)
4(71 88 377 360)
4(87 376 377 88)
4(72 89 378 361)
4(88 377 378 89)
4(73 90 379 362)
4(89 378 379 90)
4(74 91 380 363)
4(90 379 380 91)
4(75 92 381 364)
4(91 380 381 92)
4(76 93 382 365)
4(92 381 382 93)
4(77 94 383 366)
4(93 382 383 94)
4(78 95 384 367)
4(94 383 384 95)
4(79 96 385 368)
4(95 384 385 96)
4(80 97 386 369)
4(96 385 386 97)
4(81 98 387 370)
4(97 386 387 98)
4(82 99 388 371)
4(98 387 388 99)
4(83 100 389 372)
4(99 388 389 100)
4(100 389 390 101)
4(84 101 390 373)
4(86 103 392 375)
4(102 391 392 103)
4(87 104 393 376)
4(103 392 393 104)
4(88 105 394 377)
4(104 393 394 105)
4(89 106 395 378)
4(105 394 395 106)
4(90 107 396 379)
4(106 395 396 107)
4(91 108 397 380)
4(107 396 397 108)
4(92 109 398 381)
4(108 397 398 109)
4(93 110 399 382)
4(109 398 399 110)
4(94 111 400 383)
4(110 399 400 111)
4(95 112 401 384)
4(111 400 401 112)
4(96 113 402 385)
4(112 401 402 113)
4(97 114 403 386)
4(113 402 403 114)
4(98 115 404 387)
4(114 403 404 115)
4(99 116 405 388)
4(115 404 405 116)
4(100 117 406 389)
4(116 405 406 117)
4(117 406 407 118)
4(101 118 407 390)
4(103 120 409 392)
4(119 408 409 120)
4(104 121 410 393)
4(120 409 410 121)
4(105 122 411 394)
4(121 410 411 122)
4(106 123 412 395)
4(122 411 412 123)
4(107 124 413 396)
4(123 412 413 124)
4(108 125 414 397)
4(124 413 414 125)
4(109 126 415 398)
4(125 414 415 126)
4(110 127 416 399)
4(126 415 416 127)
4(111 128 417 400)
4(127 416 417 128)
4(112 129 418 401)
4(128 417 418 129)
4(113 130 419 402)
4(129 418 419 130)
4(114 131 420 403)
4(130 419 420 131)
4(115 132 421 404)
4(131 420 421 132)
4(116 133 422 405)
4(132 421 422 133)
4(117 134 423 406)
4(133 422 423 134)
4(134 423 424 135)
4(118 135 424 407)
4(120 137 426 409)
4(136 425 426 137)
4(121 138 427 410)
4(137 426 427 138)
4(122 139 428 411)
4(138 427 428 139)
4(123 140 429 412)
4(139 428 429 140)
4(124 141 430 413)
4(140 429 430 141)
4(125 142 431 414)
4(141 430 431 142)
4(126 143 432 415)
4(142 431 432 143)
4(127 144 433 416)
4(143 432 433 144)
4(128 145 434 417)
4(144 433 434 145)
4(129 146 435 418)
4(145 434 435 146)
4(130 147 436 419)
4(146 435 436 147)
4(131 148 437 420)
4(147 436 437 148)
4(132 149 438 421)
4(148 437 438 149)
4(133 150 439 422)
4(149 438 439 150)
4(134 151 440 423)
4(150 439 440 151)
4(151 440 441 152)
4(135 152 441 424)
4(137 154 443 426)
4(153 442 443 154)
4(138 155 444 427)
4(154 443 444 155)
4(139 156 445 428)
4(155 444 445 156)
4(140 157 446 429)
4(156 445 446 157)
4(141 158 447 430)
4(157 446 447 158)
4(142 159 448 431)
4(158 447 448 159)
4(143 160 449 432)
4(159 448 449 160)
4(144 161 450 433)
4(160 449 450 161)
4(145 162 451 434)
4(161 450 451 162)
4(146 163 452 435)
4(162 451 452 163)
4(147 164 453 436)
4(163 452 453 164)
4(148 165 454 437)
4(164 453 454 165)
4(149 166 455 438)
4(165 454 455 166)
4(150 167 456 439)
4(166 455 456 167)
4(151 168 457 440)
4(167 456 457 168)
4(168 457 458 169)
4(152 169 458 441)
4(154 171 460 443)
4(170 459 460 171)
4(155 172 461 444)
4(171 460 461 172)
4(156 173 462 445)
4(172 461 462 173)
4(157 174 463 446)
4(173 462 463 174)
4(158 175 464 447)
4(174 463 464 175)
4(159 176 465 448)
4(175 464 465 176)
4(160 177 466 449)
4(176 465 466 177)
4(161 178 467 450)
4(177 466 467 178)
4(162 179 468 451)
4(178 467 468 179)
4(163 180 469 452)
4(179 468 469 180)
4(164 181 470 453)
4(180 469 470 181)
4(165 182 471 454)
4(181 470 471 182)
4(166 183 472 455)
4(182 471 472 183)
4(167 184 473 456)
4(183 472 473 184)
4(168 185 474 457)
4(184 473 474 185)
4(185 474 475 186)
4(169 186 475 458)
4(171 188 477 460)
4(187 476 477 188)
4(172 189 478 461)
4(188 477 478 189)
4(173 190 479 462)
4(189 478 479 190)
4(174 191 480 463)
4(190 479 480 191)
4(175 192 481 464)
4(191 480 481 192)
4(176 193 482 465)
4(192 481 482 193)
4(177 194 483 466)
4(193 482 483 194)
4(178 195 484 467)
4(194 483 484 195)
4(179 196 485 468)
4(195 484 485 196)
4(180 197 486 469)
4(196 485 486 197)
4(181 198 487 470)
4(197 486 487 198)
4(182 199 488 471)
4(198 487 488 199)
4(183 200 489 472)
4(199 488 489 200)
4(184 201 490 473)
4(200 489 490 201)
4(185 202 491 474)
4(201 490 491 202)
4(202 491 492 203)
4(186 203 492 475)
4(188 205 494 477)
4(204 493 494 205)
4(189 206 495 478)
4(205 494 495 206)
4(190 207 496 479)
4(206 495 496 207)
4(191 208 497 480)
4(207 496 497 208)
4(192 209 498 481)
4(208 497 498 209)
4(193 210 499 482)
4(209 498 499 210)
4(194 211 500 483)
4(210 499 500 211)
4(195 212 501 484)
4(211 500 501 212)
4(196 213 502 485)
4(212 501 502 213)
4(197 214 503 486)
4(213 502 503 214)
4(198 215 504 487)
4(214 503 504 215)
4(199 216 505 488)
4(215 504 505 216)
4(200 217 506 489)
4(216 505 506 217)
4(201 218 507 490)
4(217 506 507 218)
4(202 219 508 491)
4(218 507 508 219)
4(219 508 509 220)
4(203 220 509 492)
4(205 222 511 494)
4(221 510 511 222)
4(206 223 512 495)
4(222 511 512 223)
4(207 224 513 496)
4(223 512 513 224)
4(208 225 514 497)
4(224 513 514 225)
4(209 226 515 498)
4(225 514 515 226)
4(210 227 516 499)
4(226 515 516 227)
4(211 228 517 500)
4(227 516 517 228)
4(212 229 518 501)
4(228 517 518 229)
4(213 230 519 502)
4(229 518 519 230)
4(214 231 520 503)
4(230 519 520 231)
4(215 232 521 504)
4(231 520 521 232)
4(216 233 522 505)
4(232 521 522 233)
4(217 234 523 506)
4(233 522 523 234)
4(218 235 524 507)
4(234 523 524 235)
4(219 236 525 508)
4(235 524 525 236)
4(236 525 526 237)
4(220 237 526 509)
4(222 239 528 511)
4(238 527 528 239)
4(223 240 529 512)
4(239 528 529 240)
4(224 241 530 513)
4(240 529 530 241)
4(225 242 531 514)
4(241 530 531 242)
4(226 243 532 515)
4(242 531 532 243)
4(227 244 533 516)
4(243 532 533 244)
4(228 245 534 517)
4(244 533 534 245)
4(229 246 535 518)
4(245 534 535 246)
4(230 247 536 519)
4(246 535 536 247)
4(231 248 537 520)
4(247 536 537 248)
4(232 249 538 521)
4(248 537 538 249)
4(233 250 539 522)
4(249 538 539 250)
4(234 251 540 523)
4(250 539 540 251)
4(235 252 541 524)
4(251 540 541 252)
4(236 253 542 525)
4(252 541 542 253)
4(253 542 543 254)
4(237 254 543 526)
4(239 256 545 528)
4(255 544 545 256)
4(240 257 546 529)
4(256 545 546 257)
4(241 258 547 530)
4(257 546 547 258)
4(242 259 548 531)
4(258 547 548 259)
4(243 260 549 532)
4(259 548 549 260)
4(244 261 550 533)
4(260 549 550 261)
4(245 262 551 534)
4(261 550 551 262)
4(246 263 552 535)
4(262 551 552 263)
4(247 264 553 536)
4(263 552 553 264)
4(248 265 554 537)
4(264 553 554 265)
4(249 266 555 538)
4(265 554 555 266)
4(250 267 556 539)
4(266 555 556 267)
4(251 268 557 540)
4(267 556 557 268)
4(252 269 558 541)
4(268 557 558 269)
4(253 270 559 542)
4(269 558 559 270)
4(270 559 560 271)
4(254 271 560 543)
4(256 273 562 545)
4(272 561 562 273)
4(257 274 563 546)
4(273 562 563 274)
4(258 275 564 547)
4(274 563 564 275)
4(259 276 565 548)
4(275 564 565 276)
4(260 277 566 549)
4(276 565 566 277)
4(261 278 567 550)
4(277 566 567 278)
4(262 279 568 551)
4(278 567 568 279)
4(263 280 569 552)
4(279 568 569 280)
4(264 281 570 553)
4(280 569 570 281)
4(265 282 571 554)
4(281 570 571 282)
4(266 283 572 555)
4(282 571 572 283)
4(267 284 573 556)
4(283 572 573 284)
4(268 285 574 557)
4(284 573 574 285)
4(269 286 575 558)
4(285 574 575 286)
4(270 287 576 559)
4(286 575 576 287)
4(271 288 577 560)
4(287 576 577 288)
4(579 596 868 851)
4(595 867 868 596)
4(578 579 851 850)
4(580 597 869 852)
4(596 868 869 597)
4(579 580 852 851)
4(581 598 870 853)
4(597 869 870 598)
4(580 581 853 852)
4(582 599 871 854)
4(598 870 871 599)
4(581 582 854 853)
4(583 600 872 855)
4(599 871 872 600)
4(582 583 855 854)
4(584 601 873 856)
4(600 872 873 601)
4(583 584 856 855)
4(585 602 874 857)
4(601 873 874 602)
4(584 585 857 856)
4(586 603 875 858)
4(602 874 875 603)
4(585 586 858 857)
4(587 604 876 859)
4(603 875 876 604)
4(586 587 859 858)
4(588 605 877 860)
4(604 876 877 605)
4(587 588 860 859)
4(589 606 878 861)
4(605 877 878 606)
4(588 589 861 860)
4(590 607 879 862)
4(606 878 879 607)
4(589 590 862 861)
4(591 608 880 863)
4(607 879 880 608)
4(590 591 863 862)
4(592 609 881 864)
4(608 880 881 609)
4(591 592 864 863)
4(593 610 882 865)
4(609 881 882 610)
4(592 593 865 864)
4(610 882 883 611)
4(594 611 883 866)
4(593 594 866 865)
4(596 613 885 868)
4(612 884 885 613)
4(597 614 886 869)
4(613 885 886 614)
4(598 615 887 870)
4(614 886 887 615)
4(599 616 888 871)
4(615 887 888 616)
4(600 617 889 872)
4(616 888 889 617)
4(601 618 890 873)
4(617 889 890 618)
4(602 619 891 874)
4(618 890 891 619)
4(603 620 892 875)
4(619 891 892 620)
4(604 621 893 876)
4(620 892 893 621)
4(605 622 894 877)
4(621 893 894 622)
4(606 623 895 878)
4(622 894 895 623)
4(607 624 896 879)
4(623 895 896 624)
4(608 625 897 880)
4(624 896 897 625)
4(609 626 898 881)
4(625 897 898 626)
4(610 627 899 882)
4(626 898 899 627)
4(627 899 900 628)
4(611 628 900 883)
4(613 630 902 885)
4(629 901 902 630)
4(614 631 903 886)
4(630 902 903 631)
4(615 632 904 887)
4(631 903 904 632)
4(616 633 905 888)
4(632 904 905 633)
4(617 634 906 889)
4(633 905 906 634)
4(618 635 907 890)
4(634 906 907 635)
4(619 636 908 891)
4(635 907 908 636)
4(620 637 909 892)
4(636 908 909 637)
4(621 638 910 893)
4(637 909 910 638)
4(622 639 911 894)
4(638 910 911 639)
4(623 640 912 895)
4(639 911 912 640)
4(624 641 913 896)
4(640 912 913 641)
4(625 642 914 897)
4(641 913 914 642)
4(626 643 915 898)
4(642 914 915 643)
4(627 644 916 899)
4(643 915 916 644)
4(644 916 917 645)
4(628 645 917 900)
4(630 647 919 902)
4(646 918 919 647)
4(631 648 920 903)
4(647 919 920 648)
4(632 649 921 904)
4(648 920 921 649)
4(633 650 922 905)
4(649 921 922 650)
4(634 651 923 906)
4(650 922 923 651)
4(635 652 924 907)
4(651 923 924 652)
4(636 653 925 908)
4(652 924 925 653)
4(637 654 926 909)
4(653 925 926 654)
4(638 655 927 910)
4(654 926 927 655)
4(639 656 928 911)
4(655 927 928 656)
4(640 657 929 912)
4(656 928 929 657)
4(641 658 930 913)
4(657 929 930 658)
4(642 659 931 914)
4(658 930 931 659)
4(643 660 932 915)
4(659 931 932 660)
4(644 661 933 916)
4(660 932 933 661)
4(661 933 934 662)
4(645 662 934 917)
4(647 664 936 919)
4(663 935 936 664)
4(648 665 937 920)
4(664 936 937 665)
4(649 666 938 921)
4(665 937 938 666)
4(650 667 939 922)
4(666 938 939 667)
4(651 668 940 923)
4(667 939 940 668)
4(652 669 941 924)
4(668 940 941 669)
4(653 670 942 925)
4(669 941 942 670)
4(654 671 943 926)
4(670 942 943 671)
4(655 672 944 927)
4(671 943 944 672)
4(656 673 945 928)
4(672 944 945 673)
4(657 674 946 929)
4(673 945 946 674)
4(658 675 947 930)
4(674 946 947 675)
4(659 676 948 931)
4(675 947 948 676)
4(660 677 949 932)
4(676 948 949 677)
4(661 678 950 933)
4(677 949 950 678)
4(678 950 951 679)
4(662 679 951 934)
4(664 681 953 936)
4(680 952 953 681)
4(665 682 954 937)
4(681 953 954 682)
4(666 683 955 938)
4(682 954 955 683)
4(667 684 956 939)
4(683 955 956 684)
4(668 685 957 940)
4(684 956 957 685)
4(669 686 958 941)
4(685 957 958 686)
4(670 687 959 942)
4(686 958 959 687)
4(671 688 960 943)
4(687 959 960 688)
4(672 689 961 944)
4(688 960 961 689)
4(673 690 962 945)
4(689 961 962 690)
4(674 691 963 946)
4(690 962 963 691)
4(675 692 964 947)
4(691 963 964 692)
4(676 693 965 948)
4(692 964 965 693)
4(677 694 966 949)
4(693 965 966 694)
4(678 695 967 950)
4(694 966 967 695)
4(695 967 968 696)
4(679 696 968 951)
4(681 698 970 953)
4(697 969 970 698)
4(682 699 971 954)
4(698 970 971 699)
4(683 700 972 955)
4(699 971 972 700)
4(684 701 973 956)
4(700 972 973 701)
4(685 702 974 957)
4(701 973 974 702)
4(686 703 975 958)
4(702 974 975 703)
4(687 704 976 959)
4(703 975 976 704)
4(688 705 977 960)
4(704 976 977 705)
4(689 706 978 961)
4(705 977 978 706)
4(690 707 979 962)
4(706 978 979 707)
4(691 708 980 963)
4(707 979 980 708)
4(692 709 981 964)
4(708 980 981 709)
4(693 710 982 965)
4(709 981 982 710)
4(694 711 983 966)
4(710 982 983 711)
4(695 712 984 967)
4(711 983 984 712)
4(712 984 985 713)
4(696 713 985 968)
4(698 715 987 970)
4(714 986 987 715)
4(699 716 988 971)
4(715 987 988 716)
4(700 717 989 972)
4(716 988 989 717)
4(701 718 990 973)
4(717 989 990 718)
4(702 719 991 974)
4(718 990 991 719)
4(703 720 992 975)
4(719 991 992 720)
4(704 721 993 976)
4(720 992 993 721)
4(705 722 994 977)
4(721 993 994 722)
4(706 723 995 978)
4(722 994 995 723)
4(707 724 996 979)
4(723 995 996 724)
4(708 725 997 980)
4(724 996 997 725)
4(709 726 998 981)
4(725 997 998 726)
4(710 727 999 982)
4(726 998 999 727)
4(711 728 1000 983)
4(727 999 1000 728)
4(712 729 1001 984)
4(728 1000 1001 729)
4(729 1001 1002 730)
4(713 730 1002 985)
4(715 732 1004 987)
4(731 1003 1004 732)
4(716 733 1005 988)
4(732 1004 1005 733)
4(717 734 1006 989)
4(733 1005 1006 734)
4(718 735 1007 990)
4(734 1006 1007 735)
4(719 736 1008 991)
4(735 1007 1008 736)
4(720 737 1009 992)
4(736 1008 1009 737)
4(721 738 1010 993)
4(737 1009 1010 738)
4(722 739 1011 994)
4(738 1010 1011 739)
4(723 740 1012 995)
4(739 1011 1012 740)
4(724 741 1013 996)
4(740 1012 1013 741)
4(725 742 1014 997)
4(741 1013 1014 742)
4(726 743 1015 998)
4(742 1014 1015 743)
4(727 744 1016 999)
4(743 1015 1016 744)
4(728 745 1017 1000)
4(744 1016 1017 745)
4(729 746 1018 1001)
4(745 1017 1018 746)
4(746 1018 1019 747)
4(730 747 1019 1002)
4(732 749 1021 1004)
4(748 1020 1021 749)
4(733 750 1022 1005)
4(749 1021 1022 750)
4(734 751 1023 1006)
4(750 1022 1023 751)
4(735 752 1024 1007)
4(751 1023 1024 752)
4(736 753 1025 1008)
4(752 1024 1025 753)
4(737 754 1026 1009)
4(753 1025 1026 754)
4(738 755 1027 1010)
4(754 1026 1027 755)
4(739 756 1028 1011)
4(755 1027 1028 756)
4(740 757 1029 1012)
4(756 1028 1029 757)
4(741 758 1030 1013)
4(757 1029 1030 758)
4(742 759 1031 1014)
4(758 1030 1031 759)
4(743 760 1032 1015)
4(759 1031 1032 760)
4(744 761 1033 1016)
4(760 1032 1033 761)
4(745 762 1034 1017)
4(761 1033 1034 762)
4(746 763 1035 1018)
4(762 1034 1035 763)
4(763 1035 1036 764)
4(747 764 1036 1019)
4(749 766 1038 1021)
4(765 1037 1038 766)
4(750 767 1039 1022)
4(766 1038 1039 767)
4(751 768 1040 1023)
4(767 1039 1040 768)
4(752 769 1041 1024)
4(768 1040 1041 769)
4(753 770 1042 1025)
4(769 1041 1042 770)
4(754 771 1043 1026)
4(770 1042 1043 771)
4(755 772 1044 1027)
4(771 1043 1044 772)
4(756 773 1045 1028)
4(772 1044 1045 773)
4(757 774 1046 1029)
4(773 1045 1046 774)
4(758 775 1047 1030)
4(774 1046 1047 775)
4(759 776 1048 1031)
4(775 1047 1048 776)
4(760 777 1049 1032)
4(776 1048 1049 777)
4(761 778 1050 1033)
4(777 1049 1050 778)
4(762 779 1051 1034)
4(778 1050 1051 779)
4(763 780 1052 1035)
4(779 1051 1052 780)
4(780 1052 1053 781)
4(764 781 1053 1036)
4(766 783 1055 1038)
4(782 1054 1055 783)
4(767 784 1056 1039)
4(783 1055 1056 784)
4(768 785 1057 1040)
4(784 1056 1057 785)
4(769 786 1058 1041)
4(785 1057 1058 786)
4(770 787 1059 1042)
4(786 1058 1059 787)
4(771 788 1060 1043)
4(787 1059 1060 788)
4(772 789 1061 1044)
4(788 1060 1061 789)
4(773 790 1062 1045)
4(789 1061 1062 790)
4(774 791 1063 1046)
4(790 1062 1063 791)
4(775 792 1064 1047)
4(791 1063 1064 792)
4(776 793 1065 1048)
4(792 1064 1065 793)
4(777 794 1066 1049)
4(793 1065 1066 794)
4(778 795 1067 1050)
4(794 1066 1067 795)
4(779 796 1068 1051)
4(795 1067 1068 796)
4(780 797 1069 1052)
4(796 1068 1069 797)
4(797 1069 1070 798)
4(781 798 1070 1053)
4(783 800 1072 1055)
4(799 1071 1072 800)
4(784 801 1073 1056)
4(800 1072 1073 801)
4(785 802 1074 1057)
4(801 1073 1074 802)
4(786 803 1075 1058)
4(802 1074 1075 803)
4(787 804 1076 1059)
4(803 1075 1076 804)
4(788 805 1077 1060)
4(804 1076 1077 805)
4(789 806 1078 1061)
4(805 1077 1078 806)
4(790 807 1079 1062)
4(806 1078 1079 807)
4(791 808 1080 1063)
4(807 1079 1080 808)
4(792 809 1081 1064)
4(808 1080 1081 809)
4(793 810 1082 1065)
4(809 1081 1082 810)
4(794 811 1083 1066)
4(810 1082 1083 811)
4(795 812 1084 1067)
4(811 1083 1084 812)
4(796 813 1085 1068)
4(812 1084 1085 813)
4(797 814 1086 1069)
4(813 1085 1086 814)
4(814 1086 1087 815)
4(798 815 1087 1070)
4(800 817 1089 1072)
4(816 1088 1089 817)
4(801 818 1090 1073)
4(817 1089 1090 818)
4(802 819 1091 1074)
4(818 1090 1091 819)
4(803 820 1092 1075)
4(819 1091 1092 820)
4(804 821 1093 1076)
4(820 1092 1093 821)
4(805 822 1094 1077)
4(821 1093 1094 822)
4(806 823 1095 1078)
4(822 1094 1095 823)
4(807 824 1096 1079)
4(823 1095 1096 824)
4(808 825 1097 1080)
4(824 1096 1097 825)
4(809 826 1098 1081)
4(825 1097 1098 826)
4(810 827 1099 1082)
4(826 1098 1099 827)
4(811 828 1100 1083)
4(827 1099 1100 828)
4(812 829 1101 1084)
4(828 1100 1101 829)
4(813 830 1102 1085)
4(829 1101 1102 830)
4(814 831 1103 1086)
4(830 1102 1103 831)
4(831 1103 1104 832)
4(815 832 1104 1087)
4(817 834 1106 1089)
4(833 1105 1106 834)
4(818 835 1107 1090)
4(834 1106 1107 835)
4(819 836 1108 1091)
4(835 1107 1108 836)
4(820 837 1109 1092)
4(836 1108 1109 837)
4(821 838 1110 1093)
4(837 1109 1110 838)
4(822 839 1111 1094)
4(838 1110 1111 839)
4(823 840 1112 1095)
4(839 1111 1112 840)
4(824 841 1113 1096)
4(840 1112 1113 841)
4(825 842 1114 1097)
4(841 1113 1114 842)
4(826 843 1115 1098)
4(842 1114 1115 843)
4(827 844 1116 1099)
4(843 1115 1116 844)
4(828 845 1117 1100)
4(844 1116 1117 845)
4(829 846 1118 1101)
4(845 1117 1118 846)
4(830 847 1119 1102)
4(846 1118 1119 847)
4(831 848 1120 1103)
4(847 1119 1120 848)
4(848 1120 1121 849)
4(832 849 1121 1104)
4(834 1 290 1106)
4(835 2 291 1107)
4(836 3 292 1108)
4(837 4 293 1109)
4(838 5 294 1110)
4(839 6 295 1111)
4(840 7 296 1112)
4(841 8 297 1113)
4(842 9 298 1114)
4(843 10 299 1115)
4(844 11 300 1116)
4(845 12 301 1117)
4(846 13 302 1118)
4(847 14 303 1119)
4(848 15 304 1120)
4(849 16 305 1121)
4(1122 1138 1410 1394)
4(611 883 1410 1138)
4(594 1122 1394 866)
4(1123 1139 1411 1395)
4(1138 1410 1411 1139)
4(1122 1123 1395 1394)
4(1124 1140 1412 1396)
4(1139 1411 1412 1140)
4(1123 1124 1396 1395)
4(1125 1141 1413 1397)
4(1140 1412 1413 1141)
4(1124 1125 1397 1396)
4(1126 1142 1414 1398)
4(1141 1413 1414 1142)
4(1125 1126 1398 1397)
4(1127 1143 1415 1399)
4(1142 1414 1415 1143)
4(1126 1127 1399 1398)
4(1128 1144 1416 1400)
4(1143 1415 1416 1144)
4(1127 1128 1400 1399)
4(1129 1145 1417 1401)
4(1144 1416 1417 1145)
4(1128 1129 1401 1400)
4(1130 1146 1418 1402)
4(1145 1417 1418 1146)
4(1129 1130 1402 1401)
4(1131 1147 1419 1403)
4(1146 1418 1419 1147)
4(1130 1131 1403 1402)
4(1132 1148 1420 1404)
4(1147 1419 1420 1148)
4(1131 1132 1404 1403)
4(1133 1149 1421 1405)
4(1148 1420 1421 1149)
4(1132 1133 1405 1404)
4(1134 1150 1422 1406)
4(1149 1421 1422 1150)
4(1133 1134 1406 1405)
4(1135 1151 1423 1407)
4(1150 1422 1423 1151)
4(1134 1135 1407 1406)
4(1136 1152 1424 1408)
4(1151 1423 1424 1152)
4(1135 1136 1408 1407)
4(1152 1424 1425 1153)
4(1136 1137 1409 1408)
4(1138 1154 1426 1410)
4(628 900 1426 1154)
4(1139 1155 1427 1411)
4(1154 1426 1427 1155)
4(1140 1156 1428 1412)
4(1155 1427 1428 1156)
4(1141 1157 1429 1413)
4(1156 1428 1429 1157)
4(1142 1158 1430 1414)
4(1157 1429 1430 1158)
4(1143 1159 1431 1415)
4(1158 1430 1431 1159)
4(1144 1160 1432 1416)
4(1159 1431 1432 1160)
4(1145 1161 1433 1417)
4(1160 1432 1433 1161)
4(1146 1162 1434 1418)
4(1161 1433 1434 1162)
4(1147 1163 1435 1419)
4(1162 1434 1435 1163)
4(1148 1164 1436 1420)
4(1163 1435 1436 1164)
4(1149 1165 1437 1421)
4(1164 1436 1437 1165)
4(1150 1166 1438 1422)
4(1165 1437 1438 1166)
4(1151 1167 1439 1423)
4(1166 1438 1439 1167)
4(1152 1168 1440 1424)
4(1167 1439 1440 1168)
4(1168 1440 1441 1169)
4(1154 1170 1442 1426)
4(645 917 1442 1170)
4(1155 1171 1443 1427)
4(1170 1442 1443 1171)
4(1156 1172 1444 1428)
4(1171 1443 1444 1172)
4(1157 1173 1445 1429)
4(1172 1444 1445 1173)
4(1158 1174 1446 1430)
4(1173 1445 1446 1174)
4(1159 1175 1447 1431)
4(1174 1446 1447 1175)
4(1160 1176 1448 1432)
4(1175 1447 1448 1176)
4(1161 1177 1449 1433)
4(1176 1448 1449 1177)
4(1162 1178 1450 1434)
4(1177 1449 1450 1178)
4(1163 1179 1451 1435)
4(1178 1450 1451 1179)
4(1164 1180 1452 1436)
4(1179 1451 1452 1180)
4(1165 1181 1453 1437)
4(1180 1452 1453 1181)
4(1166 1182 1454 1438)
4(1181 1453 1454 1182)
4(1167 1183 1455 1439)
4(1182 1454 1455 1183)
4(1168 1184 1456 1440)
4(1183 1455 1456 1184)
4(1184 1456 1457 1185)
4(1170 1186 1458 1442)
4(662 934 1458 1186)
4(1171 1187 1459 1443)
4(1186 1458 1459 1187)
4(1172 1188 1460 1444)
4(1187 1459 1460 1188)
4(1173 1189 1461 1445)
4(1188 1460 1461 1189)
4(1174 1190 1462 1446)
4(1189 1461 1462 1190)
4(1175 1191 1463 1447)
4(1190 1462 1463 1191)
4(1176 1192 1464 1448)
4(1191 1463 1464 1192)
4(1177 1193 1465 1449)
4(1192 1464 1465 1193)
4(1178 1194 1466 1450)
4(1193 1465 1466 1194)
4(1179 1195 1467 1451)
4(1194 1466 1467 1195)
4(1180 1196 1468 1452)
4(1195 1467 1468 1196)
4(1181 1197 1469 1453)
4(1196 1468 1469 1197)
4(1182 1198 1470 1454)
4(1197 1469 1470 1198)
4(1183 1199 1471 1455)
4(1198 1470 1471 1199)
4(1184 1200 1472 1456)
4(1199 1471 1472 1200)
4(1200 1472 1473 1201)
4(1186 1202 1474 1458)
4(679 951 1474 1202)
4(1187 1203 1475 1459)
4(1202 1474 1475 1203)
4(1188 1204 1476 1460)
4(1203 1475 1476 1204)
4(1189 1205 1477 1461)
4(1204 1476 1477 1205)
4(1190 1206 1478 1462)
4(1205 1477 1478 1206)
4(1191 1207 1479 1463)
4(1206 1478 1479 1207)
4(1192 1208 1480 1464)
4(1207 1479 1480 1208)
4(1193 1209 1481 1465)
4(1208 1480 1481 1209)
4(1194 1210 1482 1466)
4(1209 1481 1482 1210)
4(1195 1211 1483 1467)
4(1210 1482 1483 1211)
4(1196 1212 1484 1468)
4(1211 1483 1484 1212)
4(1197 1213 1485 1469)
4(1212 1484 1485 1213)
4(1198 1214 1486 1470)
4(1213 1485 1486 1214)
4(1199 1215 1487 1471)
4(1214 1486 1487 1215)
4(1200 1216 1488 1472)
4(1215 1487 1488 1216)
4(1216 1488 1489 1217)
4(1202 1218 1490 1474)
4(696 968 1490 1218)
4(1203 1219 1491 1475)
4(1218 1490 1491 1219)
4(1204 1220 1492 1476)
4(1219 1491 1492 1220)
4(1205 1221 1493 1477)
4(1220 1492 1493 1221)
4(1206 1222 1494 1478)
4(1221 1493 1494 1222)
4(1207 1223 1495 1479)
4(1222 1494 1495 1223)
4(1208 1224 1496 1480)
4(1223 1495 1496 1224)
4(1209 1225 1497 1481)
4(1224 1496 1497 1225)
4(1210 1226 1498 1482)
4(1225 1497 1498 1226)
4(1211 1227 1499 1483)
4(1226 1498 1499 1227)
4(1212 1228 1500 1484)
4(1227 1499 1500 1228)
4(1213 1229 1501 1485)
4(1228 1500 1501 1229)
4(1214 1230 1502 1486)
4(1229 1501 1502 1230)
4(1215 1231 1503 1487)
4(1230 1502 1503 1231)
4(1216 1232 1504 1488)
4(1231 1503 1504 1232)
4(1232 1504 1505 1233)
4(1218 1234 1506 1490)
4(713 985 1506 1234)
4(1219 1235 1507 1491)
4(1234 1506 1507 1235)
4(1220 1236 1508 1492)
4(1235 1507 1508 1236)
4(1221 1237 1509 1493)
4(1236 1508 1509 1237)
4(1222 1238 1510 1494)
4(1237 1509 1510 1238)
4(1223 1239 1511 1495)
4(1238 1510 1511 1239)
4(1224 1240 1512 1496)
4(1239 1511 1512 1240)
4(1225 1241 1513 1497)
4(1240 1512 1513 1241)
4(1226 1242 1514 1498)
4(1241 1513 1514 1242)
4(1227 1243 1515 1499)
4(1242 1514 1515 1243)
4(1228 1244 1516 1500)
4(1243 1515 1516 1244)
4(1229 1245 1517 1501)
4(1244 1516 1517 1245)
4(1230 1246 1518 1502)
4(1245 1517 1518 1246)
4(1231 1247 1519 1503)
4(1246 1518 1519 1247)
4(1232 1248 1520 1504)
4(1247 1519 1520 1248)
4(1248 1520 1521 1249)
4(1234 1250 1522 1506)
4(730 1002 1522 1250)
4(1235 1251 1523 1507)
4(1250 1522 1523 1251)
4(1236 1252 1524 1508)
4(1251 1523 1524 1252)
4(1237 1253 1525 1509)
4(1252 1524 1525 1253)
4(1238 1254 1526 1510)
4(1253 1525 1526 1254)
4(1239 1255 1527 1511)
4(1254 1526 1527 1255)
4(1240 1256 1528 1512)
4(1255 1527 1528 1256)
4(1241 1257 1529 1513)
4(1256 1528 1529 1257)
4(1242 1258 1530 1514)
4(1257 1529 1530 1258)
4(1243 1259 1531 1515)
4(1258 1530 1531 1259)
4(1244 1260 1532 1516)
4(1259 1531 1532 1260)
4(1245 1261 1533 1517)
4(1260 1532 1533 1261)
4(1246 1262 1534 1518)
4(1261 1533 1534 1262)
4(1247 1263 1535 1519)
4(1262 1534 1535 1263)
4(1248 1264 1536 1520)
4(1263 1535 1536 1264)
4(1264 1536 1537 1265)
4(1250 1266 1538 1522)
4(747 1019 1538 1266)
4(1251 1267 1539 1523)
4(1266 1538 1539 1267)
4(1252 1268 1540 1524)
4(1267 1539 1540 1268)
4(1253 1269 1541 1525)
4(1268 1540 1541 1269)
4(1254 1270 1542 1526)
4(1269 1541 1542 1270)
4(1255 1271 1543 1527)
4(1270 1542 1543 1271)
4(1256 1272 1544 1528)
4(1271 1543 1544 1272)
4(1257 1273 1545 1529)
4(1272 1544 1545 1273)
4(1258 1274 1546 1530)
4(1273 1545 1546 1274)
4(1259 1275 1547 1531)
4(1274 1546 1547 1275)
4(1260 1276 1548 1532)
4(1275 1547 1548 1276)
4(1261 1277 1549 1533)
4(1276 1548 1549 1277)
4(1262 1278 1550 1534)
4(1277 1549 1550 1278)
4(1263 1279 1551 1535)
4(1278 1550 1551 1279)
4(1264 1280 1552 1536)
4(1279 1551 1552 1280)
4(1280 1552 1553 1281)
4(1266 1282 1554 1538)
4(764 1036 1554 1282)
4(1267 1283 1555 1539)
4(1282 1554 1555 1283)
4(1268 1284 1556 1540)
4(1283 1555 1556 1284)
4(1269 1285 1557 1541)
4(1284 1556 1557 1285)
4(1270 1286 1558 1542)
4(1285 1557 1558 1286)
4(1271 1287 1559 1543)
4(1286 1558 1559 1287)
4(1272 1288 1560 1544)
4(1287 1559 1560 1288)
4(1273 1289 1561 1545)
4(1288 1560 1561 1289)
4(1274 1290 1562 1546)
4(1289 1561 1562 1290)
4(1275 1291 1563 1547)
4(1290 1562 1563 1291)
4(1276 1292 1564 1548)
4(1291 1563 1564 1292)
4(1277 1293 1565 1549)
4(1292 1564 1565 1293)
4(1278 1294 1566 1550)
4(1293 1565 1566 1294)
4(1279 1295 1567 1551)
4(1294 1566 1567 1295)
4(1280 1296 1568 1552)
4(1295 1567 1568 1296)
4(1296 1568 1569 1297)
4(1282 1298 1570 1554)
4(781 1053 1570 1298)
4(1283 1299 1571 1555)
4(1298 1570 1571 1299)
4(1284 1300 1572 1556)
4(1299 1571 1572 1300)
4(1285 1301 1573 1557)
4(1300 1572 1573 1301)
4(1286 1302 1574 1558)
4(1301 1573 1574 1302)
4(1287 1303 1575 1559)
4(1302 1574 1575 1303)
4(1288 1304 1576 1560)
4(1303 1575 1576 1304)
4(1289 1305 1577 1561)
4(1304 1576 1577 1305)
4(1290 1306 1578 1562)
4(1305 1577 1578 1306)
4(1291 1307 1579 1563)
4(1306 1578 1579 1307)
4(1292 1308 1580 1564)
4(1307 1579 1580 1308)
4(1293 1309 1581 1565)
4(1308 1580 1581 1309)
4(1294 1310 1582 1566)
4(1309 1581 1582 1310)
4(1295 1311 1583 1567)
4(1310 1582 1583 1311)
4(1296 1312 1584 1568)
4(1311 1583 1584 1312)
4(1312 1584 1585 1313)
4(1298 1314 1586 1570)
4(798 1070 1586 1314)
4(1299 1315 1587 1571)
4(1314 1586 1587 1315)
4(1300 1316 1588 1572)
4(1315 1587 1588 1316)
4(1301 1317 1589 1573)
4(1316 1588 1589 1317)
4(1302 1318 1590 1574)
4(1317 1589 1590 1318)
4(1303 1319 1591 1575)
4(1318 1590 1591 1319)
4(1304 1320 1592 1576)
4(1319 1591 1592 1320)
4(1305 1321 1593 1577)
4(1320 1592 1593 1321)
4(1306 1322 1594 1578)
4(1321 1593 1594 1322)
4(1307 1323 1595 1579)
4(1322 1594 1595 1323)
4(1308 1324 1596 1580)
4(1323 1595 1596 1324)
4(1309 1325 1597 1581)
4(1324 1596 1597 1325)
4(1310 1326 1598 1582)
4(1325 1597 1598 1326)
4(1311 1327 1599 1583)
4(1326 1598 1599 1327)
4(1312 1328 1600 1584)
4(1327 1599 1600 1328)
4(1328 1600 1601 1329)
4(1314 1330 1602 1586)
4(815 1087 1602 1330)
4(1315 1331 1603 1587)
4(1330 1602 1603 1331)
4(1316 1332 1604 1588)
4(1331 1603 1604 1332)
4(1317 1333 1605 1589)
4(1332 1604 1605 1333)
4(1318 1334 1606 1590)
4(1333 1605 1606 1334)
4(1319 1335 1607 1591)
4(1334 1606 1607 1335)
4(1320 1336 1608 1592)
4(1335 1607 1608 1336)
4(1321 1337 1609 1593)
4(1336 1608 1609 1337)
4(1322 1338 1610 1594)
4(1337 1609 1610 1338)
4(1323 1339 1611 1595)
4(1338 1610 1611 1339)
4(1324 1340 1612 1596)
4(1339 1611 1612 1340)
4(1325 1341 1613 1597)
4(1340 1612 1613 1341)
4(1326 1342 1614 1598)
4(1341 1613 1614 1342)
4(1327 1343 1615 1599)
4(1342 1614 1615 1343)
4(1328 1344 1616 1600)
4(1343 1615 1616 1344)
4(1344 1616 1617 1345)
4(1330 1346 1618 1602)
4(832 1104 1618 1346)
4(1331 1347 1619 1603)
4(1346 1618 1619 1347)
4(1332 1348 1620 1604)
4(1347 1619 1620 1348)
4(1333 1349 1621 1605)
4(1348 1620 1621 1349)
4(1334 1350 1622 1606)
4(1349 1621 1622 1350)
4(1335 1351 1623 1607)
4(1350 1622 1623 1351)
4(1336 1352 1624 1608)
4(1351 1623 1624 1352)
4(1337 1353 1625 1609)
4(1352 1624 1625 1353)
4(1338 1354 1626 1610)
4(1353 1625 1626 1354)
4(1339 1355 1627 1611)
4(1354 1626 1627 1355)
4(1340 1356 1628 1612)
4(1355 1627 1628 1356)
4(1341 1357 1629 1613)
4(1356 1628 1629 1357)
4(1342 1358 1630 1614)
4(1357 1629 1630 1358)
4(1343 1359 1631 1615)
4(1358 1630 1631 1359)
4(1344 1360 1632 1616)
4(1359 1631 1632 1360)
4(1360 1632 1633 1361)
4(1346 1362 1634 1618)
4(849 1121 1634 1362)
4(1347 1363 1635 1619)
4(1362 1634 1635 1363)
4(1348 1364 1636 1620)
4(1363 1635 1636 1364)
4(1349 1365 1637 1621)
4(1364 1636 1637 1365)
4(1350 1366 1638 1622)
4(1365 1637 1638 1366)
4(1351 1367 1639 1623)
4(1366 1638 1639 1367)
4(1352 1368 1640 1624)
4(1367 1639 1640 1368)
4(1353 1369 1641 1625)
4(1368 1640 1641 1369)
4(1354 1370 1642 1626)
4(1369 1641 1642 1370)
4(1355 1371 1643 1627)
4(1370 1642 1643 1371)
4(1356 1372 1644 1628)
4(1371 1643 1644 1372)
4(1357 1373 1645 1629)
4(1372 1644 1645 1373)
4(1358 1374 1646 1630)
4(1373 1645 1646 1374)
4(1359 1375 1647 1631)
4(1374 1646 1647 1375)
4(1360 1376 1648 1632)
4(1375 1647 1648 1376)
4(1376 1648 1649 1377)
4(1362 1378 1650 1634)
4(16 305 1650 1378)
4(1363 1379 1651 1635)
4(1378 1650 1651 1379)
4(1364 1380 1652 1636)
4(1379 1651 1652 1380)
4(1365 1381 1653 1637)
4(1380 1652 1653 1381)
4(1366 1382 1654 1638)
4(1381 1653 1654 1382)
4(1367 1383 1655 1639)
4(1382 1654 1655 1383)
4(1368 1384 1656 1640)
4(1383 1655 1656 1384)
4(1369 1385 1657 1641)
4(1384 1656 1657 1385)
4(1370 1386 1658 1642)
4(1385 1657 1658 1386)
4(1371 1387 1659 1643)
4(1386 1658 1659 1387)
4(1372 1388 1660 1644)
4(1387 1659 1660 1388)
4(1373 1389 1661 1645)
4(1388 1660 1661 1389)
4(1374 1390 1662 1646)
4(1389 1661 1662 1390)
4(1375 1391 1663 1647)
4(1390 1662 1663 1391)
4(1376 1392 1664 1648)
4(1391 1663 1664 1392)
4(1392 1664 1665 1393)
4(1378 1667 1939 1650)
4(1666 1938 1939 1667)
4(16 305 1938 1666)
4(1379 1668 1940 1651)
4(1667 1939 1940 1668)
4(1380 1669 1941 1652)
4(1668 1940 1941 1669)
4(1381 1670 1942 1653)
4(1669 1941 1942 1670)
4(1382 1671 1943 1654)
4(1670 1942 1943 1671)
4(1383 1672 1944 1655)
4(1671 1943 1944 1672)
4(1384 1673 1945 1656)
4(1672 1944 1945 1673)
4(1385 1674 1946 1657)
4(1673 1945 1946 1674)
4(1386 1675 1947 1658)
4(1674 1946 1947 1675)
4(1387 1676 1948 1659)
4(1675 1947 1948 1676)
4(1388 1677 1949 1660)
4(1676 1948 1949 1677)
4(1389 1678 1950 1661)
4(1677 1949 1950 1678)
4(1390 1679 1951 1662)
4(1678 1950 1951 1679)
4(1391 1680 1952 1663)
4(1679 1951 1952 1680)
4(1392 1681 1953 1664)
4(1680 1952 1953 1681)
4(1681 1953 1954 1682)
4(1667 1684 1956 1939)
4(1683 1955 1956 1684)
4(1666 1938 1955 1683)
4(1668 1685 1957 1940)
4(1684 1956 1957 1685)
4(1669 1686 1958 1941)
4(1685 1957 1958 1686)
4(1670 1687 1959 1942)
4(1686 1958 1959 1687)
4(1671 1688 1960 1943)
4(1687 1959 1960 1688)
4(1672 1689 1961 1944)
4(1688 1960 1961 1689)
4(1673 1690 1962 1945)
4(1689 1961 1962 1690)
4(1674 1691 1963 1946)
4(1690 1962 1963 1691)
4(1675 1692 1964 1947)
4(1691 1963 1964 1692)
4(1676 1693 1965 1948)
4(1692 1964 1965 1693)
4(1677 1694 1966 1949)
4(1693 1965 1966 1694)
4(1678 1695 1967 1950)
4(1694 1966 1967 1695)
4(1679 1696 1968 1951)
4(1695 1967 1968 1696)
4(1680 1697 1969 1952)
4(1696 1968 1969 1697)
4(1681 1698 1970 1953)
4(1697 1969 1970 1698)
4(1698 1970 1971 1699)
4(1684 1701 1973 1956)
4(1700 1972 1973 1701)
4(1683 1955 1972 1700)
4(1685 1702 1974 1957)
4(1701 1973 1974 1702)
4(1686 1703 1975 1958)
4(1702 1974 1975 1703)
4(1687 1704 1976 1959)
4(1703 1975 1976 1704)
4(1688 1705 1977 1960)
4(1704 1976 1977 1705)
4(1689 1706 1978 1961)
4(1705 1977 1978 1706)
4(1690 1707 1979 1962)
4(1706 1978 1979 1707)
4(1691 1708 1980 1963)
4(1707 1979 1980 1708)
4(1692 1709 1981 1964)
4(1708 1980 1981 1709)
4(1693 1710 1982 1965)
4(1709 1981 1982 1710)
4(1694 1711 1983 1966)
4(1710 1982 1983 1711)
4(1695 1712 1984 1967)
4(1711 1983 1984 1712)
4(1696 1713 1985 1968)
4(1712 1984 1985 1713)
4(1697 1714 1986 1969)
4(1713 1985 1986 1714)
4(1698 1715 1987 1970)
4(1714 1986 1987 1715)
4(1715 1987 1988 1716)
4(1701 1718 1990 1973)
4(1717 1989 1990 1718)
4(1700 1972 1989 1717)
4(1702 1719 1991 1974)
4(1718 1990 1991 1719)
4(1703 1720 1992 1975)
4(1719 1991 1992 1720)
4(1704 1721 1993 1976)
4(1720 1992 1993 1721)
4(1705 1722 1994 1977)
4(1721 1993 1994 1722)
4(1706 1723 1995 1978)
4(1722 1994 1995 1723)
4(1707 1724 1996 1979)
4(1723 1995 1996 1724)
4(1708 1725 1997 1980)
4(1724 1996 1997 1725)
4(1709 1726 1998 1981)
4(1725 1997 1998 1726)
4(1710 1727 1999 1982)
4(1726 1998 1999 1727)
4(1711 1728 2000 1983)
4(1727 1999 2000 1728)
4(1712 1729 2001 1984)
4(1728 2000 2001 1729)
4(1713 1730 2002 1985)
4(1729 2001 2002 1730)
4(1714 1731 2003 1986)
4(1730 2002 2003 1731)
4(1715 1732 2004 1987)
4(1731 2003 2004 1732)
4(1732 2004 2005 1733)
4(1718 1735 2007 1990)
4(1734 2006 2007 1735)
4(1717 1989 2006 1734)
4(1719 1736 2008 1991)
4(1735 2007 2008 1736)
4(1720 1737 2009 1992)
4(1736 2008 2009 1737)
4(1721 1738 2010 1993)
4(1737 2009 2010 1738)
4(1722 1739 2011 1994)
4(1738 2010 2011 1739)
4(1723 1740 2012 1995)
4(1739 2011 2012 1740)
4(1724 1741 2013 1996)
4(1740 2012 2013 1741)
4(1725 1742 2014 1997)
4(1741 2013 2014 1742)
4(1726 1743 2015 1998)
4(1742 2014 2015 1743)
4(1727 1744 2016 1999)
4(1743 2015 2016 1744)
4(1728 1745 2017 2000)
4(1744 2016 2017 1745)
4(1729 1746 2018 2001)
4(1745 2017 2018 1746)
4(1730 1747 2019 2002)
4(1746 2018 2019 1747)
4(1731 1748 2020 2003)
4(1747 2019 2020 1748)
4(1732 1749 2021 2004)
4(1748 2020 2021 1749)
4(1749 2021 2022 1750)
4(1735 1752 2024 2007)
4(1751 2023 2024 1752)
4(1734 2006 2023 1751)
4(1736 1753 2025 2008)
4(1752 2024 2025 1753)
4(1737 1754 2026 2009)
4(1753 2025 2026 1754)
4(1738 1755 2027 2010)
4(1754 2026 2027 1755)
4(1739 1756 2028 2011)
4(1755 2027 2028 1756)
4(1740 1757 2029 2012)
4(1756 2028 2029 1757)
4(1741 1758 2030 2013)
4(1757 2029 2030 1758)
4(1742 1759 2031 2014)
4(1758 2030 2031 1759)
4(1743 1760 2032 2015)
4(1759 2031 2032 1760)
4(1744 1761 2033 2016)
4(1760 2032 2033 1761)
4(1745 1762 2034 2017)
4(1761 2033 2034 1762)
4(1746 1763 2035 2018)
4(1762 2034 2035 1763)
4(1747 1764 2036 2019)
4(1763 2035 2036 1764)
4(1748 1765 2037 2020)
4(1764 2036 2037 1765)
4(1749 1766 2038 2021)
4(1765 2037 2038 1766)
4(1766 2038 2039 1767)
4(1752 1769 2041 2024)
4(1768 2040 2041 1769)
4(1751 2023 2040 1768)
4(1753 1770 2042 2025)
4(1769 2041 2042 1770)
4(1754 1771 2043 2026)
4(1770 2042 2043 1771)
4(1755 1772 2044 2027)
4(1771 2043 2044 1772)
4(1756 1773 2045 2028)
4(1772 2044 2045 1773)
4(1757 1774 2046 2029)
4(1773 2045 2046 1774)
4(1758 1775 2047 2030)
4(1774 2046 2047 1775)
4(1759 1776 2048 2031)
4(1775 2047 2048 1776)
4(1760 1777 2049 2032)
4(1776 2048 2049 1777)
4(1761 1778 2050 2033)
4(1777 2049 2050 1778)
4(1762 1779 2051 2034)
4(1778 2050 2051 1779)
4(1763 1780 2052 2035)
4(1779 2051 2052 1780)
4(1764 1781 2053 2036)
4(1780 2052 2053 1781)
4(1765 1782 2054 2037)
4(1781 2053 2054 1782)
4(1766 1783 2055 2038)
4(1782 2054 2055 1783)
4(1783 2055 2056 1784)
4(1769 1786 2058 2041)
4(1785 2057 2058 1786)
4(1768 2040 2057 1785)
4(1770 1787 2059 2042)
4(1786 2058 2059 1787)
4(1771 1788 2060 2043)
4(1787 2059 2060 1788)
4(1772 1789 2061 2044)
4(1788 2060 2061 1789)
4(1773 1790 2062 2045)
4(1789 2061 2062 1790)
4(1774 1791 2063 2046)
4(1790 2062 2063 1791)
4(1775 1792 2064 2047)
4(1791 2063 2064 1792)
4(1776 1793 2065 2048)
4(1792 2064 2065 1793)
4(1777 1794 2066 2049)
4(1793 2065 2066 1794)
4(1778 1795 2067 2050)
4(1794 2066 2067 1795)
4(1779 1796 2068 2051)
4(1795 2067 2068 1796)
4(1780 1797 2069 2052)
4(1796 2068 2069 1797)
4(1781 1798 2070 2053)
4(1797 2069 2070 1798)
4(1782 1799 2071 2054)
4(1798 2070 2071 1799)
4(1783 1800 2072 2055)
4(1799 2071 2072 1800)
4(1800 2072 2073 1801)
4(1786 1803 2075 2058)
4(1802 2074 2075 1803)
4(1785 2057 2074 1802)
4(1787 1804 2076 2059)
4(1803 2075 2076 1804)
4(1788 1805 2077 2060)
4(1804 2076 2077 1805)
4(1789 1806 2078 2061)
4(1805 2077 2078 1806)
4(1790 1807 2079 2062)
4(1806 2078 2079 1807)
4(1791 1808 2080 2063)
4(1807 2079 2080 1808)
4(1792 1809 2081 2064)
4(1808 2080 2081 1809)
4(1793 1810 2082 2065)
4(1809 2081 2082 1810)
4(1794 1811 2083 2066)
4(1810 2082 2083 1811)
4(1795 1812 2084 2067)
4(1811 2083 2084 1812)
4(1796 1813 2085 2068)
4(1812 2084 2085 1813)
4(1797 1814 2086 2069)
4(1813 2085 2086 1814)
4(1798 1815 2087 2070)
4(1814 2086 2087 1815)
4(1799 1816 2088 2071)
4(1815 2087 2088 1816)
4(1800 1817 2089 2072)
4(1816 2088 2089 1817)
4(1817 2089 2090 1818)
4(1803 1820 2092 2075)
4(1819 2091 2092 1820)
4(1802 2074 2091 1819)
4(1804 1821 2093 2076)
4(1820 2092 2093 1821)
4(1805 1822 2094 2077)
4(1821 2093 2094 1822)
4(1806 1823 2095 2078)
4(1822 2094 2095 1823)
4(1807 1824 2096 2079)
4(1823 2095 2096 1824)
4(1808 1825 2097 2080)
4(1824 2096 2097 1825)
4(1809 1826 2098 2081)
4(1825 2097 2098 1826)
4(1810 1827 2099 2082)
4(1826 2098 2099 1827)
4(1811 1828 2100 2083)
4(1827 2099 2100 1828)
4(1812 1829 2101 2084)
4(1828 2100 2101 1829)
4(1813 1830 2102 2085)
4(1829 2101 2102 1830)
4(1814 1831 2103 2086)
4(1830 2102 2103 1831)
4(1815 1832 2104 2087)
4(1831 2103 2104 1832)
4(1816 1833 2105 2088)
4(1832 2104 2105 1833)
4(1817 1834 2106 2089)
4(1833 2105 2106 1834)
4(1834 2106 2107 1835)
4(1820 1837 2109 2092)
4(1836 2108 2109 1837)
4(1819 2091 2108 1836)
4(1821 1838 2110 2093)
4(1837 2109 2110 1838)
4(1822 1839 2111 2094)
4(1838 2110 2111 1839)
4(1823 1840 2112 2095)
4(1839 2111 2112 1840)
4(1824 1841 2113 2096)
4(1840 2112 2113 1841)
4(1825 1842 2114 2097)
4(1841 2113 2114 1842)
4(1826 1843 2115 2098)
4(1842 2114 2115 1843)
4(1827 1844 2116 2099)
4(1843 2115 2116 1844)
4(1828 1845 2117 2100)
4(1844 2116 2117 1845)
4(1829 1846 2118 2101)
4(1845 2117 2118 1846)
4(1830 1847 2119 2102)
4(1846 2118 2119 1847)
4(1831 1848 2120 2103)
4(1847 2119 2120 1848)
4(1832 1849 2121 2104)
4(1848 2120 2121 1849)
4(1833 1850 2122 2105)
4(1849 2121 2122 1850)
4(1834 1851 2123 2106)
4(1850 2122 2123 1851)
4(1851 2123 2124 1852)
4(1837 1854 2126 2109)
4(1853 2125 2126 1854)
4(1836 2108 2125 1853)
4(1838 1855 2127 2110)
4(1854 2126 2127 1855)
4(1839 1856 2128 2111)
4(1855 2127 2128 1856)
4(1840 1857 2129 2112)
4(1856 2128 2129 1857)
4(1841 1858 2130 2113)
4(1857 2129 2130 1858)
4(1842 1859 2131 2114)
4(1858 2130 2131 1859)
4(1843 1860 2132 2115)
4(1859 2131 2132 1860)
4(1844 1861 2133 2116)
4(1860 2132 2133 1861)
4(1845 1862 2134 2117)
4(1861 2133 2134 1862)
4(1846 1863 2135 2118)
4(1862 2134 2135 1863)
4(1847 1864 2136 2119)
4(1863 2135 2136 1864)
4(1848 1865 2137 2120)
4(1864 2136 2137 1865)
4(1849 1866 2138 2121)
4(1865 2137 2138 1866)
4(1850 1867 2139 2122)
4(1866 2138 2139 1867)
4(1851 1868 2140 2123)
4(1867 2139 2140 1868)
4(1868 2140 2141 1869)
4(1854 1871 2143 2126)
4(1870 2142 2143 1871)
4(1853 2125 2142 1870)
4(1855 1872 2144 2127)
4(1871 2143 2144 1872)
4(1856 1873 2145 2128)
4(1872 2144 2145 1873)
4(1857 1874 2146 2129)
4(1873 2145 2146 1874)
4(1858 1875 2147 2130)
4(1874 2146 2147 1875)
4(1859 1876 2148 2131)
4(1875 2147 2148 1876)
4(1860 1877 2149 2132)
4(1876 2148 2149 1877)
4(1861 1878 2150 2133)
4(1877 2149 2150 1878)
4(1862 1879 2151 2134)
4(1878 2150 2151 1879)
4(1863 1880 2152 2135)
4(1879 2151 2152 1880)
4(1864 1881 2153 2136)
4(1880 2152 2153 1881)
4(1865 1882 2154 2137)
4(1881 2153 2154 1882)
4(1866 1883 2155 2138)
4(1882 2154 2155 1883)
4(1867 1884 2156 2139)
4(1883 2155 2156 1884)
4(1868 1885 2157 2140)
4(1884 2156 2157 1885)
4(1885 2157 2158 1886)
4(1871 1888 2160 2143)
4(1887 2159 2160 1888)
4(1870 2142 2159 1887)
4(1872 1889 2161 2144)
4(1888 2160 2161 1889)
4(1873 1890 2162 2145)
4(1889 2161 2162 1890)
4(1874 1891 2163 2146)
4(1890 2162 2163 1891)
4(1875 1892 2164 2147)
4(1891 2163 2164 1892)
4(1876 1893 2165 2148)
4(1892 2164 2165 1893)
4(1877 1894 2166 2149)
4(1893 2165 2166 1894)
4(1878 1895 2167 2150)
4(1894 2166 2167 1895)
4(1879 1896 2168 2151)
4(1895 2167 2168 1896)
4(1880 1897 2169 2152)
4(1896 2168 2169 1897)
4(1881 1898 2170 2153)
4(1897 2169 2170 1898)
4(1882 1899 2171 2154)
4(1898 2170 2171 1899)
4(1883 1900 2172 2155)
4(1899 2171 2172 1900)
4(1884 1901 2173 2156)
4(1900 2172 2173 1901)
4(1885 1902 2174 2157)
4(1901 2173 2174 1902)
4(1902 2174 2175 1903)
4(1888 1905 2177 2160)
4(1904 2176 2177 1905)
4(1887 2159 2176 1904)
4(1889 1906 2178 2161)
4(1905 2177 2178 1906)
4(1890 1907 2179 2162)
4(1906 2178 2179 1907)
4(1891 1908 2180 2163)
4(1907 2179 2180 1908)
4(1892 1909 2181 2164)
4(1908 2180 2181 1909)
4(1893 1910 2182 2165)
4(1909 2181 2182 1910)
4(1894 1911 2183 2166)
4(1910 2182 2183 1911)
4(1895 1912 2184 2167)
4(1911 2183 2184 1912)
4(1896 1913 2185 2168)
4(1912 2184 2185 1913)
4(1897 1914 2186 2169)
4(1913 2185 2186 1914)
4(1898 1915 2187 2170)
4(1914 2186 2187 1915)
4(1899 1916 2188 2171)
4(1915 2187 2188 1916)
4(1900 1917 2189 2172)
4(1916 2188 2189 1917)
4(1901 1918 2190 2173)
4(1917 2189 2190 1918)
4(1902 1919 2191 2174)
4(1918 2190 2191 1919)
4(1919 2191 2192 1920)
4(1905 1922 2194 2177)
4(1904 2176 2193 1921)
4(1906 1923 2195 2178)
4(1907 1924 2196 2179)
4(1908 1925 2197 2180)
4(1909 1926 2198 2181)
4(1910 1927 2199 2182)
4(1911 1928 2200 2183)
4(1912 1929 2201 2184)
4(1913 1930 2202 2185)
4(1914 1931 2203 2186)
4(1915 1932 2204 2187)
4(1916 1933 2205 2188)
4(1917 1934 2206 2189)
4(1918 1935 2207 2190)
4(1919 1936 2208 2191)
4(271 2211 2467 560)
4(2210 2466 2467 2211)
4(288 577 2466 2210)
4(254 2212 2468 543)
4(2211 2467 2468 2212)
4(237 2213 2469 526)
4(2212 2468 2469 2213)
4(220 2214 2470 509)
4(2213 2469 2470 2214)
4(203 2215 2471 492)
4(2214 2470 2471 2215)
4(186 2216 2472 475)
4(2215 2471 2472 2216)
4(169 2217 2473 458)
4(2216 2472 2473 2217)
4(152 2218 2474 441)
4(2217 2473 2474 2218)
4(135 2219 2475 424)
4(2218 2474 2475 2219)
4(118 2220 2476 407)
4(2219 2475 2476 2220)
4(101 2221 2477 390)
4(2220 2476 2477 2221)
4(84 2222 2478 373)
4(2221 2477 2478 2222)
4(67 2223 2479 356)
4(2222 2478 2479 2223)
4(50 2224 2480 339)
4(2223 2479 2480 2224)
4(33 2225 2481 322)
4(2224 2480 2481 2225)
4(2225 2481 1938 1666)
4(2211 2227 2483 2467)
4(2226 2482 2483 2227)
4(2210 2466 2482 2226)
4(2212 2228 2484 2468)
4(2227 2483 2484 2228)
4(2213 2229 2485 2469)
4(2228 2484 2485 2229)
4(2214 2230 2486 2470)
4(2229 2485 2486 2230)
4(2215 2231 2487 2471)
4(2230 2486 2487 2231)
4(2216 2232 2488 2472)
4(2231 2487 2488 2232)
4(2217 2233 2489 2473)
4(2232 2488 2489 2233)
4(2218 2234 2490 2474)
4(2233 2489 2490 2234)
4(2219 2235 2491 2475)
4(2234 2490 2491 2235)
4(2220 2236 2492 2476)
4(2235 2491 2492 2236)
4(2221 2237 2493 2477)
4(2236 2492 2493 2237)
4(2222 2238 2494 2478)
4(2237 2493 2494 2238)
4(2223 2239 2495 2479)
4(2238 2494 2495 2239)
4(2224 2240 2496 2480)
4(2239 2495 2496 2240)
4(2225 2241 2497 2481)
4(2240 2496 2497 2241)
4(2241 2497 1955 1683)
4(2227 2243 2499 2483)
4(2242 2498 2499 2243)
4(2226 2482 2498 2242)
4(2228 2244 2500 2484)
4(2243 2499 2500 2244)
4(2229 2245 2501 2485)
4(2244 2500 2501 2245)
4(2230 2246 2502 2486)
4(2245 2501 2502 2246)
4(2231 2247 2503 2487)
4(2246 2502 2503 2247)
4(2232 2248 2504 2488)
4(2247 2503 2504 2248)
4(2233 2249 2505 2489)
4(2248 2504 2505 2249)
4(2234 2250 2506 2490)
4(2249 2505 2506 2250)
4(2235 2251 2507 2491)
4(2250 2506 2507 2251)
4(2236 2252 2508 2492)
4(2251 2507 2508 2252)
4(2237 2253 2509 2493)
4(2252 2508 2509 2253)
4(2238 2254 2510 2494)
4(2253 2509 2510 2254)
4(2239 2255 2511 2495)
4(2254 2510 2511 2255)
4(2240 2256 2512 2496)
4(2255 2511 2512 2256)
4(2241 2257 2513 2497)
4(2256 2512 2513 2257)
4(2257 2513 1972 1700)
4(2243 2259 2515 2499)
4(2258 2514 2515 2259)
4(2242 2498 2514 2258)
4(2244 2260 2516 2500)
4(2259 2515 2516 2260)
4(2245 2261 2517 2501)
4(2260 2516 2517 2261)
4(2246 2262 2518 2502)
4(2261 2517 2518 2262)
4(2247 2263 2519 2503)
4(2262 2518 2519 2263)
4(2248 2264 2520 2504)
4(2263 2519 2520 2264)
4(2249 2265 2521 2505)
4(2264 2520 2521 2265)
4(2250 2266 2522 2506)
4(2265 2521 2522 2266)
4(2251 2267 2523 2507)
4(2266 2522 2523 2267)
4(2252 2268 2524 2508)
4(2267 2523 2524 2268)
4(2253 2269 2525 2509)
4(2268 2524 2525 2269)
4(2254 2270 2526 2510)
4(2269 2525 2526 2270)
4(2255 2271 2527 2511)
4(2270 2526 2527 2271)
4(2256 2272 2528 2512)
4(2271 2527 2528 2272)
4(2257 2273 2529 2513)
4(2272 2528 2529 2273)
4(2273 2529 1989 1717)
4(2259 2275 2531 2515)
4(2274 2530 2531 2275)
4(2258 2514 2530 2274)
4(2260 2276 2532 2516)
4(2275 2531 2532 2276)
4(2261 2277 2533 2517)
4(2276 2532 2533 2277)
4(2262 2278 2534 2518)
4(2277 2533 2534 2278)
4(2263 2279 2535 2519)
4(2278 2534 2535 2279)
4(2264 2280 2536 2520)
4(2279 2535 2536 2280)
4(2265 2281 2537 2521)
4(2280 2536 2537 2281)
4(2266 2282 2538 2522)
4(2281 2537 2538 2282)
4(2267 2283 2539 2523)
4(2282 2538 2539 2283)
4(2268 2284 2540 2524)
4(2283 2539 2540 2284)
4(2269 2285 2541 2525)
4(2284 2540 2541 2285)
4(2270 2286 2542 2526)
4(2285 2541 2542 2286)
4(2271 2287 2543 2527)
4(2286 2542 2543 2287)
4(2272 2288 2544 2528)
4(2287 2543 2544 2288)
4(2273 2289 2545 2529)
4(2288 2544 2545 2289)
4(2289 2545 2006 1734)
4(2275 2291 2547 2531)
4(2290 2546 2547 2291)
4(2274 2530 2546 2290)
4(2276 2292 2548 2532)
4(2291 2547 2548 2292)
4(2277 2293 2549 2533)
4(2292 2548 2549 2293)
4(2278 2294 2550 2534)
4(2293 2549 2550 2294)
4(2279 2295 2551 2535)
4(2294 2550 2551 2295)
4(2280 2296 2552 2536)
4(2295 2551 2552 2296)
4(2281 2297 2553 2537)
4(2296 2552 2553 2297)
4(2282 2298 2554 2538)
4(2297 2553 2554 2298)
4(2283 2299 2555 2539)
4(2298 2554 2555 2299)
4(2284 2300 2556 2540)
4(2299 2555 2556 2300)
4(2285 2301 2557 2541)
4(2300 2556 2557 2301)
4(2286 2302 2558 2542)
4(2301 2557 2558 2302)
4(2287 2303 2559 2543)
4(2302 2558 2559 2303)
4(2288 2304 2560 2544)
4(2303 2559 2560 2304)
4(2289 2305 2561 2545)
4(2304 2560 2561 2305)
4(2305 2561 2023 1751)
4(2291 2307 2563 2547)
4(2306 2562 2563 2307)
4(2290 2546 2562 2306)
4(2292 2308 2564 2548)
4(2307 2563 2564 2308)
4(2293 2309 2565 2549)
4(2308 2564 2565 2309)
4(2294 2310 2566 2550)
4(2309 2565 2566 2310)
4(2295 2311 2567 2551)
4(2310 2566 2567 2311)
4(2296 2312 2568 2552)
4(2311 2567 2568 2312)
4(2297 2313 2569 2553)
4(2312 2568 2569 2313)
4(2298 2314 2570 2554)
4(2313 2569 2570 2314)
4(2299 2315 2571 2555)
4(2314 2570 2571 2315)
4(2300 2316 2572 2556)
4(2315 2571 2572 2316)
4(2301 2317 2573 2557)
4(2316 2572 2573 2317)
4(2302 2318 2574 2558)
4(2317 2573 2574 2318)
4(2303 2319 2575 2559)
4(2318 2574 2575 2319)
4(2304 2320 2576 2560)
4(2319 2575 2576 2320)
4(2305 2321 2577 2561)
4(2320 2576 2577 2321)
4(2321 2577 2040 1768)
4(2307 2323 2579 2563)
4(2322 2578 2579 2323)
4(2306 2562 2578 2322)
4(2308 2324 2580 2564)
4(2323 2579 2580 2324)
4(2309 2325 2581 2565)
4(2324 2580 2581 2325)
4(2310 2326 2582 2566)
4(2325 2581 2582 2326)
4(2311 2327 2583 2567)
4(2326 2582 2583 2327)
4(2312 2328 2584 2568)
4(2327 2583 2584 2328)
4(2313 2329 2585 2569)
4(2328 2584 2585 2329)
4(2314 2330 2586 2570)
4(2329 2585 2586 2330)
4(2315 2331 2587 2571)
4(2330 2586 2587 2331)
4(2316 2332 2588 2572)
4(2331 2587 2588 2332)
4(2317 2333 2589 2573)
4(2332 2588 2589 2333)
4(2318 2334 2590 2574)
4(2333 2589 2590 2334)
4(2319 2335 2591 2575)
4(2334 2590 2591 2335)
4(2320 2336 2592 2576)
4(2335 2591 2592 2336)
4(2321 2337 2593 2577)
4(2336 2592 2593 2337)
4(2337 2593 2057 1785)
4(2323 2339 2595 2579)
4(2338 2594 2595 2339)
4(2322 2578 2594 2338)
4(2324 2340 2596 2580)
4(2339 2595 2596 2340)
4(2325 2341 2597 2581)
4(2340 2596 2597 2341)
4(2326 2342 2598 2582)
4(2341 2597 2598 2342)
4(2327 2343 2599 2583)
4(2342 2598 2599 2343)
4(2328 2344 2600 2584)
4(2343 2599 2600 2344)
4(2329 2345 2601 2585)
4(2344 2600 2601 2345)
4(2330 2346 2602 2586)
4(2345 2601 2602 2346)
4(2331 2347 2603 2587)
4(2346 2602 2603 2347)
4(2332 2348 2604 2588)
4(2347 2603 2604 2348)
4(2333 2349 2605 2589)
4(2348 2604 2605 2349)
4(2334 2350 2606 2590)
4(2349 2605 2606 2350)
4(2335 2351 2607 2591)
4(2350 2606 2607 2351)
4(2336 2352 2608 2592)
4(2351 2607 2608 2352)
4(2337 2353 2609 2593)
4(2352 2608 2609 2353)
4(2353 2609 2074 1802)
4(2339 2355 2611 2595)
4(2354 2610 2611 2355)
4(2338 2594 2610 2354)
4(2340 2356 2612 2596)
4(2355 2611 2612 2356)
4(2341 2357 2613 2597)
4(2356 2612 2613 2357)
4(2342 2358 2614 2598)
4(2357 2613 2614 2358)
4(2343 2359 2615 2599)
4(2358 2614 2615 2359)
4(2344 2360 2616 2600)
4(2359 2615 2616 2360)
4(2345 2361 2617 2601)
4(2360 2616 2617 2361)
4(2346 2362 2618 2602)
4(2361 2617 2618 2362)
4(2347 2363 2619 2603)
4(2362 2618 2619 2363)
4(2348 2364 2620 2604)
4(2363 2619 2620 2364)
4(2349 2365 2621 2605)
4(2364 2620 2621 2365)
4(2350 2366 2622 2606)
4(2365 2621 2622 2366)
4(2351 2367 2623 2607)
4(2366 2622 2623 2367)
4(2352 2368 2624 2608)
4(2367 2623 2624 2368)
4(2353 2369 2625 2609)
4(2368 2624 2625 2369)
4(2369 2625 2091 1819)
4(2355 2371 2627 2611)
4(2370 2626 2627 2371)
4(2354 2610 2626 2370)
4(2356 2372 2628 2612)
4(2371 2627 2628 2372)
4(2357 2373 2629 2613)
4(2372 2628 2629 2373)
4(2358 2374 2630 2614)
4(2373 2629 2630 2374)
4(2359 2375 2631 2615)
4(2374 2630 2631 2375)
4(2360 2376 2632 2616)
4(2375 2631 2632 2376)
4(2361 2377 2633 2617)
4(2376 2632 2633 2377)
4(2362 2378 2634 2618)
4(2377 2633 2634 2378)
4(2363 2379 2635 2619)
4(2378 2634 2635 2379)
4(2364 2380 2636 2620)
4(2379 2635 2636 2380)
4(2365 2381 2637 2621)
4(2380 2636 2637 2381)
4(2366 2382 2638 2622)
4(2381 2637 2638 2382)
4(2367 2383 2639 2623)
4(2382 2638 2639 2383)
4(2368 2384 2640 2624)
4(2383 2639 2640 2384)
4(2369 2385 2641 2625)
4(2384 2640 2641 2385)
4(2385 2641 2108 1836)
4(2371 2387 2643 2627)
4(2386 2642 2643 2387)
4(2370 2626 2642 2386)
4(2372 2388 2644 2628)
4(2387 2643 2644 2388)
4(2373 2389 2645 2629)
4(2388 2644 2645 2389)
4(2374 2390 2646 2630)
4(2389 2645 2646 2390)
4(2375 2391 2647 2631)
4(2390 2646 2647 2391)
4(2376 2392 2648 2632)
4(2391 2647 2648 2392)
4(2377 2393 2649 2633)
4(2392 2648 2649 2393)
4(2378 2394 2650 2634)
4(2393 2649 2650 2394)
4(2379 2395 2651 2635)
4(2394 2650 2651 2395)
4(2380 2396 2652 2636)
4(2395 2651 2652 2396)
4(2381 2397 2653 2637)
4(2396 2652 2653 2397)
4(2382 2398 2654 2638)
4(2397 2653 2654 2398)
4(2383 2399 2655 2639)
4(2398 2654 2655 2399)
4(2384 2400 2656 2640)
4(2399 2655 2656 2400)
4(2385 2401 2657 2641)
4(2400 2656 2657 2401)
4(2401 2657 2125 1853)
4(2387 2403 2659 2643)
4(2402 2658 2659 2403)
4(2386 2642 2658 2402)
4(2388 2404 2660 2644)
4(2403 2659 2660 2404)
4(2389 2405 2661 2645)
4(2404 2660 2661 2405)
4(2390 2406 2662 2646)
4(2405 2661 2662 2406)
4(2391 2407 2663 2647)
4(2406 2662 2663 2407)
4(2392 2408 2664 2648)
4(2407 2663 2664 2408)
4(2393 2409 2665 2649)
4(2408 2664 2665 2409)
4(2394 2410 2666 2650)
4(2409 2665 2666 2410)
4(2395 2411 2667 2651)
4(2410 2666 2667 2411)
4(2396 2412 2668 2652)
4(2411 2667 2668 2412)
4(2397 2413 2669 2653)
4(2412 2668 2669 2413)
4(2398 2414 2670 2654)
4(2413 2669 2670 2414)
4(2399 2415 2671 2655)
4(2414 2670 2671 2415)
4(2400 2416 2672 2656)
4(2415 2671 2672 2416)
4(2401 2417 2673 2657)
4(2416 2672 2673 2417)
4(2417 2673 2142 1870)
4(2403 2419 2675 2659)
4(2418 2674 2675 2419)
4(2402 2658 2674 2418)
4(2404 2420 2676 2660)
4(2419 2675 2676 2420)
4(2405 2421 2677 2661)
4(2420 2676 2677 2421)
4(2406 2422 2678 2662)
4(2421 2677 2678 2422)
4(2407 2423 2679 2663)
4(2422 2678 2679 2423)
4(2408 2424 2680 2664)
4(2423 2679 2680 2424)
4(2409 2425 2681 2665)
4(2424 2680 2681 2425)
4(2410 2426 2682 2666)
4(2425 2681 2682 2426)
4(2411 2427 2683 2667)
4(2426 2682 2683 2427)
4(2412 2428 2684 2668)
4(2427 2683 2684 2428)
4(2413 2429 2685 2669)
4(2428 2684 2685 2429)
4(2414 2430 2686 2670)
4(2429 2685 2686 2430)
4(2415 2431 2687 2671)
4(2430 2686 2687 2431)
4(2416 2432 2688 2672)
4(2431 2687 2688 2432)
4(2417 2433 2689 2673)
4(2432 2688 2689 2433)
4(2433 2689 2159 1887)
4(2419 2435 2691 2675)
4(2434 2690 2691 2435)
4(2418 2674 2690 2434)
4(2420 2436 2692 2676)
4(2435 2691 2692 2436)
4(2421 2437 2693 2677)
4(2436 2692 2693 2437)
4(2422 2438 2694 2678)
4(2437 2693 2694 2438)
4(2423 2439 2695 2679)
4(2438 2694 2695 2439)
4(2424 2440 2696 2680)
4(2439 2695 2696 2440)
4(2425 2441 2697 2681)
4(2440 2696 2697 2441)
4(2426 2442 2698 2682)
4(2441 2697 2698 2442)
4(2427 2443 2699 2683)
4(2442 2698 2699 2443)
4(2428 2444 2700 2684)
4(2443 2699 2700 2444)
4(2429 2445 2701 2685)
4(2444 2700 2701 2445)
4(2430 2446 2702 2686)
4(2445 2701 2702 2446)
4(2431 2447 2703 2687)
4(2446 2702 2703 2447)
4(2432 2448 2704 2688)
4(2447 2703 2704 2448)
4(2433 2449 2705 2689)
4(2448 2704 2705 2449)
4(2449 2705 2176 1904)
4(2435 2451 2707 2691)
4(2434 2690 2706 2450)
4(2436 2452 2708 2692)
4(2437 2453 2709 2693)
4(2438 2454 2710 2694)
4(2439 2455 2711 2695)
4(2440 2456 2712 2696)
4(2441 2457 2713 2697)
4(2442 2458 2714 2698)
4(2443 2459 2715 2699)
4(2444 2460 2716 2700)
4(2445 2461 2717 2701)
4(2446 2462 2718 2702)
4(2447 2463 2719 2703)
4(2448 2464 2720 2704)
4(2449 2465 2721 2705)
4(2723 2740 3012 2995)
4(2739 3011 3012 2740)
4(2722 2723 2995 2994)
4(2722 2994 3011 2739)
4(2724 2741 3013 2996)
4(2740 3012 3013 2741)
4(2723 2724 2996 2995)
4(2725 2742 3014 2997)
4(2741 3013 3014 2742)
4(2724 2725 2997 2996)
4(2726 2743 3015 2998)
4(2742 3014 3015 2743)
4(2725 2726 2998 2997)
4(2727 2744 3016 2999)
4(2743 3015 3016 2744)
4(2726 2727 2999 2998)
4(2728 2745 3017 3000)
4(2744 3016 3017 2745)
4(2727 2728 3000 2999)
4(2729 2746 3018 3001)
4(2745 3017 3018 2746)
4(2728 2729 3001 3000)
4(2730 2747 3019 3002)
4(2746 3018 3019 2747)
4(2729 2730 3002 3001)
4(2731 2748 3020 3003)
4(2747 3019 3020 2748)
4(2730 2731 3003 3002)
4(2732 2749 3021 3004)
4(2748 3020 3021 2749)
4(2731 2732 3004 3003)
4(2733 2750 3022 3005)
4(2749 3021 3022 2750)
4(2732 2733 3005 3004)
4(2734 2751 3023 3006)
4(2750 3022 3023 2751)
4(2733 2734 3006 3005)
4(2735 2752 3024 3007)
4(2751 3023 3024 2752)
4(2734 2735 3007 3006)
4(2736 2753 3025 3008)
4(2752 3024 3025 2753)
4(2735 2736 3008 3007)
4(2737 2754 3026 3009)
4(2753 3025 3026 2754)
4(2736 2737 3009 3008)
4(2754 3026 3027 2755)
4(2737 2738 3010 3009)
4(2740 2757 3029 3012)
4(2756 3028 3029 2757)
4(2739 3011 3028 2756)
4(2741 2758 3030 3013)
4(2757 3029 3030 2758)
4(2742 2759 3031 3014)
4(2758 3030 3031 2759)
4(2743 2760 3032 3015)
4(2759 3031 3032 2760)
4(2744 2761 3033 3016)
4(2760 3032 3033 2761)
4(2745 2762 3034 3017)
4(2761 3033 3034 2762)
4(2746 2763 3035 3018)
4(2762 3034 3035 2763)
4(2747 2764 3036 3019)
4(2763 3035 3036 2764)
4(2748 2765 3037 3020)
4(2764 3036 3037 2765)
4(2749 2766 3038 3021)
4(2765 3037 3038 2766)
4(2750 2767 3039 3022)
4(2766 3038 3039 2767)
4(2751 2768 3040 3023)
4(2767 3039 3040 2768)
4(2752 2769 3041 3024)
4(2768 3040 3041 2769)
4(2753 2770 3042 3025)
4(2769 3041 3042 2770)
4(2754 2771 3043 3026)
4(2770 3042 3043 2771)
4(2771 3043 3044 2772)
4(2757 2774 3046 3029)
4(2773 3045 3046 2774)
4(2756 3028 3045 2773)
4(2758 2775 3047 3030)
4(2774 3046 3047 2775)
4(2759 2776 3048 3031)
4(2775 3047 3048 2776)
4(2760 2777 3049 3032)
4(2776 3048 3049 2777)
4(2761 2778 3050 3033)
4(2777 3049 3050 2778)
4(2762 2779 3051 3034)
4(2778 3050 3051 2779)
4(2763 2780 3052 3035)
4(2779 3051 3052 2780)
4(2764 2781 3053 3036)
4(2780 3052 3053 2781)
4(2765 2782 3054 3037)
4(2781 3053 3054 2782)
4(2766 2783 3055 3038)
4(2782 3054 3055 2783)
4(2767 2784 3056 3039)
4(2783 3055 3056 2784)
4(2768 2785 3057 3040)
4(2784 3056 3057 2785)
4(2769 2786 3058 3041)
4(2785 3057 3058 2786)
4(2770 2787 3059 3042)
4(2786 3058 3059 2787)
4(2771 2788 3060 3043)
4(2787 3059 3060 2788)
4(2788 3060 3061 2789)
4(2774 2791 3063 3046)
4(2790 3062 3063 2791)
4(2773 3045 3062 2790)
4(2775 2792 3064 3047)
4(2791 3063 3064 2792)
4(2776 2793 3065 3048)
4(2792 3064 3065 2793)
4(2777 2794 3066 3049)
4(2793 3065 3066 2794)
4(2778 2795 3067 3050)
4(2794 3066 3067 2795)
4(2779 2796 3068 3051)
4(2795 3067 3068 2796)
4(2780 2797 3069 3052)
4(2796 3068 3069 2797)
4(2781 2798 3070 3053)
4(2797 3069 3070 2798)
4(2782 2799 3071 3054)
4(2798 3070 3071 2799)
4(2783 2800 3072 3055)
4(2799 3071 3072 2800)
4(2784 2801 3073 3056)
4(2800 3072 3073 2801)
4(2785 2802 3074 3057)
4(2801 3073 3074 2802)
4(2786 2803 3075 3058)
4(2802 3074 3075 2803)
4(2787 2804 3076 3059)
4(2803 3075 3076 2804)
4(2788 2805 3077 3060)
4(2804 3076 3077 2805)
4(2805 3077 3078 2806)
4(2791 2808 3080 3063)
4(2807 3079 3080 2808)
4(2790 3062 3079 2807)
4(2792 2809 3081 3064)
4(2808 3080 3081 2809)
4(2793 2810 3082 3065)
4(2809 3081 3082 2810)
4(2794 2811 3083 3066)
4(2810 3082 3083 2811)
4(2795 2812 3084 3067)
4(2811 3083 3084 2812)
4(2796 2813 3085 3068)
4(2812 3084 3085 2813)
4(2797 2814 3086 3069)
4(2813 3085 3086 2814)
4(2798 2815 3087 3070)
4(2814 3086 3087 2815)
4(2799 2816 3088 3071)
4(2815 3087 3088 2816)
4(2800 2817 3089 3072)
4(2816 3088 3089 2817)
4(2801 2818 3090 3073)
4(2817 3089 3090 2818)
4(2802 2819 3091 3074)
4(2818 3090 3091 2819)
4(2803 2820 3092 3075)
4(2819 3091 3092 2820)
4(2804 2821 3093 3076)
4(2820 3092 3093 2821)
4(2805 2822 3094 3077)
4(2821 3093 3094 2822)
4(2822 3094 3095 2823)
4(2808 2825 3097 3080)
4(2824 3096 3097 2825)
4(2807 3079 3096 2824)
4(2809 2826 3098 3081)
4(2825 3097 3098 2826)
4(2810 2827 3099 3082)
4(2826 3098 3099 2827)
4(2811 2828 3100 3083)
4(2827 3099 3100 2828)
4(2812 2829 3101 3084)
4(2828 3100 3101 2829)
4(2813 2830 3102 3085)
4(2829 3101 3102 2830)
4(2814 2831 3103 3086)
4(2830 3102 3103 2831)
4(2815 2832 3104 3087)
4(2831 3103 3104 2832)
4(2816 2833 3105 3088)
4(2832 3104 3105 2833)
4(2817 2834 3106 3089)
4(2833 3105 3106 2834)
4(2818 2835 3107 3090)
4(2834 3106 3107 2835)
4(2819 2836 3108 3091)
4(2835 3107 3108 2836)
4(2820 2837 3109 3092)
4(2836 3108 3109 2837)
4(2821 2838 3110 3093)
4(2837 3109 3110 2838)
4(2822 2839 3111 3094)
4(2838 3110 3111 2839)
4(2839 3111 3112 2840)
4(2825 2842 3114 3097)
4(2841 3113 3114 2842)
4(2824 3096 3113 2841)
4(2826 2843 3115 3098)
4(2842 3114 3115 2843)
4(2827 2844 3116 3099)
4(2843 3115 3116 2844)
4(2828 2845 3117 3100)
4(2844 3116 3117 2845)
4(2829 2846 3118 3101)
4(2845 3117 3118 2846)
4(2830 2847 3119 3102)
4(2846 3118 3119 2847)
4(2831 2848 3120 3103)
4(2847 3119 3120 2848)
4(2832 2849 3121 3104)
4(2848 3120 3121 2849)
4(2833 2850 3122 3105)
4(2849 3121 3122 2850)
4(2834 2851 3123 3106)
4(2850 3122 3123 2851)
4(2835 2852 3124 3107)
4(2851 3123 3124 2852)
4(2836 2853 3125 3108)
4(2852 3124 3125 2853)
4(2837 2854 3126 3109)
4(2853 3125 3126 2854)
4(2838 2855 3127 3110)
4(2854 3126 3127 2855)
4(2839 2856 3128 3111)
4(2855 3127 3128 2856)
4(2856 3128 3129 2857)
4(2842 2859 3131 3114)
4(2858 3130 3131 2859)
4(2841 3113 3130 2858)
4(2843 2860 3132 3115)
4(2859 3131 3132 2860)
4(2844 2861 3133 3116)
4(2860 3132 3133 2861)
4(2845 2862 3134 3117)
4(2861 3133 3134 2862)
4(2846 2863 3135 3118)
4(2862 3134 3135 2863)
4(2847 2864 3136 3119)
4(2863 3135 3136 2864)
4(2848 2865 3137 3120)
4(2864 3136 3137 2865)
4(2849 2866 3138 3121)
4(2865 3137 3138 2866)
4(2850 2867 3139 3122)
4(2866 3138 3139 2867)
4(2851 2868 3140 3123)
4(2867 3139 3140 2868)
4(2852 2869 3141 3124)
4(2868 3140 3141 2869)
4(2853 2870 3142 3125)
4(2869 3141 3142 2870)
4(2854 2871 3143 3126)
4(2870 3142 3143 2871)
4(2855 2872 3144 3127)
4(2871 3143 3144 2872)
4(2856 2873 3145 3128)
4(2872 3144 3145 2873)
4(2873 3145 3146 2874)
4(2859 2876 3148 3131)
4(2875 3147 3148 2876)
4(2858 3130 3147 2875)
4(2860 2877 3149 3132)
4(2876 3148 3149 2877)
4(2861 2878 3150 3133)
4(2877 3149 3150 2878)
4(2862 2879 3151 3134)
4(2878 3150 3151 2879)
4(2863 2880 3152 3135)
4(2879 3151 3152 2880)
4(2864 2881 3153 3136)
4(2880 3152 3153 2881)
4(2865 2882 3154 3137)
4(2881 3153 3154 2882)
4(2866 2883 3155 3138)
4(2882 3154 3155 2883)
4(2867 2884 3156 3139)
4(2883 3155 3156 2884)
4(2868 2885 3157 3140)
4(2884 3156 3157 2885)
4(2869 2886 3158 3141)
4(2885 3157 3158 2886)
4(2870 2887 3159 3142)
4(2886 3158 3159 2887)
4(2871 2888 3160 3143)
4(2887 3159 3160 2888)
4(2872 2889 3161 3144)
4(2888 3160 3161 2889)
4(2873 2890 3162 3145)
4(2889 3161 3162 2890)
4(2890 3162 3163 2891)
4(2876 2893 3165 3148)
4(2892 3164 3165 2893)
4(2875 3147 3164 2892)
4(2877 2894 3166 3149)
4(2893 3165 3166 2894)
4(2878 2895 3167 3150)
4(2894 3166 3167 2895)
4(2879 2896 3168 3151)
4(2895 3167 3168 2896)
4(2880 2897 3169 3152)
4(2896 3168 3169 2897)
4(2881 2898 3170 3153)
4(2897 3169 3170 2898)
4(2882 2899 3171 3154)
4(2898 3170 3171 2899)
4(2883 2900 3172 3155)
4(2899 3171 3172 2900)
4(2884 2901 3173 3156)
4(2900 3172 3173 2901)
4(2885 2902 3174 3157)
4(2901 3173 3174 2902)
4(2886 2903 3175 3158)
4(2902 3174 3175 2903)
4(2887 2904 3176 3159)
4(2903 3175 3176 2904)
4(2888 2905 3177 3160)
4(2904 3176 3177 2905)
4(2889 2906 3178 3161)
4(2905 3177 3178 2906)
4(2890 2907 3179 3162)
4(2906 3178 3179 2907)
4(2907 3179 3180 2908)
4(2893 2910 3182 3165)
4(2909 3181 3182 2910)
4(2892 3164 3181 2909)
4(2894 2911 3183 3166)
4(2910 3182 3183 2911)
4(2895 2912 3184 3167)
4(2911 3183 3184 2912)
4(2896 2913 3185 3168)
4(2912 3184 3185 2913)
4(2897 2914 3186 3169)
4(2913 3185 3186 2914)
4(2898 2915 3187 3170)
4(2914 3186 3187 2915)
4(2899 2916 3188 3171)
4(2915 3187 3188 2916)
4(2900 2917 3189 3172)
4(2916 3188 3189 2917)
4(2901 2918 3190 3173)
4(2917 3189 3190 2918)
4(2902 2919 3191 3174)
4(2918 3190 3191 2919)
4(2903 2920 3192 3175)
4(2919 3191 3192 2920)
4(2904 2921 3193 3176)
4(2920 3192 3193 2921)
4(2905 2922 3194 3177)
4(2921 3193 3194 2922)
4(2906 2923 3195 3178)
4(2922 3194 3195 2923)
4(2907 2924 3196 3179)
4(2923 3195 3196 2924)
4(2924 3196 3197 2925)
4(2910 2927 3199 3182)
4(2926 3198 3199 2927)
4(2909 3181 3198 2926)
4(2911 2928 3200 3183)
4(2927 3199 3200 2928)
4(2912 2929 3201 3184)
4(2928 3200 3201 2929)
4(2913 2930 3202 3185)
4(2929 3201 3202 2930)
4(2914 2931 3203 3186)
4(2930 3202 3203 2931)
4(2915 2932 3204 3187)
4(2931 3203 3204 2932)
4(2916 2933 3205 3188)
4(2932 3204 3205 2933)
4(2917 2934 3206 3189)
4(2933 3205 3206 2934)
4(2918 2935 3207 3190)
4(2934 3206 3207 2935)
4(2919 2936 3208 3191)
4(2935 3207 3208 2936)
4(2920 2937 3209 3192)
4(2936 3208 3209 2937)
4(2921 2938 3210 3193)
4(2937 3209 3210 2938)
4(2922 2939 3211 3194)
4(2938 3210 3211 2939)
4(2923 2940 3212 3195)
4(2939 3211 3212 2940)
4(2924 2941 3213 3196)
4(2940 3212 3213 2941)
4(2941 3213 3214 2942)
4(2927 2944 3216 3199)
4(2943 3215 3216 2944)
4(2926 3198 3215 2943)
4(2928 2945 3217 3200)
4(2944 3216 3217 2945)
4(2929 2946 3218 3201)
4(2945 3217 3218 2946)
4(2930 2947 3219 3202)
4(2946 3218 3219 2947)
4(2931 2948 3220 3203)
4(2947 3219 3220 2948)
4(2932 2949 3221 3204)
4(2948 3220 3221 2949)
4(2933 2950 3222 3205)
4(2949 3221 3222 2950)
4(2934 2951 3223 3206)
4(2950 3222 3223 2951)
4(2935 2952 3224 3207)
4(2951 3223 3224 2952)
4(2936 2953 3225 3208)
4(2952 3224 3225 2953)
4(2937 2954 3226 3209)
4(2953 3225 3226 2954)
4(2938 2955 3227 3210)
4(2954 3226 3227 2955)
4(2939 2956 3228 3211)
4(2955 3227 3228 2956)
4(2940 2957 3229 3212)
4(2956 3228 3229 2957)
4(2941 2958 3230 3213)
4(2957 3229 3230 2958)
4(2958 3230 3231 2959)
4(2944 2961 3233 3216)
4(2960 3232 3233 2961)
4(2943 3215 3232 2960)
4(2945 2962 3234 3217)
4(2961 3233 3234 2962)
4(2946 2963 3235 3218)
4(2962 3234 3235 2963)
4(2947 2964 3236 3219)
4(2963 3235 3236 2964)
4(2948 2965 3237 3220)
4(2964 3236 3237 2965)
4(2949 2966 3238 3221)
4(2965 3237 3238 2966)
4(2950 2967 3239 3222)
4(2966 3238 3239 2967)
4(2951 2968 3240 3223)
4(2967 3239 3240 2968)
4(2952 2969 3241 3224)
4(2968 3240 3241 2969)
4(2953 2970 3242 3225)
4(2969 3241 3242 2970)
4(2954 2971 3243 3226)
4(2970 3242 3243 2971)
4(2955 2972 3244 3227)
4(2971 3243 3244 2972)
4(2956 2973 3245 3228)
4(2972 3244 3245 2973)
4(2957 2974 3246 3229)
4(2973 3245 3246 2974)
4(2958 2975 3247 3230)
4(2974 3246 3247 2975)
4(2975 3247 3248 2976)
4(2961 2978 3250 3233)
4(2977 3249 3250 2978)
4(2960 3232 3249 2977)
4(2962 2979 3251 3234)
4(2978 3250 3251 2979)
4(2963 2980 3252 3235)
4(2979 3251 3252 2980)
4(2964 2981 3253 3236)
4(2980 3252 3253 2981)
4(2965 2982 3254 3237)
4(2981 3253 3254 2982)
4(2966 2983 3255 3238)
4(2982 3254 3255 2983)
4(2967 2984 3256 3239)
4(2983 3255 3256 2984)
4(2968 2985 3257 3240)
4(2984 3256 3257 2985)
4(2969 2986 3258 3241)
4(2985 3257 3258 2986)
4(2970 2987 3259 3242)
4(2986 3258 3259 2987)
4(2971 2988 3260 3243)
4(2987 3259 3260 2988)
4(2972 2989 3261 3244)
4(2988 3260 3261 2989)
4(2973 2990 3262 3245)
4(2989 3261 3262 2990)
4(2974 2991 3263 3246)
4(2990 3262 3263 2991)
4(2975 2992 3264 3247)
4(2991 3263 3264 2992)
4(2992 3264 3265 2993)
4(2978 287 576 3250)
4(2977 3249 577 288)
4(2979 286 575 3251)
4(2980 285 574 3252)
4(2981 284 573 3253)
4(2982 283 572 3254)
4(2983 282 571 3255)
4(2984 281 570 3256)
4(2985 280 569 3257)
4(2986 279 568 3258)
4(2987 278 567 3259)
4(2988 277 566 3260)
4(2989 276 565 3261)
4(2990 275 564 3262)
4(2991 274 563 3263)
4(2992 273 562 3264)
4(3267 3284 3556 3539)
4(3283 3555 3556 3284)
4(3266 3538 3555 3283)
4(3266 3267 3539 3538)
4(3268 3285 3557 3540)
4(3284 3556 3557 3285)
4(3267 3268 3540 3539)
4(3269 3286 3558 3541)
4(3285 3557 3558 3286)
4(3268 3269 3541 3540)
4(3270 3287 3559 3542)
4(3286 3558 3559 3287)
4(3269 3270 3542 3541)
4(3271 3288 3560 3543)
4(3287 3559 3560 3288)
4(3270 3271 3543 3542)
4(3272 3289 3561 3544)
4(3288 3560 3561 3289)
4(3271 3272 3544 3543)
4(3273 3290 3562 3545)
4(3289 3561 3562 3290)
4(3272 3273 3545 3544)
4(3274 3291 3563 3546)
4(3290 3562 3563 3291)
4(3273 3274 3546 3545)
4(3275 3292 3564 3547)
4(3291 3563 3564 3292)
4(3274 3275 3547 3546)
4(3276 3293 3565 3548)
4(3292 3564 3565 3293)
4(3275 3276 3548 3547)
4(3277 3294 3566 3549)
4(3293 3565 3566 3294)
4(3276 3277 3549 3548)
4(3278 3295 3567 3550)
4(3294 3566 3567 3295)
4(3277 3278 3550 3549)
4(3279 3296 3568 3551)
4(3295 3567 3568 3296)
4(3278 3279 3551 3550)
4(3280 3297 3569 3552)
4(3296 3568 3569 3297)
4(3279 3280 3552 3551)
4(3281 3298 3570 3553)
4(3297 3569 3570 3298)
4(3280 3281 3553 3552)
4(3298 3570 3571 3299)
4(3281 3282 3554 3553)
4(3284 3301 3573 3556)
4(3300 3572 3573 3301)
4(3283 3555 3572 3300)
4(3285 3302 3574 3557)
4(3301 3573 3574 3302)
4(3286 3303 3575 3558)
4(3302 3574 3575 3303)
4(3287 3304 3576 3559)
4(3303 3575 3576 3304)
4(3288 3305 3577 3560)
4(3304 3576 3577 3305)
4(3289 3306 3578 3561)
4(3305 3577 3578 3306)
4(3290 3307 3579 3562)
4(3306 3578 3579 3307)
4(3291 3308 3580 3563)
4(3307 3579 3580 3308)
4(3292 3309 3581 3564)
4(3308 3580 3581 3309)
4(3293 3310 3582 3565)
4(3309 3581 3582 3310)
4(3294 3311 3583 3566)
4(3310 3582 3583 3311)
4(3295 3312 3584 3567)
4(3311 3583 3584 3312)
4(3296 3313 3585 3568)
4(3312 3584 3585 3313)
4(3297 3314 3586 3569)
4(3313 3585 3586 3314)
4(3298 3315 3587 3570)
4(3314 3586 3587 3315)
4(3315 3587 3588 3316)
4(3301 3318 3590 3573)
4(3317 3589 3590 3318)
4(3300 3572 3589 3317)
4(3302 3319 3591 3574)
4(3318 3590 3591 3319)
4(3303 3320 3592 3575)
4(3319 3591 3592 3320)
4(3304 3321 3593 3576)
4(3320 3592 3593 3321)
4(3305 3322 3594 3577)
4(3321 3593 3594 3322)
4(3306 3323 3595 3578)
4(3322 3594 3595 3323)
4(3307 3324 3596 3579)
4(3323 3595 3596 3324)
4(3308 3325 3597 3580)
4(3324 3596 3597 3325)
4(3309 3326 3598 3581)
4(3325 3597 3598 3326)
4(3310 3327 3599 3582)
4(3326 3598 3599 3327)
4(3311 3328 3600 3583)
4(3327 3599 3600 3328)
4(3312 3329 3601 3584)
4(3328 3600 3601 3329)
4(3313 3330 3602 3585)
4(3329 3601 3602 3330)
4(3314 3331 3603 3586)
4(3330 3602 3603 3331)
4(3315 3332 3604 3587)
4(3331 3603 3604 3332)
4(3332 3604 3605 3333)
4(3318 3335 3607 3590)
4(3334 3606 3607 3335)
4(3317 3589 3606 3334)
4(3319 3336 3608 3591)
4(3335 3607 3608 3336)
4(3320 3337 3609 3592)
4(3336 3608 3609 3337)
4(3321 3338 3610 3593)
4(3337 3609 3610 3338)
4(3322 3339 3611 3594)
4(3338 3610 3611 3339)
4(3323 3340 3612 3595)
4(3339 3611 3612 3340)
4(3324 3341 3613 3596)
4(3340 3612 3613 3341)
4(3325 3342 3614 3597)
4(3341 3613 3614 3342)
4(3326 3343 3615 3598)
4(3342 3614 3615 3343)
4(3327 3344 3616 3599)
4(3343 3615 3616 3344)
4(3328 3345 3617 3600)
4(3344 3616 3617 3345)
4(3329 3346 3618 3601)
4(3345 3617 3618 3346)
4(3330 3347 3619 3602)
4(3346 3618 3619 3347)
4(3331 3348 3620 3603)
4(3347 3619 3620 3348)
4(3332 3349 3621 3604)
4(3348 3620 3621 3349)
4(3349 3621 3622 3350)
4(3335 3352 3624 3607)
4(3351 3623 3624 3352)
4(3334 3606 3623 3351)
4(3336 3353 3625 3608)
4(3352 3624 3625 3353)
4(3337 3354 3626 3609)
4(3353 3625 3626 3354)
4(3338 3355 3627 3610)
4(3354 3626 3627 3355)
4(3339 3356 3628 3611)
4(3355 3627 3628 3356)
4(3340 3357 3629 3612)
4(3356 3628 3629 3357)
4(3341 3358 3630 3613)
4(3357 3629 3630 3358)
4(3342 3359 3631 3614)
4(3358 3630 3631 3359)
4(3343 3360 3632 3615)
4(3359 3631 3632 3360)
4(3344 3361 3633 3616)
4(3360 3632 3633 3361)
4(3345 3362 3634 3617)
4(3361 3633 3634 3362)
4(3346 3363 3635 3618)
4(3362 3634 3635 3363)
4(3347 3364 3636 3619)
4(3363 3635 3636 3364)
4(3348 3365 3637 3620)
4(3364 3636 3637 3365)
4(3349 3366 3638 3621)
4(3365 3637 3638 3366)
4(3366 3638 3639 3367)
4(3352 3369 3641 3624)
4(3368 3640 3641 3369)
4(3351 3623 3640 3368)
4(3353 3370 3642 3625)
4(3369 3641 3642 3370)
4(3354 3371 3643 3626)
4(3370 3642 3643 3371)
4(3355 3372 3644 3627)
4(3371 3643 3644 3372)
4(3356 3373 3645 3628)
4(3372 3644 3645 3373)
4(3357 3374 3646 3629)
4(3373 3645 3646 3374)
4(3358 3375 3647 3630)
4(3374 3646 3647 3375)
4(3359 3376 3648 3631)
4(3375 3647 3648 3376)
4(3360 3377 3649 3632)
4(3376 3648 3649 3377)
4(3361 3378 3650 3633)
4(3377 3649 3650 3378)
4(3362 3379 3651 3634)
4(3378 3650 3651 3379)
4(3363 3380 3652 3635)
4(3379 3651 3652 3380)
4(3364 3381 3653 3636)
4(3380 3652 3653 3381)
4(3365 3382 3654 3637)
4(3381 3653 3654 3382)
4(3366 3383 3655 3638)
4(3382 3654 3655 3383)
4(3383 3655 3656 3384)
4(3369 3386 3658 3641)
4(3385 3657 3658 3386)
4(3368 3640 3657 3385)
4(3370 3387 3659 3642)
4(3386 3658 3659 3387)
4(3371 3388 3660 3643)
4(3387 3659 3660 3388)
4(3372 3389 3661 3644)
4(3388 3660 3661 3389)
4(3373 3390 3662 3645)
4(3389 3661 3662 3390)
4(3374 3391 3663 3646)
4(3390 3662 3663 3391)
4(3375 3392 3664 3647)
4(3391 3663 3664 3392)
4(3376 3393 3665 3648)
4(3392 3664 3665 3393)
4(3377 3394 3666 3649)
4(3393 3665 3666 3394)
4(3378 3395 3667 3650)
4(3394 3666 3667 3395)
4(3379 3396 3668 3651)
4(3395 3667 3668 3396)
4(3380 3397 3669 3652)
4(3396 3668 3669 3397)
4(3381 3398 3670 3653)
4(3397 3669 3670 3398)
4(3382 3399 3671 3654)
4(3398 3670 3671 3399)
4(3383 3400 3672 3655)
4(3399 3671 3672 3400)
4(3400 3672 3673 3401)
4(3386 3403 3675 3658)
4(3402 3674 3675 3403)
4(3385 3657 3674 3402)
4(3387 3404 3676 3659)
4(3403 3675 3676 3404)
4(3388 3405 3677 3660)
4(3404 3676 3677 3405)
4(3389 3406 3678 3661)
4(3405 3677 3678 3406)
4(3390 3407 3679 3662)
4(3406 3678 3679 3407)
4(3391 3408 3680 3663)
4(3407 3679 3680 3408)
4(3392 3409 3681 3664)
4(3408 3680 3681 3409)
4(3393 3410 3682 3665)
4(3409 3681 3682 3410)
4(3394 3411 3683 3666)
4(3410 3682 3683 3411)
4(3395 3412 3684 3667)
4(3411 3683 3684 3412)
4(3396 3413 3685 3668)
4(3412 3684 3685 3413)
4(3397 3414 3686 3669)
4(3413 3685 3686 3414)
4(3398 3415 3687 3670)
4(3414 3686 3687 3415)
4(3399 3416 3688 3671)
4(3415 3687 3688 3416)
4(3400 3417 3689 3672)
4(3416 3688 3689 3417)
4(3417 3689 3690 3418)
4(3403 3420 3692 3675)
4(3419 3691 3692 3420)
4(3402 3674 3691 3419)
4(3404 3421 3693 3676)
4(3420 3692 3693 3421)
4(3405 3422 3694 3677)
4(3421 3693 3694 3422)
4(3406 3423 3695 3678)
4(3422 3694 3695 3423)
4(3407 3424 3696 3679)
4(3423 3695 3696 3424)
4(3408 3425 3697 3680)
4(3424 3696 3697 3425)
4(3409 3426 3698 3681)
4(3425 3697 3698 3426)
4(3410 3427 3699 3682)
4(3426 3698 3699 3427)
4(3411 3428 3700 3683)
4(3427 3699 3700 3428)
4(3412 3429 3701 3684)
4(3428 3700 3701 3429)
4(3413 3430 3702 3685)
4(3429 3701 3702 3430)
4(3414 3431 3703 3686)
4(3430 3702 3703 3431)
4(3415 3432 3704 3687)
4(3431 3703 3704 3432)
4(3416 3433 3705 3688)
4(3432 3704 3705 3433)
4(3417 3434 3706 3689)
4(3433 3705 3706 3434)
4(3434 3706 3707 3435)
4(3420 3437 3709 3692)
4(3436 3708 3709 3437)
4(3419 3691 3708 3436)
4(3421 3438 3710 3693)
4(3437 3709 3710 3438)
4(3422 3439 3711 3694)
4(3438 3710 3711 3439)
4(3423 3440 3712 3695)
4(3439 3711 3712 3440)
4(3424 3441 3713 3696)
4(3440 3712 3713 3441)
4(3425 3442 3714 3697)
4(3441 3713 3714 3442)
4(3426 3443 3715 3698)
4(3442 3714 3715 3443)
4(3427 3444 3716 3699)
4(3443 3715 3716 3444)
4(3428 3445 3717 3700)
4(3444 3716 3717 3445)
4(3429 3446 3718 3701)
4(3445 3717 3718 3446)
4(3430 3447 3719 3702)
4(3446 3718 3719 3447)
4(3431 3448 3720 3703)
4(3447 3719 3720 3448)
4(3432 3449 3721 3704)
4(3448 3720 3721 3449)
4(3433 3450 3722 3705)
4(3449 3721 3722 3450)
4(3434 3451 3723 3706)
4(3450 3722 3723 3451)
4(3451 3723 3724 3452)
4(3437 3454 3726 3709)
4(3453 3725 3726 3454)
4(3436 3708 3725 3453)
4(3438 3455 3727 3710)
4(3454 3726 3727 3455)
4(3439 3456 3728 3711)
4(3455 3727 3728 3456)
4(3440 3457 3729 3712)
4(3456 3728 3729 3457)
4(3441 3458 3730 3713)
4(3457 3729 3730 3458)
4(3442 3459 3731 3714)
4(3458 3730 3731 3459)
4(3443 3460 3732 3715)
4(3459 3731 3732 3460)
4(3444 3461 3733 3716)
4(3460 3732 3733 3461)
4(3445 3462 3734 3717)
4(3461 3733 3734 3462)
4(3446 3463 3735 3718)
4(3462 3734 3735 3463)
4(3447 3464 3736 3719)
4(3463 3735 3736 3464)
4(3448 3465 3737 3720)
4(3464 3736 3737 3465)
4(3449 3466 3738 3721)
4(3465 3737 3738 3466)
4(3450 3467 3739 3722)
4(3466 3738 3739 3467)
4(3451 3468 3740 3723)
4(3467 3739 3740 3468)
4(3468 3740 3741 3469)
4(3454 3471 3743 3726)
4(3470 3742 3743 3471)
4(3453 3725 3742 3470)
4(3455 3472 3744 3727)
4(3471 3743 3744 3472)
4(3456 3473 3745 3728)
4(3472 3744 3745 3473)
4(3457 3474 3746 3729)
4(3473 3745 3746 3474)
4(3458 3475 3747 3730)
4(3474 3746 3747 3475)
4(3459 3476 3748 3731)
4(3475 3747 3748 3476)
4(3460 3477 3749 3732)
4(3476 3748 3749 3477)
4(3461 3478 3750 3733)
4(3477 3749 3750 3478)
4(3462 3479 3751 3734)
4(3478 3750 3751 3479)
4(3463 3480 3752 3735)
4(3479 3751 3752 3480)
4(3464 3481 3753 3736)
4(3480 3752 3753 3481)
4(3465 3482 3754 3737)
4(3481 3753 3754 3482)
4(3466 3483 3755 3738)
4(3482 3754 3755 3483)
4(3467 3484 3756 3739)
4(3483 3755 3756 3484)
4(3468 3485 3757 3740)
4(3484 3756 3757 3485)
4(3485 3757 3758 3486)
4(3471 3488 3760 3743)
4(3487 3759 3760 3488)
4(3470 3742 3759 3487)
4(3472 3489 3761 3744)
4(3488 3760 3761 3489)
4(3473 3490 3762 3745)
4(3489 3761 3762 3490)
4(3474 3491 3763 3746)
4(3490 3762 3763 3491)
4(3475 3492 3764 3747)
4(3491 3763 3764 3492)
4(3476 3493 3765 3748)
4(3492 3764 3765 3493)
4(3477 3494 3766 3749)
4(3493 3765 3766 3494)
4(3478 3495 3767 3750)
4(3494 3766 3767 3495)
4(3479 3496 3768 3751)
4(3495 3767 3768 3496)
4(3480 3497 3769 3752)
4(3496 3768 3769 3497)
4(3481 3498 3770 3753)
4(3497 3769 3770 3498)
4(3482 3499 3771 3754)
4(3498 3770 3771 3499)
4(3483 3500 3772 3755)
4(3499 3771 3772 3500)
4(3484 3501 3773 3756)
4(3500 3772 3773 3501)
4(3485 3502 3774 3757)
4(3501 3773 3774 3502)
4(3502 3774 3775 3503)
4(3488 3505 3777 3760)
4(3504 3776 3777 3505)
4(3487 3759 3776 3504)
4(3489 3506 3778 3761)
4(3505 3777 3778 3506)
4(3490 3507 3779 3762)
4(3506 3778 3779 3507)
4(3491 3508 3780 3763)
4(3507 3779 3780 3508)
4(3492 3509 3781 3764)
4(3508 3780 3781 3509)
4(3493 3510 3782 3765)
4(3509 3781 3782 3510)
4(3494 3511 3783 3766)
4(3510 3782 3783 3511)
4(3495 3512 3784 3767)
4(3511 3783 3784 3512)
4(3496 3513 3785 3768)
4(3512 3784 3785 3513)
4(3497 3514 3786 3769)
4(3513 3785 3786 3514)
4(3498 3515 3787 3770)
4(3514 3786 3787 3515)
4(3499 3516 3788 3771)
4(3515 3787 3788 3516)
4(3500 3517 3789 3772)
4(3516 3788 3789 3517)
4(3501 3518 3790 3773)
4(3517 3789 3790 3518)
4(3502 3519 3791 3774)
4(3518 3790 3791 3519)
4(3519 3791 3792 3520)
4(3505 3522 3794 3777)
4(3521 3793 3794 3522)
4(3504 3776 3793 3521)
4(3506 3523 3795 3778)
4(3522 3794 3795 3523)
4(3507 3524 3796 3779)
4(3523 3795 3796 3524)
4(3508 3525 3797 3780)
4(3524 3796 3797 3525)
4(3509 3526 3798 3781)
4(3525 3797 3798 3526)
4(3510 3527 3799 3782)
4(3526 3798 3799 3527)
4(3511 3528 3800 3783)
4(3527 3799 3800 3528)
4(3512 3529 3801 3784)
4(3528 3800 3801 3529)
4(3513 3530 3802 3785)
4(3529 3801 3802 3530)
4(3514 3531 3803 3786)
4(3530 3802 3803 3531)
4(3515 3532 3804 3787)
4(3531 3803 3804 3532)
4(3516 3533 3805 3788)
4(3532 3804 3805 3533)
4(3517 3534 3806 3789)
4(3533 3805 3806 3534)
4(3518 3535 3807 3790)
4(3534 3806 3807 3535)
4(3519 3536 3808 3791)
4(3535 3807 3808 3536)
4(3536 3808 3809 3537)
4(3522 2723 2995 3794)
4(3521 3793 2994 2722)
4(3523 2724 2996 3795)
4(3524 2725 2997 3796)
4(3525 2726 2998 3797)
4(3526 2727 2999 3798)
4(3527 2728 3000 3799)
4(3528 2729 3001 3800)
4(3529 2730 3002 3801)
4(3530 2731 3003 3802)
4(3531 2732 3004 3803)
4(3532 2733 3005 3804)
4(3533 2734 3006 3805)
4(3534 2735 3007 3806)
4(3535 2736 3008 3807)
4(3536 2737 3009 3808)
4(3811 3827 4099 4083)
4(3826 4098 4099 3827)
4(3810 3811 4083 4082)
4(3812 3828 4100 4084)
4(3827 4099 4100 3828)
4(3811 3812 4084 4083)
4(3813 3829 4101 4085)
4(3828 4100 4101 3829)
4(3812 3813 4085 4084)
4(3814 3830 4102 4086)
4(3829 4101 4102 3830)
4(3813 3814 4086 4085)
4(3815 3831 4103 4087)
4(3830 4102 4103 3831)
4(3814 3815 4087 4086)
4(3816 3832 4104 4088)
4(3831 4103 4104 3832)
4(3815 3816 4088 4087)
4(3817 3833 4105 4089)
4(3832 4104 4105 3833)
4(3816 3817 4089 4088)
4(3818 3834 4106 4090)
4(3833 4105 4106 3834)
4(3817 3818 4090 4089)
4(3819 3835 4107 4091)
4(3834 4106 4107 3835)
4(3818 3819 4091 4090)
4(3820 3836 4108 4092)
4(3835 4107 4108 3836)
4(3819 3820 4092 4091)
4(3821 3837 4109 4093)
4(3836 4108 4109 3837)
4(3820 3821 4093 4092)
4(3822 3838 4110 4094)
4(3837 4109 4110 3838)
4(3821 3822 4094 4093)
4(3823 3839 4111 4095)
4(3838 4110 4111 3839)
4(3822 3823 4095 4094)
4(3824 3840 4112 4096)
4(3839 4111 4112 3840)
4(3823 3824 4096 4095)
4(3825 3841 4113 4097)
4(3840 4112 4113 3841)
4(3824 3825 4097 4096)
4(3841 4113 3555 3283)
4(3825 3266 3538 4097)
4(3827 3843 4115 4099)
4(3842 4114 4115 3843)
4(3828 3844 4116 4100)
4(3843 4115 4116 3844)
4(3829 3845 4117 4101)
4(3844 4116 4117 3845)
4(3830 3846 4118 4102)
4(3845 4117 4118 3846)
4(3831 3847 4119 4103)
4(3846 4118 4119 3847)
4(3832 3848 4120 4104)
4(3847 4119 4120 3848)
4(3833 3849 4121 4105)
4(3848 4120 4121 3849)
4(3834 3850 4122 4106)
4(3849 4121 4122 3850)
4(3835 3851 4123 4107)
4(3850 4122 4123 3851)
4(3836 3852 4124 4108)
4(3851 4123 4124 3852)
4(3837 3853 4125 4109)
4(3852 4124 4125 3853)
4(3838 3854 4126 4110)
4(3853 4125 4126 3854)
4(3839 3855 4127 4111)
4(3854 4126 4127 3855)
4(3840 3856 4128 4112)
4(3855 4127 4128 3856)
4(3841 3857 4129 4113)
4(3856 4128 4129 3857)
4(3857 4129 3572 3300)
4(3843 3859 4131 4115)
4(3858 4130 4131 3859)
4(3844 3860 4132 4116)
4(3859 4131 4132 3860)
4(3845 3861 4133 4117)
4(3860 4132 4133 3861)
4(3846 3862 4134 4118)
4(3861 4133 4134 3862)
4(3847 3863 4135 4119)
4(3862 4134 4135 3863)
4(3848 3864 4136 4120)
4(3863 4135 4136 3864)
4(3849 3865 4137 4121)
4(3864 4136 4137 3865)
4(3850 3866 4138 4122)
4(3865 4137 4138 3866)
4(3851 3867 4139 4123)
4(3866 4138 4139 3867)
4(3852 3868 4140 4124)
4(3867 4139 4140 3868)
4(3853 3869 4141 4125)
4(3868 4140 4141 3869)
4(3854 3870 4142 4126)
4(3869 4141 4142 3870)
4(3855 3871 4143 4127)
4(3870 4142 4143 3871)
4(3856 3872 4144 4128)
4(3871 4143 4144 3872)
4(3857 3873 4145 4129)
4(3872 4144 4145 3873)
4(3873 4145 3589 3317)
4(3859 3875 4147 4131)
4(3874 4146 4147 3875)
4(3860 3876 4148 4132)
4(3875 4147 4148 3876)
4(3861 3877 4149 4133)
4(3876 4148 4149 3877)
4(3862 3878 4150 4134)
4(3877 4149 4150 3878)
4(3863 3879 4151 4135)
4(3878 4150 4151 3879)
4(3864 3880 4152 4136)
4(3879 4151 4152 3880)
4(3865 3881 4153 4137)
4(3880 4152 4153 3881)
4(3866 3882 4154 4138)
4(3881 4153 4154 3882)
4(3867 3883 4155 4139)
4(3882 4154 4155 3883)
4(3868 3884 4156 4140)
4(3883 4155 4156 3884)
4(3869 3885 4157 4141)
4(3884 4156 4157 3885)
4(3870 3886 4158 4142)
4(3885 4157 4158 3886)
4(3871 3887 4159 4143)
4(3886 4158 4159 3887)
4(3872 3888 4160 4144)
4(3887 4159 4160 3888)
4(3873 3889 4161 4145)
4(3888 4160 4161 3889)
4(3889 4161 3606 3334)
4(3875 3891 4163 4147)
4(3890 4162 4163 3891)
4(3876 3892 4164 4148)
4(3891 4163 4164 3892)
4(3877 3893 4165 4149)
4(3892 4164 4165 3893)
4(3878 3894 4166 4150)
4(3893 4165 4166 3894)
4(3879 3895 4167 4151)
4(3894 4166 4167 3895)
4(3880 3896 4168 4152)
4(3895 4167 4168 3896)
4(3881 3897 4169 4153)
4(3896 4168 4169 3897)
4(3882 3898 4170 4154)
4(3897 4169 4170 3898)
4(3883 3899 4171 4155)
4(3898 4170 4171 3899)
4(3884 3900 4172 4156)
4(3899 4171 4172 3900)
4(3885 3901 4173 4157)
4(3900 4172 4173 3901)
4(3886 3902 4174 4158)
4(3901 4173 4174 3902)
4(3887 3903 4175 4159)
4(3902 4174 4175 3903)
4(3888 3904 4176 4160)
4(3903 4175 4176 3904)
4(3889 3905 4177 4161)
4(3904 4176 4177 3905)
4(3905 4177 3623 3351)
4(3891 3907 4179 4163)
4(3906 4178 4179 3907)
4(3892 3908 4180 4164)
4(3907 4179 4180 3908)
4(3893 3909 4181 4165)
4(3908 4180 4181 3909)
4(3894 3910 4182 4166)
4(3909 4181 4182 3910)
4(3895 3911 4183 4167)
4(3910 4182 4183 3911)
4(3896 3912 4184 4168)
4(3911 4183 4184 3912)
4(3897 3913 4185 4169)
4(3912 4184 4185 3913)
4(3898 3914 4186 4170)
4(3913 4185 4186 3914)
4(3899 3915 4187 4171)
4(3914 4186 4187 3915)
4(3900 3916 4188 4172)
4(3915 4187 4188 3916)
4(3901 3917 4189 4173)
4(3916 4188 4189 3917)
4(3902 3918 4190 4174)
4(3917 4189 4190 3918)
4(3903 3919 4191 4175)
4(3918 4190 4191 3919)
4(3904 3920 4192 4176)
4(3919 4191 4192 3920)
4(3905 3921 4193 4177)
4(3920 4192 4193 3921)
4(3921 4193 3640 3368)
4(3907 3923 4195 4179)
4(3922 4194 4195 3923)
4(3908 3924 4196 4180)
4(3923 4195 4196 3924)
4(3909 3925 4197 4181)
4(3924 4196 4197 3925)
4(3910 3926 4198 4182)
4(3925 4197 4198 3926)
4(3911 3927 4199 4183)
4(3926 4198 4199 3927)
4(3912 3928 4200 4184)
4(3927 4199 4200 3928)
4(3913 3929 4201 4185)
4(3928 4200 4201 3929)
4(3914 3930 4202 4186)
4(3929 4201 4202 3930)
4(3915 3931 4203 4187)
4(3930 4202 4203 3931)
4(3916 3932 4204 4188)
4(3931 4203 4204 3932)
4(3917 3933 4205 4189)
4(3932 4204 4205 3933)
4(3918 3934 4206 4190)
4(3933 4205 4206 3934)
4(3919 3935 4207 4191)
4(3934 4206 4207 3935)
4(3920 3936 4208 4192)
4(3935 4207 4208 3936)
4(3921 3937 4209 4193)
4(3936 4208 4209 3937)
4(3937 4209 3657 3385)
4(3923 3939 4211 4195)
4(3938 4210 4211 3939)
4(3924 3940 4212 4196)
4(3939 4211 4212 3940)
4(3925 3941 4213 4197)
4(3940 4212 4213 3941)
4(3926 3942 4214 4198)
4(3941 4213 4214 3942)
4(3927 3943 4215 4199)
4(3942 4214 4215 3943)
4(3928 3944 4216 4200)
4(3943 4215 4216 3944)
4(3929 3945 4217 4201)
4(3944 4216 4217 3945)
4(3930 3946 4218 4202)
4(3945 4217 4218 3946)
4(3931 3947 4219 4203)
4(3946 4218 4219 3947)
4(3932 3948 4220 4204)
4(3947 4219 4220 3948)
4(3933 3949 4221 4205)
4(3948 4220 4221 3949)
4(3934 3950 4222 4206)
4(3949 4221 4222 3950)
4(3935 3951 4223 4207)
4(3950 4222 4223 3951)
4(3936 3952 4224 4208)
4(3951 4223 4224 3952)
4(3937 3953 4225 4209)
4(3952 4224 4225 3953)
4(3953 4225 3674 3402)
4(3939 3955 4227 4211)
4(3954 4226 4227 3955)
4(3940 3956 4228 4212)
4(3955 4227 4228 3956)
4(3941 3957 4229 4213)
4(3956 4228 4229 3957)
4(3942 3958 4230 4214)
4(3957 4229 4230 3958)
4(3943 3959 4231 4215)
4(3958 4230 4231 3959)
4(3944 3960 4232 4216)
4(3959 4231 4232 3960)
4(3945 3961 4233 4217)
4(3960 4232 4233 3961)
4(3946 3962 4234 4218)
4(3961 4233 4234 3962)
4(3947 3963 4235 4219)
4(3962 4234 4235 3963)
4(3948 3964 4236 4220)
4(3963 4235 4236 3964)
4(3949 3965 4237 4221)
4(3964 4236 4237 3965)
4(3950 3966 4238 4222)
4(3965 4237 4238 3966)
4(3951 3967 4239 4223)
4(3966 4238 4239 3967)
4(3952 3968 4240 4224)
4(3967 4239 4240 3968)
4(3953 3969 4241 4225)
4(3968 4240 4241 3969)
4(3969 4241 3691 3419)
4(3955 3971 4243 4227)
4(3970 4242 4243 3971)
4(3956 3972 4244 4228)
4(3971 4243 4244 3972)
4(3957 3973 4245 4229)
4(3972 4244 4245 3973)
4(3958 3974 4246 4230)
4(3973 4245 4246 3974)
4(3959 3975 4247 4231)
4(3974 4246 4247 3975)
4(3960 3976 4248 4232)
4(3975 4247 4248 3976)
4(3961 3977 4249 4233)
4(3976 4248 4249 3977)
4(3962 3978 4250 4234)
4(3977 4249 4250 3978)
4(3963 3979 4251 4235)
4(3978 4250 4251 3979)
4(3964 3980 4252 4236)
4(3979 4251 4252 3980)
4(3965 3981 4253 4237)
4(3980 4252 4253 3981)
4(3966 3982 4254 4238)
4(3981 4253 4254 3982)
4(3967 3983 4255 4239)
4(3982 4254 4255 3983)
4(3968 3984 4256 4240)
4(3983 4255 4256 3984)
4(3969 3985 4257 4241)
4(3984 4256 4257 3985)
4(3985 4257 3708 3436)
4(3971 3987 4259 4243)
4(3986 4258 4259 3987)
4(3972 3988 4260 4244)
4(3987 4259 4260 3988)
4(3973 3989 4261 4245)
4(3988 4260 4261 3989)
4(3974 3990 4262 4246)
4(3989 4261 4262 3990)
4(3975 3991 4263 4247)
4(3990 4262 4263 3991)
4(3976 3992 4264 4248)
4(3991 4263 4264 3992)
4(3977 3993 4265 4249)
4(3992 4264 4265 3993)
4(3978 3994 4266 4250)
4(3993 4265 4266 3994)
4(3979 3995 4267 4251)
4(3994 4266 4267 3995)
4(3980 3996 4268 4252)
4(3995 4267 4268 3996)
4(3981 3997 4269 4253)
4(3996 4268 4269 3997)
4(3982 3998 4270 4254)
4(3997 4269 4270 3998)
4(3983 3999 4271 4255)
4(3998 4270 4271 3999)
4(3984 4000 4272 4256)
4(3999 4271 4272 4000)
4(3985 4001 4273 4257)
4(4000 4272 4273 4001)
4(4001 4273 3725 3453)
4(3987 4003 4275 4259)
4(4002 4274 4275 4003)
4(3988 4004 4276 4260)
4(4003 4275 4276 4004)
4(3989 4005 4277 4261)
4(4004 4276 4277 4005)
4(3990 4006 4278 4262)
4(4005 4277 4278 4006)
4(3991 4007 4279 4263)
4(4006 4278 4279 4007)
4(3992 4008 4280 4264)
4(4007 4279 4280 4008)
4(3993 4009 4281 4265)
4(4008 4280 4281 4009)
4(3994 4010 4282 4266)
4(4009 4281 4282 4010)
4(3995 4011 4283 4267)
4(4010 4282 4283 4011)
4(3996 4012 4284 4268)
4(4011 4283 4284 4012)
4(3997 4013 4285 4269)
4(4012 4284 4285 4013)
4(3998 4014 4286 4270)
4(4013 4285 4286 4014)
4(3999 4015 4287 4271)
4(4014 4286 4287 4015)
4(4000 4016 4288 4272)
4(4015 4287 4288 4016)
4(4001 4017 4289 4273)
4(4016 4288 4289 4017)
4(4017 4289 3742 3470)
4(4003 4019 4291 4275)
4(4018 4290 4291 4019)
4(4004 4020 4292 4276)
4(4019 4291 4292 4020)
4(4005 4021 4293 4277)
4(4020 4292 4293 4021)
4(4006 4022 4294 4278)
4(4021 4293 4294 4022)
4(4007 4023 4295 4279)
4(4022 4294 4295 4023)
4(4008 4024 4296 4280)
4(4023 4295 4296 4024)
4(4009 4025 4297 4281)
4(4024 4296 4297 4025)
4(4010 4026 4298 4282)
4(4025 4297 4298 4026)
4(4011 4027 4299 4283)
4(4026 4298 4299 4027)
4(4012 4028 4300 4284)
4(4027 4299 4300 4028)
4(4013 4029 4301 4285)
4(4028 4300 4301 4029)
4(4014 4030 4302 4286)
4(4029 4301 4302 4030)
4(4015 4031 4303 4287)
4(4030 4302 4303 4031)
4(4016 4032 4304 4288)
4(4031 4303 4304 4032)
4(4017 4033 4305 4289)
4(4032 4304 4305 4033)
4(4033 4305 3759 3487)
4(4019 4035 4307 4291)
4(4034 4306 4307 4035)
4(4020 4036 4308 4292)
4(4035 4307 4308 4036)
4(4021 4037 4309 4293)
4(4036 4308 4309 4037)
4(4022 4038 4310 4294)
4(4037 4309 4310 4038)
4(4023 4039 4311 4295)
4(4038 4310 4311 4039)
4(4024 4040 4312 4296)
4(4039 4311 4312 4040)
4(4025 4041 4313 4297)
4(4040 4312 4313 4041)
4(4026 4042 4314 4298)
4(4041 4313 4314 4042)
4(4027 4043 4315 4299)
4(4042 4314 4315 4043)
4(4028 4044 4316 4300)
4(4043 4315 4316 4044)
4(4029 4045 4317 4301)
4(4044 4316 4317 4045)
4(4030 4046 4318 4302)
4(4045 4317 4318 4046)
4(4031 4047 4319 4303)
4(4046 4318 4319 4047)
4(4032 4048 4320 4304)
4(4047 4319 4320 4048)
4(4033 4049 4321 4305)
4(4048 4320 4321 4049)
4(4049 4321 3776 3504)
4(4035 4051 4323 4307)
4(4050 4322 4323 4051)
4(4036 4052 4324 4308)
4(4051 4323 4324 4052)
4(4037 4053 4325 4309)
4(4052 4324 4325 4053)
4(4038 4054 4326 4310)
4(4053 4325 4326 4054)
4(4039 4055 4327 4311)
4(4054 4326 4327 4055)
4(4040 4056 4328 4312)
4(4055 4327 4328 4056)
4(4041 4057 4329 4313)
4(4056 4328 4329 4057)
4(4042 4058 4330 4314)
4(4057 4329 4330 4058)
4(4043 4059 4331 4315)
4(4058 4330 4331 4059)
4(4044 4060 4332 4316)
4(4059 4331 4332 4060)
4(4045 4061 4333 4317)
4(4060 4332 4333 4061)
4(4046 4062 4334 4318)
4(4061 4333 4334 4062)
4(4047 4063 4335 4319)
4(4062 4334 4335 4063)
4(4048 4064 4336 4320)
4(4063 4335 4336 4064)
4(4049 4065 4337 4321)
4(4064 4336 4337 4065)
4(4065 4337 3793 3521)
4(4051 4067 4339 4323)
4(4066 4338 4339 4067)
4(4052 4068 4340 4324)
4(4067 4339 4340 4068)
4(4053 4069 4341 4325)
4(4068 4340 4341 4069)
4(4054 4070 4342 4326)
4(4069 4341 4342 4070)
4(4055 4071 4343 4327)
4(4070 4342 4343 4071)
4(4056 4072 4344 4328)
4(4071 4343 4344 4072)
4(4057 4073 4345 4329)
4(4072 4344 4345 4073)
4(4058 4074 4346 4330)
4(4073 4345 4346 4074)
4(4059 4075 4347 4331)
4(4074 4346 4347 4075)
4(4060 4076 4348 4332)
4(4075 4347 4348 4076)
4(4061 4077 4349 4333)
4(4076 4348 4349 4077)
4(4062 4078 4350 4334)
4(4077 4349 4350 4078)
4(4063 4079 4351 4335)
4(4078 4350 4351 4079)
4(4064 4080 4352 4336)
4(4079 4351 4352 4080)
4(4065 4081 4353 4337)
4(4080 4352 4353 4081)
4(4081 4353 2994 2722)
4(4067 4355 4627 4339)
4(4354 4626 4627 4355)
4(4068 4356 4628 4340)
4(4355 4627 4628 4356)
4(4069 4357 4629 4341)
4(4356 4628 4629 4357)
4(4070 4358 4630 4342)
4(4357 4629 4630 4358)
4(4071 4359 4631 4343)
4(4358 4630 4631 4359)
4(4072 4360 4632 4344)
4(4359 4631 4632 4360)
4(4073 4361 4633 4345)
4(4360 4632 4633 4361)
4(4074 4362 4634 4346)
4(4361 4633 4634 4362)
4(4075 4363 4635 4347)
4(4362 4634 4635 4363)
4(4076 4364 4636 4348)
4(4363 4635 4636 4364)
4(4077 4365 4637 4349)
4(4364 4636 4637 4365)
4(4078 4366 4638 4350)
4(4365 4637 4638 4366)
4(4079 4367 4639 4351)
4(4366 4638 4639 4367)
4(4080 4368 4640 4352)
4(4367 4639 4640 4368)
4(4081 4369 4641 4353)
4(4368 4640 4641 4369)
4(4369 4641 4642 4370)
4(2722 4370 4642 2994)
4(4355 4372 4644 4627)
4(4371 4643 4644 4372)
4(4356 4373 4645 4628)
4(4372 4644 4645 4373)
4(4357 4374 4646 4629)
4(4373 4645 4646 4374)
4(4358 4375 4647 4630)
4(4374 4646 4647 4375)
4(4359 4376 4648 4631)
4(4375 4647 4648 4376)
4(4360 4377 4649 4632)
4(4376 4648 4649 4377)
4(4361 4378 4650 4633)
4(4377 4649 4650 4378)
4(4362 4379 4651 4634)
4(4378 4650 4651 4379)
4(4363 4380 4652 4635)
4(4379 4651 4652 4380)
4(4364 4381 4653 4636)
4(4380 4652 4653 4381)
4(4365 4382 4654 4637)
4(4381 4653 4654 4382)
4(4366 4383 4655 4638)
4(4382 4654 4655 4383)
4(4367 4384 4656 4639)
4(4383 4655 4656 4384)
4(4368 4385 4657 4640)
4(4384 4656 4657 4385)
4(4369 4386 4658 4641)
4(4385 4657 4658 4386)
4(4386 4658 4659 4387)
4(4370 4387 4659 4642)
4(4372 4389 4661 4644)
4(4388 4660 4661 4389)
4(4373 4390 4662 4645)
4(4389 4661 4662 4390)
4(4374 4391 4663 4646)
4(4390 4662 4663 4391)
4(4375 4392 4664 4647)
4(4391 4663 4664 4392)
4(4376 4393 4665 4648)
4(4392 4664 4665 4393)
4(4377 4394 4666 4649)
4(4393 4665 4666 4394)
4(4378 4395 4667 4650)
4(4394 4666 4667 4395)
4(4379 4396 4668 4651)
4(4395 4667 4668 4396)
4(4380 4397 4669 4652)
4(4396 4668 4669 4397)
4(4381 4398 4670 4653)
4(4397 4669 4670 4398)
4(4382 4399 4671 4654)
4(4398 4670 4671 4399)
4(4383 4400 4672 4655)
4(4399 4671 4672 4400)
4(4384 4401 4673 4656)
4(4400 4672 4673 4401)
4(4385 4402 4674 4657)
4(4401 4673 4674 4402)
4(4386 4403 4675 4658)
4(4402 4674 4675 4403)
4(4403 4675 4676 4404)
4(4387 4404 4676 4659)
4(4389 4406 4678 4661)
4(4405 4677 4678 4406)
4(4390 4407 4679 4662)
4(4406 4678 4679 4407)
4(4391 4408 4680 4663)
4(4407 4679 4680 4408)
4(4392 4409 4681 4664)
4(4408 4680 4681 4409)
4(4393 4410 4682 4665)
4(4409 4681 4682 4410)
4(4394 4411 4683 4666)
4(4410 4682 4683 4411)
4(4395 4412 4684 4667)
4(4411 4683 4684 4412)
4(4396 4413 4685 4668)
4(4412 4684 4685 4413)
4(4397 4414 4686 4669)
4(4413 4685 4686 4414)
4(4398 4415 4687 4670)
4(4414 4686 4687 4415)
4(4399 4416 4688 4671)
4(4415 4687 4688 4416)
4(4400 4417 4689 4672)
4(4416 4688 4689 4417)
4(4401 4418 4690 4673)
4(4417 4689 4690 4418)
4(4402 4419 4691 4674)
4(4418 4690 4691 4419)
4(4403 4420 4692 4675)
4(4419 4691 4692 4420)
4(4420 4692 4693 4421)
4(4404 4421 4693 4676)
4(4406 4423 4695 4678)
4(4422 4694 4695 4423)
4(4407 4424 4696 4679)
4(4423 4695 4696 4424)
4(4408 4425 4697 4680)
4(4424 4696 4697 4425)
4(4409 4426 4698 4681)
4(4425 4697 4698 4426)
4(4410 4427 4699 4682)
4(4426 4698 4699 4427)
4(4411 4428 4700 4683)
4(4427 4699 4700 4428)
4(4412 4429 4701 4684)
4(4428 4700 4701 4429)
4(4413 4430 4702 4685)
4(4429 4701 4702 4430)
4(4414 4431 4703 4686)
4(4430 4702 4703 4431)
4(4415 4432 4704 4687)
4(4431 4703 4704 4432)
4(4416 4433 4705 4688)
4(4432 4704 4705 4433)
4(4417 4434 4706 4689)
4(4433 4705 4706 4434)
4(4418 4435 4707 4690)
4(4434 4706 4707 4435)
4(4419 4436 4708 4691)
4(4435 4707 4708 4436)
4(4420 4437 4709 4692)
4(4436 4708 4709 4437)
4(4437 4709 4710 4438)
4(4421 4438 4710 4693)
4(4423 4440 4712 4695)
4(4439 4711 4712 4440)
4(4424 4441 4713 4696)
4(4440 4712 4713 4441)
4(4425 4442 4714 4697)
4(4441 4713 4714 4442)
4(4426 4443 4715 4698)
4(4442 4714 4715 4443)
4(4427 4444 4716 4699)
4(4443 4715 4716 4444)
4(4428 4445 4717 4700)
4(4444 4716 4717 4445)
4(4429 4446 4718 4701)
4(4445 4717 4718 4446)
4(4430 4447 4719 4702)
4(4446 4718 4719 4447)
4(4431 4448 4720 4703)
4(4447 4719 4720 4448)
4(4432 4449 4721 4704)
4(4448 4720 4721 4449)
4(4433 4450 4722 4705)
4(4449 4721 4722 4450)
4(4434 4451 4723 4706)
4(4450 4722 4723 4451)
4(4435 4452 4724 4707)
4(4451 4723 4724 4452)
4(4436 4453 4725 4708)
4(4452 4724 4725 4453)
4(4437 4454 4726 4709)
4(4453 4725 4726 4454)
4(4454 4726 4727 4455)
4(4438 4455 4727 4710)
4(4440 4457 4729 4712)
4(4456 4728 4729 4457)
4(4441 4458 4730 4713)
4(4457 4729 4730 4458)
4(4442 4459 4731 4714)
4(4458 4730 4731 4459)
4(4443 4460 4732 4715)
4(4459 4731 4732 4460)
4(4444 4461 4733 4716)
4(4460 4732 4733 4461)
4(4445 4462 4734 4717)
4(4461 4733 4734 4462)
4(4446 4463 4735 4718)
4(4462 4734 4735 4463)
4(4447 4464 4736 4719)
4(4463 4735 4736 4464)
4(4448 4465 4737 4720)
4(4464 4736 4737 4465)
4(4449 4466 4738 4721)
4(4465 4737 4738 4466)
4(4450 4467 4739 4722)
4(4466 4738 4739 4467)
4(4451 4468 4740 4723)
4(4467 4739 4740 4468)
4(4452 4469 4741 4724)
4(4468 4740 4741 4469)
4(4453 4470 4742 4725)
4(4469 4741 4742 4470)
4(4454 4471 4743 4726)
4(4470 4742 4743 4471)
4(4471 4743 4744 4472)
4(4455 4472 4744 4727)
4(4457 4474 4746 4729)
4(4473 4745 4746 4474)
4(4458 4475 4747 4730)
4(4474 4746 4747 4475)
4(4459 4476 4748 4731)
4(4475 4747 4748 4476)
4(4460 4477 4749 4732)
4(4476 4748 4749 4477)
4(4461 4478 4750 4733)
4(4477 4749 4750 4478)
4(4462 4479 4751 4734)
4(4478 4750 4751 4479)
4(4463 4480 4752 4735)
4(4479 4751 4752 4480)
4(4464 4481 4753 4736)
4(4480 4752 4753 4481)
4(4465 4482 4754 4737)
4(4481 4753 4754 4482)
4(4466 4483 4755 4738)
4(4482 4754 4755 4483)
4(4467 4484 4756 4739)
4(4483 4755 4756 4484)
4(4468 4485 4757 4740)
4(4484 4756 4757 4485)
4(4469 4486 4758 4741)
4(4485 4757 4758 4486)
4(4470 4487 4759 4742)
4(4486 4758 4759 4487)
4(4471 4488 4760 4743)
4(4487 4759 4760 4488)
4(4488 4760 4761 4489)
4(4472 4489 4761 4744)
4(4474 4491 4763 4746)
4(4490 4762 4763 4491)
4(4475 4492 4764 4747)
4(4491 4763 4764 4492)
4(4476 4493 4765 4748)
4(4492 4764 4765 4493)
4(4477 4494 4766 4749)
4(4493 4765 4766 4494)
4(4478 4495 4767 4750)
4(4494 4766 4767 4495)
4(4479 4496 4768 4751)
4(4495 4767 4768 4496)
4(4480 4497 4769 4752)
4(4496 4768 4769 4497)
4(4481 4498 4770 4753)
4(4497 4769 4770 4498)
4(4482 4499 4771 4754)
4(4498 4770 4771 4499)
4(4483 4500 4772 4755)
4(4499 4771 4772 4500)
4(4484 4501 4773 4756)
4(4500 4772 4773 4501)
4(4485 4502 4774 4757)
4(4501 4773 4774 4502)
4(4486 4503 4775 4758)
4(4502 4774 4775 4503)
4(4487 4504 4776 4759)
4(4503 4775 4776 4504)
4(4488 4505 4777 4760)
4(4504 4776 4777 4505)
4(4505 4777 4778 4506)
4(4489 4506 4778 4761)
4(4491 4508 4780 4763)
4(4507 4779 4780 4508)
4(4492 4509 4781 4764)
4(4508 4780 4781 4509)
4(4493 4510 4782 4765)
4(4509 4781 4782 4510)
4(4494 4511 4783 4766)
4(4510 4782 4783 4511)
4(4495 4512 4784 4767)
4(4511 4783 4784 4512)
4(4496 4513 4785 4768)
4(4512 4784 4785 4513)
4(4497 4514 4786 4769)
4(4513 4785 4786 4514)
4(4498 4515 4787 4770)
4(4514 4786 4787 4515)
4(4499 4516 4788 4771)
4(4515 4787 4788 4516)
4(4500 4517 4789 4772)
4(4516 4788 4789 4517)
4(4501 4518 4790 4773)
4(4517 4789 4790 4518)
4(4502 4519 4791 4774)
4(4518 4790 4791 4519)
4(4503 4520 4792 4775)
4(4519 4791 4792 4520)
4(4504 4521 4793 4776)
4(4520 4792 4793 4521)
4(4505 4522 4794 4777)
4(4521 4793 4794 4522)
4(4522 4794 4795 4523)
4(4506 4523 4795 4778)
4(4508 4525 4797 4780)
4(4524 4796 4797 4525)
4(4509 4526 4798 4781)
4(4525 4797 4798 4526)
4(4510 4527 4799 4782)
4(4526 4798 4799 4527)
4(4511 4528 4800 4783)
4(4527 4799 4800 4528)
4(4512 4529 4801 4784)
4(4528 4800 4801 4529)
4(4513 4530 4802 4785)
4(4529 4801 4802 4530)
4(4514 4531 4803 4786)
4(4530 4802 4803 4531)
4(4515 4532 4804 4787)
4(4531 4803 4804 4532)
4(4516 4533 4805 4788)
4(4532 4804 4805 4533)
4(4517 4534 4806 4789)
4(4533 4805 4806 4534)
4(4518 4535 4807 4790)
4(4534 4806 4807 4535)
4(4519 4536 4808 4791)
4(4535 4807 4808 4536)
4(4520 4537 4809 4792)
4(4536 4808 4809 4537)
4(4521 4538 4810 4793)
4(4537 4809 4810 4538)
4(4522 4539 4811 4794)
4(4538 4810 4811 4539)
4(4539 4811 4812 4540)
4(4523 4540 4812 4795)
4(4525 4542 4814 4797)
4(4541 4813 4814 4542)
4(4526 4543 4815 4798)
4(4542 4814 4815 4543)
4(4527 4544 4816 4799)
4(4543 4815 4816 4544)
4(4528 4545 4817 4800)
4(4544 4816 4817 4545)
4(4529 4546 4818 4801)
4(4545 4817 4818 4546)
4(4530 4547 4819 4802)
4(4546 4818 4819 4547)
4(4531 4548 4820 4803)
4(4547 4819 4820 4548)
4(4532 4549 4821 4804)
4(4548 4820 4821 4549)
4(4533 4550 4822 4805)
4(4549 4821 4822 4550)
4(4534 4551 4823 4806)
4(4550 4822 4823 4551)
4(4535 4552 4824 4807)
4(4551 4823 4824 4552)
4(4536 4553 4825 4808)
4(4552 4824 4825 4553)
4(4537 4554 4826 4809)
4(4553 4825 4826 4554)
4(4538 4555 4827 4810)
4(4554 4826 4827 4555)
4(4539 4556 4828 4811)
4(4555 4827 4828 4556)
4(4556 4828 4829 4557)
4(4540 4557 4829 4812)
4(4542 4559 4831 4814)
4(4558 4830 4831 4559)
4(4543 4560 4832 4815)
4(4559 4831 4832 4560)
4(4544 4561 4833 4816)
4(4560 4832 4833 4561)
4(4545 4562 4834 4817)
4(4561 4833 4834 4562)
4(4546 4563 4835 4818)
4(4562 4834 4835 4563)
4(4547 4564 4836 4819)
4(4563 4835 4836 4564)
4(4548 4565 4837 4820)
4(4564 4836 4837 4565)
4(4549 4566 4838 4821)
4(4565 4837 4838 4566)
4(4550 4567 4839 4822)
4(4566 4838 4839 4567)
4(4551 4568 4840 4823)
4(4567 4839 4840 4568)
4(4552 4569 4841 4824)
4(4568 4840 4841 4569)
4(4553 4570 4842 4825)
4(4569 4841 4842 4570)
4(4554 4571 4843 4826)
4(4570 4842 4843 4571)
4(4555 4572 4844 4827)
4(4571 4843 4844 4572)
4(4556 4573 4845 4828)
4(4572 4844 4845 4573)
4(4573 4845 4846 4574)
4(4557 4574 4846 4829)
4(4559 4576 4848 4831)
4(4575 4847 4848 4576)
4(4560 4577 4849 4832)
4(4576 4848 4849 4577)
4(4561 4578 4850 4833)
4(4577 4849 4850 4578)
4(4562 4579 4851 4834)
4(4578 4850 4851 4579)
4(4563 4580 4852 4835)
4(4579 4851 4852 4580)
4(4564 4581 4853 4836)
4(4580 4852 4853 4581)
4(4565 4582 4854 4837)
4(4581 4853 4854 4582)
4(4566 4583 4855 4838)
4(4582 4854 4855 4583)
4(4567 4584 4856 4839)
4(4583 4855 4856 4584)
4(4568 4585 4857 4840)
4(4584 4856 4857 4585)
4(4569 4586 4858 4841)
4(4585 4857 4858 4586)
4(4570 4587 4859 4842)
4(4586 4858 4859 4587)
4(4571 4588 4860 4843)
4(4587 4859 4860 4588)
4(4572 4589 4861 4844)
4(4588 4860 4861 4589)
4(4573 4590 4862 4845)
4(4589 4861 4862 4590)
4(4590 4862 4863 4591)
4(4574 4591 4863 4846)
4(4576 4593 4865 4848)
4(4592 4864 4865 4593)
4(4577 4594 4866 4849)
4(4593 4865 4866 4594)
4(4578 4595 4867 4850)
4(4594 4866 4867 4595)
4(4579 4596 4868 4851)
4(4595 4867 4868 4596)
4(4580 4597 4869 4852)
4(4596 4868 4869 4597)
4(4581 4598 4870 4853)
4(4597 4869 4870 4598)
4(4582 4599 4871 4854)
4(4598 4870 4871 4599)
4(4583 4600 4872 4855)
4(4599 4871 4872 4600)
4(4584 4601 4873 4856)
4(4600 4872 4873 4601)
4(4585 4602 4874 4857)
4(4601 4873 4874 4602)
4(4586 4603 4875 4858)
4(4602 4874 4875 4603)
4(4587 4604 4876 4859)
4(4603 4875 4876 4604)
4(4588 4605 4877 4860)
4(4604 4876 4877 4605)
4(4589 4606 4878 4861)
4(4605 4877 4878 4606)
4(4590 4607 4879 4862)
4(4606 4878 4879 4607)
4(4607 4879 4880 4608)
4(4591 4608 4880 4863)
4(4593 4610 4882 4865)
4(4594 4611 4883 4866)
4(4595 4612 4884 4867)
4(4596 4613 4885 4868)
4(4597 4614 4886 4869)
4(4598 4615 4887 4870)
4(4599 4616 4888 4871)
4(4600 4617 4889 4872)
4(4601 4618 4890 4873)
4(4602 4619 4891 4874)
4(4603 4620 4892 4875)
4(4604 4621 4893 4876)
4(4605 4622 4894 4877)
4(4606 4623 4895 4878)
4(4607 4624 4896 4879)
4(4608 4625 4897 4880)
4(2739 4898 5138 3011)
4(4370 4642 5138 4898)
4(2756 4899 5139 3028)
4(4898 5138 5139 4899)
4(2773 4900 5140 3045)
4(4899 5139 5140 4900)
4(2790 4901 5141 3062)
4(4900 5140 5141 4901)
4(2807 4902 5142 3079)
4(4901 5141 5142 4902)
4(2824 4903 5143 3096)
4(4902 5142 5143 4903)
4(2841 4904 5144 3113)
4(4903 5143 5144 4904)
4(2858 4905 5145 3130)
4(4904 5144 5145 4905)
4(2875 4906 5146 3147)
4(4905 5145 5146 4906)
4(2892 4907 5147 3164)
4(4906 5146 5147 4907)
4(2909 4908 5148 3181)
4(4907 5147 5148 4908)
4(2926 4909 5149 3198)
4(4908 5148 5149 4909)
4(2943 4910 5150 3215)
4(4909 5149 5150 4910)
4(2960 4911 5151 3232)
4(4910 5150 5151 4911)
4(2977 4912 5152 3249)
4(4911 5151 5152 4912)
4(4912 5152 2466 2210)
4(4898 4913 5153 5138)
4(4387 4659 5153 4913)
4(4899 4914 5154 5139)
4(4913 5153 5154 4914)
4(4900 4915 5155 5140)
4(4914 5154 5155 4915)
4(4901 4916 5156 5141)
4(4915 5155 5156 4916)
4(4902 4917 5157 5142)
4(4916 5156 5157 4917)
4(4903 4918 5158 5143)
4(4917 5157 5158 4918)
4(4904 4919 5159 5144)
4(4918 5158 5159 4919)
4(4905 4920 5160 5145)
4(4919 5159 5160 4920)
4(4906 4921 5161 5146)
4(4920 5160 5161 4921)
4(4907 4922 5162 5147)
4(4921 5161 5162 4922)
4(4908 4923 5163 5148)
4(4922 5162 5163 4923)
4(4909 4924 5164 5149)
4(4923 5163 5164 4924)
4(4910 4925 5165 5150)
4(4924 5164 5165 4925)
4(4911 4926 5166 5151)
4(4925 5165 5166 4926)
4(4912 4927 5167 5152)
4(4926 5166 5167 4927)
4(4927 5167 2482 2226)
4(4913 4928 5168 5153)
4(4404 4676 5168 4928)
4(4914 4929 5169 5154)
4(4928 5168 5169 4929)
4(4915 4930 5170 5155)
4(4929 5169 5170 4930)
4(4916 4931 5171 5156)
4(4930 5170 5171 4931)
4(4917 4932 5172 5157)
4(4931 5171 5172 4932)
4(4918 4933 5173 5158)
4(4932 5172 5173 4933)
4(4919 4934 5174 5159)
4(4933 5173 5174 4934)
4(4920 4935 5175 5160)
4(4934 5174 5175 4935)
4(4921 4936 5176 5161)
4(4935 5175 5176 4936)
4(4922 4937 5177 5162)
4(4936 5176 5177 4937)
4(4923 4938 5178 5163)
4(4937 5177 5178 4938)
4(4924 4939 5179 5164)
4(4938 5178 5179 4939)
4(4925 4940 5180 5165)
4(4939 5179 5180 4940)
4(4926 4941 5181 5166)
4(4940 5180 5181 4941)
4(4927 4942 5182 5167)
4(4941 5181 5182 4942)
4(4942 5182 2498 2242)
4(4928 4943 5183 5168)
4(4421 4693 5183 4943)
4(4929 4944 5184 5169)
4(4943 5183 5184 4944)
4(4930 4945 5185 5170)
4(4944 5184 5185 4945)
4(4931 4946 5186 5171)
4(4945 5185 5186 4946)
4(4932 4947 5187 5172)
4(4946 5186 5187 4947)
4(4933 4948 5188 5173)
4(4947 5187 5188 4948)
4(4934 4949 5189 5174)
4(4948 5188 5189 4949)
4(4935 4950 5190 5175)
4(4949 5189 5190 4950)
4(4936 4951 5191 5176)
4(4950 5190 5191 4951)
4(4937 4952 5192 5177)
4(4951 5191 5192 4952)
4(4938 4953 5193 5178)
4(4952 5192 5193 4953)
4(4939 4954 5194 5179)
4(4953 5193 5194 4954)
4(4940 4955 5195 5180)
4(4954 5194 5195 4955)
4(4941 4956 5196 5181)
4(4955 5195 5196 4956)
4(4942 4957 5197 5182)
4(4956 5196 5197 4957)
4(4957 5197 2514 2258)
4(4943 4958 5198 5183)
4(4438 4710 5198 4958)
4(4944 4959 5199 5184)
4(4958 5198 5199 4959)
4(4945 4960 5200 5185)
4(4959 5199 5200 4960)
4(4946 4961 5201 5186)
4(4960 5200 5201 4961)
4(4947 4962 5202 5187)
4(4961 5201 5202 4962)
4(4948 4963 5203 5188)
4(4962 5202 5203 4963)
4(4949 4964 5204 5189)
4(4963 5203 5204 4964)
4(4950 4965 5205 5190)
4(4964 5204 5205 4965)
4(4951 4966 5206 5191)
4(4965 5205 5206 4966)
4(4952 4967 5207 5192)
4(4966 5206 5207 4967)
4(4953 4968 5208 5193)
4(4967 5207 5208 4968)
4(4954 4969 5209 5194)
4(4968 5208 5209 4969)
4(4955 4970 5210 5195)
4(4969 5209 5210 4970)
4(4956 4971 5211 5196)
4(4970 5210 5211 4971)
4(4957 4972 5212 5197)
4(4971 5211 5212 4972)
4(4972 5212 2530 2274)
4(4958 4973 5213 5198)
4(4455 4727 5213 4973)
4(4959 4974 5214 5199)
4(4973 5213 5214 4974)
4(4960 4975 5215 5200)
4(4974 5214 5215 4975)
4(4961 4976 5216 5201)
4(4975 5215 5216 4976)
4(4962 4977 5217 5202)
4(4976 5216 5217 4977)
4(4963 4978 5218 5203)
4(4977 5217 5218 4978)
4(4964 4979 5219 5204)
4(4978 5218 5219 4979)
4(4965 4980 5220 5205)
4(4979 5219 5220 4980)
4(4966 4981 5221 5206)
4(4980 5220 5221 4981)
4(4967 4982 5222 5207)
4(4981 5221 5222 4982)
4(4968 4983 5223 5208)
4(4982 5222 5223 4983)
4(4969 4984 5224 5209)
4(4983 5223 5224 4984)
4(4970 4985 5225 5210)
4(4984 5224 5225 4985)
4(4971 4986 5226 5211)
4(4985 5225 5226 4986)
4(4972 4987 5227 5212)
4(4986 5226 5227 4987)
4(4987 5227 2546 2290)
4(4973 4988 5228 5213)
4(4472 4744 5228 4988)
4(4974 4989 5229 5214)
4(4988 5228 5229 4989)
4(4975 4990 5230 5215)
4(4989 5229 5230 4990)
4(4976 4991 5231 5216)
4(4990 5230 5231 4991)
4(4977 4992 5232 5217)
4(4991 5231 5232 4992)
4(4978 4993 5233 5218)
4(4992 5232 5233 4993)
4(4979 4994 5234 5219)
4(4993 5233 5234 4994)
4(4980 4995 5235 5220)
4(4994 5234 5235 4995)
4(4981 4996 5236 5221)
4(4995 5235 5236 4996)
4(4982 4997 5237 5222)
4(4996 5236 5237 4997)
4(4983 4998 5238 5223)
4(4997 5237 5238 4998)
4(4984 4999 5239 5224)
4(4998 5238 5239 4999)
4(4985 5000 5240 5225)
4(4999 5239 5240 5000)
4(4986 5001 5241 5226)
4(5000 5240 5241 5001)
4(4987 5002 5242 5227)
4(5001 5241 5242 5002)
4(5002 5242 2562 2306)
4(4988 5003 5243 5228)
4(4489 4761 5243 5003)
4(4989 5004 5244 5229)
4(5003 5243 5244 5004)
4(4990 5005 5245 5230)
4(5004 5244 5245 5005)
4(4991 5006 5246 5231)
4(5005 5245 5246 5006)
4(4992 5007 5247 5232)
4(5006 5246 5247 5007)
4(4993 5008 5248 5233)
4(5007 5247 5248 5008)
4(4994 5009 5249 5234)
4(5008 5248 5249 5009)
4(4995 5010 5250 5235)
4(5009 5249 5250 5010)
4(4996 5011 5251 5236)
4(5010 5250 5251 5011)
4(4997 5012 5252 5237)
4(5011 5251 5252 5012)
4(4998 5013 5253 5238)
4(5012 5252 5253 5013)
4(4999 5014 5254 5239)
4(5013 5253 5254 5014)
4(5000 5015 5255 5240)
4(5014 5254 5255 5015)
4(5001 5016 5256 5241)
4(5015 5255 5256 5016)
4(5002 5017 5257 5242)
4(5016 5256 5257 5017)
4(5017 5257 2578 2322)
4(5003 5018 5258 5243)
4(4506 4778 5258 5018)
4(5004 5019 5259 5244)
4(5018 5258 5259 5019)
4(5005 5020 5260 5245)
4(5019 5259 5260 5020)
4(5006 5021 5261 5246)
4(5020 5260 5261 5021)
4(5007 5022 5262 5247)
4(5021 5261 5262 5022)
4(5008 5023 5263 5248)
4(5022 5262 5263 5023)
4(5009 5024 5264 5249)
4(5023 5263 5264 5024)
4(5010 5025 5265 5250)
4(5024 5264 5265 5025)
4(5011 5026 5266 5251)
4(5025 5265 5266 5026)
4(5012 5027 5267 5252)
4(5026 5266 5267 5027)
4(5013 5028 5268 5253)
4(5027 5267 5268 5028)
4(5014 5029 5269 5254)
4(5028 5268 5269 5029)
4(5015 5030 5270 5255)
4(5029 5269 5270 5030)
4(5016 5031 5271 5256)
4(5030 5270 5271 5031)
4(5017 5032 5272 5257)
4(5031 5271 5272 5032)
4(5032 5272 2594 2338)
4(5018 5033 5273 5258)
4(4523 4795 5273 5033)
4(5019 5034 5274 5259)
4(5033 5273 5274 5034)
4(5020 5035 5275 5260)
4(5034 5274 5275 5035)
4(5021 5036 5276 5261)
4(5035 5275 5276 5036)
4(5022 5037 5277 5262)
4(5036 5276 5277 5037)
4(5023 5038 5278 5263)
4(5037 5277 5278 5038)
4(5024 5039 5279 5264)
4(5038 5278 5279 5039)
4(5025 5040 5280 5265)
4(5039 5279 5280 5040)
4(5026 5041 5281 5266)
4(5040 5280 5281 5041)
4(5027 5042 5282 5267)
4(5041 5281 5282 5042)
4(5028 5043 5283 5268)
4(5042 5282 5283 5043)
4(5029 5044 5284 5269)
4(5043 5283 5284 5044)
4(5030 5045 5285 5270)
4(5044 5284 5285 5045)
4(5031 5046 5286 5271)
4(5045 5285 5286 5046)
4(5032 5047 5287 5272)
4(5046 5286 5287 5047)
4(5047 5287 2610 2354)
4(5033 5048 5288 5273)
4(4540 4812 5288 5048)
4(5034 5049 5289 5274)
4(5048 5288 5289 5049)
4(5035 5050 5290 5275)
4(5049 5289 5290 5050)
4(5036 5051 5291 5276)
4(5050 5290 5291 5051)
4(5037 5052 5292 5277)
4(5051 5291 5292 5052)
4(5038 5053 5293 5278)
4(5052 5292 5293 5053)
4(5039 5054 5294 5279)
4(5053 5293 5294 5054)
4(5040 5055 5295 5280)
4(5054 5294 5295 5055)
4(5041 5056 5296 5281)
4(5055 5295 5296 5056)
4(5042 5057 5297 5282)
4(5056 5296 5297 5057)
4(5043 5058 5298 5283)
4(5057 5297 5298 5058)
4(5044 5059 5299 5284)
4(5058 5298 5299 5059)
4(5045 5060 5300 5285)
4(5059 5299 5300 5060)
4(5046 5061 5301 5286)
4(5060 5300 5301 5061)
4(5047 5062 5302 5287)
4(5061 5301 5302 5062)
4(5062 5302 2626 2370)
4(5048 5063 5303 5288)
4(4557 4829 5303 5063)
4(5049 5064 5304 5289)
4(5063 5303 5304 5064)
4(5050 5065 5305 5290)
4(5064 5304 5305 5065)
4(5051 5066 5306 5291)
4(5065 5305 5306 5066)
4(5052 5067 5307 5292)
4(5066 5306 5307 5067)
4(5053 5068 5308 5293)
4(5067 5307 5308 5068)
4(5054 5069 5309 5294)
4(5068 5308 5309 5069)
4(5055 5070 5310 5295)
4(5069 5309 5310 5070)
4(5056 5071 5311 5296)
4(5070 5310 5311 5071)
4(5057 5072 5312 5297)
4(5071 5311 5312 5072)
4(5058 5073 5313 5298)
4(5072 5312 5313 5073)
4(5059 5074 5314 5299)
4(5073 5313 5314 5074)
4(5060 5075 5315 5300)
4(5074 5314 5315 5075)
4(5061 5076 5316 5301)
4(5075 5315 5316 5076)
4(5062 5077 5317 5302)
4(5076 5316 5317 5077)
4(5077 5317 2642 2386)
4(5063 5078 5318 5303)
4(4574 4846 5318 5078)
4(5064 5079 5319 5304)
4(5078 5318 5319 5079)
4(5065 5080 5320 5305)
4(5079 5319 5320 5080)
4(5066 5081 5321 5306)
4(5080 5320 5321 5081)
4(5067 5082 5322 5307)
4(5081 5321 5322 5082)
4(5068 5083 5323 5308)
4(5082 5322 5323 5083)
4(5069 5084 5324 5309)
4(5083 5323 5324 5084)
4(5070 5085 5325 5310)
4(5084 5324 5325 5085)
4(5071 5086 5326 5311)
4(5085 5325 5326 5086)
4(5072 5087 5327 5312)
4(5086 5326 5327 5087)
4(5073 5088 5328 5313)
4(5087 5327 5328 5088)
4(5074 5089 5329 5314)
4(5088 5328 5329 5089)
4(5075 5090 5330 5315)
4(5089 5329 5330 5090)
4(5076 5091 5331 5316)
4(5090 5330 5331 5091)
4(5077 5092 5332 5317)
4(5091 5331 5332 5092)
4(5092 5332 2658 2402)
4(5078 5093 5333 5318)
4(4591 4863 5333 5093)
4(5079 5094 5334 5319)
4(5093 5333 5334 5094)
4(5080 5095 5335 5320)
4(5094 5334 5335 5095)
4(5081 5096 5336 5321)
4(5095 5335 5336 5096)
4(5082 5097 5337 5322)
4(5096 5336 5337 5097)
4(5083 5098 5338 5323)
4(5097 5337 5338 5098)
4(5084 5099 5339 5324)
4(5098 5338 5339 5099)
4(5085 5100 5340 5325)
4(5099 5339 5340 5100)
4(5086 5101 5341 5326)
4(5100 5340 5341 5101)
4(5087 5102 5342 5327)
4(5101 5341 5342 5102)
4(5088 5103 5343 5328)
4(5102 5342 5343 5103)
4(5089 5104 5344 5329)
4(5103 5343 5344 5104)
4(5090 5105 5345 5330)
4(5104 5344 5345 5105)
4(5091 5106 5346 5331)
4(5105 5345 5346 5106)
4(5092 5107 5347 5332)
4(5106 5346 5347 5107)
4(5107 5347 2674 2418)
4(5093 5108 5348 5333)
4(4608 4880 5348 5108)
4(5094 5109 5349 5334)
4(5108 5348 5349 5109)
4(5095 5110 5350 5335)
4(5109 5349 5350 5110)
4(5096 5111 5351 5336)
4(5110 5350 5351 5111)
4(5097 5112 5352 5337)
4(5111 5351 5352 5112)
4(5098 5113 5353 5338)
4(5112 5352 5353 5113)
4(5099 5114 5354 5339)
4(5113 5353 5354 5114)
4(5100 5115 5355 5340)
4(5114 5354 5355 5115)
4(5101 5116 5356 5341)
4(5115 5355 5356 5116)
4(5102 5117 5357 5342)
4(5116 5356 5357 5117)
4(5103 5118 5358 5343)
4(5117 5357 5358 5118)
4(5104 5119 5359 5344)
4(5118 5358 5359 5119)
4(5105 5120 5360 5345)
4(5119 5359 5360 5120)
4(5106 5121 5361 5346)
4(5120 5360 5361 5121)
4(5107 5122 5362 5347)
4(5121 5361 5362 5122)
4(5122 5362 2690 2434)
4(5108 5123 5363 5348)
4(5109 5124 5364 5349)
4(5110 5125 5365 5350)
4(5111 5126 5366 5351)
4(5112 5127 5367 5352)
4(5113 5128 5368 5353)
4(5114 5129 5369 5354)
4(5115 5130 5370 5355)
4(5116 5131 5371 5356)
4(5117 5132 5372 5357)
4(5118 5133 5373 5358)
4(5119 5134 5374 5359)
4(5120 5135 5375 5360)
4(5121 5136 5376 5361)
4(5122 5137 5377 5362)
4(5379 5396 5685 5668)
4(5395 5684 5685 5396)
4(5378 5379 5668 5667)
4(5380 5397 5686 5669)
4(5396 5685 5686 5397)
4(5379 5380 5669 5668)
4(5381 5398 5687 5670)
4(5397 5686 5687 5398)
4(5380 5381 5670 5669)
4(5382 5399 5688 5671)
4(5398 5687 5688 5399)
4(5381 5382 5671 5670)
4(5383 5400 5689 5672)
4(5399 5688 5689 5400)
4(5382 5383 5672 5671)
4(5384 5401 5690 5673)
4(5400 5689 5690 5401)
4(5383 5384 5673 5672)
4(5385 5402 5691 5674)
4(5401 5690 5691 5402)
4(5384 5385 5674 5673)
4(5386 5403 5692 5675)
4(5402 5691 5692 5403)
4(5385 5386 5675 5674)
4(5387 5404 5693 5676)
4(5403 5692 5693 5404)
4(5386 5387 5676 5675)
4(5388 5405 5694 5677)
4(5404 5693 5694 5405)
4(5387 5388 5677 5676)
4(5389 5406 5695 5678)
4(5405 5694 5695 5406)
4(5388 5389 5678 5677)
4(5390 5407 5696 5679)
4(5406 5695 5696 5407)
4(5389 5390 5679 5678)
4(5391 5408 5697 5680)
4(5407 5696 5697 5408)
4(5390 5391 5680 5679)
4(5392 5409 5698 5681)
4(5408 5697 5698 5409)
4(5391 5392 5681 5680)
4(5393 5410 5699 5682)
4(5409 5698 5699 5410)
4(5392 5393 5682 5681)
4(5410 5699 5700 5411)
4(5394 5411 5700 5683)
4(5393 5394 5683 5682)
4(5396 5413 5702 5685)
4(5412 5701 5702 5413)
4(5397 5414 5703 5686)
4(5413 5702 5703 5414)
4(5398 5415 5704 5687)
4(5414 5703 5704 5415)
4(5399 5416 5705 5688)
4(5415 5704 5705 5416)
4(5400 5417 5706 5689)
4(5416 5705 5706 5417)
4(5401 5418 5707 5690)
4(5417 5706 5707 5418)
4(5402 5419 5708 5691)
4(5418 5707 5708 5419)
4(5403 5420 5709 5692)
4(5419 5708 5709 5420)
4(5404 5421 5710 5693)
4(5420 5709 5710 5421)
4(5405 5422 5711 5694)
4(5421 5710 5711 5422)
4(5406 5423 5712 5695)
4(5422 5711 5712 5423)
4(5407 5424 5713 5696)
4(5423 5712 5713 5424)
4(5408 5425 5714 5697)
4(5424 5713 5714 5425)
4(5409 5426 5715 5698)
4(5425 5714 5715 5426)
4(5410 5427 5716 5699)
4(5426 5715 5716 5427)
4(5427 5716 5717 5428)
4(5411 5428 5717 5700)
4(5413 5430 5719 5702)
4(5429 5718 5719 5430)
4(5414 5431 5720 5703)
4(5430 5719 5720 5431)
4(5415 5432 5721 5704)
4(5431 5720 5721 5432)
4(5416 5433 5722 5705)
4(5432 5721 5722 5433)
4(5417 5434 5723 5706)
4(5433 5722 5723 5434)
4(5418 5435 5724 5707)
4(5434 5723 5724 5435)
4(5419 5436 5725 5708)
4(5435 5724 5725 5436)
4(5420 5437 5726 5709)
4(5436 5725 5726 5437)
4(5421 5438 5727 5710)
4(5437 5726 5727 5438)
4(5422 5439 5728 5711)
4(5438 5727 5728 5439)
4(5423 5440 5729 5712)
4(5439 5728 5729 5440)
4(5424 5441 5730 5713)
4(5440 5729 5730 5441)
4(5425 5442 5731 5714)
4(5441 5730 5731 5442)
4(5426 5443 5732 5715)
4(5442 5731 5732 5443)
4(5427 5444 5733 5716)
4(5443 5732 5733 5444)
4(5444 5733 5734 5445)
4(5428 5445 5734 5717)
4(5430 5447 5736 5719)
4(5446 5735 5736 5447)
4(5431 5448 5737 5720)
4(5447 5736 5737 5448)
4(5432 5449 5738 5721)
4(5448 5737 5738 5449)
4(5433 5450 5739 5722)
4(5449 5738 5739 5450)
4(5434 5451 5740 5723)
4(5450 5739 5740 5451)
4(5435 5452 5741 5724)
4(5451 5740 5741 5452)
4(5436 5453 5742 5725)
4(5452 5741 5742 5453)
4(5437 5454 5743 5726)
4(5453 5742 5743 5454)
4(5438 5455 5744 5727)
4(5454 5743 5744 5455)
4(5439 5456 5745 5728)
4(5455 5744 5745 5456)
4(5440 5457 5746 5729)
4(5456 5745 5746 5457)
4(5441 5458 5747 5730)
4(5457 5746 5747 5458)
4(5442 5459 5748 5731)
4(5458 5747 5748 5459)
4(5443 5460 5749 5732)
4(5459 5748 5749 5460)
4(5444 5461 5750 5733)
4(5460 5749 5750 5461)
4(5461 5750 5751 5462)
4(5445 5462 5751 5734)
4(5447 5464 5753 5736)
4(5463 5752 5753 5464)
4(5448 5465 5754 5737)
4(5464 5753 5754 5465)
4(5449 5466 5755 5738)
4(5465 5754 5755 5466)
4(5450 5467 5756 5739)
4(5466 5755 5756 5467)
4(5451 5468 5757 5740)
4(5467 5756 5757 5468)
4(5452 5469 5758 5741)
4(5468 5757 5758 5469)
4(5453 5470 5759 5742)
4(5469 5758 5759 5470)
4(5454 5471 5760 5743)
4(5470 5759 5760 5471)
4(5455 5472 5761 5744)
4(5471 5760 5761 5472)
4(5456 5473 5762 5745)
4(5472 5761 5762 5473)
4(5457 5474 5763 5746)
4(5473 5762 5763 5474)
4(5458 5475 5764 5747)
4(5474 5763 5764 5475)
4(5459 5476 5765 5748)
4(5475 5764 5765 5476)
4(5460 5477 5766 5749)
4(5476 5765 5766 5477)
4(5461 5478 5767 5750)
4(5477 5766 5767 5478)
4(5478 5767 5768 5479)
4(5462 5479 5768 5751)
4(5464 5481 5770 5753)
4(5480 5769 5770 5481)
4(5465 5482 5771 5754)
4(5481 5770 5771 5482)
4(5466 5483 5772 5755)
4(5482 5771 5772 5483)
4(5467 5484 5773 5756)
4(5483 5772 5773 5484)
4(5468 5485 5774 5757)
4(5484 5773 5774 5485)
4(5469 5486 5775 5758)
4(5485 5774 5775 5486)
4(5470 5487 5776 5759)
4(5486 5775 5776 5487)
4(5471 5488 5777 5760)
4(5487 5776 5777 5488)
4(5472 5489 5778 5761)
4(5488 5777 5778 5489)
4(5473 5490 5779 5762)
4(5489 5778 5779 5490)
4(5474 5491 5780 5763)
4(5490 5779 5780 5491)
4(5475 5492 5781 5764)
4(5491 5780 5781 5492)
4(5476 5493 5782 5765)
4(5492 5781 5782 5493)
4(5477 5494 5783 5766)
4(5493 5782 5783 5494)
4(5478 5495 5784 5767)
4(5494 5783 5784 5495)
4(5495 5784 5785 5496)
4(5479 5496 5785 5768)
4(5481 5498 5787 5770)
4(5497 5786 5787 5498)
4(5482 5499 5788 5771)
4(5498 5787 5788 5499)
4(5483 5500 5789 5772)
4(5499 5788 5789 5500)
4(5484 5501 5790 5773)
4(5500 5789 5790 5501)
4(5485 5502 5791 5774)
4(5501 5790 5791 5502)
4(5486 5503 5792 5775)
4(5502 5791 5792 5503)
4(5487 5504 5793 5776)
4(5503 5792 5793 5504)
4(5488 5505 5794 5777)
4(5504 5793 5794 5505)
4(5489 5506 5795 5778)
4(5505 5794 5795 5506)
4(5490 5507 5796 5779)
4(5506 5795 5796 5507)
4(5491 5508 5797 5780)
4(5507 5796 5797 5508)
4(5492 5509 5798 5781)
4(5508 5797 5798 5509)
4(5493 5510 5799 5782)
4(5509 5798 5799 5510)
4(5494 5511 5800 5783)
4(5510 5799 5800 5511)
4(5495 5512 5801 5784)
4(5511 5800 5801 5512)
4(5512 5801 5802 5513)
4(5496 5513 5802 5785)
4(5498 5515 5804 5787)
4(5514 5803 5804 5515)
4(5499 5516 5805 5788)
4(5515 5804 5805 5516)
4(5500 5517 5806 5789)
4(5516 5805 5806 5517)
4(5501 5518 5807 5790)
4(5517 5806 5807 5518)
4(5502 5519 5808 5791)
4(5518 5807 5808 5519)
4(5503 5520 5809 5792)
4(5519 5808 5809 5520)
4(5504 5521 5810 5793)
4(5520 5809 5810 5521)
4(5505 5522 5811 5794)
4(5521 5810 5811 5522)
4(5506 5523 5812 5795)
4(5522 5811 5812 5523)
4(5507 5524 5813 5796)
4(5523 5812 5813 5524)
4(5508 5525 5814 5797)
4(5524 5813 5814 5525)
4(5509 5526 5815 5798)
4(5525 5814 5815 5526)
4(5510 5527 5816 5799)
4(5526 5815 5816 5527)
4(5511 5528 5817 5800)
4(5527 5816 5817 5528)
4(5512 5529 5818 5801)
4(5528 5817 5818 5529)
4(5529 5818 5819 5530)
4(5513 5530 5819 5802)
4(5515 5532 5821 5804)
4(5531 5820 5821 5532)
4(5516 5533 5822 5805)
4(5532 5821 5822 5533)
4(5517 5534 5823 5806)
4(5533 5822 5823 5534)
4(5518 5535 5824 5807)
4(5534 5823 5824 5535)
4(5519 5536 5825 5808)
4(5535 5824 5825 5536)
4(5520 5537 5826 5809)
4(5536 5825 5826 5537)
4(5521 5538 5827 5810)
4(5537 5826 5827 5538)
4(5522 5539 5828 5811)
4(5538 5827 5828 5539)
4(5523 5540 5829 5812)
4(5539 5828 5829 5540)
4(5524 5541 5830 5813)
4(5540 5829 5830 5541)
4(5525 5542 5831 5814)
4(5541 5830 5831 5542)
4(5526 5543 5832 5815)
4(5542 5831 5832 5543)
4(5527 5544 5833 5816)
4(5543 5832 5833 5544)
4(5528 5545 5834 5817)
4(5544 5833 5834 5545)
4(5529 5546 5835 5818)
4(5545 5834 5835 5546)
4(5546 5835 5836 5547)
4(5530 5547 5836 5819)
4(5532 5549 5838 5821)
4(5548 5837 5838 5549)
4(5533 5550 5839 5822)
4(5549 5838 5839 5550)
4(5534 5551 5840 5823)
4(5550 5839 5840 5551)
4(5535 5552 5841 5824)
4(5551 5840 5841 5552)
4(5536 5553 5842 5825)
4(5552 5841 5842 5553)
4(5537 5554 5843 5826)
4(5553 5842 5843 5554)
4(5538 5555 5844 5827)
4(5554 5843 5844 5555)
4(5539 5556 5845 5828)
4(5555 5844 5845 5556)
4(5540 5557 5846 5829)
4(5556 5845 5846 5557)
4(5541 5558 5847 5830)
4(5557 5846 5847 5558)
4(5542 5559 5848 5831)
4(5558 5847 5848 5559)
4(5543 5560 5849 5832)
4(5559 5848 5849 5560)
4(5544 5561 5850 5833)
4(5560 5849 5850 5561)
4(5545 5562 5851 5834)
4(5561 5850 5851 5562)
4(5546 5563 5852 5835)
4(5562 5851 5852 5563)
4(5563 5852 5853 5564)
4(5547 5564 5853 5836)
4(5549 5566 5855 5838)
4(5565 5854 5855 5566)
4(5550 5567 5856 5839)
4(5566 5855 5856 5567)
4(5551 5568 5857 5840)
4(5567 5856 5857 5568)
4(5552 5569 5858 5841)
4(5568 5857 5858 5569)
4(5553 5570 5859 5842)
4(5569 5858 5859 5570)
4(5554 5571 5860 5843)
4(5570 5859 5860 5571)
4(5555 5572 5861 5844)
4(5571 5860 5861 5572)
4(5556 5573 5862 5845)
4(5572 5861 5862 5573)
4(5557 5574 5863 5846)
4(5573 5862 5863 5574)
4(5558 5575 5864 5847)
4(5574 5863 5864 5575)
4(5559 5576 5865 5848)
4(5575 5864 5865 5576)
4(5560 5577 5866 5849)
4(5576 5865 5866 5577)
4(5561 5578 5867 5850)
4(5577 5866 5867 5578)
4(5562 5579 5868 5851)
4(5578 5867 5868 5579)
4(5563 5580 5869 5852)
4(5579 5868 5869 5580)
4(5580 5869 5870 5581)
4(5564 5581 5870 5853)
4(5566 5583 5872 5855)
4(5582 5871 5872 5583)
4(5567 5584 5873 5856)
4(5583 5872 5873 5584)
4(5568 5585 5874 5857)
4(5584 5873 5874 5585)
4(5569 5586 5875 5858)
4(5585 5874 5875 5586)
4(5570 5587 5876 5859)
4(5586 5875 5876 5587)
4(5571 5588 5877 5860)
4(5587 5876 5877 5588)
4(5572 5589 5878 5861)
4(5588 5877 5878 5589)
4(5573 5590 5879 5862)
4(5589 5878 5879 5590)
4(5574 5591 5880 5863)
4(5590 5879 5880 5591)
4(5575 5592 5881 5864)
4(5591 5880 5881 5592)
4(5576 5593 5882 5865)
4(5592 5881 5882 5593)
4(5577 5594 5883 5866)
4(5593 5882 5883 5594)
4(5578 5595 5884 5867)
4(5594 5883 5884 5595)
4(5579 5596 5885 5868)
4(5595 5884 5885 5596)
4(5580 5597 5886 5869)
4(5596 5885 5886 5597)
4(5597 5886 5887 5598)
4(5581 5598 5887 5870)
4(5583 5600 5889 5872)
4(5599 5888 5889 5600)
4(5584 5601 5890 5873)
4(5600 5889 5890 5601)
4(5585 5602 5891 5874)
4(5601 5890 5891 5602)
4(5586 5603 5892 5875)
4(5602 5891 5892 5603)
4(5587 5604 5893 5876)
4(5603 5892 5893 5604)
4(5588 5605 5894 5877)
4(5604 5893 5894 5605)
4(5589 5606 5895 5878)
4(5605 5894 5895 5606)
4(5590 5607 5896 5879)
4(5606 5895 5896 5607)
4(5591 5608 5897 5880)
4(5607 5896 5897 5608)
4(5592 5609 5898 5881)
4(5608 5897 5898 5609)
4(5593 5610 5899 5882)
4(5609 5898 5899 5610)
4(5594 5611 5900 5883)
4(5610 5899 5900 5611)
4(5595 5612 5901 5884)
4(5611 5900 5901 5612)
4(5596 5613 5902 5885)
4(5612 5901 5902 5613)
4(5597 5614 5903 5886)
4(5613 5902 5903 5614)
4(5614 5903 5904 5615)
4(5598 5615 5904 5887)
4(5600 5617 5906 5889)
4(5616 5905 5906 5617)
4(5601 5618 5907 5890)
4(5617 5906 5907 5618)
4(5602 5619 5908 5891)
4(5618 5907 5908 5619)
4(5603 5620 5909 5892)
4(5619 5908 5909 5620)
4(5604 5621 5910 5893)
4(5620 5909 5910 5621)
4(5605 5622 5911 5894)
4(5621 5910 5911 5622)
4(5606 5623 5912 5895)
4(5622 5911 5912 5623)
4(5607 5624 5913 5896)
4(5623 5912 5913 5624)
4(5608 5625 5914 5897)
4(5624 5913 5914 5625)
4(5609 5626 5915 5898)
4(5625 5914 5915 5626)
4(5610 5627 5916 5899)
4(5626 5915 5916 5627)
4(5611 5628 5917 5900)
4(5627 5916 5917 5628)
4(5612 5629 5918 5901)
4(5628 5917 5918 5629)
4(5613 5630 5919 5902)
4(5629 5918 5919 5630)
4(5614 5631 5920 5903)
4(5630 5919 5920 5631)
4(5631 5920 5921 5632)
4(5615 5632 5921 5904)
4(5617 5634 5923 5906)
4(5633 5922 5923 5634)
4(5618 5635 5924 5907)
4(5634 5923 5924 5635)
4(5619 5636 5925 5908)
4(5635 5924 5925 5636)
4(5620 5637 5926 5909)
4(5636 5925 5926 5637)
4(5621 5638 5927 5910)
4(5637 5926 5927 5638)
4(5622 5639 5928 5911)
4(5638 5927 5928 5639)
4(5623 5640 5929 5912)
4(5639 5928 5929 5640)
4(5624 5641 5930 5913)
4(5640 5929 5930 5641)
4(5625 5642 5931 5914)
4(5641 5930 5931 5642)
4(5626 5643 5932 5915)
4(5642 5931 5932 5643)
4(5627 5644 5933 5916)
4(5643 5932 5933 5644)
4(5628 5645 5934 5917)
4(5644 5933 5934 5645)
4(5629 5646 5935 5918)
4(5645 5934 5935 5646)
4(5630 5647 5936 5919)
4(5646 5935 5936 5647)
4(5631 5648 5937 5920)
4(5647 5936 5937 5648)
4(5648 5937 5938 5649)
4(5632 5649 5938 5921)
4(5634 5651 5940 5923)
4(5650 5939 5940 5651)
4(5635 5652 5941 5924)
4(5651 5940 5941 5652)
4(5636 5653 5942 5925)
4(5652 5941 5942 5653)
4(5637 5654 5943 5926)
4(5653 5942 5943 5654)
4(5638 5655 5944 5927)
4(5654 5943 5944 5655)
4(5639 5656 5945 5928)
4(5655 5944 5945 5656)
4(5640 5657 5946 5929)
4(5656 5945 5946 5657)
4(5641 5658 5947 5930)
4(5657 5946 5947 5658)
4(5642 5659 5948 5931)
4(5658 5947 5948 5659)
4(5643 5660 5949 5932)
4(5659 5948 5949 5660)
4(5644 5661 5950 5933)
4(5660 5949 5950 5661)
4(5645 5662 5951 5934)
4(5661 5950 5951 5662)
4(5646 5663 5952 5935)
4(5662 5951 5952 5663)
4(5647 5664 5953 5936)
4(5663 5952 5953 5664)
4(5648 5665 5954 5937)
4(5664 5953 5954 5665)
4(5665 5954 5955 5666)
4(5649 5666 5955 5938)
4(5651 5957 6212 5940)
4(5956 6211 6212 5957)
4(5652 5958 6213 5941)
4(5957 6212 6213 5958)
4(5653 5959 6214 5942)
4(5958 6213 6214 5959)
4(5654 5960 6215 5943)
4(5959 6214 6215 5960)
4(5655 5961 6216 5944)
4(5960 6215 6216 5961)
4(5656 5962 6217 5945)
4(5961 6216 6217 5962)
4(5657 5963 6218 5946)
4(5962 6217 6218 5963)
4(5658 5964 6219 5947)
4(5963 6218 6219 5964)
4(5659 5965 6220 5948)
4(5964 6219 6220 5965)
4(5660 5966 6221 5949)
4(5965 6220 6221 5966)
4(5661 5967 6222 5950)
4(5966 6221 6222 5967)
4(5662 5968 6223 5951)
4(5967 6222 6223 5968)
4(5663 5969 6224 5952)
4(5968 6223 6224 5969)
4(5664 5970 6225 5953)
4(5969 6224 6225 5970)
4(5665 5971 6226 5954)
4(5970 6225 6226 5971)
4(5971 6226 6227 5972)
4(5666 5972 6227 5955)
4(5957 5974 6229 6212)
4(5973 6228 6229 5974)
4(5958 5975 6230 6213)
4(5974 6229 6230 5975)
4(5959 5976 6231 6214)
4(5975 6230 6231 5976)
4(5960 5977 6232 6215)
4(5976 6231 6232 5977)
4(5961 5978 6233 6216)
4(5977 6232 6233 5978)
4(5962 5979 6234 6217)
4(5978 6233 6234 5979)
4(5963 5980 6235 6218)
4(5979 6234 6235 5980)
4(5964 5981 6236 6219)
4(5980 6235 6236 5981)
4(5965 5982 6237 6220)
4(5981 6236 6237 5982)
4(5966 5983 6238 6221)
4(5982 6237 6238 5983)
4(5967 5984 6239 6222)
4(5983 6238 6239 5984)
4(5968 5985 6240 6223)
4(5984 6239 6240 5985)
4(5969 5986 6241 6224)
4(5985 6240 6241 5986)
4(5970 5987 6242 6225)
4(5986 6241 6242 5987)
4(5971 5988 6243 6226)
4(5987 6242 6243 5988)
4(5988 6243 6244 5989)
4(5972 5989 6244 6227)
4(5974 5991 6246 6229)
4(5990 6245 6246 5991)
4(5975 5992 6247 6230)
4(5991 6246 6247 5992)
4(5976 5993 6248 6231)
4(5992 6247 6248 5993)
4(5977 5994 6249 6232)
4(5993 6248 6249 5994)
4(5978 5995 6250 6233)
4(5994 6249 6250 5995)
4(5979 5996 6251 6234)
4(5995 6250 6251 5996)
4(5980 5997 6252 6235)
4(5996 6251 6252 5997)
4(5981 5998 6253 6236)
4(5997 6252 6253 5998)
4(5982 5999 6254 6237)
4(5998 6253 6254 5999)
4(5983 6000 6255 6238)
4(5999 6254 6255 6000)
4(5984 6001 6256 6239)
4(6000 6255 6256 6001)
4(5985 6002 6257 6240)
4(6001 6256 6257 6002)
4(5986 6003 6258 6241)
4(6002 6257 6258 6003)
4(5987 6004 6259 6242)
4(6003 6258 6259 6004)
4(5988 6005 6260 6243)
4(6004 6259 6260 6005)
4(6005 6260 6261 6006)
4(5989 6006 6261 6244)
4(5991 6008 6263 6246)
4(6007 6262 6263 6008)
4(5992 6009 6264 6247)
4(6008 6263 6264 6009)
4(5993 6010 6265 6248)
4(6009 6264 6265 6010)
4(5994 6011 6266 6249)
4(6010 6265 6266 6011)
4(5995 6012 6267 6250)
4(6011 6266 6267 6012)
4(5996 6013 6268 6251)
4(6012 6267 6268 6013)
4(5997 6014 6269 6252)
4(6013 6268 6269 6014)
4(5998 6015 6270 6253)
4(6014 6269 6270 6015)
4(5999 6016 6271 6254)
4(6015 6270 6271 6016)
4(6000 6017 6272 6255)
4(6016 6271 6272 6017)
4(6001 6018 6273 6256)
4(6017 6272 6273 6018)
4(6002 6019 6274 6257)
4(6018 6273 6274 6019)
4(6003 6020 6275 6258)
4(6019 6274 6275 6020)
4(6004 6021 6276 6259)
4(6020 6275 6276 6021)
4(6005 6022 6277 6260)
4(6021 6276 6277 6022)
4(6022 6277 6278 6023)
4(6006 6023 6278 6261)
4(6008 6025 6280 6263)
4(6024 6279 6280 6025)
4(6009 6026 6281 6264)
4(6025 6280 6281 6026)
4(6010 6027 6282 6265)
4(6026 6281 6282 6027)
4(6011 6028 6283 6266)
4(6027 6282 6283 6028)
4(6012 6029 6284 6267)
4(6028 6283 6284 6029)
4(6013 6030 6285 6268)
4(6029 6284 6285 6030)
4(6014 6031 6286 6269)
4(6030 6285 6286 6031)
4(6015 6032 6287 6270)
4(6031 6286 6287 6032)
4(6016 6033 6288 6271)
4(6032 6287 6288 6033)
4(6017 6034 6289 6272)
4(6033 6288 6289 6034)
4(6018 6035 6290 6273)
4(6034 6289 6290 6035)
4(6019 6036 6291 6274)
4(6035 6290 6291 6036)
4(6020 6037 6292 6275)
4(6036 6291 6292 6037)
4(6021 6038 6293 6276)
4(6037 6292 6293 6038)
4(6022 6039 6294 6277)
4(6038 6293 6294 6039)
4(6039 6294 6295 6040)
4(6023 6040 6295 6278)
4(6025 6042 6297 6280)
4(6041 6296 6297 6042)
4(6026 6043 6298 6281)
4(6042 6297 6298 6043)
4(6027 6044 6299 6282)
4(6043 6298 6299 6044)
4(6028 6045 6300 6283)
4(6044 6299 6300 6045)
4(6029 6046 6301 6284)
4(6045 6300 6301 6046)
4(6030 6047 6302 6285)
4(6046 6301 6302 6047)
4(6031 6048 6303 6286)
4(6047 6302 6303 6048)
4(6032 6049 6304 6287)
4(6048 6303 6304 6049)
4(6033 6050 6305 6288)
4(6049 6304 6305 6050)
4(6034 6051 6306 6289)
4(6050 6305 6306 6051)
4(6035 6052 6307 6290)
4(6051 6306 6307 6052)
4(6036 6053 6308 6291)
4(6052 6307 6308 6053)
4(6037 6054 6309 6292)
4(6053 6308 6309 6054)
4(6038 6055 6310 6293)
4(6054 6309 6310 6055)
4(6039 6056 6311 6294)
4(6055 6310 6311 6056)
4(6056 6311 6312 6057)
4(6040 6057 6312 6295)
4(6042 6059 6314 6297)
4(6058 6313 6314 6059)
4(6043 6060 6315 6298)
4(6059 6314 6315 6060)
4(6044 6061 6316 6299)
4(6060 6315 6316 6061)
4(6045 6062 6317 6300)
4(6061 6316 6317 6062)
4(6046 6063 6318 6301)
4(6062 6317 6318 6063)
4(6047 6064 6319 6302)
4(6063 6318 6319 6064)
4(6048 6065 6320 6303)
4(6064 6319 6320 6065)
4(6049 6066 6321 6304)
4(6065 6320 6321 6066)
4(6050 6067 6322 6305)
4(6066 6321 6322 6067)
4(6051 6068 6323 6306)
4(6067 6322 6323 6068)
4(6052 6069 6324 6307)
4(6068 6323 6324 6069)
4(6053 6070 6325 6308)
4(6069 6324 6325 6070)
4(6054 6071 6326 6309)
4(6070 6325 6326 6071)
4(6055 6072 6327 6310)
4(6071 6326 6327 6072)
4(6056 6073 6328 6311)
4(6072 6327 6328 6073)
4(6073 6328 6329 6074)
4(6057 6074 6329 6312)
4(6059 6076 6331 6314)
4(6075 6330 6331 6076)
4(6060 6077 6332 6315)
4(6076 6331 6332 6077)
4(6061 6078 6333 6316)
4(6077 6332 6333 6078)
4(6062 6079 6334 6317)
4(6078 6333 6334 6079)
4(6063 6080 6335 6318)
4(6079 6334 6335 6080)
4(6064 6081 6336 6319)
4(6080 6335 6336 6081)
4(6065 6082 6337 6320)
4(6081 6336 6337 6082)
4(6066 6083 6338 6321)
4(6082 6337 6338 6083)
4(6067 6084 6339 6322)
4(6083 6338 6339 6084)
4(6068 6085 6340 6323)
4(6084 6339 6340 6085)
4(6069 6086 6341 6324)
4(6085 6340 6341 6086)
4(6070 6087 6342 6325)
4(6086 6341 6342 6087)
4(6071 6088 6343 6326)
4(6087 6342 6343 6088)
4(6072 6089 6344 6327)
4(6088 6343 6344 6089)
4(6073 6090 6345 6328)
4(6089 6344 6345 6090)
4(6090 6345 6346 6091)
4(6074 6091 6346 6329)
4(6076 6093 6348 6331)
4(6092 6347 6348 6093)
4(6077 6094 6349 6332)
4(6093 6348 6349 6094)
4(6078 6095 6350 6333)
4(6094 6349 6350 6095)
4(6079 6096 6351 6334)
4(6095 6350 6351 6096)
4(6080 6097 6352 6335)
4(6096 6351 6352 6097)
4(6081 6098 6353 6336)
4(6097 6352 6353 6098)
4(6082 6099 6354 6337)
4(6098 6353 6354 6099)
4(6083 6100 6355 6338)
4(6099 6354 6355 6100)
4(6084 6101 6356 6339)
4(6100 6355 6356 6101)
4(6085 6102 6357 6340)
4(6101 6356 6357 6102)
4(6086 6103 6358 6341)
4(6102 6357 6358 6103)
4(6087 6104 6359 6342)
4(6103 6358 6359 6104)
4(6088 6105 6360 6343)
4(6104 6359 6360 6105)
4(6089 6106 6361 6344)
4(6105 6360 6361 6106)
4(6090 6107 6362 6345)
4(6106 6361 6362 6107)
4(6107 6362 6363 6108)
4(6091 6108 6363 6346)
4(6093 6110 6365 6348)
4(6109 6364 6365 6110)
4(6094 6111 6366 6349)
4(6110 6365 6366 6111)
4(6095 6112 6367 6350)
4(6111 6366 6367 6112)
4(6096 6113 6368 6351)
4(6112 6367 6368 6113)
4(6097 6114 6369 6352)
4(6113 6368 6369 6114)
4(6098 6115 6370 6353)
4(6114 6369 6370 6115)
4(6099 6116 6371 6354)
4(6115 6370 6371 6116)
4(6100 6117 6372 6355)
4(6116 6371 6372 6117)
4(6101 6118 6373 6356)
4(6117 6372 6373 6118)
4(6102 6119 6374 6357)
4(6118 6373 6374 6119)
4(6103 6120 6375 6358)
4(6119 6374 6375 6120)
4(6104 6121 6376 6359)
4(6120 6375 6376 6121)
4(6105 6122 6377 6360)
4(6121 6376 6377 6122)
4(6106 6123 6378 6361)
4(6122 6377 6378 6123)
4(6107 6124 6379 6362)
4(6123 6378 6379 6124)
4(6124 6379 6380 6125)
4(6108 6125 6380 6363)
4(6110 6127 6382 6365)
4(6126 6381 6382 6127)
4(6111 6128 6383 6366)
4(6127 6382 6383 6128)
4(6112 6129 6384 6367)
4(6128 6383 6384 6129)
4(6113 6130 6385 6368)
4(6129 6384 6385 6130)
4(6114 6131 6386 6369)
4(6130 6385 6386 6131)
4(6115 6132 6387 6370)
4(6131 6386 6387 6132)
4(6116 6133 6388 6371)
4(6132 6387 6388 6133)
4(6117 6134 6389 6372)
4(6133 6388 6389 6134)
4(6118 6135 6390 6373)
4(6134 6389 6390 6135)
4(6119 6136 6391 6374)
4(6135 6390 6391 6136)
4(6120 6137 6392 6375)
4(6136 6391 6392 6137)
4(6121 6138 6393 6376)
4(6137 6392 6393 6138)
4(6122 6139 6394 6377)
4(6138 6393 6394 6139)
4(6123 6140 6395 6378)
4(6139 6394 6395 6140)
4(6124 6141 6396 6379)
4(6140 6395 6396 6141)
4(6141 6396 6397 6142)
4(6125 6142 6397 6380)
4(6127 6144 6399 6382)
4(6143 6398 6399 6144)
4(6128 6145 6400 6383)
4(6144 6399 6400 6145)
4(6129 6146 6401 6384)
4(6145 6400 6401 6146)
4(6130 6147 6402 6385)
4(6146 6401 6402 6147)
4(6131 6148 6403 6386)
4(6147 6402 6403 6148)
4(6132 6149 6404 6387)
4(6148 6403 6404 6149)
4(6133 6150 6405 6388)
4(6149 6404 6405 6150)
4(6134 6151 6406 6389)
4(6150 6405 6406 6151)
4(6135 6152 6407 6390)
4(6151 6406 6407 6152)
4(6136 6153 6408 6391)
4(6152 6407 6408 6153)
4(6137 6154 6409 6392)
4(6153 6408 6409 6154)
4(6138 6155 6410 6393)
4(6154 6409 6410 6155)
4(6139 6156 6411 6394)
4(6155 6410 6411 6156)
4(6140 6157 6412 6395)
4(6156 6411 6412 6157)
4(6141 6158 6413 6396)
4(6157 6412 6413 6158)
4(6158 6413 6414 6159)
4(6142 6159 6414 6397)
4(6144 6161 6416 6399)
4(6160 6415 6416 6161)
4(6145 6162 6417 6400)
4(6161 6416 6417 6162)
4(6146 6163 6418 6401)
4(6162 6417 6418 6163)
4(6147 6164 6419 6402)
4(6163 6418 6419 6164)
4(6148 6165 6420 6403)
4(6164 6419 6420 6165)
4(6149 6166 6421 6404)
4(6165 6420 6421 6166)
4(6150 6167 6422 6405)
4(6166 6421 6422 6167)
4(6151 6168 6423 6406)
4(6167 6422 6423 6168)
4(6152 6169 6424 6407)
4(6168 6423 6424 6169)
4(6153 6170 6425 6408)
4(6169 6424 6425 6170)
4(6154 6171 6426 6409)
4(6170 6425 6426 6171)
4(6155 6172 6427 6410)
4(6171 6426 6427 6172)
4(6156 6173 6428 6411)
4(6172 6427 6428 6173)
4(6157 6174 6429 6412)
4(6173 6428 6429 6174)
4(6158 6175 6430 6413)
4(6174 6429 6430 6175)
4(6175 6430 6431 6176)
4(6159 6176 6431 6414)
4(6161 6178 6433 6416)
4(6177 6432 6433 6178)
4(6162 6179 6434 6417)
4(6178 6433 6434 6179)
4(6163 6180 6435 6418)
4(6179 6434 6435 6180)
4(6164 6181 6436 6419)
4(6180 6435 6436 6181)
4(6165 6182 6437 6420)
4(6181 6436 6437 6182)
4(6166 6183 6438 6421)
4(6182 6437 6438 6183)
4(6167 6184 6439 6422)
4(6183 6438 6439 6184)
4(6168 6185 6440 6423)
4(6184 6439 6440 6185)
4(6169 6186 6441 6424)
4(6185 6440 6441 6186)
4(6170 6187 6442 6425)
4(6186 6441 6442 6187)
4(6171 6188 6443 6426)
4(6187 6442 6443 6188)
4(6172 6189 6444 6427)
4(6188 6443 6444 6189)
4(6173 6190 6445 6428)
4(6189 6444 6445 6190)
4(6174 6191 6446 6429)
4(6190 6445 6446 6191)
4(6175 6192 6447 6430)
4(6191 6446 6447 6192)
4(6192 6447 6448 6193)
4(6176 6193 6448 6431)
4(6178 6195 6450 6433)
4(6194 6449 6450 6195)
4(6179 6196 6451 6434)
4(6195 6450 6451 6196)
4(6180 6197 6452 6435)
4(6196 6451 6452 6197)
4(6181 6198 6453 6436)
4(6197 6452 6453 6198)
4(6182 6199 6454 6437)
4(6198 6453 6454 6199)
4(6183 6200 6455 6438)
4(6199 6454 6455 6200)
4(6184 6201 6456 6439)
4(6200 6455 6456 6201)
4(6185 6202 6457 6440)
4(6201 6456 6457 6202)
4(6186 6203 6458 6441)
4(6202 6457 6458 6203)
4(6187 6204 6459 6442)
4(6203 6458 6459 6204)
4(6188 6205 6460 6443)
4(6204 6459 6460 6205)
4(6189 6206 6461 6444)
4(6205 6460 6461 6206)
4(6190 6207 6462 6445)
4(6206 6461 6462 6207)
4(6191 6208 6463 6446)
4(6207 6462 6463 6208)
4(6192 6209 6464 6447)
4(6208 6463 6464 6209)
4(6209 6464 6465 6210)
4(6193 6210 6465 6448)
4(6195 579 851 6450)
4(6196 580 852 6451)
4(6197 581 853 6452)
4(6198 582 854 6453)
4(6199 583 855 6454)
4(6200 584 856 6455)
4(6201 585 857 6456)
4(6202 586 858 6457)
4(6203 587 859 6458)
4(6204 588 860 6459)
4(6205 589 861 6460)
4(6206 590 862 6461)
4(6207 591 863 6462)
4(6208 592 864 6463)
4(6209 593 865 6464)
4(6210 594 866 6465)
4(6466 6482 6738 6722)
4(5972 6227 6738 6482)
4(5666 6466 6722 5955)
4(6467 6483 6739 6723)
4(6482 6738 6739 6483)
4(6466 6467 6723 6722)
4(6468 6484 6740 6724)
4(6483 6739 6740 6484)
4(6467 6468 6724 6723)
4(6469 6485 6741 6725)
4(6484 6740 6741 6485)
4(6468 6469 6725 6724)
4(6470 6486 6742 6726)
4(6485 6741 6742 6486)
4(6469 6470 6726 6725)
4(6471 6487 6743 6727)
4(6486 6742 6743 6487)
4(6470 6471 6727 6726)
4(6472 6488 6744 6728)
4(6487 6743 6744 6488)
4(6471 6472 6728 6727)
4(6473 6489 6745 6729)
4(6488 6744 6745 6489)
4(6472 6473 6729 6728)
4(6474 6490 6746 6730)
4(6489 6745 6746 6490)
4(6473 6474 6730 6729)
4(6475 6491 6747 6731)
4(6490 6746 6747 6491)
4(6474 6475 6731 6730)
4(6476 6492 6748 6732)
4(6491 6747 6748 6492)
4(6475 6476 6732 6731)
4(6477 6493 6749 6733)
4(6492 6748 6749 6493)
4(6476 6477 6733 6732)
4(6478 6494 6750 6734)
4(6493 6749 6750 6494)
4(6477 6478 6734 6733)
4(6479 6495 6751 6735)
4(6494 6750 6751 6495)
4(6478 6479 6735 6734)
4(6480 6496 6752 6736)
4(6495 6751 6752 6496)
4(6479 6480 6736 6735)
4(6496 6752 6753 6497)
4(6480 6481 6737 6736)
4(6482 6498 6754 6738)
4(5989 6244 6754 6498)
4(6483 6499 6755 6739)
4(6498 6754 6755 6499)
4(6484 6500 6756 6740)
4(6499 6755 6756 6500)
4(6485 6501 6757 6741)
4(6500 6756 6757 6501)
4(6486 6502 6758 6742)
4(6501 6757 6758 6502)
4(6487 6503 6759 6743)
4(6502 6758 6759 6503)
4(6488 6504 6760 6744)
4(6503 6759 6760 6504)
4(6489 6505 6761 6745)
4(6504 6760 6761 6505)
4(6490 6506 6762 6746)
4(6505 6761 6762 6506)
4(6491 6507 6763 6747)
4(6506 6762 6763 6507)
4(6492 6508 6764 6748)
4(6507 6763 6764 6508)
4(6493 6509 6765 6749)
4(6508 6764 6765 6509)
4(6494 6510 6766 6750)
4(6509 6765 6766 6510)
4(6495 6511 6767 6751)
4(6510 6766 6767 6511)
4(6496 6512 6768 6752)
4(6511 6767 6768 6512)
4(6512 6768 6769 6513)
4(6498 6514 6770 6754)
4(6006 6261 6770 6514)
4(6499 6515 6771 6755)
4(6514 6770 6771 6515)
4(6500 6516 6772 6756)
4(6515 6771 6772 6516)
4(6501 6517 6773 6757)
4(6516 6772 6773 6517)
4(6502 6518 6774 6758)
4(6517 6773 6774 6518)
4(6503 6519 6775 6759)
4(6518 6774 6775 6519)
4(6504 6520 6776 6760)
4(6519 6775 6776 6520)
4(6505 6521 6777 6761)
4(6520 6776 6777 6521)
4(6506 6522 6778 6762)
4(6521 6777 6778 6522)
4(6507 6523 6779 6763)
4(6522 6778 6779 6523)
4(6508 6524 6780 6764)
4(6523 6779 6780 6524)
4(6509 6525 6781 6765)
4(6524 6780 6781 6525)
4(6510 6526 6782 6766)
4(6525 6781 6782 6526)
4(6511 6527 6783 6767)
4(6526 6782 6783 6527)
4(6512 6528 6784 6768)
4(6527 6783 6784 6528)
4(6528 6784 6785 6529)
4(6514 6530 6786 6770)
4(6023 6278 6786 6530)
4(6515 6531 6787 6771)
4(6530 6786 6787 6531)
4(6516 6532 6788 6772)
4(6531 6787 6788 6532)
4(6517 6533 6789 6773)
4(6532 6788 6789 6533)
4(6518 6534 6790 6774)
4(6533 6789 6790 6534)
4(6519 6535 6791 6775)
4(6534 6790 6791 6535)
4(6520 6536 6792 6776)
4(6535 6791 6792 6536)
4(6521 6537 6793 6777)
4(6536 6792 6793 6537)
4(6522 6538 6794 6778)
4(6537 6793 6794 6538)
4(6523 6539 6795 6779)
4(6538 6794 6795 6539)
4(6524 6540 6796 6780)
4(6539 6795 6796 6540)
4(6525 6541 6797 6781)
4(6540 6796 6797 6541)
4(6526 6542 6798 6782)
4(6541 6797 6798 6542)
4(6527 6543 6799 6783)
4(6542 6798 6799 6543)
4(6528 6544 6800 6784)
4(6543 6799 6800 6544)
4(6544 6800 6801 6545)
4(6530 6546 6802 6786)
4(6040 6295 6802 6546)
4(6531 6547 6803 6787)
4(6546 6802 6803 6547)
4(6532 6548 6804 6788)
4(6547 6803 6804 6548)
4(6533 6549 6805 6789)
4(6548 6804 6805 6549)
4(6534 6550 6806 6790)
4(6549 6805 6806 6550)
4(6535 6551 6807 6791)
4(6550 6806 6807 6551)
4(6536 6552 6808 6792)
4(6551 6807 6808 6552)
4(6537 6553 6809 6793)
4(6552 6808 6809 6553)
4(6538 6554 6810 6794)
4(6553 6809 6810 6554)
4(6539 6555 6811 6795)
4(6554 6810 6811 6555)
4(6540 6556 6812 6796)
4(6555 6811 6812 6556)
4(6541 6557 6813 6797)
4(6556 6812 6813 6557)
4(6542 6558 6814 6798)
4(6557 6813 6814 6558)
4(6543 6559 6815 6799)
4(6558 6814 6815 6559)
4(6544 6560 6816 6800)
4(6559 6815 6816 6560)
4(6560 6816 6817 6561)
4(6546 6562 6818 6802)
4(6057 6312 6818 6562)
4(6547 6563 6819 6803)
4(6562 6818 6819 6563)
4(6548 6564 6820 6804)
4(6563 6819 6820 6564)
4(6549 6565 6821 6805)
4(6564 6820 6821 6565)
4(6550 6566 6822 6806)
4(6565 6821 6822 6566)
4(6551 6567 6823 6807)
4(6566 6822 6823 6567)
4(6552 6568 6824 6808)
4(6567 6823 6824 6568)
4(6553 6569 6825 6809)
4(6568 6824 6825 6569)
4(6554 6570 6826 6810)
4(6569 6825 6826 6570)
4(6555 6571 6827 6811)
4(6570 6826 6827 6571)
4(6556 6572 6828 6812)
4(6571 6827 6828 6572)
4(6557 6573 6829 6813)
4(6572 6828 6829 6573)
4(6558 6574 6830 6814)
4(6573 6829 6830 6574)
4(6559 6575 6831 6815)
4(6574 6830 6831 6575)
4(6560 6576 6832 6816)
4(6575 6831 6832 6576)
4(6576 6832 6833 6577)
4(6562 6578 6834 6818)
4(6074 6329 6834 6578)
4(6563 6579 6835 6819)
4(6578 6834 6835 6579)
4(6564 6580 6836 6820)
4(6579 6835 6836 6580)
4(6565 6581 6837 6821)
4(6580 6836 6837 6581)
4(6566 6582 6838 6822)
4(6581 6837 6838 6582)
4(6567 6583 6839 6823)
4(6582 6838 6839 6583)
4(6568 6584 6840 6824)
4(6583 6839 6840 6584)
4(6569 6585 6841 6825)
4(6584 6840 6841 6585)
4(6570 6586 6842 6826)
4(6585 6841 6842 6586)
4(6571 6587 6843 6827)
4(6586 6842 6843 6587)
4(6572 6588 6844 6828)
4(6587 6843 6844 6588)
4(6573 6589 6845 6829)
4(6588 6844 6845 6589)
4(6574 6590 6846 6830)
4(6589 6845 6846 6590)
4(6575 6591 6847 6831)
4(6590 6846 6847 6591)
4(6576 6592 6848 6832)
4(6591 6847 6848 6592)
4(6592 6848 6849 6593)
4(6578 6594 6850 6834)
4(6091 6346 6850 6594)
4(6579 6595 6851 6835)
4(6594 6850 6851 6595)
4(6580 6596 6852 6836)
4(6595 6851 6852 6596)
4(6581 6597 6853 6837)
4(6596 6852 6853 6597)
4(6582 6598 6854 6838)
4(6597 6853 6854 6598)
4(6583 6599 6855 6839)
4(6598 6854 6855 6599)
4(6584 6600 6856 6840)
4(6599 6855 6856 6600)
4(6585 6601 6857 6841)
4(6600 6856 6857 6601)
4(6586 6602 6858 6842)
4(6601 6857 6858 6602)
4(6587 6603 6859 6843)
4(6602 6858 6859 6603)
4(6588 6604 6860 6844)
4(6603 6859 6860 6604)
4(6589 6605 6861 6845)
4(6604 6860 6861 6605)
4(6590 6606 6862 6846)
4(6605 6861 6862 6606)
4(6591 6607 6863 6847)
4(6606 6862 6863 6607)
4(6592 6608 6864 6848)
4(6607 6863 6864 6608)
4(6608 6864 6865 6609)
4(6594 6610 6866 6850)
4(6108 6363 6866 6610)
4(6595 6611 6867 6851)
4(6610 6866 6867 6611)
4(6596 6612 6868 6852)
4(6611 6867 6868 6612)
4(6597 6613 6869 6853)
4(6612 6868 6869 6613)
4(6598 6614 6870 6854)
4(6613 6869 6870 6614)
4(6599 6615 6871 6855)
4(6614 6870 6871 6615)
4(6600 6616 6872 6856)
4(6615 6871 6872 6616)
4(6601 6617 6873 6857)
4(6616 6872 6873 6617)
4(6602 6618 6874 6858)
4(6617 6873 6874 6618)
4(6603 6619 6875 6859)
4(6618 6874 6875 6619)
4(6604 6620 6876 6860)
4(6619 6875 6876 6620)
4(6605 6621 6877 6861)
4(6620 6876 6877 6621)
4(6606 6622 6878 6862)
4(6621 6877 6878 6622)
4(6607 6623 6879 6863)
4(6622 6878 6879 6623)
4(6608 6624 6880 6864)
4(6623 6879 6880 6624)
4(6624 6880 6881 6625)
4(6610 6626 6882 6866)
4(6125 6380 6882 6626)
4(6611 6627 6883 6867)
4(6626 6882 6883 6627)
4(6612 6628 6884 6868)
4(6627 6883 6884 6628)
4(6613 6629 6885 6869)
4(6628 6884 6885 6629)
4(6614 6630 6886 6870)
4(6629 6885 6886 6630)
4(6615 6631 6887 6871)
4(6630 6886 6887 6631)
4(6616 6632 6888 6872)
4(6631 6887 6888 6632)
4(6617 6633 6889 6873)
4(6632 6888 6889 6633)
4(6618 6634 6890 6874)
4(6633 6889 6890 6634)
4(6619 6635 6891 6875)
4(6634 6890 6891 6635)
4(6620 6636 6892 6876)
4(6635 6891 6892 6636)
4(6621 6637 6893 6877)
4(6636 6892 6893 6637)
4(6622 6638 6894 6878)
4(6637 6893 6894 6638)
4(6623 6639 6895 6879)
4(6638 6894 6895 6639)
4(6624 6640 6896 6880)
4(6639 6895 6896 6640)
4(6640 6896 6897 6641)
4(6626 6642 6898 6882)
4(6142 6397 6898 6642)
4(6627 6643 6899 6883)
4(6642 6898 6899 6643)
4(6628 6644 6900 6884)
4(6643 6899 6900 6644)
4(6629 6645 6901 6885)
4(6644 6900 6901 6645)
4(6630 6646 6902 6886)
4(6645 6901 6902 6646)
4(6631 6647 6903 6887)
4(6646 6902 6903 6647)
4(6632 6648 6904 6888)
4(6647 6903 6904 6648)
4(6633 6649 6905 6889)
4(6648 6904 6905 6649)
4(6634 6650 6906 6890)
4(6649 6905 6906 6650)
4(6635 6651 6907 6891)
4(6650 6906 6907 6651)
4(6636 6652 6908 6892)
4(6651 6907 6908 6652)
4(6637 6653 6909 6893)
4(6652 6908 6909 6653)
4(6638 6654 6910 6894)
4(6653 6909 6910 6654)
4(6639 6655 6911 6895)
4(6654 6910 6911 6655)
4(6640 6656 6912 6896)
4(6655 6911 6912 6656)
4(6656 6912 6913 6657)
4(6642 6658 6914 6898)
4(6159 6414 6914 6658)
4(6643 6659 6915 6899)
4(6658 6914 6915 6659)
4(6644 6660 6916 6900)
4(6659 6915 6916 6660)
4(6645 6661 6917 6901)
4(6660 6916 6917 6661)
4(6646 6662 6918 6902)
4(6661 6917 6918 6662)
4(6647 6663 6919 6903)
4(6662 6918 6919 6663)
4(6648 6664 6920 6904)
4(6663 6919 6920 6664)
4(6649 6665 6921 6905)
4(6664 6920 6921 6665)
4(6650 6666 6922 6906)
4(6665 6921 6922 6666)
4(6651 6667 6923 6907)
4(6666 6922 6923 6667)
4(6652 6668 6924 6908)
4(6667 6923 6924 6668)
4(6653 6669 6925 6909)
4(6668 6924 6925 6669)
4(6654 6670 6926 6910)
4(6669 6925 6926 6670)
4(6655 6671 6927 6911)
4(6670 6926 6927 6671)
4(6656 6672 6928 6912)
4(6671 6927 6928 6672)
4(6672 6928 6929 6673)
4(6658 6674 6930 6914)
4(6176 6431 6930 6674)
4(6659 6675 6931 6915)
4(6674 6930 6931 6675)
4(6660 6676 6932 6916)
4(6675 6931 6932 6676)
4(6661 6677 6933 6917)
4(6676 6932 6933 6677)
4(6662 6678 6934 6918)
4(6677 6933 6934 6678)
4(6663 6679 6935 6919)
4(6678 6934 6935 6679)
4(6664 6680 6936 6920)
4(6679 6935 6936 6680)
4(6665 6681 6937 6921)
4(6680 6936 6937 6681)
4(6666 6682 6938 6922)
4(6681 6937 6938 6682)
4(6667 6683 6939 6923)
4(6682 6938 6939 6683)
4(6668 6684 6940 6924)
4(6683 6939 6940 6684)
4(6669 6685 6941 6925)
4(6684 6940 6941 6685)
4(6670 6686 6942 6926)
4(6685 6941 6942 6686)
4(6671 6687 6943 6927)
4(6686 6942 6943 6687)
4(6672 6688 6944 6928)
4(6687 6943 6944 6688)
4(6688 6944 6945 6689)
4(6674 6690 6946 6930)
4(6193 6448 6946 6690)
4(6675 6691 6947 6931)
4(6690 6946 6947 6691)
4(6676 6692 6948 6932)
4(6691 6947 6948 6692)
4(6677 6693 6949 6933)
4(6692 6948 6949 6693)
4(6678 6694 6950 6934)
4(6693 6949 6950 6694)
4(6679 6695 6951 6935)
4(6694 6950 6951 6695)
4(6680 6696 6952 6936)
4(6695 6951 6952 6696)
4(6681 6697 6953 6937)
4(6696 6952 6953 6697)
4(6682 6698 6954 6938)
4(6697 6953 6954 6698)
4(6683 6699 6955 6939)
4(6698 6954 6955 6699)
4(6684 6700 6956 6940)
4(6699 6955 6956 6700)
4(6685 6701 6957 6941)
4(6700 6956 6957 6701)
4(6686 6702 6958 6942)
4(6701 6957 6958 6702)
4(6687 6703 6959 6943)
4(6702 6958 6959 6703)
4(6688 6704 6960 6944)
4(6703 6959 6960 6704)
4(6704 6960 6961 6705)
4(6690 6706 6962 6946)
4(6210 6465 6962 6706)
4(6691 6707 6963 6947)
4(6706 6962 6963 6707)
4(6692 6708 6964 6948)
4(6707 6963 6964 6708)
4(6693 6709 6965 6949)
4(6708 6964 6965 6709)
4(6694 6710 6966 6950)
4(6709 6965 6966 6710)
4(6695 6711 6967 6951)
4(6710 6966 6967 6711)
4(6696 6712 6968 6952)
4(6711 6967 6968 6712)
4(6697 6713 6969 6953)
4(6712 6968 6969 6713)
4(6698 6714 6970 6954)
4(6713 6969 6970 6714)
4(6699 6715 6971 6955)
4(6714 6970 6971 6715)
4(6700 6716 6972 6956)
4(6715 6971 6972 6716)
4(6701 6717 6973 6957)
4(6716 6972 6973 6717)
4(6702 6718 6974 6958)
4(6717 6973 6974 6718)
4(6703 6719 6975 6959)
4(6718 6974 6975 6719)
4(6704 6720 6976 6960)
4(6719 6975 6976 6720)
4(6720 6976 6977 6721)
4(6706 1122 1394 6962)
4(6707 1123 1395 6963)
4(6708 1124 1396 6964)
4(6709 1125 1397 6965)
4(6710 1126 1398 6966)
4(6711 1127 1399 6967)
4(6712 1128 1400 6968)
4(6713 1129 1401 6969)
4(6714 1130 1402 6970)
4(6715 1131 1403 6971)
4(6716 1132 1404 6972)
4(6717 1133 1405 6973)
4(6718 1134 1406 6974)
4(6719 1135 1407 6975)
4(6720 1136 1408 6976)
4(6979 6996 7268 7251)
4(6995 7267 7268 6996)
4(6978 7250 7267 6995)
4(6980 6997 7269 7252)
4(6996 7268 7269 6997)
4(6981 6998 7270 7253)
4(6997 7269 7270 6998)
4(6982 6999 7271 7254)
4(6998 7270 7271 6999)
4(6983 7000 7272 7255)
4(6999 7271 7272 7000)
4(6984 7001 7273 7256)
4(7000 7272 7273 7001)
4(6985 7002 7274 7257)
4(7001 7273 7274 7002)
4(6986 7003 7275 7258)
4(7002 7274 7275 7003)
4(6987 7004 7276 7259)
4(7003 7275 7276 7004)
4(6988 7005 7277 7260)
4(7004 7276 7277 7005)
4(6989 7006 7278 7261)
4(7005 7277 7278 7006)
4(6990 7007 7279 7262)
4(7006 7278 7279 7007)
4(6991 7008 7280 7263)
4(7007 7279 7280 7008)
4(6992 7009 7281 7264)
4(7008 7280 7281 7009)
4(6993 7010 7282 7265)
4(7009 7281 7282 7010)
4(7010 7282 7283 7011)
4(6996 7013 7285 7268)
4(7012 7284 7285 7013)
4(6995 7267 7284 7012)
4(6997 7014 7286 7269)
4(7013 7285 7286 7014)
4(6998 7015 7287 7270)
4(7014 7286 7287 7015)
4(6999 7016 7288 7271)
4(7015 7287 7288 7016)
4(7000 7017 7289 7272)
4(7016 7288 7289 7017)
4(7001 7018 7290 7273)
4(7017 7289 7290 7018)
4(7002 7019 7291 7274)
4(7018 7290 7291 7019)
4(7003 7020 7292 7275)
4(7019 7291 7292 7020)
4(7004 7021 7293 7276)
4(7020 7292 7293 7021)
4(7005 7022 7294 7277)
4(7021 7293 7294 7022)
4(7006 7023 7295 7278)
4(7022 7294 7295 7023)
4(7007 7024 7296 7279)
4(7023 7295 7296 7024)
4(7008 7025 7297 7280)
4(7024 7296 7297 7025)
4(7009 7026 7298 7281)
4(7025 7297 7298 7026)
4(7010 7027 7299 7282)
4(7026 7298 7299 7027)
4(7027 7299 7300 7028)
4(7013 7030 7302 7285)
4(7029 7301 7302 7030)
4(7012 7284 7301 7029)
4(7014 7031 7303 7286)
4(7030 7302 7303 7031)
4(7015 7032 7304 7287)
4(7031 7303 7304 7032)
4(7016 7033 7305 7288)
4(7032 7304 7305 7033)
4(7017 7034 7306 7289)
4(7033 7305 7306 7034)
4(7018 7035 7307 7290)
4(7034 7306 7307 7035)
4(7019 7036 7308 7291)
4(7035 7307 7308 7036)
4(7020 7037 7309 7292)
4(7036 7308 7309 7037)
4(7021 7038 7310 7293)
4(7037 7309 7310 7038)
4(7022 7039 7311 7294)
4(7038 7310 7311 7039)
4(7023 7040 7312 7295)
4(7039 7311 7312 7040)
4(7024 7041 7313 7296)
4(7040 7312 7313 7041)
4(7025 7042 7314 7297)
4(7041 7313 7314 7042)
4(7026 7043 7315 7298)
4(7042 7314 7315 7043)
4(7027 7044 7316 7299)
4(7043 7315 7316 7044)
4(7044 7316 7317 7045)
4(7030 7047 7319 7302)
4(7046 7318 7319 7047)
4(7029 7301 7318 7046)
4(7031 7048 7320 7303)
4(7047 7319 7320 7048)
4(7032 7049 7321 7304)
4(7048 7320 7321 7049)
4(7033 7050 7322 7305)
4(7049 7321 7322 7050)
4(7034 7051 7323 7306)
4(7050 7322 7323 7051)
4(7035 7052 7324 7307)
4(7051 7323 7324 7052)
4(7036 7053 7325 7308)
4(7052 7324 7325 7053)
4(7037 7054 7326 7309)
4(7053 7325 7326 7054)
4(7038 7055 7327 7310)
4(7054 7326 7327 7055)
4(7039 7056 7328 7311)
4(7055 7327 7328 7056)
4(7040 7057 7329 7312)
4(7056 7328 7329 7057)
4(7041 7058 7330 7313)
4(7057 7329 7330 7058)
4(7042 7059 7331 7314)
4(7058 7330 7331 7059)
4(7043 7060 7332 7315)
4(7059 7331 7332 7060)
4(7044 7061 7333 7316)
4(7060 7332 7333 7061)
4(7061 7333 7334 7062)
4(7047 7064 7336 7319)
4(7063 7335 7336 7064)
4(7046 7318 7335 7063)
4(7048 7065 7337 7320)
4(7064 7336 7337 7065)
4(7049 7066 7338 7321)
4(7065 7337 7338 7066)
4(7050 7067 7339 7322)
4(7066 7338 7339 7067)
4(7051 7068 7340 7323)
4(7067 7339 7340 7068)
4(7052 7069 7341 7324)
4(7068 7340 7341 7069)
4(7053 7070 7342 7325)
4(7069 7341 7342 7070)
4(7054 7071 7343 7326)
4(7070 7342 7343 7071)
4(7055 7072 7344 7327)
4(7071 7343 7344 7072)
4(7056 7073 7345 7328)
4(7072 7344 7345 7073)
4(7057 7074 7346 7329)
4(7073 7345 7346 7074)
4(7058 7075 7347 7330)
4(7074 7346 7347 7075)
4(7059 7076 7348 7331)
4(7075 7347 7348 7076)
4(7060 7077 7349 7332)
4(7076 7348 7349 7077)
4(7061 7078 7350 7333)
4(7077 7349 7350 7078)
4(7078 7350 7351 7079)
4(7064 7081 7353 7336)
4(7080 7352 7353 7081)
4(7063 7335 7352 7080)
4(7065 7082 7354 7337)
4(7081 7353 7354 7082)
4(7066 7083 7355 7338)
4(7082 7354 7355 7083)
4(7067 7084 7356 7339)
4(7083 7355 7356 7084)
4(7068 7085 7357 7340)
4(7084 7356 7357 7085)
4(7069 7086 7358 7341)
4(7085 7357 7358 7086)
4(7070 7087 7359 7342)
4(7086 7358 7359 7087)
4(7071 7088 7360 7343)
4(7087 7359 7360 7088)
4(7072 7089 7361 7344)
4(7088 7360 7361 7089)
4(7073 7090 7362 7345)
4(7089 7361 7362 7090)
4(7074 7091 7363 7346)
4(7090 7362 7363 7091)
4(7075 7092 7364 7347)
4(7091 7363 7364 7092)
4(7076 7093 7365 7348)
4(7092 7364 7365 7093)
4(7077 7094 7366 7349)
4(7093 7365 7366 7094)
4(7078 7095 7367 7350)
4(7094 7366 7367 7095)
4(7095 7367 7368 7096)
4(7081 7098 7370 7353)
4(7097 7369 7370 7098)
4(7080 7352 7369 7097)
4(7082 7099 7371 7354)
4(7098 7370 7371 7099)
4(7083 7100 7372 7355)
4(7099 7371 7372 7100)
4(7084 7101 7373 7356)
4(7100 7372 7373 7101)
4(7085 7102 7374 7357)
4(7101 7373 7374 7102)
4(7086 7103 7375 7358)
4(7102 7374 7375 7103)
4(7087 7104 7376 7359)
4(7103 7375 7376 7104)
4(7088 7105 7377 7360)
4(7104 7376 7377 7105)
4(7089 7106 7378 7361)
4(7105 7377 7378 7106)
4(7090 7107 7379 7362)
4(7106 7378 7379 7107)
4(7091 7108 7380 7363)
4(7107 7379 7380 7108)
4(7092 7109 7381 7364)
4(7108 7380 7381 7109)
4(7093 7110 7382 7365)
4(7109 7381 7382 7110)
4(7094 7111 7383 7366)
4(7110 7382 7383 7111)
4(7095 7112 7384 7367)
4(7111 7383 7384 7112)
4(7112 7384 7385 7113)
4(7098 7115 7387 7370)
4(7114 7386 7387 7115)
4(7097 7369 7386 7114)
4(7099 7116 7388 7371)
4(7115 7387 7388 7116)
4(7100 7117 7389 7372)
4(7116 7388 7389 7117)
4(7101 7118 7390 7373)
4(7117 7389 7390 7118)
4(7102 7119 7391 7374)
4(7118 7390 7391 7119)
4(7103 7120 7392 7375)
4(7119 7391 7392 7120)
4(7104 7121 7393 7376)
4(7120 7392 7393 7121)
4(7105 7122 7394 7377)
4(7121 7393 7394 7122)
4(7106 7123 7395 7378)
4(7122 7394 7395 7123)
4(7107 7124 7396 7379)
4(7123 7395 7396 7124)
4(7108 7125 7397 7380)
4(7124 7396 7397 7125)
4(7109 7126 7398 7381)
4(7125 7397 7398 7126)
4(7110 7127 7399 7382)
4(7126 7398 7399 7127)
4(7111 7128 7400 7383)
4(7127 7399 7400 7128)
4(7112 7129 7401 7384)
4(7128 7400 7401 7129)
4(7129 7401 7402 7130)
4(7115 7132 7404 7387)
4(7131 7403 7404 7132)
4(7114 7386 7403 7131)
4(7116 7133 7405 7388)
4(7132 7404 7405 7133)
4(7117 7134 7406 7389)
4(7133 7405 7406 7134)
4(7118 7135 7407 7390)
4(7134 7406 7407 7135)
4(7119 7136 7408 7391)
4(7135 7407 7408 7136)
4(7120 7137 7409 7392)
4(7136 7408 7409 7137)
4(7121 7138 7410 7393)
4(7137 7409 7410 7138)
4(7122 7139 7411 7394)
4(7138 7410 7411 7139)
4(7123 7140 7412 7395)
4(7139 7411 7412 7140)
4(7124 7141 7413 7396)
4(7140 7412 7413 7141)
4(7125 7142 7414 7397)
4(7141 7413 7414 7142)
4(7126 7143 7415 7398)
4(7142 7414 7415 7143)
4(7127 7144 7416 7399)
4(7143 7415 7416 7144)
4(7128 7145 7417 7400)
4(7144 7416 7417 7145)
4(7129 7146 7418 7401)
4(7145 7417 7418 7146)
4(7146 7418 7419 7147)
4(7132 7149 7421 7404)
4(7148 7420 7421 7149)
4(7131 7403 7420 7148)
4(7133 7150 7422 7405)
4(7149 7421 7422 7150)
4(7134 7151 7423 7406)
4(7150 7422 7423 7151)
4(7135 7152 7424 7407)
4(7151 7423 7424 7152)
4(7136 7153 7425 7408)
4(7152 7424 7425 7153)
4(7137 7154 7426 7409)
4(7153 7425 7426 7154)
4(7138 7155 7427 7410)
4(7154 7426 7427 7155)
4(7139 7156 7428 7411)
4(7155 7427 7428 7156)
4(7140 7157 7429 7412)
4(7156 7428 7429 7157)
4(7141 7158 7430 7413)
4(7157 7429 7430 7158)
4(7142 7159 7431 7414)
4(7158 7430 7431 7159)
4(7143 7160 7432 7415)
4(7159 7431 7432 7160)
4(7144 7161 7433 7416)
4(7160 7432 7433 7161)
4(7145 7162 7434 7417)
4(7161 7433 7434 7162)
4(7146 7163 7435 7418)
4(7162 7434 7435 7163)
4(7163 7435 7436 7164)
4(7149 7166 7438 7421)
4(7165 7437 7438 7166)
4(7148 7420 7437 7165)
4(7150 7167 7439 7422)
4(7166 7438 7439 7167)
4(7151 7168 7440 7423)
4(7167 7439 7440 7168)
4(7152 7169 7441 7424)
4(7168 7440 7441 7169)
4(7153 7170 7442 7425)
4(7169 7441 7442 7170)
4(7154 7171 7443 7426)
4(7170 7442 7443 7171)
4(7155 7172 7444 7427)
4(7171 7443 7444 7172)
4(7156 7173 7445 7428)
4(7172 7444 7445 7173)
4(7157 7174 7446 7429)
4(7173 7445 7446 7174)
4(7158 7175 7447 7430)
4(7174 7446 7447 7175)
4(7159 7176 7448 7431)
4(7175 7447 7448 7176)
4(7160 7177 7449 7432)
4(7176 7448 7449 7177)
4(7161 7178 7450 7433)
4(7177 7449 7450 7178)
4(7162 7179 7451 7434)
4(7178 7450 7451 7179)
4(7163 7180 7452 7435)
4(7179 7451 7452 7180)
4(7180 7452 7453 7181)
4(7166 7183 7455 7438)
4(7182 7454 7455 7183)
4(7165 7437 7454 7182)
4(7167 7184 7456 7439)
4(7183 7455 7456 7184)
4(7168 7185 7457 7440)
4(7184 7456 7457 7185)
4(7169 7186 7458 7441)
4(7185 7457 7458 7186)
4(7170 7187 7459 7442)
4(7186 7458 7459 7187)
4(7171 7188 7460 7443)
4(7187 7459 7460 7188)
4(7172 7189 7461 7444)
4(7188 7460 7461 7189)
4(7173 7190 7462 7445)
4(7189 7461 7462 7190)
4(7174 7191 7463 7446)
4(7190 7462 7463 7191)
4(7175 7192 7464 7447)
4(7191 7463 7464 7192)
4(7176 7193 7465 7448)
4(7192 7464 7465 7193)
4(7177 7194 7466 7449)
4(7193 7465 7466 7194)
4(7178 7195 7467 7450)
4(7194 7466 7467 7195)
4(7179 7196 7468 7451)
4(7195 7467 7468 7196)
4(7180 7197 7469 7452)
4(7196 7468 7469 7197)
4(7197 7469 7470 7198)
4(7183 7200 7472 7455)
4(7199 7471 7472 7200)
4(7182 7454 7471 7199)
4(7184 7201 7473 7456)
4(7200 7472 7473 7201)
4(7185 7202 7474 7457)
4(7201 7473 7474 7202)
4(7186 7203 7475 7458)
4(7202 7474 7475 7203)
4(7187 7204 7476 7459)
4(7203 7475 7476 7204)
4(7188 7205 7477 7460)
4(7204 7476 7477 7205)
4(7189 7206 7478 7461)
4(7205 7477 7478 7206)
4(7190 7207 7479 7462)
4(7206 7478 7479 7207)
4(7191 7208 7480 7463)
4(7207 7479 7480 7208)
4(7192 7209 7481 7464)
4(7208 7480 7481 7209)
4(7193 7210 7482 7465)
4(7209 7481 7482 7210)
4(7194 7211 7483 7466)
4(7210 7482 7483 7211)
4(7195 7212 7484 7467)
4(7211 7483 7484 7212)
4(7196 7213 7485 7468)
4(7212 7484 7485 7213)
4(7197 7214 7486 7469)
4(7213 7485 7486 7214)
4(7214 7486 7487 7215)
4(7200 7217 7489 7472)
4(7216 7488 7489 7217)
4(7199 7471 7488 7216)
4(7201 7218 7490 7473)
4(7217 7489 7490 7218)
4(7202 7219 7491 7474)
4(7218 7490 7491 7219)
4(7203 7220 7492 7475)
4(7219 7491 7492 7220)
4(7204 7221 7493 7476)
4(7220 7492 7493 7221)
4(7205 7222 7494 7477)
4(7221 7493 7494 7222)
4(7206 7223 7495 7478)
4(7222 7494 7495 7223)
4(7207 7224 7496 7479)
4(7223 7495 7496 7224)
4(7208 7225 7497 7480)
4(7224 7496 7497 7225)
4(7209 7226 7498 7481)
4(7225 7497 7498 7226)
4(7210 7227 7499 7482)
4(7226 7498 7499 7227)
4(7211 7228 7500 7483)
4(7227 7499 7500 7228)
4(7212 7229 7501 7484)
4(7228 7500 7501 7229)
4(7213 7230 7502 7485)
4(7229 7501 7502 7230)
4(7214 7231 7503 7486)
4(7230 7502 7503 7231)
4(7231 7503 7504 7232)
4(7217 7234 7506 7489)
4(7233 7505 7506 7234)
4(7216 7488 7505 7233)
4(7218 7235 7507 7490)
4(7234 7506 7507 7235)
4(7219 7236 7508 7491)
4(7235 7507 7508 7236)
4(7220 7237 7509 7492)
4(7236 7508 7509 7237)
4(7221 7238 7510 7493)
4(7237 7509 7510 7238)
4(7222 7239 7511 7494)
4(7238 7510 7511 7239)
4(7223 7240 7512 7495)
4(7239 7511 7512 7240)
4(7224 7241 7513 7496)
4(7240 7512 7513 7241)
4(7225 7242 7514 7497)
4(7241 7513 7514 7242)
4(7226 7243 7515 7498)
4(7242 7514 7515 7243)
4(7227 7244 7516 7499)
4(7243 7515 7516 7244)
4(7228 7245 7517 7500)
4(7244 7516 7517 7245)
4(7229 7246 7518 7501)
4(7245 7517 7518 7246)
4(7230 7247 7519 7502)
4(7246 7518 7519 7247)
4(7231 7248 7520 7503)
4(7247 7519 7520 7248)
4(7248 7520 7521 7249)
4(7234 6466 6722 7506)
4(7233 7505 5955 5666)
4(7235 6467 6723 7507)
4(7236 6468 6724 7508)
4(7237 6469 6725 7509)
4(7238 6470 6726 7510)
4(7239 6471 6727 7511)
4(7240 6472 6728 7512)
4(7241 6473 6729 7513)
4(7242 6474 6730 7514)
4(7243 6475 6731 7515)
4(7244 6476 6732 7516)
4(7245 6477 6733 7517)
4(7246 6478 6734 7518)
4(7247 6479 6735 7519)
4(7248 6480 6736 7520)
4(7523 7539 7795 7779)
4(7538 7794 7795 7539)
4(7522 7778 7794 7538)
4(7524 7540 7796 7780)
4(7539 7795 7796 7540)
4(7525 7541 7797 7781)
4(7540 7796 7797 7541)
4(7526 7542 7798 7782)
4(7541 7797 7798 7542)
4(7527 7543 7799 7783)
4(7542 7798 7799 7543)
4(7528 7544 7800 7784)
4(7543 7799 7800 7544)
4(7529 7545 7801 7785)
4(7544 7800 7801 7545)
4(7530 7546 7802 7786)
4(7545 7801 7802 7546)
4(7531 7547 7803 7787)
4(7546 7802 7803 7547)
4(7532 7548 7804 7788)
4(7547 7803 7804 7548)
4(7533 7549 7805 7789)
4(7548 7804 7805 7549)
4(7534 7550 7806 7790)
4(7549 7805 7806 7550)
4(7535 7551 7807 7791)
4(7550 7806 7807 7551)
4(7536 7552 7808 7792)
4(7551 7807 7808 7552)
4(7537 7553 7809 7793)
4(7552 7808 7809 7553)
4(7553 7809 7267 6995)
4(7539 7555 7811 7795)
4(7554 7810 7811 7555)
4(7538 7794 7810 7554)
4(7540 7556 7812 7796)
4(7555 7811 7812 7556)
4(7541 7557 7813 7797)
4(7556 7812 7813 7557)
4(7542 7558 7814 7798)
4(7557 7813 7814 7558)
4(7543 7559 7815 7799)
4(7558 7814 7815 7559)
4(7544 7560 7816 7800)
4(7559 7815 7816 7560)
4(7545 7561 7817 7801)
4(7560 7816 7817 7561)
4(7546 7562 7818 7802)
4(7561 7817 7818 7562)
4(7547 7563 7819 7803)
4(7562 7818 7819 7563)
4(7548 7564 7820 7804)
4(7563 7819 7820 7564)
4(7549 7565 7821 7805)
4(7564 7820 7821 7565)
4(7550 7566 7822 7806)
4(7565 7821 7822 7566)
4(7551 7567 7823 7807)
4(7566 7822 7823 7567)
4(7552 7568 7824 7808)
4(7567 7823 7824 7568)
4(7553 7569 7825 7809)
4(7568 7824 7825 7569)
4(7569 7825 7284 7012)
4(7555 7571 7827 7811)
4(7570 7826 7827 7571)
4(7554 7810 7826 7570)
4(7556 7572 7828 7812)
4(7571 7827 7828 7572)
4(7557 7573 7829 7813)
4(7572 7828 7829 7573)
4(7558 7574 7830 7814)
4(7573 7829 7830 7574)
4(7559 7575 7831 7815)
4(7574 7830 7831 7575)
4(7560 7576 7832 7816)
4(7575 7831 7832 7576)
4(7561 7577 7833 7817)
4(7576 7832 7833 7577)
4(7562 7578 7834 7818)
4(7577 7833 7834 7578)
4(7563 7579 7835 7819)
4(7578 7834 7835 7579)
4(7564 7580 7836 7820)
4(7579 7835 7836 7580)
4(7565 7581 7837 7821)
4(7580 7836 7837 7581)
4(7566 7582 7838 7822)
4(7581 7837 7838 7582)
4(7567 7583 7839 7823)
4(7582 7838 7839 7583)
4(7568 7584 7840 7824)
4(7583 7839 7840 7584)
4(7569 7585 7841 7825)
4(7584 7840 7841 7585)
4(7585 7841 7301 7029)
4(7571 7587 7843 7827)
4(7586 7842 7843 7587)
4(7570 7826 7842 7586)
4(7572 7588 7844 7828)
4(7587 7843 7844 7588)
4(7573 7589 7845 7829)
4(7588 7844 7845 7589)
4(7574 7590 7846 7830)
4(7589 7845 7846 7590)
4(7575 7591 7847 7831)
4(7590 7846 7847 7591)
4(7576 7592 7848 7832)
4(7591 7847 7848 7592)
4(7577 7593 7849 7833)
4(7592 7848 7849 7593)
4(7578 7594 7850 7834)
4(7593 7849 7850 7594)
4(7579 7595 7851 7835)
4(7594 7850 7851 7595)
4(7580 7596 7852 7836)
4(7595 7851 7852 7596)
4(7581 7597 7853 7837)
4(7596 7852 7853 7597)
4(7582 7598 7854 7838)
4(7597 7853 7854 7598)
4(7583 7599 7855 7839)
4(7598 7854 7855 7599)
4(7584 7600 7856 7840)
4(7599 7855 7856 7600)
4(7585 7601 7857 7841)
4(7600 7856 7857 7601)
4(7601 7857 7318 7046)
4(7587 7603 7859 7843)
4(7602 7858 7859 7603)
4(7586 7842 7858 7602)
4(7588 7604 7860 7844)
4(7603 7859 7860 7604)
4(7589 7605 7861 7845)
4(7604 7860 7861 7605)
4(7590 7606 7862 7846)
4(7605 7861 7862 7606)
4(7591 7607 7863 7847)
4(7606 7862 7863 7607)
4(7592 7608 7864 7848)
4(7607 7863 7864 7608)
4(7593 7609 7865 7849)
4(7608 7864 7865 7609)
4(7594 7610 7866 7850)
4(7609 7865 7866 7610)
4(7595 7611 7867 7851)
4(7610 7866 7867 7611)
4(7596 7612 7868 7852)
4(7611 7867 7868 7612)
4(7597 7613 7869 7853)
4(7612 7868 7869 7613)
4(7598 7614 7870 7854)
4(7613 7869 7870 7614)
4(7599 7615 7871 7855)
4(7614 7870 7871 7615)
4(7600 7616 7872 7856)
4(7615 7871 7872 7616)
4(7601 7617 7873 7857)
4(7616 7872 7873 7617)
4(7617 7873 7335 7063)
4(7603 7619 7875 7859)
4(7618 7874 7875 7619)
4(7602 7858 7874 7618)
4(7604 7620 7876 7860)
4(7619 7875 7876 7620)
4(7605 7621 7877 7861)
4(7620 7876 7877 7621)
4(7606 7622 7878 7862)
4(7621 7877 7878 7622)
4(7607 7623 7879 7863)
4(7622 7878 7879 7623)
4(7608 7624 7880 7864)
4(7623 7879 7880 7624)
4(7609 7625 7881 7865)
4(7624 7880 7881 7625)
4(7610 7626 7882 7866)
4(7625 7881 7882 7626)
4(7611 7627 7883 7867)
4(7626 7882 7883 7627)
4(7612 7628 7884 7868)
4(7627 7883 7884 7628)
4(7613 7629 7885 7869)
4(7628 7884 7885 7629)
4(7614 7630 7886 7870)
4(7629 7885 7886 7630)
4(7615 7631 7887 7871)
4(7630 7886 7887 7631)
4(7616 7632 7888 7872)
4(7631 7887 7888 7632)
4(7617 7633 7889 7873)
4(7632 7888 7889 7633)
4(7633 7889 7352 7080)
4(7619 7635 7891 7875)
4(7634 7890 7891 7635)
4(7618 7874 7890 7634)
4(7620 7636 7892 7876)
4(7635 7891 7892 7636)
4(7621 7637 7893 7877)
4(7636 7892 7893 7637)
4(7622 7638 7894 7878)
4(7637 7893 7894 7638)
4(7623 7639 7895 7879)
4(7638 7894 7895 7639)
4(7624 7640 7896 7880)
4(7639 7895 7896 7640)
4(7625 7641 7897 7881)
4(7640 7896 7897 7641)
4(7626 7642 7898 7882)
4(7641 7897 7898 7642)
4(7627 7643 7899 7883)
4(7642 7898 7899 7643)
4(7628 7644 7900 7884)
4(7643 7899 7900 7644)
4(7629 7645 7901 7885)
4(7644 7900 7901 7645)
4(7630 7646 7902 7886)
4(7645 7901 7902 7646)
4(7631 7647 7903 7887)
4(7646 7902 7903 7647)
4(7632 7648 7904 7888)
4(7647 7903 7904 7648)
4(7633 7649 7905 7889)
4(7648 7904 7905 7649)
4(7649 7905 7369 7097)
4(7635 7651 7907 7891)
4(7650 7906 7907 7651)
4(7634 7890 7906 7650)
4(7636 7652 7908 7892)
4(7651 7907 7908 7652)
4(7637 7653 7909 7893)
4(7652 7908 7909 7653)
4(7638 7654 7910 7894)
4(7653 7909 7910 7654)
4(7639 7655 7911 7895)
4(7654 7910 7911 7655)
4(7640 7656 7912 7896)
4(7655 7911 7912 7656)
4(7641 7657 7913 7897)
4(7656 7912 7913 7657)
4(7642 7658 7914 7898)
4(7657 7913 7914 7658)
4(7643 7659 7915 7899)
4(7658 7914 7915 7659)
4(7644 7660 7916 7900)
4(7659 7915 7916 7660)
4(7645 7661 7917 7901)
4(7660 7916 7917 7661)
4(7646 7662 7918 7902)
4(7661 7917 7918 7662)
4(7647 7663 7919 7903)
4(7662 7918 7919 7663)
4(7648 7664 7920 7904)
4(7663 7919 7920 7664)
4(7649 7665 7921 7905)
4(7664 7920 7921 7665)
4(7665 7921 7386 7114)
4(7651 7667 7923 7907)
4(7666 7922 7923 7667)
4(7650 7906 7922 7666)
4(7652 7668 7924 7908)
4(7667 7923 7924 7668)
4(7653 7669 7925 7909)
4(7668 7924 7925 7669)
4(7654 7670 7926 7910)
4(7669 7925 7926 7670)
4(7655 7671 7927 7911)
4(7670 7926 7927 7671)
4(7656 7672 7928 7912)
4(7671 7927 7928 7672)
4(7657 7673 7929 7913)
4(7672 7928 7929 7673)
4(7658 7674 7930 7914)
4(7673 7929 7930 7674)
4(7659 7675 7931 7915)
4(7674 7930 7931 7675)
4(7660 7676 7932 7916)
4(7675 7931 7932 7676)
4(7661 7677 7933 7917)
4(7676 7932 7933 7677)
4(7662 7678 7934 7918)
4(7677 7933 7934 7678)
4(7663 7679 7935 7919)
4(7678 7934 7935 7679)
4(7664 7680 7936 7920)
4(7679 7935 7936 7680)
4(7665 7681 7937 7921)
4(7680 7936 7937 7681)
4(7681 7937 7403 7131)
4(7667 7683 7939 7923)
4(7682 7938 7939 7683)
4(7666 7922 7938 7682)
4(7668 7684 7940 7924)
4(7683 7939 7940 7684)
4(7669 7685 7941 7925)
4(7684 7940 7941 7685)
4(7670 7686 7942 7926)
4(7685 7941 7942 7686)
4(7671 7687 7943 7927)
4(7686 7942 7943 7687)
4(7672 7688 7944 7928)
4(7687 7943 7944 7688)
4(7673 7689 7945 7929)
4(7688 7944 7945 7689)
4(7674 7690 7946 7930)
4(7689 7945 7946 7690)
4(7675 7691 7947 7931)
4(7690 7946 7947 7691)
4(7676 7692 7948 7932)
4(7691 7947 7948 7692)
4(7677 7693 7949 7933)
4(7692 7948 7949 7693)
4(7678 7694 7950 7934)
4(7693 7949 7950 7694)
4(7679 7695 7951 7935)
4(7694 7950 7951 7695)
4(7680 7696 7952 7936)
4(7695 7951 7952 7696)
4(7681 7697 7953 7937)
4(7696 7952 7953 7697)
4(7697 7953 7420 7148)
4(7683 7699 7955 7939)
4(7698 7954 7955 7699)
4(7682 7938 7954 7698)
4(7684 7700 7956 7940)
4(7699 7955 7956 7700)
4(7685 7701 7957 7941)
4(7700 7956 7957 7701)
4(7686 7702 7958 7942)
4(7701 7957 7958 7702)
4(7687 7703 7959 7943)
4(7702 7958 7959 7703)
4(7688 7704 7960 7944)
4(7703 7959 7960 7704)
4(7689 7705 7961 7945)
4(7704 7960 7961 7705)
4(7690 7706 7962 7946)
4(7705 7961 7962 7706)
4(7691 7707 7963 7947)
4(7706 7962 7963 7707)
4(7692 7708 7964 7948)
4(7707 7963 7964 7708)
4(7693 7709 7965 7949)
4(7708 7964 7965 7709)
4(7694 7710 7966 7950)
4(7709 7965 7966 7710)
4(7695 7711 7967 7951)
4(7710 7966 7967 7711)
4(7696 7712 7968 7952)
4(7711 7967 7968 7712)
4(7697 7713 7969 7953)
4(7712 7968 7969 7713)
4(7713 7969 7437 7165)
4(7699 7715 7971 7955)
4(7714 7970 7971 7715)
4(7698 7954 7970 7714)
4(7700 7716 7972 7956)
4(7715 7971 7972 7716)
4(7701 7717 7973 7957)
4(7716 7972 7973 7717)
4(7702 7718 7974 7958)
4(7717 7973 7974 7718)
4(7703 7719 7975 7959)
4(7718 7974 7975 7719)
4(7704 7720 7976 7960)
4(7719 7975 7976 7720)
4(7705 7721 7977 7961)
4(7720 7976 7977 7721)
4(7706 7722 7978 7962)
4(7721 7977 7978 7722)
4(7707 7723 7979 7963)
4(7722 7978 7979 7723)
4(7708 7724 7980 7964)
4(7723 7979 7980 7724)
4(7709 7725 7981 7965)
4(7724 7980 7981 7725)
4(7710 7726 7982 7966)
4(7725 7981 7982 7726)
4(7711 7727 7983 7967)
4(7726 7982 7983 7727)
4(7712 7728 7984 7968)
4(7727 7983 7984 7728)
4(7713 7729 7985 7969)
4(7728 7984 7985 7729)
4(7729 7985 7454 7182)
4(7715 7731 7987 7971)
4(7730 7986 7987 7731)
4(7714 7970 7986 7730)
4(7716 7732 7988 7972)
4(7731 7987 7988 7732)
4(7717 7733 7989 7973)
4(7732 7988 7989 7733)
4(7718 7734 7990 7974)
4(7733 7989 7990 7734)
4(7719 7735 7991 7975)
4(7734 7990 7991 7735)
4(7720 7736 7992 7976)
4(7735 7991 7992 7736)
4(7721 7737 7993 7977)
4(7736 7992 7993 7737)
4(7722 7738 7994 7978)
4(7737 7993 7994 7738)
4(7723 7739 7995 7979)
4(7738 7994 7995 7739)
4(7724 7740 7996 7980)
4(7739 7995 7996 7740)
4(7725 7741 7997 7981)
4(7740 7996 7997 7741)
4(7726 7742 7998 7982)
4(7741 7997 7998 7742)
4(7727 7743 7999 7983)
4(7742 7998 7999 7743)
4(7728 7744 8000 7984)
4(7743 7999 8000 7744)
4(7729 7745 8001 7985)
4(7744 8000 8001 7745)
4(7745 8001 7471 7199)
4(7731 7747 8003 7987)
4(7746 8002 8003 7747)
4(7730 7986 8002 7746)
4(7732 7748 8004 7988)
4(7747 8003 8004 7748)
4(7733 7749 8005 7989)
4(7748 8004 8005 7749)
4(7734 7750 8006 7990)
4(7749 8005 8006 7750)
4(7735 7751 8007 7991)
4(7750 8006 8007 7751)
4(7736 7752 8008 7992)
4(7751 8007 8008 7752)
4(7737 7753 8009 7993)
4(7752 8008 8009 7753)
4(7738 7754 8010 7994)
4(7753 8009 8010 7754)
4(7739 7755 8011 7995)
4(7754 8010 8011 7755)
4(7740 7756 8012 7996)
4(7755 8011 8012 7756)
4(7741 7757 8013 7997)
4(7756 8012 8013 7757)
4(7742 7758 8014 7998)
4(7757 8013 8014 7758)
4(7743 7759 8015 7999)
4(7758 8014 8015 7759)
4(7744 7760 8016 8000)
4(7759 8015 8016 7760)
4(7745 7761 8017 8001)
4(7760 8016 8017 7761)
4(7761 8017 7488 7216)
4(7747 7763 8019 8003)
4(7762 8018 8019 7763)
4(7746 8002 8018 7762)
4(7748 7764 8020 8004)
4(7763 8019 8020 7764)
4(7749 7765 8021 8005)
4(7764 8020 8021 7765)
4(7750 7766 8022 8006)
4(7765 8021 8022 7766)
4(7751 7767 8023 8007)
4(7766 8022 8023 7767)
4(7752 7768 8024 8008)
4(7767 8023 8024 7768)
4(7753 7769 8025 8009)
4(7768 8024 8025 7769)
4(7754 7770 8026 8010)
4(7769 8025 8026 7770)
4(7755 7771 8027 8011)
4(7770 8026 8027 7771)
4(7756 7772 8028 8012)
4(7771 8027 8028 7772)
4(7757 7773 8029 8013)
4(7772 8028 8029 7773)
4(7758 7774 8030 8014)
4(7773 8029 8030 7774)
4(7759 7775 8031 8015)
4(7774 8030 8031 7775)
4(7760 7776 8032 8016)
4(7775 8031 8032 7776)
4(7761 7777 8033 8017)
4(7776 8032 8033 7777)
4(7777 8033 7505 7233)
4(7763 5411 5700 8019)
4(7762 8018 5683 5394)
4(7764 5428 5717 8020)
4(7765 5445 5734 8021)
4(7766 5462 5751 8022)
4(7767 5479 5768 8023)
4(7768 5496 5785 8024)
4(7769 5513 5802 8025)
4(7770 5530 5819 8026)
4(7771 5547 5836 8027)
4(7772 5564 5853 8028)
4(7773 5581 5870 8029)
4(7774 5598 5887 8030)
4(7775 5615 5904 8031)
4(7776 5632 5921 8032)
4(7777 5649 5938 8033)
4(8035 8052 8324 8307)
4(8051 8323 8324 8052)
4(8034 8035 8307 8306)
4(8034 8306 8323 8051)
4(8036 8053 8325 8308)
4(8052 8324 8325 8053)
4(8035 8036 8308 8307)
4(8037 8054 8326 8309)
4(8053 8325 8326 8054)
4(8036 8037 8309 8308)
4(8038 8055 8327 8310)
4(8054 8326 8327 8055)
4(8037 8038 8310 8309)
4(8039 8056 8328 8311)
4(8055 8327 8328 8056)
4(8038 8039 8311 8310)
4(8040 8057 8329 8312)
4(8056 8328 8329 8057)
4(8039 8040 8312 8311)
4(8041 8058 8330 8313)
4(8057 8329 8330 8058)
4(8040 8041 8313 8312)
4(8042 8059 8331 8314)
4(8058 8330 8331 8059)
4(8041 8042 8314 8313)
4(8043 8060 8332 8315)
4(8059 8331 8332 8060)
4(8042 8043 8315 8314)
4(8044 8061 8333 8316)
4(8060 8332 8333 8061)
4(8043 8044 8316 8315)
4(8045 8062 8334 8317)
4(8061 8333 8334 8062)
4(8044 8045 8317 8316)
4(8046 8063 8335 8318)
4(8062 8334 8335 8063)
4(8045 8046 8318 8317)
4(8047 8064 8336 8319)
4(8063 8335 8336 8064)
4(8046 8047 8319 8318)
4(8048 8065 8337 8320)
4(8064 8336 8337 8065)
4(8047 8048 8320 8319)
4(8049 8066 8338 8321)
4(8065 8337 8338 8066)
4(8048 8049 8321 8320)
4(8066 8338 8339 8067)
4(8049 8050 8322 8321)
4(8052 8069 8341 8324)
4(8068 8340 8341 8069)
4(8051 8323 8340 8068)
4(8053 8070 8342 8325)
4(8069 8341 8342 8070)
4(8054 8071 8343 8326)
4(8070 8342 8343 8071)
4(8055 8072 8344 8327)
4(8071 8343 8344 8072)
4(8056 8073 8345 8328)
4(8072 8344 8345 8073)
4(8057 8074 8346 8329)
4(8073 8345 8346 8074)
4(8058 8075 8347 8330)
4(8074 8346 8347 8075)
4(8059 8076 8348 8331)
4(8075 8347 8348 8076)
4(8060 8077 8349 8332)
4(8076 8348 8349 8077)
4(8061 8078 8350 8333)
4(8077 8349 8350 8078)
4(8062 8079 8351 8334)
4(8078 8350 8351 8079)
4(8063 8080 8352 8335)
4(8079 8351 8352 8080)
4(8064 8081 8353 8336)
4(8080 8352 8353 8081)
4(8065 8082 8354 8337)
4(8081 8353 8354 8082)
4(8066 8083 8355 8338)
4(8082 8354 8355 8083)
4(8083 8355 8356 8084)
4(8069 8086 8358 8341)
4(8085 8357 8358 8086)
4(8068 8340 8357 8085)
4(8070 8087 8359 8342)
4(8086 8358 8359 8087)
4(8071 8088 8360 8343)
4(8087 8359 8360 8088)
4(8072 8089 8361 8344)
4(8088 8360 8361 8089)
4(8073 8090 8362 8345)
4(8089 8361 8362 8090)
4(8074 8091 8363 8346)
4(8090 8362 8363 8091)
4(8075 8092 8364 8347)
4(8091 8363 8364 8092)
4(8076 8093 8365 8348)
4(8092 8364 8365 8093)
4(8077 8094 8366 8349)
4(8093 8365 8366 8094)
4(8078 8095 8367 8350)
4(8094 8366 8367 8095)
4(8079 8096 8368 8351)
4(8095 8367 8368 8096)
4(8080 8097 8369 8352)
4(8096 8368 8369 8097)
4(8081 8098 8370 8353)
4(8097 8369 8370 8098)
4(8082 8099 8371 8354)
4(8098 8370 8371 8099)
4(8083 8100 8372 8355)
4(8099 8371 8372 8100)
4(8100 8372 8373 8101)
4(8086 8103 8375 8358)
4(8102 8374 8375 8103)
4(8085 8357 8374 8102)
4(8087 8104 8376 8359)
4(8103 8375 8376 8104)
4(8088 8105 8377 8360)
4(8104 8376 8377 8105)
4(8089 8106 8378 8361)
4(8105 8377 8378 8106)
4(8090 8107 8379 8362)
4(8106 8378 8379 8107)
4(8091 8108 8380 8363)
4(8107 8379 8380 8108)
4(8092 8109 8381 8364)
4(8108 8380 8381 8109)
4(8093 8110 8382 8365)
4(8109 8381 8382 8110)
4(8094 8111 8383 8366)
4(8110 8382 8383 8111)
4(8095 8112 8384 8367)
4(8111 8383 8384 8112)
4(8096 8113 8385 8368)
4(8112 8384 8385 8113)
4(8097 8114 8386 8369)
4(8113 8385 8386 8114)
4(8098 8115 8387 8370)
4(8114 8386 8387 8115)
4(8099 8116 8388 8371)
4(8115 8387 8388 8116)
4(8100 8117 8389 8372)
4(8116 8388 8389 8117)
4(8117 8389 8390 8118)
4(8103 8120 8392 8375)
4(8119 8391 8392 8120)
4(8102 8374 8391 8119)
4(8104 8121 8393 8376)
4(8120 8392 8393 8121)
4(8105 8122 8394 8377)
4(8121 8393 8394 8122)
4(8106 8123 8395 8378)
4(8122 8394 8395 8123)
4(8107 8124 8396 8379)
4(8123 8395 8396 8124)
4(8108 8125 8397 8380)
4(8124 8396 8397 8125)
4(8109 8126 8398 8381)
4(8125 8397 8398 8126)
4(8110 8127 8399 8382)
4(8126 8398 8399 8127)
4(8111 8128 8400 8383)
4(8127 8399 8400 8128)
4(8112 8129 8401 8384)
4(8128 8400 8401 8129)
4(8113 8130 8402 8385)
4(8129 8401 8402 8130)
4(8114 8131 8403 8386)
4(8130 8402 8403 8131)
4(8115 8132 8404 8387)
4(8131 8403 8404 8132)
4(8116 8133 8405 8388)
4(8132 8404 8405 8133)
4(8117 8134 8406 8389)
4(8133 8405 8406 8134)
4(8134 8406 8407 8135)
4(8120 8137 8409 8392)
4(8136 8408 8409 8137)
4(8119 8391 8408 8136)
4(8121 8138 8410 8393)
4(8137 8409 8410 8138)
4(8122 8139 8411 8394)
4(8138 8410 8411 8139)
4(8123 8140 8412 8395)
4(8139 8411 8412 8140)
4(8124 8141 8413 8396)
4(8140 8412 8413 8141)
4(8125 8142 8414 8397)
4(8141 8413 8414 8142)
4(8126 8143 8415 8398)
4(8142 8414 8415 8143)
4(8127 8144 8416 8399)
4(8143 8415 8416 8144)
4(8128 8145 8417 8400)
4(8144 8416 8417 8145)
4(8129 8146 8418 8401)
4(8145 8417 8418 8146)
4(8130 8147 8419 8402)
4(8146 8418 8419 8147)
4(8131 8148 8420 8403)
4(8147 8419 8420 8148)
4(8132 8149 8421 8404)
4(8148 8420 8421 8149)
4(8133 8150 8422 8405)
4(8149 8421 8422 8150)
4(8134 8151 8423 8406)
4(8150 8422 8423 8151)
4(8151 8423 8424 8152)
4(8137 8154 8426 8409)
4(8153 8425 8426 8154)
4(8136 8408 8425 8153)
4(8138 8155 8427 8410)
4(8154 8426 8427 8155)
4(8139 8156 8428 8411)
4(8155 8427 8428 8156)
4(8140 8157 8429 8412)
4(8156 8428 8429 8157)
4(8141 8158 8430 8413)
4(8157 8429 8430 8158)
4(8142 8159 8431 8414)
4(8158 8430 8431 8159)
4(8143 8160 8432 8415)
4(8159 8431 8432 8160)
4(8144 8161 8433 8416)
4(8160 8432 8433 8161)
4(8145 8162 8434 8417)
4(8161 8433 8434 8162)
4(8146 8163 8435 8418)
4(8162 8434 8435 8163)
4(8147 8164 8436 8419)
4(8163 8435 8436 8164)
4(8148 8165 8437 8420)
4(8164 8436 8437 8165)
4(8149 8166 8438 8421)
4(8165 8437 8438 8166)
4(8150 8167 8439 8422)
4(8166 8438 8439 8167)
4(8151 8168 8440 8423)
4(8167 8439 8440 8168)
4(8168 8440 8441 8169)
4(8154 8171 8443 8426)
4(8170 8442 8443 8171)
4(8153 8425 8442 8170)
4(8155 8172 8444 8427)
4(8171 8443 8444 8172)
4(8156 8173 8445 8428)
4(8172 8444 8445 8173)
4(8157 8174 8446 8429)
4(8173 8445 8446 8174)
4(8158 8175 8447 8430)
4(8174 8446 8447 8175)
4(8159 8176 8448 8431)
4(8175 8447 8448 8176)
4(8160 8177 8449 8432)
4(8176 8448 8449 8177)
4(8161 8178 8450 8433)
4(8177 8449 8450 8178)
4(8162 8179 8451 8434)
4(8178 8450 8451 8179)
4(8163 8180 8452 8435)
4(8179 8451 8452 8180)
4(8164 8181 8453 8436)
4(8180 8452 8453 8181)
4(8165 8182 8454 8437)
4(8181 8453 8454 8182)
4(8166 8183 8455 8438)
4(8182 8454 8455 8183)
4(8167 8184 8456 8439)
4(8183 8455 8456 8184)
4(8168 8185 8457 8440)
4(8184 8456 8457 8185)
4(8185 8457 8458 8186)
4(8171 8188 8460 8443)
4(8187 8459 8460 8188)
4(8170 8442 8459 8187)
4(8172 8189 8461 8444)
4(8188 8460 8461 8189)
4(8173 8190 8462 8445)
4(8189 8461 8462 8190)
4(8174 8191 8463 8446)
4(8190 8462 8463 8191)
4(8175 8192 8464 8447)
4(8191 8463 8464 8192)
4(8176 8193 8465 8448)
4(8192 8464 8465 8193)
4(8177 8194 8466 8449)
4(8193 8465 8466 8194)
4(8178 8195 8467 8450)
4(8194 8466 8467 8195)
4(8179 8196 8468 8451)
4(8195 8467 8468 8196)
4(8180 8197 8469 8452)
4(8196 8468 8469 8197)
4(8181 8198 8470 8453)
4(8197 8469 8470 8198)
4(8182 8199 8471 8454)
4(8198 8470 8471 8199)
4(8183 8200 8472 8455)
4(8199 8471 8472 8200)
4(8184 8201 8473 8456)
4(8200 8472 8473 8201)
4(8185 8202 8474 8457)
4(8201 8473 8474 8202)
4(8202 8474 8475 8203)
4(8188 8205 8477 8460)
4(8204 8476 8477 8205)
4(8187 8459 8476 8204)
4(8189 8206 8478 8461)
4(8205 8477 8478 8206)
4(8190 8207 8479 8462)
4(8206 8478 8479 8207)
4(8191 8208 8480 8463)
4(8207 8479 8480 8208)
4(8192 8209 8481 8464)
4(8208 8480 8481 8209)
4(8193 8210 8482 8465)
4(8209 8481 8482 8210)
4(8194 8211 8483 8466)
4(8210 8482 8483 8211)
4(8195 8212 8484 8467)
4(8211 8483 8484 8212)
4(8196 8213 8485 8468)
4(8212 8484 8485 8213)
4(8197 8214 8486 8469)
4(8213 8485 8486 8214)
4(8198 8215 8487 8470)
4(8214 8486 8487 8215)
4(8199 8216 8488 8471)
4(8215 8487 8488 8216)
4(8200 8217 8489 8472)
4(8216 8488 8489 8217)
4(8201 8218 8490 8473)
4(8217 8489 8490 8218)
4(8202 8219 8491 8474)
4(8218 8490 8491 8219)
4(8219 8491 8492 8220)
4(8205 8222 8494 8477)
4(8221 8493 8494 8222)
4(8204 8476 8493 8221)
4(8206 8223 8495 8478)
4(8222 8494 8495 8223)
4(8207 8224 8496 8479)
4(8223 8495 8496 8224)
4(8208 8225 8497 8480)
4(8224 8496 8497 8225)
4(8209 8226 8498 8481)
4(8225 8497 8498 8226)
4(8210 8227 8499 8482)
4(8226 8498 8499 8227)
4(8211 8228 8500 8483)
4(8227 8499 8500 8228)
4(8212 8229 8501 8484)
4(8228 8500 8501 8229)
4(8213 8230 8502 8485)
4(8229 8501 8502 8230)
4(8214 8231 8503 8486)
4(8230 8502 8503 8231)
4(8215 8232 8504 8487)
4(8231 8503 8504 8232)
4(8216 8233 8505 8488)
4(8232 8504 8505 8233)
4(8217 8234 8506 8489)
4(8233 8505 8506 8234)
4(8218 8235 8507 8490)
4(8234 8506 8507 8235)
4(8219 8236 8508 8491)
4(8235 8507 8508 8236)
4(8236 8508 8509 8237)
4(8222 8239 8511 8494)
4(8238 8510 8511 8239)
4(8221 8493 8510 8238)
4(8223 8240 8512 8495)
4(8239 8511 8512 8240)
4(8224 8241 8513 8496)
4(8240 8512 8513 8241)
4(8225 8242 8514 8497)
4(8241 8513 8514 8242)
4(8226 8243 8515 8498)
4(8242 8514 8515 8243)
4(8227 8244 8516 8499)
4(8243 8515 8516 8244)
4(8228 8245 8517 8500)
4(8244 8516 8517 8245)
4(8229 8246 8518 8501)
4(8245 8517 8518 8246)
4(8230 8247 8519 8502)
4(8246 8518 8519 8247)
4(8231 8248 8520 8503)
4(8247 8519 8520 8248)
4(8232 8249 8521 8504)
4(8248 8520 8521 8249)
4(8233 8250 8522 8505)
4(8249 8521 8522 8250)
4(8234 8251 8523 8506)
4(8250 8522 8523 8251)
4(8235 8252 8524 8507)
4(8251 8523 8524 8252)
4(8236 8253 8525 8508)
4(8252 8524 8525 8253)
4(8253 8525 8526 8254)
4(8239 8256 8528 8511)
4(8255 8527 8528 8256)
4(8238 8510 8527 8255)
4(8240 8257 8529 8512)
4(8256 8528 8529 8257)
4(8241 8258 8530 8513)
4(8257 8529 8530 8258)
4(8242 8259 8531 8514)
4(8258 8530 8531 8259)
4(8243 8260 8532 8515)
4(8259 8531 8532 8260)
4(8244 8261 8533 8516)
4(8260 8532 8533 8261)
4(8245 8262 8534 8517)
4(8261 8533 8534 8262)
4(8246 8263 8535 8518)
4(8262 8534 8535 8263)
4(8247 8264 8536 8519)
4(8263 8535 8536 8264)
4(8248 8265 8537 8520)
4(8264 8536 8537 8265)
4(8249 8266 8538 8521)
4(8265 8537 8538 8266)
4(8250 8267 8539 8522)
4(8266 8538 8539 8267)
4(8251 8268 8540 8523)
4(8267 8539 8540 8268)
4(8252 8269 8541 8524)
4(8268 8540 8541 8269)
4(8253 8270 8542 8525)
4(8269 8541 8542 8270)
4(8270 8542 8543 8271)
4(8256 8273 8545 8528)
4(8272 8544 8545 8273)
4(8255 8527 8544 8272)
4(8257 8274 8546 8529)
4(8273 8545 8546 8274)
4(8258 8275 8547 8530)
4(8274 8546 8547 8275)
4(8259 8276 8548 8531)
4(8275 8547 8548 8276)
4(8260 8277 8549 8532)
4(8276 8548 8549 8277)
4(8261 8278 8550 8533)
4(8277 8549 8550 8278)
4(8262 8279 8551 8534)
4(8278 8550 8551 8279)
4(8263 8280 8552 8535)
4(8279 8551 8552 8280)
4(8264 8281 8553 8536)
4(8280 8552 8553 8281)
4(8265 8282 8554 8537)
4(8281 8553 8554 8282)
4(8266 8283 8555 8538)
4(8282 8554 8555 8283)
4(8267 8284 8556 8539)
4(8283 8555 8556 8284)
4(8268 8285 8557 8540)
4(8284 8556 8557 8285)
4(8269 8286 8558 8541)
4(8285 8557 8558 8286)
4(8270 8287 8559 8542)
4(8286 8558 8559 8287)
4(8287 8559 8560 8288)
4(8273 8290 8562 8545)
4(8289 8561 8562 8290)
4(8272 8544 8561 8289)
4(8274 8291 8563 8546)
4(8290 8562 8563 8291)
4(8275 8292 8564 8547)
4(8291 8563 8564 8292)
4(8276 8293 8565 8548)
4(8292 8564 8565 8293)
4(8277 8294 8566 8549)
4(8293 8565 8566 8294)
4(8278 8295 8567 8550)
4(8294 8566 8567 8295)
4(8279 8296 8568 8551)
4(8295 8567 8568 8296)
4(8280 8297 8569 8552)
4(8296 8568 8569 8297)
4(8281 8298 8570 8553)
4(8297 8569 8570 8298)
4(8282 8299 8571 8554)
4(8298 8570 8571 8299)
4(8283 8300 8572 8555)
4(8299 8571 8572 8300)
4(8284 8301 8573 8556)
4(8300 8572 8573 8301)
4(8285 8302 8574 8557)
4(8301 8573 8574 8302)
4(8286 8303 8575 8558)
4(8302 8574 8575 8303)
4(8287 8304 8576 8559)
4(8303 8575 8576 8304)
4(8304 8576 8577 8305)
4(8290 3267 3539 8562)
4(8289 8561 3538 3266)
4(8291 3268 3540 8563)
4(8292 3269 3541 8564)
4(8293 3270 3542 8565)
4(8294 3271 3543 8566)
4(8295 3272 3544 8567)
4(8296 3273 3545 8568)
4(8297 3274 3546 8569)
4(8298 3275 3547 8570)
4(8299 3276 3548 8571)
4(8300 3277 3549 8572)
4(8301 3278 3550 8573)
4(8302 3279 3551 8574)
4(8303 3280 3552 8575)
4(8304 3281 3553 8576)
4(5393 8579 8834 5682)
4(8578 8833 8834 8579)
4(5394 5683 8833 8578)
4(5392 8580 8835 5681)
4(8579 8834 8835 8580)
4(5391 8581 8836 5680)
4(8580 8835 8836 8581)
4(5390 8582 8837 5679)
4(8581 8836 8837 8582)
4(5389 8583 8838 5678)
4(8582 8837 8838 8583)
4(5388 8584 8839 5677)
4(8583 8838 8839 8584)
4(5387 8585 8840 5676)
4(8584 8839 8840 8585)
4(5386 8586 8841 5675)
4(8585 8840 8841 8586)
4(5385 8587 8842 5674)
4(8586 8841 8842 8587)
4(5384 8588 8843 5673)
4(8587 8842 8843 8588)
4(5383 8589 8844 5672)
4(8588 8843 8844 8589)
4(5382 8590 8845 5671)
4(8589 8844 8845 8590)
4(5381 8591 8846 5670)
4(8590 8845 8846 8591)
4(5380 8592 8847 5669)
4(8591 8846 8847 8592)
4(5379 8593 8848 5668)
4(8592 8847 8848 8593)
4(8593 8848 8849 8594)
4(8579 8596 8851 8834)
4(8595 8850 8851 8596)
4(8578 8833 8850 8595)
4(8580 8597 8852 8835)
4(8596 8851 8852 8597)
4(8581 8598 8853 8836)
4(8597 8852 8853 8598)
4(8582 8599 8854 8837)
4(8598 8853 8854 8599)
4(8583 8600 8855 8838)
4(8599 8854 8855 8600)
4(8584 8601 8856 8839)
4(8600 8855 8856 8601)
4(8585 8602 8857 8840)
4(8601 8856 8857 8602)
4(8586 8603 8858 8841)
4(8602 8857 8858 8603)
4(8587 8604 8859 8842)
4(8603 8858 8859 8604)
4(8588 8605 8860 8843)
4(8604 8859 8860 8605)
4(8589 8606 8861 8844)
4(8605 8860 8861 8606)
4(8590 8607 8862 8845)
4(8606 8861 8862 8607)
4(8591 8608 8863 8846)
4(8607 8862 8863 8608)
4(8592 8609 8864 8847)
4(8608 8863 8864 8609)
4(8593 8610 8865 8848)
4(8609 8864 8865 8610)
4(8610 8865 8866 8611)
4(8596 8613 8868 8851)
4(8612 8867 8868 8613)
4(8595 8850 8867 8612)
4(8597 8614 8869 8852)
4(8613 8868 8869 8614)
4(8598 8615 8870 8853)
4(8614 8869 8870 8615)
4(8599 8616 8871 8854)
4(8615 8870 8871 8616)
4(8600 8617 8872 8855)
4(8616 8871 8872 8617)
4(8601 8618 8873 8856)
4(8617 8872 8873 8618)
4(8602 8619 8874 8857)
4(8618 8873 8874 8619)
4(8603 8620 8875 8858)
4(8619 8874 8875 8620)
4(8604 8621 8876 8859)
4(8620 8875 8876 8621)
4(8605 8622 8877 8860)
4(8621 8876 8877 8622)
4(8606 8623 8878 8861)
4(8622 8877 8878 8623)
4(8607 8624 8879 8862)
4(8623 8878 8879 8624)
4(8608 8625 8880 8863)
4(8624 8879 8880 8625)
4(8609 8626 8881 8864)
4(8625 8880 8881 8626)
4(8610 8627 8882 8865)
4(8626 8881 8882 8627)
4(8627 8882 8883 8628)
4(8613 8630 8885 8868)
4(8629 8884 8885 8630)
4(8612 8867 8884 8629)
4(8614 8631 8886 8869)
4(8630 8885 8886 8631)
4(8615 8632 8887 8870)
4(8631 8886 8887 8632)
4(8616 8633 8888 8871)
4(8632 8887 8888 8633)
4(8617 8634 8889 8872)
4(8633 8888 8889 8634)
4(8618 8635 8890 8873)
4(8634 8889 8890 8635)
4(8619 8636 8891 8874)
4(8635 8890 8891 8636)
4(8620 8637 8892 8875)
4(8636 8891 8892 8637)
4(8621 8638 8893 8876)
4(8637 8892 8893 8638)
4(8622 8639 8894 8877)
4(8638 8893 8894 8639)
4(8623 8640 8895 8878)
4(8639 8894 8895 8640)
4(8624 8641 8896 8879)
4(8640 8895 8896 8641)
4(8625 8642 8897 8880)
4(8641 8896 8897 8642)
4(8626 8643 8898 8881)
4(8642 8897 8898 8643)
4(8627 8644 8899 8882)
4(8643 8898 8899 8644)
4(8644 8899 8900 8645)
4(8630 8647 8902 8885)
4(8646 8901 8902 8647)
4(8629 8884 8901 8646)
4(8631 8648 8903 8886)
4(8647 8902 8903 8648)
4(8632 8649 8904 8887)
4(8648 8903 8904 8649)
4(8633 8650 8905 8888)
4(8649 8904 8905 8650)
4(8634 8651 8906 8889)
4(8650 8905 8906 8651)
4(8635 8652 8907 8890)
4(8651 8906 8907 8652)
4(8636 8653 8908 8891)
4(8652 8907 8908 8653)
4(8637 8654 8909 8892)
4(8653 8908 8909 8654)
4(8638 8655 8910 8893)
4(8654 8909 8910 8655)
4(8639 8656 8911 8894)
4(8655 8910 8911 8656)
4(8640 8657 8912 8895)
4(8656 8911 8912 8657)
4(8641 8658 8913 8896)
4(8657 8912 8913 8658)
4(8642 8659 8914 8897)
4(8658 8913 8914 8659)
4(8643 8660 8915 8898)
4(8659 8914 8915 8660)
4(8644 8661 8916 8899)
4(8660 8915 8916 8661)
4(8661 8916 8917 8662)
4(8647 8664 8919 8902)
4(8663 8918 8919 8664)
4(8646 8901 8918 8663)
4(8648 8665 8920 8903)
4(8664 8919 8920 8665)
4(8649 8666 8921 8904)
4(8665 8920 8921 8666)
4(8650 8667 8922 8905)
4(8666 8921 8922 8667)
4(8651 8668 8923 8906)
4(8667 8922 8923 8668)
4(8652 8669 8924 8907)
4(8668 8923 8924 8669)
4(8653 8670 8925 8908)
4(8669 8924 8925 8670)
4(8654 8671 8926 8909)
4(8670 8925 8926 8671)
4(8655 8672 8927 8910)
4(8671 8926 8927 8672)
4(8656 8673 8928 8911)
4(8672 8927 8928 8673)
4(8657 8674 8929 8912)
4(8673 8928 8929 8674)
4(8658 8675 8930 8913)
4(8674 8929 8930 8675)
4(8659 8676 8931 8914)
4(8675 8930 8931 8676)
4(8660 8677 8932 8915)
4(8676 8931 8932 8677)
4(8661 8678 8933 8916)
4(8677 8932 8933 8678)
4(8678 8933 8934 8679)
4(8664 8681 8936 8919)
4(8680 8935 8936 8681)
4(8663 8918 8935 8680)
4(8665 8682 8937 8920)
4(8681 8936 8937 8682)
4(8666 8683 8938 8921)
4(8682 8937 8938 8683)
4(8667 8684 8939 8922)
4(8683 8938 8939 8684)
4(8668 8685 8940 8923)
4(8684 8939 8940 8685)
4(8669 8686 8941 8924)
4(8685 8940 8941 8686)
4(8670 8687 8942 8925)
4(8686 8941 8942 8687)
4(8671 8688 8943 8926)
4(8687 8942 8943 8688)
4(8672 8689 8944 8927)
4(8688 8943 8944 8689)
4(8673 8690 8945 8928)
4(8689 8944 8945 8690)
4(8674 8691 8946 8929)
4(8690 8945 8946 8691)
4(8675 8692 8947 8930)
4(8691 8946 8947 8692)
4(8676 8693 8948 8931)
4(8692 8947 8948 8693)
4(8677 8694 8949 8932)
4(8693 8948 8949 8694)
4(8678 8695 8950 8933)
4(8694 8949 8950 8695)
4(8695 8950 8951 8696)
4(8681 8698 8953 8936)
4(8697 8952 8953 8698)
4(8680 8935 8952 8697)
4(8682 8699 8954 8937)
4(8698 8953 8954 8699)
4(8683 8700 8955 8938)
4(8699 8954 8955 8700)
4(8684 8701 8956 8939)
4(8700 8955 8956 8701)
4(8685 8702 8957 8940)
4(8701 8956 8957 8702)
4(8686 8703 8958 8941)
4(8702 8957 8958 8703)
4(8687 8704 8959 8942)
4(8703 8958 8959 8704)
4(8688 8705 8960 8943)
4(8704 8959 8960 8705)
4(8689 8706 8961 8944)
4(8705 8960 8961 8706)
4(8690 8707 8962 8945)
4(8706 8961 8962 8707)
4(8691 8708 8963 8946)
4(8707 8962 8963 8708)
4(8692 8709 8964 8947)
4(8708 8963 8964 8709)
4(8693 8710 8965 8948)
4(8709 8964 8965 8710)
4(8694 8711 8966 8949)
4(8710 8965 8966 8711)
4(8695 8712 8967 8950)
4(8711 8966 8967 8712)
4(8712 8967 8968 8713)
4(8698 8715 8970 8953)
4(8714 8969 8970 8715)
4(8697 8952 8969 8714)
4(8699 8716 8971 8954)
4(8715 8970 8971 8716)
4(8700 8717 8972 8955)
4(8716 8971 8972 8717)
4(8701 8718 8973 8956)
4(8717 8972 8973 8718)
4(8702 8719 8974 8957)
4(8718 8973 8974 8719)
4(8703 8720 8975 8958)
4(8719 8974 8975 8720)
4(8704 8721 8976 8959)
4(8720 8975 8976 8721)
4(8705 8722 8977 8960)
4(8721 8976 8977 8722)
4(8706 8723 8978 8961)
4(8722 8977 8978 8723)
4(8707 8724 8979 8962)
4(8723 8978 8979 8724)
4(8708 8725 8980 8963)
4(8724 8979 8980 8725)
4(8709 8726 8981 8964)
4(8725 8980 8981 8726)
4(8710 8727 8982 8965)
4(8726 8981 8982 8727)
4(8711 8728 8983 8966)
4(8727 8982 8983 8728)
4(8712 8729 8984 8967)
4(8728 8983 8984 8729)
4(8729 8984 8985 8730)
4(8715 8732 8987 8970)
4(8731 8986 8987 8732)
4(8714 8969 8986 8731)
4(8716 8733 8988 8971)
4(8732 8987 8988 8733)
4(8717 8734 8989 8972)
4(8733 8988 8989 8734)
4(8718 8735 8990 8973)
4(8734 8989 8990 8735)
4(8719 8736 8991 8974)
4(8735 8990 8991 8736)
4(8720 8737 8992 8975)
4(8736 8991 8992 8737)
4(8721 8738 8993 8976)
4(8737 8992 8993 8738)
4(8722 8739 8994 8977)
4(8738 8993 8994 8739)
4(8723 8740 8995 8978)
4(8739 8994 8995 8740)
4(8724 8741 8996 8979)
4(8740 8995 8996 8741)
4(8725 8742 8997 8980)
4(8741 8996 8997 8742)
4(8726 8743 8998 8981)
4(8742 8997 8998 8743)
4(8727 8744 8999 8982)
4(8743 8998 8999 8744)
4(8728 8745 9000 8983)
4(8744 8999 9000 8745)
4(8729 8746 9001 8984)
4(8745 9000 9001 8746)
4(8746 9001 9002 8747)
4(8732 8749 9004 8987)
4(8748 9003 9004 8749)
4(8731 8986 9003 8748)
4(8733 8750 9005 8988)
4(8749 9004 9005 8750)
4(8734 8751 9006 8989)
4(8750 9005 9006 8751)
4(8735 8752 9007 8990)
4(8751 9006 9007 8752)
4(8736 8753 9008 8991)
4(8752 9007 9008 8753)
4(8737 8754 9009 8992)
4(8753 9008 9009 8754)
4(8738 8755 9010 8993)
4(8754 9009 9010 8755)
4(8739 8756 9011 8994)
4(8755 9010 9011 8756)
4(8740 8757 9012 8995)
4(8756 9011 9012 8757)
4(8741 8758 9013 8996)
4(8757 9012 9013 8758)
4(8742 8759 9014 8997)
4(8758 9013 9014 8759)
4(8743 8760 9015 8998)
4(8759 9014 9015 8760)
4(8744 8761 9016 8999)
4(8760 9015 9016 8761)
4(8745 8762 9017 9000)
4(8761 9016 9017 8762)
4(8746 8763 9018 9001)
4(8762 9017 9018 8763)
4(8763 9018 9019 8764)
4(8749 8766 9021 9004)
4(8765 9020 9021 8766)
4(8748 9003 9020 8765)
4(8750 8767 9022 9005)
4(8766 9021 9022 8767)
4(8751 8768 9023 9006)
4(8767 9022 9023 8768)
4(8752 8769 9024 9007)
4(8768 9023 9024 8769)
4(8753 8770 9025 9008)
4(8769 9024 9025 8770)
4(8754 8771 9026 9009)
4(8770 9025 9026 8771)
4(8755 8772 9027 9010)
4(8771 9026 9027 8772)
4(8756 8773 9028 9011)
4(8772 9027 9028 8773)
4(8757 8774 9029 9012)
4(8773 9028 9029 8774)
4(8758 8775 9030 9013)
4(8774 9029 9030 8775)
4(8759 8776 9031 9014)
4(8775 9030 9031 8776)
4(8760 8777 9032 9015)
4(8776 9031 9032 8777)
4(8761 8778 9033 9016)
4(8777 9032 9033 8778)
4(8762 8779 9034 9017)
4(8778 9033 9034 8779)
4(8763 8780 9035 9018)
4(8779 9034 9035 8780)
4(8780 9035 9036 8781)
4(8766 8783 9038 9021)
4(8782 9037 9038 8783)
4(8765 9020 9037 8782)
4(8767 8784 9039 9022)
4(8783 9038 9039 8784)
4(8768 8785 9040 9023)
4(8784 9039 9040 8785)
4(8769 8786 9041 9024)
4(8785 9040 9041 8786)
4(8770 8787 9042 9025)
4(8786 9041 9042 8787)
4(8771 8788 9043 9026)
4(8787 9042 9043 8788)
4(8772 8789 9044 9027)
4(8788 9043 9044 8789)
4(8773 8790 9045 9028)
4(8789 9044 9045 8790)
4(8774 8791 9046 9029)
4(8790 9045 9046 8791)
4(8775 8792 9047 9030)
4(8791 9046 9047 8792)
4(8776 8793 9048 9031)
4(8792 9047 9048 8793)
4(8777 8794 9049 9032)
4(8793 9048 9049 8794)
4(8778 8795 9050 9033)
4(8794 9049 9050 8795)
4(8779 8796 9051 9034)
4(8795 9050 9051 8796)
4(8780 8797 9052 9035)
4(8796 9051 9052 8797)
4(8797 9052 9053 8798)
4(8783 8800 9055 9038)
4(8799 9054 9055 8800)
4(8782 9037 9054 8799)
4(8784 8801 9056 9039)
4(8800 9055 9056 8801)
4(8785 8802 9057 9040)
4(8801 9056 9057 8802)
4(8786 8803 9058 9041)
4(8802 9057 9058 8803)
4(8787 8804 9059 9042)
4(8803 9058 9059 8804)
4(8788 8805 9060 9043)
4(8804 9059 9060 8805)
4(8789 8806 9061 9044)
4(8805 9060 9061 8806)
4(8790 8807 9062 9045)
4(8806 9061 9062 8807)
4(8791 8808 9063 9046)
4(8807 9062 9063 8808)
4(8792 8809 9064 9047)
4(8808 9063 9064 8809)
4(8793 8810 9065 9048)
4(8809 9064 9065 8810)
4(8794 8811 9066 9049)
4(8810 9065 9066 8811)
4(8795 8812 9067 9050)
4(8811 9066 9067 8812)
4(8796 8813 9068 9051)
4(8812 9067 9068 8813)
4(8797 8814 9069 9052)
4(8813 9068 9069 8814)
4(8814 9069 9070 8815)
4(8800 8817 9072 9055)
4(8816 9071 9072 8817)
4(8799 9054 9071 8816)
4(8801 8818 9073 9056)
4(8817 9072 9073 8818)
4(8802 8819 9074 9057)
4(8818 9073 9074 8819)
4(8803 8820 9075 9058)
4(8819 9074 9075 8820)
4(8804 8821 9076 9059)
4(8820 9075 9076 8821)
4(8805 8822 9077 9060)
4(8821 9076 9077 8822)
4(8806 8823 9078 9061)
4(8822 9077 9078 8823)
4(8807 8824 9079 9062)
4(8823 9078 9079 8824)
4(8808 8825 9080 9063)
4(8824 9079 9080 8825)
4(8809 8826 9081 9064)
4(8825 9080 9081 8826)
4(8810 8827 9082 9065)
4(8826 9081 9082 8827)
4(8811 8828 9083 9066)
4(8827 9082 9083 8828)
4(8812 8829 9084 9067)
4(8828 9083 9084 8829)
4(8813 8830 9085 9068)
4(8829 9084 9085 8830)
4(8814 8831 9086 9069)
4(8830 9085 9086 8831)
4(8831 9086 9087 8832)
4(8817 8035 8307 9072)
4(8816 9071 8306 8034)
4(8818 8036 8308 9073)
4(8819 8037 8309 9074)
4(8820 8038 8310 9075)
4(8821 8039 8311 9076)
4(8822 8040 8312 9077)
4(8823 8041 8313 9078)
4(8824 8042 8314 9079)
4(8825 8043 8315 9080)
4(8826 8044 8316 9081)
4(8827 8045 8317 9082)
4(8828 8046 8318 9083)
4(8829 8047 8319 9084)
4(8830 8048 8320 9085)
4(8831 8049 8321 9086)
4(9089 9105 9361 9345)
4(9104 9360 9361 9105)
4(9088 9089 9345 9344)
4(9090 9106 9362 9346)
4(9105 9361 9362 9106)
4(9089 9090 9346 9345)
4(9091 9107 9363 9347)
4(9106 9362 9363 9107)
4(9090 9091 9347 9346)
4(9092 9108 9364 9348)
4(9107 9363 9364 9108)
4(9091 9092 9348 9347)
4(9093 9109 9365 9349)
4(9108 9364 9365 9109)
4(9092 9093 9349 9348)
4(9094 9110 9366 9350)
4(9109 9365 9366 9110)
4(9093 9094 9350 9349)
4(9095 9111 9367 9351)
4(9110 9366 9367 9111)
4(9094 9095 9351 9350)
4(9096 9112 9368 9352)
4(9111 9367 9368 9112)
4(9095 9096 9352 9351)
4(9097 9113 9369 9353)
4(9112 9368 9369 9113)
4(9096 9097 9353 9352)
4(9098 9114 9370 9354)
4(9113 9369 9370 9114)
4(9097 9098 9354 9353)
4(9099 9115 9371 9355)
4(9114 9370 9371 9115)
4(9098 9099 9355 9354)
4(9100 9116 9372 9356)
4(9115 9371 9372 9116)
4(9099 9100 9356 9355)
4(9101 9117 9373 9357)
4(9116 9372 9373 9117)
4(9100 9101 9357 9356)
4(9102 9118 9374 9358)
4(9117 9373 9374 9118)
4(9101 9102 9358 9357)
4(9103 9119 9375 9359)
4(9118 9374 9375 9119)
4(9102 9103 9359 9358)
4(9119 9375 8323 8051)
4(9103 8034 8306 9359)
4(9105 9121 9377 9361)
4(9120 9376 9377 9121)
4(9106 9122 9378 9362)
4(9121 9377 9378 9122)
4(9107 9123 9379 9363)
4(9122 9378 9379 9123)
4(9108 9124 9380 9364)
4(9123 9379 9380 9124)
4(9109 9125 9381 9365)
4(9124 9380 9381 9125)
4(9110 9126 9382 9366)
4(9125 9381 9382 9126)
4(9111 9127 9383 9367)
4(9126 9382 9383 9127)
4(9112 9128 9384 9368)
4(9127 9383 9384 9128)
4(9113 9129 9385 9369)
4(9128 9384 9385 9129)
4(9114 9130 9386 9370)
4(9129 9385 9386 9130)
4(9115 9131 9387 9371)
4(9130 9386 9387 9131)
4(9116 9132 9388 9372)
4(9131 9387 9388 9132)
4(9117 9133 9389 9373)
4(9132 9388 9389 9133)
4(9118 9134 9390 9374)
4(9133 9389 9390 9134)
4(9119 9135 9391 9375)
4(9134 9390 9391 9135)
4(9135 9391 8340 8068)
4(9121 9137 9393 9377)
4(9136 9392 9393 9137)
4(9122 9138 9394 9378)
4(9137 9393 9394 9138)
4(9123 9139 9395 9379)
4(9138 9394 9395 9139)
4(9124 9140 9396 9380)
4(9139 9395 9396 9140)
4(9125 9141 9397 9381)
4(9140 9396 9397 9141)
4(9126 9142 9398 9382)
4(9141 9397 9398 9142)
4(9127 9143 9399 9383)
4(9142 9398 9399 9143)
4(9128 9144 9400 9384)
4(9143 9399 9400 9144)
4(9129 9145 9401 9385)
4(9144 9400 9401 9145)
4(9130 9146 9402 9386)
4(9145 9401 9402 9146)
4(9131 9147 9403 9387)
4(9146 9402 9403 9147)
4(9132 9148 9404 9388)
4(9147 9403 9404 9148)
4(9133 9149 9405 9389)
4(9148 9404 9405 9149)
4(9134 9150 9406 9390)
4(9149 9405 9406 9150)
4(9135 9151 9407 9391)
4(9150 9406 9407 9151)
4(9151 9407 8357 8085)
4(9137 9153 9409 9393)
4(9152 9408 9409 9153)
4(9138 9154 9410 9394)
4(9153 9409 9410 9154)
4(9139 9155 9411 9395)
4(9154 9410 9411 9155)
4(9140 9156 9412 9396)
4(9155 9411 9412 9156)
4(9141 9157 9413 9397)
4(9156 9412 9413 9157)
4(9142 9158 9414 9398)
4(9157 9413 9414 9158)
4(9143 9159 9415 9399)
4(9158 9414 9415 9159)
4(9144 9160 9416 9400)
4(9159 9415 9416 9160)
4(9145 9161 9417 9401)
4(9160 9416 9417 9161)
4(9146 9162 9418 9402)
4(9161 9417 9418 9162)
4(9147 9163 9419 9403)
4(9162 9418 9419 9163)
4(9148 9164 9420 9404)
4(9163 9419 9420 9164)
4(9149 9165 9421 9405)
4(9164 9420 9421 9165)
4(9150 9166 9422 9406)
4(9165 9421 9422 9166)
4(9151 9167 9423 9407)
4(9166 9422 9423 9167)
4(9167 9423 8374 8102)
4(9153 9169 9425 9409)
4(9168 9424 9425 9169)
4(9154 9170 9426 9410)
4(9169 9425 9426 9170)
4(9155 9171 9427 9411)
4(9170 9426 9427 9171)
4(9156 9172 9428 9412)
4(9171 9427 9428 9172)
4(9157 9173 9429 9413)
4(9172 9428 9429 9173)
4(9158 9174 9430 9414)
4(9173 9429 9430 9174)
4(9159 9175 9431 9415)
4(9174 9430 9431 9175)
4(9160 9176 9432 9416)
4(9175 9431 9432 9176)
4(9161 9177 9433 9417)
4(9176 9432 9433 9177)
4(9162 9178 9434 9418)
4(9177 9433 9434 9178)
4(9163 9179 9435 9419)
4(9178 9434 9435 9179)
4(9164 9180 9436 9420)
4(9179 9435 9436 9180)
4(9165 9181 9437 9421)
4(9180 9436 9437 9181)
4(9166 9182 9438 9422)
4(9181 9437 9438 9182)
4(9167 9183 9439 9423)
4(9182 9438 9439 9183)
4(9183 9439 8391 8119)
4(9169 9185 9441 9425)
4(9184 9440 9441 9185)
4(9170 9186 9442 9426)
4(9185 9441 9442 9186)
4(9171 9187 9443 9427)
4(9186 9442 9443 9187)
4(9172 9188 9444 9428)
4(9187 9443 9444 9188)
4(9173 9189 9445 9429)
4(9188 9444 9445 9189)
4(9174 9190 9446 9430)
4(9189 9445 9446 9190)
4(9175 9191 9447 9431)
4(9190 9446 9447 9191)
4(9176 9192 9448 9432)
4(9191 9447 9448 9192)
4(9177 9193 9449 9433)
4(9192 9448 9449 9193)
4(9178 9194 9450 9434)
4(9193 9449 9450 9194)
4(9179 9195 9451 9435)
4(9194 9450 9451 9195)
4(9180 9196 9452 9436)
4(9195 9451 9452 9196)
4(9181 9197 9453 9437)
4(9196 9452 9453 9197)
4(9182 9198 9454 9438)
4(9197 9453 9454 9198)
4(9183 9199 9455 9439)
4(9198 9454 9455 9199)
4(9199 9455 8408 8136)
4(9185 9201 9457 9441)
4(9200 9456 9457 9201)
4(9186 9202 9458 9442)
4(9201 9457 9458 9202)
4(9187 9203 9459 9443)
4(9202 9458 9459 9203)
4(9188 9204 9460 9444)
4(9203 9459 9460 9204)
4(9189 9205 9461 9445)
4(9204 9460 9461 9205)
4(9190 9206 9462 9446)
4(9205 9461 9462 9206)
4(9191 9207 9463 9447)
4(9206 9462 9463 9207)
4(9192 9208 9464 9448)
4(9207 9463 9464 9208)
4(9193 9209 9465 9449)
4(9208 9464 9465 9209)
4(9194 9210 9466 9450)
4(9209 9465 9466 9210)
4(9195 9211 9467 9451)
4(9210 9466 9467 9211)
4(9196 9212 9468 9452)
4(9211 9467 9468 9212)
4(9197 9213 9469 9453)
4(9212 9468 9469 9213)
4(9198 9214 9470 9454)
4(9213 9469 9470 9214)
4(9199 9215 9471 9455)
4(9214 9470 9471 9215)
4(9215 9471 8425 8153)
4(9201 9217 9473 9457)
4(9216 9472 9473 9217)
4(9202 9218 9474 9458)
4(9217 9473 9474 9218)
4(9203 9219 9475 9459)
4(9218 9474 9475 9219)
4(9204 9220 9476 9460)
4(9219 9475 9476 9220)
4(9205 9221 9477 9461)
4(9220 9476 9477 9221)
4(9206 9222 9478 9462)
4(9221 9477 9478 9222)
4(9207 9223 9479 9463)
4(9222 9478 9479 9223)
4(9208 9224 9480 9464)
4(9223 9479 9480 9224)
4(9209 9225 9481 9465)
4(9224 9480 9481 9225)
4(9210 9226 9482 9466)
4(9225 9481 9482 9226)
4(9211 9227 9483 9467)
4(9226 9482 9483 9227)
4(9212 9228 9484 9468)
4(9227 9483 9484 9228)
4(9213 9229 9485 9469)
4(9228 9484 9485 9229)
4(9214 9230 9486 9470)
4(9229 9485 9486 9230)
4(9215 9231 9487 9471)
4(9230 9486 9487 9231)
4(9231 9487 8442 8170)
4(9217 9233 9489 9473)
4(9232 9488 9489 9233)
4(9218 9234 9490 9474)
4(9233 9489 9490 9234)
4(9219 9235 9491 9475)
4(9234 9490 9491 9235)
4(9220 9236 9492 9476)
4(9235 9491 9492 9236)
4(9221 9237 9493 9477)
4(9236 9492 9493 9237)
4(9222 9238 9494 9478)
4(9237 9493 9494 9238)
4(9223 9239 9495 9479)
4(9238 9494 9495 9239)
4(9224 9240 9496 9480)
4(9239 9495 9496 9240)
4(9225 9241 9497 9481)
4(9240 9496 9497 9241)
4(9226 9242 9498 9482)
4(9241 9497 9498 9242)
4(9227 9243 9499 9483)
4(9242 9498 9499 9243)
4(9228 9244 9500 9484)
4(9243 9499 9500 9244)
4(9229 9245 9501 9485)
4(9244 9500 9501 9245)
4(9230 9246 9502 9486)
4(9245 9501 9502 9246)
4(9231 9247 9503 9487)
4(9246 9502 9503 9247)
4(9247 9503 8459 8187)
4(9233 9249 9505 9489)
4(9248 9504 9505 9249)
4(9234 9250 9506 9490)
4(9249 9505 9506 9250)
4(9235 9251 9507 9491)
4(9250 9506 9507 9251)
4(9236 9252 9508 9492)
4(9251 9507 9508 9252)
4(9237 9253 9509 9493)
4(9252 9508 9509 9253)
4(9238 9254 9510 9494)
4(9253 9509 9510 9254)
4(9239 9255 9511 9495)
4(9254 9510 9511 9255)
4(9240 9256 9512 9496)
4(9255 9511 9512 9256)
4(9241 9257 9513 9497)
4(9256 9512 9513 9257)
4(9242 9258 9514 9498)
4(9257 9513 9514 9258)
4(9243 9259 9515 9499)
4(9258 9514 9515 9259)
4(9244 9260 9516 9500)
4(9259 9515 9516 9260)
4(9245 9261 9517 9501)
4(9260 9516 9517 9261)
4(9246 9262 9518 9502)
4(9261 9517 9518 9262)
4(9247 9263 9519 9503)
4(9262 9518 9519 9263)
4(9263 9519 8476 8204)
4(9249 9265 9521 9505)
4(9264 9520 9521 9265)
4(9250 9266 9522 9506)
4(9265 9521 9522 9266)
4(9251 9267 9523 9507)
4(9266 9522 9523 9267)
4(9252 9268 9524 9508)
4(9267 9523 9524 9268)
4(9253 9269 9525 9509)
4(9268 9524 9525 9269)
4(9254 9270 9526 9510)
4(9269 9525 9526 9270)
4(9255 9271 9527 9511)
4(9270 9526 9527 9271)
4(9256 9272 9528 9512)
4(9271 9527 9528 9272)
4(9257 9273 9529 9513)
4(9272 9528 9529 9273)
4(9258 9274 9530 9514)
4(9273 9529 9530 9274)
4(9259 9275 9531 9515)
4(9274 9530 9531 9275)
4(9260 9276 9532 9516)
4(9275 9531 9532 9276)
4(9261 9277 9533 9517)
4(9276 9532 9533 9277)
4(9262 9278 9534 9518)
4(9277 9533 9534 9278)
4(9263 9279 9535 9519)
4(9278 9534 9535 9279)
4(9279 9535 8493 8221)
4(9265 9281 9537 9521)
4(9280 9536 9537 9281)
4(9266 9282 9538 9522)
4(9281 9537 9538 9282)
4(9267 9283 9539 9523)
4(9282 9538 9539 9283)
4(9268 9284 9540 9524)
4(9283 9539 9540 9284)
4(9269 9285 9541 9525)
4(9284 9540 9541 9285)
4(9270 9286 9542 9526)
4(9285 9541 9542 9286)
4(9271 9287 9543 9527)
4(9286 9542 9543 9287)
4(9272 9288 9544 9528)
4(9287 9543 9544 9288)
4(9273 9289 9545 9529)
4(9288 9544 9545 9289)
4(9274 9290 9546 9530)
4(9289 9545 9546 9290)
4(9275 9291 9547 9531)
4(9290 9546 9547 9291)
4(9276 9292 9548 9532)
4(9291 9547 9548 9292)
4(9277 9293 9549 9533)
4(9292 9548 9549 9293)
4(9278 9294 9550 9534)
4(9293 9549 9550 9294)
4(9279 9295 9551 9535)
4(9294 9550 9551 9295)
4(9295 9551 8510 8238)
4(9281 9297 9553 9537)
4(9296 9552 9553 9297)
4(9282 9298 9554 9538)
4(9297 9553 9554 9298)
4(9283 9299 9555 9539)
4(9298 9554 9555 9299)
4(9284 9300 9556 9540)
4(9299 9555 9556 9300)
4(9285 9301 9557 9541)
4(9300 9556 9557 9301)
4(9286 9302 9558 9542)
4(9301 9557 9558 9302)
4(9287 9303 9559 9543)
4(9302 9558 9559 9303)
4(9288 9304 9560 9544)
4(9303 9559 9560 9304)
4(9289 9305 9561 9545)
4(9304 9560 9561 9305)
4(9290 9306 9562 9546)
4(9305 9561 9562 9306)
4(9291 9307 9563 9547)
4(9306 9562 9563 9307)
4(9292 9308 9564 9548)
4(9307 9563 9564 9308)
4(9293 9309 9565 9549)
4(9308 9564 9565 9309)
4(9294 9310 9566 9550)
4(9309 9565 9566 9310)
4(9295 9311 9567 9551)
4(9310 9566 9567 9311)
4(9311 9567 8527 8255)
4(9297 9313 9569 9553)
4(9312 9568 9569 9313)
4(9298 9314 9570 9554)
4(9313 9569 9570 9314)
4(9299 9315 9571 9555)
4(9314 9570 9571 9315)
4(9300 9316 9572 9556)
4(9315 9571 9572 9316)
4(9301 9317 9573 9557)
4(9316 9572 9573 9317)
4(9302 9318 9574 9558)
4(9317 9573 9574 9318)
4(9303 9319 9575 9559)
4(9318 9574 9575 9319)
4(9304 9320 9576 9560)
4(9319 9575 9576 9320)
4(9305 9321 9577 9561)
4(9320 9576 9577 9321)
4(9306 9322 9578 9562)
4(9321 9577 9578 9322)
4(9307 9323 9579 9563)
4(9322 9578 9579 9323)
4(9308 9324 9580 9564)
4(9323 9579 9580 9324)
4(9309 9325 9581 9565)
4(9324 9580 9581 9325)
4(9310 9326 9582 9566)
4(9325 9581 9582 9326)
4(9311 9327 9583 9567)
4(9326 9582 9583 9327)
4(9327 9583 8544 8272)
4(9313 9329 9585 9569)
4(9328 9584 9585 9329)
4(9314 9330 9586 9570)
4(9329 9585 9586 9330)
4(9315 9331 9587 9571)
4(9330 9586 9587 9331)
4(9316 9332 9588 9572)
4(9331 9587 9588 9332)
4(9317 9333 9589 9573)
4(9332 9588 9589 9333)
4(9318 9334 9590 9574)
4(9333 9589 9590 9334)
4(9319 9335 9591 9575)
4(9334 9590 9591 9335)
4(9320 9336 9592 9576)
4(9335 9591 9592 9336)
4(9321 9337 9593 9577)
4(9336 9592 9593 9337)
4(9322 9338 9594 9578)
4(9337 9593 9594 9338)
4(9323 9339 9595 9579)
4(9338 9594 9595 9339)
4(9324 9340 9596 9580)
4(9339 9595 9596 9340)
4(9325 9341 9597 9581)
4(9340 9596 9597 9341)
4(9326 9342 9598 9582)
4(9341 9597 9598 9342)
4(9327 9343 9599 9583)
4(9342 9598 9599 9343)
4(9343 9599 8561 8289)
4(9329 3811 4083 9585)
4(9330 3812 4084 9586)
4(9331 3813 4085 9587)
4(9332 3814 4086 9588)
4(9333 3815 4087 9589)
4(9334 3816 4088 9590)
4(9335 3817 4089 9591)
4(9336 3818 4090 9592)
4(9337 3819 4091 9593)
4(9338 3820 4092 9594)
4(9339 3821 4093 9595)
4(9340 3822 4094 9596)
4(9341 3823 4095 9597)
4(9342 3824 4096 9598)
4(9343 3825 4097 9599)
4(9601 9618 9890 9873)
4(9617 9889 9890 9618)
4(9602 9619 9891 9874)
4(9618 9890 9891 9619)
4(9603 9620 9892 9875)
4(9619 9891 9892 9620)
4(9604 9621 9893 9876)
4(9620 9892 9893 9621)
4(9605 9622 9894 9877)
4(9621 9893 9894 9622)
4(9606 9623 9895 9878)
4(9622 9894 9895 9623)
4(9607 9624 9896 9879)
4(9623 9895 9896 9624)
4(9608 9625 9897 9880)
4(9624 9896 9897 9625)
4(9609 9626 9898 9881)
4(9625 9897 9898 9626)
4(9610 9627 9899 9882)
4(9626 9898 9899 9627)
4(9611 9628 9900 9883)
4(9627 9899 9900 9628)
4(9612 9629 9901 9884)
4(9628 9900 9901 9629)
4(9613 9630 9902 9885)
4(9629 9901 9902 9630)
4(9614 9631 9903 9886)
4(9630 9902 9903 9631)
4(9615 9632 9904 9887)
4(9631 9903 9904 9632)
4(9632 9904 9905 9633)
4(9616 9633 9905 9888)
4(9618 9635 9907 9890)
4(9634 9906 9907 9635)
4(9619 9636 9908 9891)
4(9635 9907 9908 9636)
4(9620 9637 9909 9892)
4(9636 9908 9909 9637)
4(9621 9638 9910 9893)
4(9637 9909 9910 9638)
4(9622 9639 9911 9894)
4(9638 9910 9911 9639)
4(9623 9640 9912 9895)
4(9639 9911 9912 9640)
4(9624 9641 9913 9896)
4(9640 9912 9913 9641)
4(9625 9642 9914 9897)
4(9641 9913 9914 9642)
4(9626 9643 9915 9898)
4(9642 9914 9915 9643)
4(9627 9644 9916 9899)
4(9643 9915 9916 9644)
4(9628 9645 9917 9900)
4(9644 9916 9917 9645)
4(9629 9646 9918 9901)
4(9645 9917 9918 9646)
4(9630 9647 9919 9902)
4(9646 9918 9919 9647)
4(9631 9648 9920 9903)
4(9647 9919 9920 9648)
4(9632 9649 9921 9904)
4(9648 9920 9921 9649)
4(9649 9921 9922 9650)
4(9633 9650 9922 9905)
4(9635 9652 9924 9907)
4(9651 9923 9924 9652)
4(9636 9653 9925 9908)
4(9652 9924 9925 9653)
4(9637 9654 9926 9909)
4(9653 9925 9926 9654)
4(9638 9655 9927 9910)
4(9654 9926 9927 9655)
4(9639 9656 9928 9911)
4(9655 9927 9928 9656)
4(9640 9657 9929 9912)
4(9656 9928 9929 9657)
4(9641 9658 9930 9913)
4(9657 9929 9930 9658)
4(9642 9659 9931 9914)
4(9658 9930 9931 9659)
4(9643 9660 9932 9915)
4(9659 9931 9932 9660)
4(9644 9661 9933 9916)
4(9660 9932 9933 9661)
4(9645 9662 9934 9917)
4(9661 9933 9934 9662)
4(9646 9663 9935 9918)
4(9662 9934 9935 9663)
4(9647 9664 9936 9919)
4(9663 9935 9936 9664)
4(9648 9665 9937 9920)
4(9664 9936 9937 9665)
4(9649 9666 9938 9921)
4(9665 9937 9938 9666)
4(9666 9938 9939 9667)
4(9650 9667 9939 9922)
4(9652 9669 9941 9924)
4(9668 9940 9941 9669)
4(9653 9670 9942 9925)
4(9669 9941 9942 9670)
4(9654 9671 9943 9926)
4(9670 9942 9943 9671)
4(9655 9672 9944 9927)
4(9671 9943 9944 9672)
4(9656 9673 9945 9928)
4(9672 9944 9945 9673)
4(9657 9674 9946 9929)
4(9673 9945 9946 9674)
4(9658 9675 9947 9930)
4(9674 9946 9947 9675)
4(9659 9676 9948 9931)
4(9675 9947 9948 9676)
4(9660 9677 9949 9932)
4(9676 9948 9949 9677)
4(9661 9678 9950 9933)
4(9677 9949 9950 9678)
4(9662 9679 9951 9934)
4(9678 9950 9951 9679)
4(9663 9680 9952 9935)
4(9679 9951 9952 9680)
4(9664 9681 9953 9936)
4(9680 9952 9953 9681)
4(9665 9682 9954 9937)
4(9681 9953 9954 9682)
4(9666 9683 9955 9938)
4(9682 9954 9955 9683)
4(9683 9955 9956 9684)
4(9667 9684 9956 9939)
4(9669 9686 9958 9941)
4(9685 9957 9958 9686)
4(9670 9687 9959 9942)
4(9686 9958 9959 9687)
4(9671 9688 9960 9943)
4(9687 9959 9960 9688)
4(9672 9689 9961 9944)
4(9688 9960 9961 9689)
4(9673 9690 9962 9945)
4(9689 9961 9962 9690)
4(9674 9691 9963 9946)
4(9690 9962 9963 9691)
4(9675 9692 9964 9947)
4(9691 9963 9964 9692)
4(9676 9693 9965 9948)
4(9692 9964 9965 9693)
4(9677 9694 9966 9949)
4(9693 9965 9966 9694)
4(9678 9695 9967 9950)
4(9694 9966 9967 9695)
4(9679 9696 9968 9951)
4(9695 9967 9968 9696)
4(9680 9697 9969 9952)
4(9696 9968 9969 9697)
4(9681 9698 9970 9953)
4(9697 9969 9970 9698)
4(9682 9699 9971 9954)
4(9698 9970 9971 9699)
4(9683 9700 9972 9955)
4(9699 9971 9972 9700)
4(9700 9972 9973 9701)
4(9684 9701 9973 9956)
4(9686 9703 9975 9958)
4(9702 9974 9975 9703)
4(9687 9704 9976 9959)
4(9703 9975 9976 9704)
4(9688 9705 9977 9960)
4(9704 9976 9977 9705)
4(9689 9706 9978 9961)
4(9705 9977 9978 9706)
4(9690 9707 9979 9962)
4(9706 9978 9979 9707)
4(9691 9708 9980 9963)
4(9707 9979 9980 9708)
4(9692 9709 9981 9964)
4(9708 9980 9981 9709)
4(9693 9710 9982 9965)
4(9709 9981 9982 9710)
4(9694 9711 9983 9966)
4(9710 9982 9983 9711)
4(9695 9712 9984 9967)
4(9711 9983 9984 9712)
4(9696 9713 9985 9968)
4(9712 9984 9985 9713)
4(9697 9714 9986 9969)
4(9713 9985 9986 9714)
4(9698 9715 9987 9970)
4(9714 9986 9987 9715)
4(9699 9716 9988 9971)
4(9715 9987 9988 9716)
4(9700 9717 9989 9972)
4(9716 9988 9989 9717)
4(9717 9989 9990 9718)
4(9701 9718 9990 9973)
4(9703 9720 9992 9975)
4(9719 9991 9992 9720)
4(9704 9721 9993 9976)
4(9720 9992 9993 9721)
4(9705 9722 9994 9977)
4(9721 9993 9994 9722)
4(9706 9723 9995 9978)
4(9722 9994 9995 9723)
4(9707 9724 9996 9979)
4(9723 9995 9996 9724)
4(9708 9725 9997 9980)
4(9724 9996 9997 9725)
4(9709 9726 9998 9981)
4(9725 9997 9998 9726)
4(9710 9727 9999 9982)
4(9726 9998 9999 9727)
4(9711 9728 10000 9983)
4(9727 9999 10000 9728)
4(9712 9729 10001 9984)
4(9728 10000 10001 9729)
4(9713 9730 10002 9985)
4(9729 10001 10002 9730)
4(9714 9731 10003 9986)
4(9730 10002 10003 9731)
4(9715 9732 10004 9987)
4(9731 10003 10004 9732)
4(9716 9733 10005 9988)
4(9732 10004 10005 9733)
4(9717 9734 10006 9989)
4(9733 10005 10006 9734)
4(9734 10006 10007 9735)
4(9718 9735 10007 9990)
4(9720 9737 10009 9992)
4(9736 10008 10009 9737)
4(9721 9738 10010 9993)
4(9737 10009 10010 9738)
4(9722 9739 10011 9994)
4(9738 10010 10011 9739)
4(9723 9740 10012 9995)
4(9739 10011 10012 9740)
4(9724 9741 10013 9996)
4(9740 10012 10013 9741)
4(9725 9742 10014 9997)
4(9741 10013 10014 9742)
4(9726 9743 10015 9998)
4(9742 10014 10015 9743)
4(9727 9744 10016 9999)
4(9743 10015 10016 9744)
4(9728 9745 10017 10000)
4(9744 10016 10017 9745)
4(9729 9746 10018 10001)
4(9745 10017 10018 9746)
4(9730 9747 10019 10002)
4(9746 10018 10019 9747)
4(9731 9748 10020 10003)
4(9747 10019 10020 9748)
4(9732 9749 10021 10004)
4(9748 10020 10021 9749)
4(9733 9750 10022 10005)
4(9749 10021 10022 9750)
4(9734 9751 10023 10006)
4(9750 10022 10023 9751)
4(9751 10023 10024 9752)
4(9735 9752 10024 10007)
4(9737 9754 10026 10009)
4(9753 10025 10026 9754)
4(9738 9755 10027 10010)
4(9754 10026 10027 9755)
4(9739 9756 10028 10011)
4(9755 10027 10028 9756)
4(9740 9757 10029 10012)
4(9756 10028 10029 9757)
4(9741 9758 10030 10013)
4(9757 10029 10030 9758)
4(9742 9759 10031 10014)
4(9758 10030 10031 9759)
4(9743 9760 10032 10015)
4(9759 10031 10032 9760)
4(9744 9761 10033 10016)
4(9760 10032 10033 9761)
4(9745 9762 10034 10017)
4(9761 10033 10034 9762)
4(9746 9763 10035 10018)
4(9762 10034 10035 9763)
4(9747 9764 10036 10019)
4(9763 10035 10036 9764)
4(9748 9765 10037 10020)
4(9764 10036 10037 9765)
4(9749 9766 10038 10021)
4(9765 10037 10038 9766)
4(9750 9767 10039 10022)
4(9766 10038 10039 9767)
4(9751 9768 10040 10023)
4(9767 10039 10040 9768)
4(9768 10040 10041 9769)
4(9752 9769 10041 10024)
4(9754 9771 10043 10026)
4(9770 10042 10043 9771)
4(9755 9772 10044 10027)
4(9771 10043 10044 9772)
4(9756 9773 10045 10028)
4(9772 10044 10045 9773)
4(9757 9774 10046 10029)
4(9773 10045 10046 9774)
4(9758 9775 10047 10030)
4(9774 10046 10047 9775)
4(9759 9776 10048 10031)
4(9775 10047 10048 9776)
4(9760 9777 10049 10032)
4(9776 10048 10049 9777)
4(9761 9778 10050 10033)
4(9777 10049 10050 9778)
4(9762 9779 10051 10034)
4(9778 10050 10051 9779)
4(9763 9780 10052 10035)
4(9779 10051 10052 9780)
4(9764 9781 10053 10036)
4(9780 10052 10053 9781)
4(9765 9782 10054 10037)
4(9781 10053 10054 9782)
4(9766 9783 10055 10038)
4(9782 10054 10055 9783)
4(9767 9784 10056 10039)
4(9783 10055 10056 9784)
4(9768 9785 10057 10040)
4(9784 10056 10057 9785)
4(9785 10057 10058 9786)
4(9769 9786 10058 10041)
4(9771 9788 10060 10043)
4(9787 10059 10060 9788)
4(9772 9789 10061 10044)
4(9788 10060 10061 9789)
4(9773 9790 10062 10045)
4(9789 10061 10062 9790)
4(9774 9791 10063 10046)
4(9790 10062 10063 9791)
4(9775 9792 10064 10047)
4(9791 10063 10064 9792)
4(9776 9793 10065 10048)
4(9792 10064 10065 9793)
4(9777 9794 10066 10049)
4(9793 10065 10066 9794)
4(9778 9795 10067 10050)
4(9794 10066 10067 9795)
4(9779 9796 10068 10051)
4(9795 10067 10068 9796)
4(9780 9797 10069 10052)
4(9796 10068 10069 9797)
4(9781 9798 10070 10053)
4(9797 10069 10070 9798)
4(9782 9799 10071 10054)
4(9798 10070 10071 9799)
4(9783 9800 10072 10055)
4(9799 10071 10072 9800)
4(9784 9801 10073 10056)
4(9800 10072 10073 9801)
4(9785 9802 10074 10057)
4(9801 10073 10074 9802)
4(9802 10074 10075 9803)
4(9786 9803 10075 10058)
4(9788 9805 10077 10060)
4(9804 10076 10077 9805)
4(9789 9806 10078 10061)
4(9805 10077 10078 9806)
4(9790 9807 10079 10062)
4(9806 10078 10079 9807)
4(9791 9808 10080 10063)
4(9807 10079 10080 9808)
4(9792 9809 10081 10064)
4(9808 10080 10081 9809)
4(9793 9810 10082 10065)
4(9809 10081 10082 9810)
4(9794 9811 10083 10066)
4(9810 10082 10083 9811)
4(9795 9812 10084 10067)
4(9811 10083 10084 9812)
4(9796 9813 10085 10068)
4(9812 10084 10085 9813)
4(9797 9814 10086 10069)
4(9813 10085 10086 9814)
4(9798 9815 10087 10070)
4(9814 10086 10087 9815)
4(9799 9816 10088 10071)
4(9815 10087 10088 9816)
4(9800 9817 10089 10072)
4(9816 10088 10089 9817)
4(9801 9818 10090 10073)
4(9817 10089 10090 9818)
4(9802 9819 10091 10074)
4(9818 10090 10091 9819)
4(9819 10091 10092 9820)
4(9803 9820 10092 10075)
4(9805 9822 10094 10077)
4(9821 10093 10094 9822)
4(9806 9823 10095 10078)
4(9822 10094 10095 9823)
4(9807 9824 10096 10079)
4(9823 10095 10096 9824)
4(9808 9825 10097 10080)
4(9824 10096 10097 9825)
4(9809 9826 10098 10081)
4(9825 10097 10098 9826)
4(9810 9827 10099 10082)
4(9826 10098 10099 9827)
4(9811 9828 10100 10083)
4(9827 10099 10100 9828)
4(9812 9829 10101 10084)
4(9828 10100 10101 9829)
4(9813 9830 10102 10085)
4(9829 10101 10102 9830)
4(9814 9831 10103 10086)
4(9830 10102 10103 9831)
4(9815 9832 10104 10087)
4(9831 10103 10104 9832)
4(9816 9833 10105 10088)
4(9832 10104 10105 9833)
4(9817 9834 10106 10089)
4(9833 10105 10106 9834)
4(9818 9835 10107 10090)
4(9834 10106 10107 9835)
4(9819 9836 10108 10091)
4(9835 10107 10108 9836)
4(9836 10108 10109 9837)
4(9820 9837 10109 10092)
4(9822 9839 10111 10094)
4(9838 10110 10111 9839)
4(9823 9840 10112 10095)
4(9839 10111 10112 9840)
4(9824 9841 10113 10096)
4(9840 10112 10113 9841)
4(9825 9842 10114 10097)
4(9841 10113 10114 9842)
4(9826 9843 10115 10098)
4(9842 10114 10115 9843)
4(9827 9844 10116 10099)
4(9843 10115 10116 9844)
4(9828 9845 10117 10100)
4(9844 10116 10117 9845)
4(9829 9846 10118 10101)
4(9845 10117 10118 9846)
4(9830 9847 10119 10102)
4(9846 10118 10119 9847)
4(9831 9848 10120 10103)
4(9847 10119 10120 9848)
4(9832 9849 10121 10104)
4(9848 10120 10121 9849)
4(9833 9850 10122 10105)
4(9849 10121 10122 9850)
4(9834 9851 10123 10106)
4(9850 10122 10123 9851)
4(9835 9852 10124 10107)
4(9851 10123 10124 9852)
4(9836 9853 10125 10108)
4(9852 10124 10125 9853)
4(9853 10125 10126 9854)
4(9837 9854 10126 10109)
4(9839 9856 10128 10111)
4(9855 10127 10128 9856)
4(9840 9857 10129 10112)
4(9856 10128 10129 9857)
4(9841 9858 10130 10113)
4(9857 10129 10130 9858)
4(9842 9859 10131 10114)
4(9858 10130 10131 9859)
4(9843 9860 10132 10115)
4(9859 10131 10132 9860)
4(9844 9861 10133 10116)
4(9860 10132 10133 9861)
4(9845 9862 10134 10117)
4(9861 10133 10134 9862)
4(9846 9863 10135 10118)
4(9862 10134 10135 9863)
4(9847 9864 10136 10119)
4(9863 10135 10136 9864)
4(9848 9865 10137 10120)
4(9864 10136 10137 9865)
4(9849 9866 10138 10121)
4(9865 10137 10138 9866)
4(9850 9867 10139 10122)
4(9866 10138 10139 9867)
4(9851 9868 10140 10123)
4(9867 10139 10140 9868)
4(9852 9869 10141 10124)
4(9868 10140 10141 9869)
4(9853 9870 10142 10125)
4(9869 10141 10142 9870)
4(9870 10142 10143 9871)
4(9854 9871 10143 10126)
4(9856 9089 9345 10128)
4(9857 9090 9346 10129)
4(9858 9091 9347 10130)
4(9859 9092 9348 10131)
4(9860 9093 9349 10132)
4(9861 9094 9350 10133)
4(9862 9095 9351 10134)
4(9863 9096 9352 10135)
4(9864 9097 9353 10136)
4(9865 9098 9354 10137)
4(9866 9099 9355 10138)
4(9867 9100 9356 10139)
4(9868 9101 9357 10140)
4(9869 9102 9358 10141)
4(9870 9103 9359 10142)
4(9871 8034 8306 10143)
4(10144 10159 10399 10384)
4(9633 9905 10399 10159)
4(10145 10160 10400 10385)
4(10159 10399 10400 10160)
4(10146 10161 10401 10386)
4(10160 10400 10401 10161)
4(10147 10162 10402 10387)
4(10161 10401 10402 10162)
4(10148 10163 10403 10388)
4(10162 10402 10403 10163)
4(10149 10164 10404 10389)
4(10163 10403 10404 10164)
4(10150 10165 10405 10390)
4(10164 10404 10405 10165)
4(10151 10166 10406 10391)
4(10165 10405 10406 10166)
4(10152 10167 10407 10392)
4(10166 10406 10407 10167)
4(10153 10168 10408 10393)
4(10167 10407 10408 10168)
4(10154 10169 10409 10394)
4(10168 10408 10409 10169)
4(10155 10170 10410 10395)
4(10169 10409 10410 10170)
4(10156 10171 10411 10396)
4(10170 10410 10411 10171)
4(10157 10172 10412 10397)
4(10171 10411 10412 10172)
4(10158 10173 10413 10398)
4(10172 10412 10413 10173)
4(10173 10413 7794 7538)
4(10159 10174 10414 10399)
4(9650 9922 10414 10174)
4(10160 10175 10415 10400)
4(10174 10414 10415 10175)
4(10161 10176 10416 10401)
4(10175 10415 10416 10176)
4(10162 10177 10417 10402)
4(10176 10416 10417 10177)
4(10163 10178 10418 10403)
4(10177 10417 10418 10178)
4(10164 10179 10419 10404)
4(10178 10418 10419 10179)
4(10165 10180 10420 10405)
4(10179 10419 10420 10180)
4(10166 10181 10421 10406)
4(10180 10420 10421 10181)
4(10167 10182 10422 10407)
4(10181 10421 10422 10182)
4(10168 10183 10423 10408)
4(10182 10422 10423 10183)
4(10169 10184 10424 10409)
4(10183 10423 10424 10184)
4(10170 10185 10425 10410)
4(10184 10424 10425 10185)
4(10171 10186 10426 10411)
4(10185 10425 10426 10186)
4(10172 10187 10427 10412)
4(10186 10426 10427 10187)
4(10173 10188 10428 10413)
4(10187 10427 10428 10188)
4(10188 10428 7810 7554)
4(10174 10189 10429 10414)
4(9667 9939 10429 10189)
4(10175 10190 10430 10415)
4(10189 10429 10430 10190)
4(10176 10191 10431 10416)
4(10190 10430 10431 10191)
4(10177 10192 10432 10417)
4(10191 10431 10432 10192)
4(10178 10193 10433 10418)
4(10192 10432 10433 10193)
4(10179 10194 10434 10419)
4(10193 10433 10434 10194)
4(10180 10195 10435 10420)
4(10194 10434 10435 10195)
4(10181 10196 10436 10421)
4(10195 10435 10436 10196)
4(10182 10197 10437 10422)
4(10196 10436 10437 10197)
4(10183 10198 10438 10423)
4(10197 10437 10438 10198)
4(10184 10199 10439 10424)
4(10198 10438 10439 10199)
4(10185 10200 10440 10425)
4(10199 10439 10440 10200)
4(10186 10201 10441 10426)
4(10200 10440 10441 10201)
4(10187 10202 10442 10427)
4(10201 10441 10442 10202)
4(10188 10203 10443 10428)
4(10202 10442 10443 10203)
4(10203 10443 7826 7570)
4(10189 10204 10444 10429)
4(9684 9956 10444 10204)
4(10190 10205 10445 10430)
4(10204 10444 10445 10205)
4(10191 10206 10446 10431)
4(10205 10445 10446 10206)
4(10192 10207 10447 10432)
4(10206 10446 10447 10207)
4(10193 10208 10448 10433)
4(10207 10447 10448 10208)
4(10194 10209 10449 10434)
4(10208 10448 10449 10209)
4(10195 10210 10450 10435)
4(10209 10449 10450 10210)
4(10196 10211 10451 10436)
4(10210 10450 10451 10211)
4(10197 10212 10452 10437)
4(10211 10451 10452 10212)
4(10198 10213 10453 10438)
4(10212 10452 10453 10213)
4(10199 10214 10454 10439)
4(10213 10453 10454 10214)
4(10200 10215 10455 10440)
4(10214 10454 10455 10215)
4(10201 10216 10456 10441)
4(10215 10455 10456 10216)
4(10202 10217 10457 10442)
4(10216 10456 10457 10217)
4(10203 10218 10458 10443)
4(10217 10457 10458 10218)
4(10218 10458 7842 7586)
4(10204 10219 10459 10444)
4(9701 9973 10459 10219)
4(10205 10220 10460 10445)
4(10219 10459 10460 10220)
4(10206 10221 10461 10446)
4(10220 10460 10461 10221)
4(10207 10222 10462 10447)
4(10221 10461 10462 10222)
4(10208 10223 10463 10448)
4(10222 10462 10463 10223)
4(10209 10224 10464 10449)
4(10223 10463 10464 10224)
4(10210 10225 10465 10450)
4(10224 10464 10465 10225)
4(10211 10226 10466 10451)
4(10225 10465 10466 10226)
4(10212 10227 10467 10452)
4(10226 10466 10467 10227)
4(10213 10228 10468 10453)
4(10227 10467 10468 10228)
4(10214 10229 10469 10454)
4(10228 10468 10469 10229)
4(10215 10230 10470 10455)
4(10229 10469 10470 10230)
4(10216 10231 10471 10456)
4(10230 10470 10471 10231)
4(10217 10232 10472 10457)
4(10231 10471 10472 10232)
4(10218 10233 10473 10458)
4(10232 10472 10473 10233)
4(10233 10473 7858 7602)
4(10219 10234 10474 10459)
4(9718 9990 10474 10234)
4(10220 10235 10475 10460)
4(10234 10474 10475 10235)
4(10221 10236 10476 10461)
4(10235 10475 10476 10236)
4(10222 10237 10477 10462)
4(10236 10476 10477 10237)
4(10223 10238 10478 10463)
4(10237 10477 10478 10238)
4(10224 10239 10479 10464)
4(10238 10478 10479 10239)
4(10225 10240 10480 10465)
4(10239 10479 10480 10240)
4(10226 10241 10481 10466)
4(10240 10480 10481 10241)
4(10227 10242 10482 10467)
4(10241 10481 10482 10242)
4(10228 10243 10483 10468)
4(10242 10482 10483 10243)
4(10229 10244 10484 10469)
4(10243 10483 10484 10244)
4(10230 10245 10485 10470)
4(10244 10484 10485 10245)
4(10231 10246 10486 10471)
4(10245 10485 10486 10246)
4(10232 10247 10487 10472)
4(10246 10486 10487 10247)
4(10233 10248 10488 10473)
4(10247 10487 10488 10248)
4(10248 10488 7874 7618)
4(10234 10249 10489 10474)
4(9735 10007 10489 10249)
4(10235 10250 10490 10475)
4(10249 10489 10490 10250)
4(10236 10251 10491 10476)
4(10250 10490 10491 10251)
4(10237 10252 10492 10477)
4(10251 10491 10492 10252)
4(10238 10253 10493 10478)
4(10252 10492 10493 10253)
4(10239 10254 10494 10479)
4(10253 10493 10494 10254)
4(10240 10255 10495 10480)
4(10254 10494 10495 10255)
4(10241 10256 10496 10481)
4(10255 10495 10496 10256)
4(10242 10257 10497 10482)
4(10256 10496 10497 10257)
4(10243 10258 10498 10483)
4(10257 10497 10498 10258)
4(10244 10259 10499 10484)
4(10258 10498 10499 10259)
4(10245 10260 10500 10485)
4(10259 10499 10500 10260)
4(10246 10261 10501 10486)
4(10260 10500 10501 10261)
4(10247 10262 10502 10487)
4(10261 10501 10502 10262)
4(10248 10263 10503 10488)
4(10262 10502 10503 10263)
4(10263 10503 7890 7634)
4(10249 10264 10504 10489)
4(9752 10024 10504 10264)
4(10250 10265 10505 10490)
4(10264 10504 10505 10265)
4(10251 10266 10506 10491)
4(10265 10505 10506 10266)
4(10252 10267 10507 10492)
4(10266 10506 10507 10267)
4(10253 10268 10508 10493)
4(10267 10507 10508 10268)
4(10254 10269 10509 10494)
4(10268 10508 10509 10269)
4(10255 10270 10510 10495)
4(10269 10509 10510 10270)
4(10256 10271 10511 10496)
4(10270 10510 10511 10271)
4(10257 10272 10512 10497)
4(10271 10511 10512 10272)
4(10258 10273 10513 10498)
4(10272 10512 10513 10273)
4(10259 10274 10514 10499)
4(10273 10513 10514 10274)
4(10260 10275 10515 10500)
4(10274 10514 10515 10275)
4(10261 10276 10516 10501)
4(10275 10515 10516 10276)
4(10262 10277 10517 10502)
4(10276 10516 10517 10277)
4(10263 10278 10518 10503)
4(10277 10517 10518 10278)
4(10278 10518 7906 7650)
4(10264 10279 10519 10504)
4(9769 10041 10519 10279)
4(10265 10280 10520 10505)
4(10279 10519 10520 10280)
4(10266 10281 10521 10506)
4(10280 10520 10521 10281)
4(10267 10282 10522 10507)
4(10281 10521 10522 10282)
4(10268 10283 10523 10508)
4(10282 10522 10523 10283)
4(10269 10284 10524 10509)
4(10283 10523 10524 10284)
4(10270 10285 10525 10510)
4(10284 10524 10525 10285)
4(10271 10286 10526 10511)
4(10285 10525 10526 10286)
4(10272 10287 10527 10512)
4(10286 10526 10527 10287)
4(10273 10288 10528 10513)
4(10287 10527 10528 10288)
4(10274 10289 10529 10514)
4(10288 10528 10529 10289)
4(10275 10290 10530 10515)
4(10289 10529 10530 10290)
4(10276 10291 10531 10516)
4(10290 10530 10531 10291)
4(10277 10292 10532 10517)
4(10291 10531 10532 10292)
4(10278 10293 10533 10518)
4(10292 10532 10533 10293)
4(10293 10533 7922 7666)
4(10279 10294 10534 10519)
4(9786 10058 10534 10294)
4(10280 10295 10535 10520)
4(10294 10534 10535 10295)
4(10281 10296 10536 10521)
4(10295 10535 10536 10296)
4(10282 10297 10537 10522)
4(10296 10536 10537 10297)
4(10283 10298 10538 10523)
4(10297 10537 10538 10298)
4(10284 10299 10539 10524)
4(10298 10538 10539 10299)
4(10285 10300 10540 10525)
4(10299 10539 10540 10300)
4(10286 10301 10541 10526)
4(10300 10540 10541 10301)
4(10287 10302 10542 10527)
4(10301 10541 10542 10302)
4(10288 10303 10543 10528)
4(10302 10542 10543 10303)
4(10289 10304 10544 10529)
4(10303 10543 10544 10304)
4(10290 10305 10545 10530)
4(10304 10544 10545 10305)
4(10291 10306 10546 10531)
4(10305 10545 10546 10306)
4(10292 10307 10547 10532)
4(10306 10546 10547 10307)
4(10293 10308 10548 10533)
4(10307 10547 10548 10308)
4(10308 10548 7938 7682)
4(10294 10309 10549 10534)
4(9803 10075 10549 10309)
4(10295 10310 10550 10535)
4(10309 10549 10550 10310)
4(10296 10311 10551 10536)
4(10310 10550 10551 10311)
4(10297 10312 10552 10537)
4(10311 10551 10552 10312)
4(10298 10313 10553 10538)
4(10312 10552 10553 10313)
4(10299 10314 10554 10539)
4(10313 10553 10554 10314)
4(10300 10315 10555 10540)
4(10314 10554 10555 10315)
4(10301 10316 10556 10541)
4(10315 10555 10556 10316)
4(10302 10317 10557 10542)
4(10316 10556 10557 10317)
4(10303 10318 10558 10543)
4(10317 10557 10558 10318)
4(10304 10319 10559 10544)
4(10318 10558 10559 10319)
4(10305 10320 10560 10545)
4(10319 10559 10560 10320)
4(10306 10321 10561 10546)
4(10320 10560 10561 10321)
4(10307 10322 10562 10547)
4(10321 10561 10562 10322)
4(10308 10323 10563 10548)
4(10322 10562 10563 10323)
4(10323 10563 7954 7698)
4(10309 10324 10564 10549)
4(9820 10092 10564 10324)
4(10310 10325 10565 10550)
4(10324 10564 10565 10325)
4(10311 10326 10566 10551)
4(10325 10565 10566 10326)
4(10312 10327 10567 10552)
4(10326 10566 10567 10327)
4(10313 10328 10568 10553)
4(10327 10567 10568 10328)
4(10314 10329 10569 10554)
4(10328 10568 10569 10329)
4(10315 10330 10570 10555)
4(10329 10569 10570 10330)
4(10316 10331 10571 10556)
4(10330 10570 10571 10331)
4(10317 10332 10572 10557)
4(10331 10571 10572 10332)
4(10318 10333 10573 10558)
4(10332 10572 10573 10333)
4(10319 10334 10574 10559)
4(10333 10573 10574 10334)
4(10320 10335 10575 10560)
4(10334 10574 10575 10335)
4(10321 10336 10576 10561)
4(10335 10575 10576 10336)
4(10322 10337 10577 10562)
4(10336 10576 10577 10337)
4(10323 10338 10578 10563)
4(10337 10577 10578 10338)
4(10338 10578 7970 7714)
4(10324 10339 10579 10564)
4(9837 10109 10579 10339)
4(10325 10340 10580 10565)
4(10339 10579 10580 10340)
4(10326 10341 10581 10566)
4(10340 10580 10581 10341)
4(10327 10342 10582 10567)
4(10341 10581 10582 10342)
4(10328 10343 10583 10568)
4(10342 10582 10583 10343)
4(10329 10344 10584 10569)
4(10343 10583 10584 10344)
4(10330 10345 10585 10570)
4(10344 10584 10585 10345)
4(10331 10346 10586 10571)
4(10345 10585 10586 10346)
4(10332 10347 10587 10572)
4(10346 10586 10587 10347)
4(10333 10348 10588 10573)
4(10347 10587 10588 10348)
4(10334 10349 10589 10574)
4(10348 10588 10589 10349)
4(10335 10350 10590 10575)
4(10349 10589 10590 10350)
4(10336 10351 10591 10576)
4(10350 10590 10591 10351)
4(10337 10352 10592 10577)
4(10351 10591 10592 10352)
4(10338 10353 10593 10578)
4(10352 10592 10593 10353)
4(10353 10593 7986 7730)
4(10339 10354 10594 10579)
4(9854 10126 10594 10354)
4(10340 10355 10595 10580)
4(10354 10594 10595 10355)
4(10341 10356 10596 10581)
4(10355 10595 10596 10356)
4(10342 10357 10597 10582)
4(10356 10596 10597 10357)
4(10343 10358 10598 10583)
4(10357 10597 10598 10358)
4(10344 10359 10599 10584)
4(10358 10598 10599 10359)
4(10345 10360 10600 10585)
4(10359 10599 10600 10360)
4(10346 10361 10601 10586)
4(10360 10600 10601 10361)
4(10347 10362 10602 10587)
4(10361 10601 10602 10362)
4(10348 10363 10603 10588)
4(10362 10602 10603 10363)
4(10349 10364 10604 10589)
4(10363 10603 10604 10364)
4(10350 10365 10605 10590)
4(10364 10604 10605 10365)
4(10351 10366 10606 10591)
4(10365 10605 10606 10366)
4(10352 10367 10607 10592)
4(10366 10606 10607 10367)
4(10353 10368 10608 10593)
4(10367 10607 10608 10368)
4(10368 10608 8002 7746)
4(10354 10369 10609 10594)
4(9871 10143 10609 10369)
4(10355 10370 10610 10595)
4(10369 10609 10610 10370)
4(10356 10371 10611 10596)
4(10370 10610 10611 10371)
4(10357 10372 10612 10597)
4(10371 10611 10612 10372)
4(10358 10373 10613 10598)
4(10372 10612 10613 10373)
4(10359 10374 10614 10599)
4(10373 10613 10614 10374)
4(10360 10375 10615 10600)
4(10374 10614 10615 10375)
4(10361 10376 10616 10601)
4(10375 10615 10616 10376)
4(10362 10377 10617 10602)
4(10376 10616 10617 10377)
4(10363 10378 10618 10603)
4(10377 10617 10618 10378)
4(10364 10379 10619 10604)
4(10378 10618 10619 10379)
4(10365 10380 10620 10605)
4(10379 10619 10620 10380)
4(10366 10381 10621 10606)
4(10380 10620 10621 10381)
4(10367 10382 10622 10607)
4(10381 10621 10622 10382)
4(10368 10383 10623 10608)
4(10382 10622 10623 10383)
4(10383 10623 8018 7762)
4(10369 8816 9071 10609)
4(10370 8799 9054 10610)
4(10371 8782 9037 10611)
4(10372 8765 9020 10612)
4(10373 8748 9003 10613)
4(10374 8731 8986 10614)
4(10375 8714 8969 10615)
4(10376 8697 8952 10616)
4(10377 8680 8935 10617)
4(10378 8663 8918 10618)
4(10379 8646 8901 10619)
4(10380 8629 8884 10620)
4(10381 8612 8867 10621)
4(10382 8595 8850 10622)
4(10383 8578 8833 10623)
4(4066 4338 4626 4354)
4(4354 4626 4643 4371)
4(4371 4643 4660 4388)
4(4388 4660 4677 4405)
4(4405 4677 4694 4422)
4(4422 4694 4711 4439)
4(4439 4711 4728 4456)
4(4456 4728 4745 4473)
4(4473 4745 4762 4490)
4(4490 4762 4779 4507)
4(4507 4779 4796 4524)
4(4524 4796 4813 4541)
4(4541 4813 4830 4558)
4(4558 4830 4847 4575)
4(4575 4847 4864 4592)
4(4592 4864 4881 4609)
4(3810 4082 4098 3826)
4(3826 4098 4114 3842)
4(3842 4114 4130 3858)
4(3858 4130 4146 3874)
4(3874 4146 4162 3890)
4(3890 4162 4178 3906)
4(3906 4178 4194 3922)
4(3922 4194 4210 3938)
4(3938 4210 4226 3954)
4(3954 4226 4242 3970)
4(3970 4242 4258 3986)
4(3986 4258 4274 4002)
4(4002 4274 4290 4018)
4(4018 4290 4306 4034)
4(4034 4306 4322 4050)
4(4050 4322 4338 4066)
4(9088 9344 9360 9104)
4(9104 9360 9376 9120)
4(9120 9376 9392 9136)
4(9136 9392 9408 9152)
4(9152 9408 9424 9168)
4(9168 9424 9440 9184)
4(9184 9440 9456 9200)
4(9200 9456 9472 9216)
4(9216 9472 9488 9232)
4(9232 9488 9504 9248)
4(9248 9504 9520 9264)
4(9264 9520 9536 9280)
4(9280 9536 9552 9296)
4(9296 9552 9568 9312)
4(9312 9568 9584 9328)
4(9328 9584 4082 3810)
4(9600 9872 9889 9617)
4(9617 9889 9906 9634)
4(9634 9906 9923 9651)
4(9651 9923 9940 9668)
4(9668 9940 9957 9685)
4(9685 9957 9974 9702)
4(9702 9974 9991 9719)
4(9719 9991 10008 9736)
4(9736 10008 10025 9753)
4(9753 10025 10042 9770)
4(9770 10042 10059 9787)
4(9787 10059 10076 9804)
4(9804 10076 10093 9821)
4(9821 10093 10110 9838)
4(9838 10110 10127 9855)
4(9855 10127 9344 9088)
4(6994 7011 7283 7266)
4(7011 7028 7300 7283)
4(7028 7045 7317 7300)
4(7045 7062 7334 7317)
4(7062 7079 7351 7334)
4(7079 7096 7368 7351)
4(7096 7113 7385 7368)
4(7113 7130 7402 7385)
4(7130 7147 7419 7402)
4(7147 7164 7436 7419)
4(7164 7181 7453 7436)
4(7181 7198 7470 7453)
4(7198 7215 7487 7470)
4(7215 7232 7504 7487)
4(7232 7249 7521 7504)
4(7249 6481 6737 7521)
4(6481 6497 6753 6737)
4(6497 6513 6769 6753)
4(6513 6529 6785 6769)
4(6529 6545 6801 6785)
4(6545 6561 6817 6801)
4(6561 6577 6833 6817)
4(6577 6593 6849 6833)
4(6593 6609 6865 6849)
4(6609 6625 6881 6865)
4(6625 6641 6897 6881)
4(6641 6657 6913 6897)
4(6657 6673 6929 6913)
4(6673 6689 6945 6929)
4(6689 6705 6961 6945)
4(6705 6721 6977 6961)
4(6721 1137 1409 6977)
4(1137 1153 1425 1409)
4(1153 1169 1441 1425)
4(1169 1185 1457 1441)
4(1185 1201 1473 1457)
4(1201 1217 1489 1473)
4(1217 1233 1505 1489)
4(1233 1249 1521 1505)
4(1249 1265 1537 1521)
4(1265 1281 1553 1537)
4(1281 1297 1569 1553)
4(1297 1313 1585 1569)
4(1313 1329 1601 1585)
4(1329 1345 1617 1601)
4(1345 1361 1633 1617)
4(1361 1377 1649 1633)
4(1377 1393 1665 1649)
4(1393 1682 1954 1665)
4(1682 1699 1971 1954)
4(1699 1716 1988 1971)
4(1716 1733 2005 1988)
4(1733 1750 2022 2005)
4(1750 1767 2039 2022)
4(1767 1784 2056 2039)
4(1784 1801 2073 2056)
4(1801 1818 2090 2073)
4(1818 1835 2107 2090)
4(1835 1852 2124 2107)
4(1852 1869 2141 2124)
4(1869 1886 2158 2141)
4(1886 1903 2175 2158)
4(1903 1920 2192 2175)
4(1920 1937 2209 2192)
4(9600 9601 9873 9872)
4(9601 9602 9874 9873)
4(9602 9603 9875 9874)
4(9603 9604 9876 9875)
4(9604 9605 9877 9876)
4(9605 9606 9878 9877)
4(9606 9607 9879 9878)
4(9607 9608 9880 9879)
4(9608 9609 9881 9880)
4(9609 9610 9882 9881)
4(9610 9611 9883 9882)
4(9611 9612 9884 9883)
4(9612 9613 9885 9884)
4(9613 9614 9886 9885)
4(9614 9615 9887 9886)
4(9615 9616 9888 9887)
4(9616 10144 10384 9888)
4(10144 10145 10385 10384)
4(10145 10146 10386 10385)
4(10146 10147 10387 10386)
4(10147 10148 10388 10387)
4(10148 10149 10389 10388)
4(10149 10150 10390 10389)
4(10150 10151 10391 10390)
4(10151 10152 10392 10391)
4(10152 10153 10393 10392)
4(10153 10154 10394 10393)
4(10154 10155 10395 10394)
4(10155 10156 10396 10395)
4(10156 10157 10397 10396)
4(10157 10158 10398 10397)
4(10158 7522 7778 10398)
4(7522 7523 7779 7778)
4(7523 7524 7780 7779)
4(7524 7525 7781 7780)
4(7525 7526 7782 7781)
4(7526 7527 7783 7782)
4(7527 7528 7784 7783)
4(7528 7529 7785 7784)
4(7529 7530 7786 7785)
4(7530 7531 7787 7786)
4(7531 7532 7788 7787)
4(7532 7533 7789 7788)
4(7533 7534 7790 7789)
4(7534 7535 7791 7790)
4(7535 7536 7792 7791)
4(7536 7537 7793 7792)
4(7537 6978 7250 7793)
4(6978 6979 7251 7250)
4(6979 6980 7252 7251)
4(6980 6981 7253 7252)
4(6981 6982 7254 7253)
4(6982 6983 7255 7254)
4(6983 6984 7256 7255)
4(6984 6985 7257 7256)
4(6985 6986 7258 7257)
4(6986 6987 7259 7258)
4(6987 6988 7260 7259)
4(6988 6989 7261 7260)
4(6989 6990 7262 7261)
4(6990 6991 7263 7262)
4(6991 6992 7264 7263)
4(6992 6993 7265 7264)
4(6993 6994 7266 7265)
4(1921 2193 2194 1922)
4(1922 2194 2195 1923)
4(1923 2195 2196 1924)
4(1924 2196 2197 1925)
4(1925 2197 2198 1926)
4(1926 2198 2199 1927)
4(1927 2199 2200 1928)
4(1928 2200 2201 1929)
4(1929 2201 2202 1930)
4(1930 2202 2203 1931)
4(1931 2203 2204 1932)
4(1932 2204 2205 1933)
4(1933 2205 2206 1934)
4(1934 2206 2207 1935)
4(1935 2207 2208 1936)
4(1936 2208 2209 1937)
4(2450 2706 2707 2451)
4(2451 2707 2708 2452)
4(2452 2708 2709 2453)
4(2453 2709 2710 2454)
4(2454 2710 2711 2455)
4(2455 2711 2712 2456)
4(2456 2712 2713 2457)
4(2457 2713 2714 2458)
4(2458 2714 2715 2459)
4(2459 2715 2716 2460)
4(2460 2716 2717 2461)
4(2461 2717 2718 2462)
4(2462 2718 2719 2463)
4(2463 2719 2720 2464)
4(2464 2720 2721 2465)
4(2465 2721 2193 1921)
4(4625 4897 5363 5123)
4(5123 5363 5364 5124)
4(5124 5364 5365 5125)
4(5125 5365 5366 5126)
4(5126 5366 5367 5127)
4(5127 5367 5368 5128)
4(5128 5368 5369 5129)
4(5129 5369 5370 5130)
4(5130 5370 5371 5131)
4(5131 5371 5372 5132)
4(5132 5372 5373 5133)
4(5133 5373 5374 5134)
4(5134 5374 5375 5135)
4(5135 5375 5376 5136)
4(5136 5376 5377 5137)
4(5137 5377 2706 2450)
4(4609 4881 4882 4610)
4(4610 4882 4883 4611)
4(4611 4883 4884 4612)
4(4612 4884 4885 4613)
4(4613 4885 4886 4614)
4(4614 4886 4887 4615)
4(4615 4887 4888 4616)
4(4616 4888 4889 4617)
4(4617 4889 4890 4618)
4(4618 4890 4891 4619)
4(4619 4891 4892 4620)
4(4620 4892 4893 4621)
4(4621 4893 4894 4622)
4(4622 4894 4895 4623)
4(4623 4895 4896 4624)
4(4624 4896 4897 4625)
4(578 850 867 595)
4(595 867 884 612)
4(612 884 901 629)
4(629 901 918 646)
4(646 918 935 663)
4(663 935 952 680)
4(680 952 969 697)
4(697 969 986 714)
4(714 986 1003 731)
4(731 1003 1020 748)
4(748 1020 1037 765)
4(765 1037 1054 782)
4(782 1054 1071 799)
4(799 1071 1088 816)
4(816 1088 1105 833)
4(833 1105 289 0)
4(0 289 306 17)
4(17 306 323 34)
4(34 323 340 51)
4(51 340 357 68)
4(68 357 374 85)
4(85 374 391 102)
4(102 391 408 119)
4(119 408 425 136)
4(136 425 442 153)
4(153 442 459 170)
4(170 459 476 187)
4(187 476 493 204)
4(204 493 510 221)
4(221 510 527 238)
4(238 527 544 255)
4(255 544 561 272)
4(2738 2755 3027 3010)
4(2755 2772 3044 3027)
4(2772 2789 3061 3044)
4(2789 2806 3078 3061)
4(2806 2823 3095 3078)
4(2823 2840 3112 3095)
4(2840 2857 3129 3112)
4(2857 2874 3146 3129)
4(2874 2891 3163 3146)
4(2891 2908 3180 3163)
4(2908 2925 3197 3180)
4(2925 2942 3214 3197)
4(2942 2959 3231 3214)
4(2959 2976 3248 3231)
4(2976 2993 3265 3248)
4(2993 272 561 3265)
4(3282 3299 3571 3554)
4(3299 3316 3588 3571)
4(3316 3333 3605 3588)
4(3333 3350 3622 3605)
4(3350 3367 3639 3622)
4(3367 3384 3656 3639)
4(3384 3401 3673 3656)
4(3401 3418 3690 3673)
4(3418 3435 3707 3690)
4(3435 3452 3724 3707)
4(3452 3469 3741 3724)
4(3469 3486 3758 3741)
4(3486 3503 3775 3758)
4(3503 3520 3792 3775)
4(3520 3537 3809 3792)
4(3537 2738 3010 3809)
4(8050 8067 8339 8322)
4(8067 8084 8356 8339)
4(8084 8101 8373 8356)
4(8101 8118 8390 8373)
4(8118 8135 8407 8390)
4(8135 8152 8424 8407)
4(8152 8169 8441 8424)
4(8169 8186 8458 8441)
4(8186 8203 8475 8458)
4(8203 8220 8492 8475)
4(8220 8237 8509 8492)
4(8237 8254 8526 8509)
4(8254 8271 8543 8526)
4(8271 8288 8560 8543)
4(8288 8305 8577 8560)
4(8305 3282 3554 8577)
4(5378 8594 8849 5667)
4(8594 8611 8866 8849)
4(8611 8628 8883 8866)
4(8628 8645 8900 8883)
4(8645 8662 8917 8900)
4(8662 8679 8934 8917)
4(8679 8696 8951 8934)
4(8696 8713 8968 8951)
4(8713 8730 8985 8968)
4(8730 8747 9002 8985)
4(8747 8764 9019 9002)
4(8764 8781 9036 9019)
4(8781 8798 9053 9036)
4(8798 8815 9070 9053)
4(8815 8832 9087 9070)
4(8832 8050 8322 9087)
4(5378 5667 5684 5395)
4(5395 5684 5701 5412)
4(5412 5701 5718 5429)
4(5429 5718 5735 5446)
4(5446 5735 5752 5463)
4(5463 5752 5769 5480)
4(5480 5769 5786 5497)
4(5497 5786 5803 5514)
4(5514 5803 5820 5531)
4(5531 5820 5837 5548)
4(5548 5837 5854 5565)
4(5565 5854 5871 5582)
4(5582 5871 5888 5599)
4(5599 5888 5905 5616)
4(5616 5905 5922 5633)
4(5633 5922 5939 5650)
4(5650 5939 6211 5956)
4(5956 6211 6228 5973)
4(5973 6228 6245 5990)
4(5990 6245 6262 6007)
4(6007 6262 6279 6024)
4(6024 6279 6296 6041)
4(6041 6296 6313 6058)
4(6058 6313 6330 6075)
4(6075 6330 6347 6092)
4(6092 6347 6364 6109)
4(6109 6364 6381 6126)
4(6126 6381 6398 6143)
4(6143 6398 6415 6160)
4(6160 6415 6432 6177)
4(6177 6432 6449 6194)
4(6194 6449 850 578)
4(0 17 18 1)
4(17 34 35 18)
4(34 51 52 35)
4(51 68 69 52)
4(68 85 86 69)
4(85 102 103 86)
4(102 119 120 103)
4(119 136 137 120)
4(136 153 154 137)
4(153 170 171 154)
4(170 187 188 171)
4(187 204 205 188)
4(204 221 222 205)
4(221 238 239 222)
4(238 255 256 239)
4(255 272 273 256)
4(1 18 19 2)
4(18 35 36 19)
4(35 52 53 36)
4(52 69 70 53)
4(69 86 87 70)
4(86 103 104 87)
4(103 120 121 104)
4(120 137 138 121)
4(137 154 155 138)
4(154 171 172 155)
4(171 188 189 172)
4(188 205 206 189)
4(205 222 223 206)
4(222 239 240 223)
4(239 256 257 240)
4(256 273 274 257)
4(2 19 20 3)
4(19 36 37 20)
4(36 53 54 37)
4(53 70 71 54)
4(70 87 88 71)
4(87 104 105 88)
4(104 121 122 105)
4(121 138 139 122)
4(138 155 156 139)
4(155 172 173 156)
4(172 189 190 173)
4(189 206 207 190)
4(206 223 224 207)
4(223 240 241 224)
4(240 257 258 241)
4(257 274 275 258)
4(3 20 21 4)
4(20 37 38 21)
4(37 54 55 38)
4(54 71 72 55)
4(71 88 89 72)
4(88 105 106 89)
4(105 122 123 106)
4(122 139 140 123)
4(139 156 157 140)
4(156 173 174 157)
4(173 190 191 174)
4(190 207 208 191)
4(207 224 225 208)
4(224 241 242 225)
4(241 258 259 242)
4(258 275 276 259)
4(4 21 22 5)
4(21 38 39 22)
4(38 55 56 39)
4(55 72 73 56)
4(72 89 90 73)
4(89 106 107 90)
4(106 123 124 107)
4(123 140 141 124)
4(140 157 158 141)
4(157 174 175 158)
4(174 191 192 175)
4(191 208 209 192)
4(208 225 226 209)
4(225 242 243 226)
4(242 259 260 243)
4(259 276 277 260)
4(5 22 23 6)
4(22 39 40 23)
4(39 56 57 40)
4(56 73 74 57)
4(73 90 91 74)
4(90 107 108 91)
4(107 124 125 108)
4(124 141 142 125)
4(141 158 159 142)
4(158 175 176 159)
4(175 192 193 176)
4(192 209 210 193)
4(209 226 227 210)
4(226 243 244 227)
4(243 260 261 244)
4(260 277 278 261)
4(6 23 24 7)
4(23 40 41 24)
4(40 57 58 41)
4(57 74 75 58)
4(74 91 92 75)
4(91 108 109 92)
4(108 125 126 109)
4(125 142 143 126)
4(142 159 160 143)
4(159 176 177 160)
4(176 193 194 177)
4(193 210 211 194)
4(210 227 228 211)
4(227 244 245 228)
4(244 261 262 245)
4(261 278 279 262)
4(7 24 25 8)
4(24 41 42 25)
4(41 58 59 42)
4(58 75 76 59)
4(75 92 93 76)
4(92 109 110 93)
4(109 126 127 110)
4(126 143 144 127)
4(143 160 161 144)
4(160 177 178 161)
4(177 194 195 178)
4(194 211 212 195)
4(211 228 229 212)
4(228 245 246 229)
4(245 262 263 246)
4(262 279 280 263)
4(8 25 26 9)
4(25 42 43 26)
4(42 59 60 43)
4(59 76 77 60)
4(76 93 94 77)
4(93 110 111 94)
4(110 127 128 111)
4(127 144 145 128)
4(144 161 162 145)
4(161 178 179 162)
4(178 195 196 179)
4(195 212 213 196)
4(212 229 230 213)
4(229 246 247 230)
4(246 263 264 247)
4(263 280 281 264)
4(9 26 27 10)
4(26 43 44 27)
4(43 60 61 44)
4(60 77 78 61)
4(77 94 95 78)
4(94 111 112 95)
4(111 128 129 112)
4(128 145 146 129)
4(145 162 163 146)
4(162 179 180 163)
4(179 196 197 180)
4(196 213 214 197)
4(213 230 231 214)
4(230 247 248 231)
4(247 264 265 248)
4(264 281 282 265)
4(10 27 28 11)
4(27 44 45 28)
4(44 61 62 45)
4(61 78 79 62)
4(78 95 96 79)
4(95 112 113 96)
4(112 129 130 113)
4(129 146 147 130)
4(146 163 164 147)
4(163 180 181 164)
4(180 197 198 181)
4(197 214 215 198)
4(214 231 232 215)
4(231 248 249 232)
4(248 265 266 249)
4(265 282 283 266)
4(11 28 29 12)
4(28 45 46 29)
4(45 62 63 46)
4(62 79 80 63)
4(79 96 97 80)
4(96 113 114 97)
4(113 130 131 114)
4(130 147 148 131)
4(147 164 165 148)
4(164 181 182 165)
4(181 198 199 182)
4(198 215 216 199)
4(215 232 233 216)
4(232 249 250 233)
4(249 266 267 250)
4(266 283 284 267)
4(12 29 30 13)
4(29 46 47 30)
4(46 63 64 47)
4(63 80 81 64)
4(80 97 98 81)
4(97 114 115 98)
4(114 131 132 115)
4(131 148 149 132)
4(148 165 166 149)
4(165 182 183 166)
4(182 199 200 183)
4(199 216 217 200)
4(216 233 234 217)
4(233 250 251 234)
4(250 267 268 251)
4(267 284 285 268)
4(13 30 31 14)
4(30 47 48 31)
4(47 64 65 48)
4(64 81 82 65)
4(81 98 99 82)
4(98 115 116 99)
4(115 132 133 116)
4(132 149 150 133)
4(149 166 167 150)
4(166 183 184 167)
4(183 200 201 184)
4(200 217 218 201)
4(217 234 235 218)
4(234 251 252 235)
4(251 268 269 252)
4(268 285 286 269)
4(14 31 32 15)
4(31 48 49 32)
4(48 65 66 49)
4(65 82 83 66)
4(82 99 100 83)
4(99 116 117 100)
4(116 133 134 117)
4(133 150 151 134)
4(150 167 168 151)
4(167 184 185 168)
4(184 201 202 185)
4(201 218 219 202)
4(218 235 236 219)
4(235 252 253 236)
4(252 269 270 253)
4(269 286 287 270)
4(15 32 33 16)
4(32 49 50 33)
4(49 66 67 50)
4(66 83 84 67)
4(83 100 101 84)
4(100 117 118 101)
4(117 134 135 118)
4(134 151 152 135)
4(151 168 169 152)
4(168 185 186 169)
4(185 202 203 186)
4(202 219 220 203)
4(219 236 237 220)
4(236 253 254 237)
4(253 270 271 254)
4(270 287 288 271)
4(289 290 307 306)
4(306 307 324 323)
4(323 324 341 340)
4(340 341 358 357)
4(357 358 375 374)
4(374 375 392 391)
4(391 392 409 408)
4(408 409 426 425)
4(425 426 443 442)
4(442 443 460 459)
4(459 460 477 476)
4(476 477 494 493)
4(493 494 511 510)
4(510 511 528 527)
4(527 528 545 544)
4(544 545 562 561)
4(290 291 308 307)
4(307 308 325 324)
4(324 325 342 341)
4(341 342 359 358)
4(358 359 376 375)
4(375 376 393 392)
4(392 393 410 409)
4(409 410 427 426)
4(426 427 444 443)
4(443 444 461 460)
4(460 461 478 477)
4(477 478 495 494)
4(494 495 512 511)
4(511 512 529 528)
4(528 529 546 545)
4(545 546 563 562)
4(291 292 309 308)
4(308 309 326 325)
4(325 326 343 342)
4(342 343 360 359)
4(359 360 377 376)
4(376 377 394 393)
4(393 394 411 410)
4(410 411 428 427)
4(427 428 445 444)
4(444 445 462 461)
4(461 462 479 478)
4(478 479 496 495)
4(495 496 513 512)
4(512 513 530 529)
4(529 530 547 546)
4(546 547 564 563)
4(292 293 310 309)
4(309 310 327 326)
4(326 327 344 343)
4(343 344 361 360)
4(360 361 378 377)
4(377 378 395 394)
4(394 395 412 411)
4(411 412 429 428)
4(428 429 446 445)
4(445 446 463 462)
4(462 463 480 479)
4(479 480 497 496)
4(496 497 514 513)
4(513 514 531 530)
4(530 531 548 547)
4(547 548 565 564)
4(293 294 311 310)
4(310 311 328 327)
4(327 328 345 344)
4(344 345 362 361)
4(361 362 379 378)
4(378 379 396 395)
4(395 396 413 412)
4(412 413 430 429)
4(429 430 447 446)
4(446 447 464 463)
4(463 464 481 480)
4(480 481 498 497)
4(497 498 515 514)
4(514 515 532 531)
4(531 532 549 548)
4(548 549 566 565)
4(294 295 312 311)
4(311 312 329 328)
4(328 329 346 345)
4(345 346 363 362)
4(362 363 380 379)
4(379 380 397 396)
4(396 397 414 413)
4(413 414 431 430)
4(430 431 448 447)
4(447 448 465 464)
4(464 465 482 481)
4(481 482 499 498)
4(498 499 516 515)
4(515 516 533 532)
4(532 533 550 549)
4(549 550 567 566)
4(295 296 313 312)
4(312 313 330 329)
4(329 330 347 346)
4(346 347 364 363)
4(363 364 381 380)
4(380 381 398 397)
4(397 398 415 414)
4(414 415 432 431)
4(431 432 449 448)
4(448 449 466 465)
4(465 466 483 482)
4(482 483 500 499)
4(499 500 517 516)
4(516 517 534 533)
4(533 534 551 550)
4(550 551 568 567)
4(296 297 314 313)
4(313 314 331 330)
4(330 331 348 347)
4(347 348 365 364)
4(364 365 382 381)
4(381 382 399 398)
4(398 399 416 415)
4(415 416 433 432)
4(432 433 450 449)
4(449 450 467 466)
4(466 467 484 483)
4(483 484 501 500)
4(500 501 518 517)
4(517 518 535 534)
4(534 535 552 551)
4(551 552 569 568)
4(297 298 315 314)
4(314 315 332 331)
4(331 332 349 348)
4(348 349 366 365)
4(365 366 383 382)
4(382 383 400 399)
4(399 400 417 416)
4(416 417 434 433)
4(433 434 451 450)
4(450 451 468 467)
4(467 468 485 484)
4(484 485 502 501)
4(501 502 519 518)
4(518 519 536 535)
4(535 536 553 552)
4(552 553 570 569)
4(298 299 316 315)
4(315 316 333 332)
4(332 333 350 349)
4(349 350 367 366)
4(366 367 384 383)
4(383 384 401 400)
4(400 401 418 417)
4(417 418 435 434)
4(434 435 452 451)
4(451 452 469 468)
4(468 469 486 485)
4(485 486 503 502)
4(502 503 520 519)
4(519 520 537 536)
4(536 537 554 553)
4(553 554 571 570)
4(299 300 317 316)
4(316 317 334 333)
4(333 334 351 350)
4(350 351 368 367)
4(367 368 385 384)
4(384 385 402 401)
4(401 402 419 418)
4(418 419 436 435)
4(435 436 453 452)
4(452 453 470 469)
4(469 470 487 486)
4(486 487 504 503)
4(503 504 521 520)
4(520 521 538 537)
4(537 538 555 554)
4(554 555 572 571)
4(300 301 318 317)
4(317 318 335 334)
4(334 335 352 351)
4(351 352 369 368)
4(368 369 386 385)
4(385 386 403 402)
4(402 403 420 419)
4(419 420 437 436)
4(436 437 454 453)
4(453 454 471 470)
4(470 471 488 487)
4(487 488 505 504)
4(504 505 522 521)
4(521 522 539 538)
4(538 539 556 555)
4(555 556 573 572)
4(301 302 319 318)
4(318 319 336 335)
4(335 336 353 352)
4(352 353 370 369)
4(369 370 387 386)
4(386 387 404 403)
4(403 404 421 420)
4(420 421 438 437)
4(437 438 455 454)
4(454 455 472 471)
4(471 472 489 488)
4(488 489 506 505)
4(505 506 523 522)
4(522 523 540 539)
4(539 540 557 556)
4(556 557 574 573)
4(302 303 320 319)
4(319 320 337 336)
4(336 337 354 353)
4(353 354 371 370)
4(370 371 388 387)
4(387 388 405 404)
4(404 405 422 421)
4(421 422 439 438)
4(438 439 456 455)
4(455 456 473 472)
4(472 473 490 489)
4(489 490 507 506)
4(506 507 524 523)
4(523 524 541 540)
4(540 541 558 557)
4(557 558 575 574)
4(303 304 321 320)
4(320 321 338 337)
4(337 338 355 354)
4(354 355 372 371)
4(371 372 389 388)
4(388 389 406 405)
4(405 406 423 422)
4(422 423 440 439)
4(439 440 457 456)
4(456 457 474 473)
4(473 474 491 490)
4(490 491 508 507)
4(507 508 525 524)
4(524 525 542 541)
4(541 542 559 558)
4(558 559 576 575)
4(304 305 322 321)
4(321 322 339 338)
4(338 339 356 355)
4(355 356 373 372)
4(372 373 390 389)
4(389 390 407 406)
4(406 407 424 423)
4(423 424 441 440)
4(440 441 458 457)
4(457 458 475 474)
4(474 475 492 491)
4(491 492 509 508)
4(508 509 526 525)
4(525 526 543 542)
4(542 543 560 559)
4(559 560 577 576)
4(578 595 596 579)
4(595 612 613 596)
4(612 629 630 613)
4(629 646 647 630)
4(646 663 664 647)
4(663 680 681 664)
4(680 697 698 681)
4(697 714 715 698)
4(714 731 732 715)
4(731 748 749 732)
4(748 765 766 749)
4(765 782 783 766)
4(782 799 800 783)
4(799 816 817 800)
4(816 833 834 817)
4(833 0 1 834)
4(579 596 597 580)
4(596 613 614 597)
4(613 630 631 614)
4(630 647 648 631)
4(647 664 665 648)
4(664 681 682 665)
4(681 698 699 682)
4(698 715 716 699)
4(715 732 733 716)
4(732 749 750 733)
4(749 766 767 750)
4(766 783 784 767)
4(783 800 801 784)
4(800 817 818 801)
4(817 834 835 818)
4(834 1 2 835)
4(580 597 598 581)
4(597 614 615 598)
4(614 631 632 615)
4(631 648 649 632)
4(648 665 666 649)
4(665 682 683 666)
4(682 699 700 683)
4(699 716 717 700)
4(716 733 734 717)
4(733 750 751 734)
4(750 767 768 751)
4(767 784 785 768)
4(784 801 802 785)
4(801 818 819 802)
4(818 835 836 819)
4(835 2 3 836)
4(581 598 599 582)
4(598 615 616 599)
4(615 632 633 616)
4(632 649 650 633)
4(649 666 667 650)
4(666 683 684 667)
4(683 700 701 684)
4(700 717 718 701)
4(717 734 735 718)
4(734 751 752 735)
4(751 768 769 752)
4(768 785 786 769)
4(785 802 803 786)
4(802 819 820 803)
4(819 836 837 820)
4(836 3 4 837)
4(582 599 600 583)
4(599 616 617 600)
4(616 633 634 617)
4(633 650 651 634)
4(650 667 668 651)
4(667 684 685 668)
4(684 701 702 685)
4(701 718 719 702)
4(718 735 736 719)
4(735 752 753 736)
4(752 769 770 753)
4(769 786 787 770)
4(786 803 804 787)
4(803 820 821 804)
4(820 837 838 821)
4(837 4 5 838)
4(583 600 601 584)
4(600 617 618 601)
4(617 634 635 618)
4(634 651 652 635)
4(651 668 669 652)
4(668 685 686 669)
4(685 702 703 686)
4(702 719 720 703)
4(719 736 737 720)
4(736 753 754 737)
4(753 770 771 754)
4(770 787 788 771)
4(787 804 805 788)
4(804 821 822 805)
4(821 838 839 822)
4(838 5 6 839)
4(584 601 602 585)
4(601 618 619 602)
4(618 635 636 619)
4(635 652 653 636)
4(652 669 670 653)
4(669 686 687 670)
4(686 703 704 687)
4(703 720 721 704)
4(720 737 738 721)
4(737 754 755 738)
4(754 771 772 755)
4(771 788 789 772)
4(788 805 806 789)
4(805 822 823 806)
4(822 839 840 823)
4(839 6 7 840)
4(585 602 603 586)
4(602 619 620 603)
4(619 636 637 620)
4(636 653 654 637)
4(653 670 671 654)
4(670 687 688 671)
4(687 704 705 688)
4(704 721 722 705)
4(721 738 739 722)
4(738 755 756 739)
4(755 772 773 756)
4(772 789 790 773)
4(789 806 807 790)
4(806 823 824 807)
4(823 840 841 824)
4(840 7 8 841)
4(586 603 604 587)
4(603 620 621 604)
4(620 637 638 621)
4(637 654 655 638)
4(654 671 672 655)
4(671 688 689 672)
4(688 705 706 689)
4(705 722 723 706)
4(722 739 740 723)
4(739 756 757 740)
4(756 773 774 757)
4(773 790 791 774)
4(790 807 808 791)
4(807 824 825 808)
4(824 841 842 825)
4(841 8 9 842)
4(587 604 605 588)
4(604 621 622 605)
4(621 638 639 622)
4(638 655 656 639)
4(655 672 673 656)
4(672 689 690 673)
4(689 706 707 690)
4(706 723 724 707)
4(723 740 741 724)
4(740 757 758 741)
4(757 774 775 758)
4(774 791 792 775)
4(791 808 809 792)
4(808 825 826 809)
4(825 842 843 826)
4(842 9 10 843)
4(588 605 606 589)
4(605 622 623 606)
4(622 639 640 623)
4(639 656 657 640)
4(656 673 674 657)
4(673 690 691 674)
4(690 707 708 691)
4(707 724 725 708)
4(724 741 742 725)
4(741 758 759 742)
4(758 775 776 759)
4(775 792 793 776)
4(792 809 810 793)
4(809 826 827 810)
4(826 843 844 827)
4(843 10 11 844)
4(589 606 607 590)
4(606 623 624 607)
4(623 640 641 624)
4(640 657 658 641)
4(657 674 675 658)
4(674 691 692 675)
4(691 708 709 692)
4(708 725 726 709)
4(725 742 743 726)
4(742 759 760 743)
4(759 776 777 760)
4(776 793 794 777)
4(793 810 811 794)
4(810 827 828 811)
4(827 844 845 828)
4(844 11 12 845)
4(590 607 608 591)
4(607 624 625 608)
4(624 641 642 625)
4(641 658 659 642)
4(658 675 676 659)
4(675 692 693 676)
4(692 709 710 693)
4(709 726 727 710)
4(726 743 744 727)
4(743 760 761 744)
4(760 777 778 761)
4(777 794 795 778)
4(794 811 812 795)
4(811 828 829 812)
4(828 845 846 829)
4(845 12 13 846)
4(591 608 609 592)
4(608 625 626 609)
4(625 642 643 626)
4(642 659 660 643)
4(659 676 677 660)
4(676 693 694 677)
4(693 710 711 694)
4(710 727 728 711)
4(727 744 745 728)
4(744 761 762 745)
4(761 778 779 762)
4(778 795 796 779)
4(795 812 813 796)
4(812 829 830 813)
4(829 846 847 830)
4(846 13 14 847)
4(592 609 610 593)
4(609 626 627 610)
4(626 643 644 627)
4(643 660 661 644)
4(660 677 678 661)
4(677 694 695 678)
4(694 711 712 695)
4(711 728 729 712)
4(728 745 746 729)
4(745 762 763 746)
4(762 779 780 763)
4(779 796 797 780)
4(796 813 814 797)
4(813 830 831 814)
4(830 847 848 831)
4(847 14 15 848)
4(593 610 611 594)
4(610 627 628 611)
4(627 644 645 628)
4(644 661 662 645)
4(661 678 679 662)
4(678 695 696 679)
4(695 712 713 696)
4(712 729 730 713)
4(729 746 747 730)
4(746 763 764 747)
4(763 780 781 764)
4(780 797 798 781)
4(797 814 815 798)
4(814 831 832 815)
4(831 848 849 832)
4(848 15 16 849)
4(850 851 868 867)
4(867 868 885 884)
4(884 885 902 901)
4(901 902 919 918)
4(918 919 936 935)
4(935 936 953 952)
4(952 953 970 969)
4(969 970 987 986)
4(986 987 1004 1003)
4(1003 1004 1021 1020)
4(1020 1021 1038 1037)
4(1037 1038 1055 1054)
4(1054 1055 1072 1071)
4(1071 1072 1089 1088)
4(1088 1089 1106 1105)
4(1105 1106 290 289)
4(851 852 869 868)
4(868 869 886 885)
4(885 886 903 902)
4(902 903 920 919)
4(919 920 937 936)
4(936 937 954 953)
4(953 954 971 970)
4(970 971 988 987)
4(987 988 1005 1004)
4(1004 1005 1022 1021)
4(1021 1022 1039 1038)
4(1038 1039 1056 1055)
4(1055 1056 1073 1072)
4(1072 1073 1090 1089)
4(1089 1090 1107 1106)
4(1106 1107 291 290)
4(852 853 870 869)
4(869 870 887 886)
4(886 887 904 903)
4(903 904 921 920)
4(920 921 938 937)
4(937 938 955 954)
4(954 955 972 971)
4(971 972 989 988)
4(988 989 1006 1005)
4(1005 1006 1023 1022)
4(1022 1023 1040 1039)
4(1039 1040 1057 1056)
4(1056 1057 1074 1073)
4(1073 1074 1091 1090)
4(1090 1091 1108 1107)
4(1107 1108 292 291)
4(853 854 871 870)
4(870 871 888 887)
4(887 888 905 904)
4(904 905 922 921)
4(921 922 939 938)
4(938 939 956 955)
4(955 956 973 972)
4(972 973 990 989)
4(989 990 1007 1006)
4(1006 1007 1024 1023)
4(1023 1024 1041 1040)
4(1040 1041 1058 1057)
4(1057 1058 1075 1074)
4(1074 1075 1092 1091)
4(1091 1092 1109 1108)
4(1108 1109 293 292)
4(854 855 872 871)
4(871 872 889 888)
4(888 889 906 905)
4(905 906 923 922)
4(922 923 940 939)
4(939 940 957 956)
4(956 957 974 973)
4(973 974 991 990)
4(990 991 1008 1007)
4(1007 1008 1025 1024)
4(1024 1025 1042 1041)
4(1041 1042 1059 1058)
4(1058 1059 1076 1075)
4(1075 1076 1093 1092)
4(1092 1093 1110 1109)
4(1109 1110 294 293)
4(855 856 873 872)
4(872 873 890 889)
4(889 890 907 906)
4(906 907 924 923)
4(923 924 941 940)
4(940 941 958 957)
4(957 958 975 974)
4(974 975 992 991)
4(991 992 1009 1008)
4(1008 1009 1026 1025)
4(1025 1026 1043 1042)
4(1042 1043 1060 1059)
4(1059 1060 1077 1076)
4(1076 1077 1094 1093)
4(1093 1094 1111 1110)
4(1110 1111 295 294)
4(856 857 874 873)
4(873 874 891 890)
4(890 891 908 907)
4(907 908 925 924)
4(924 925 942 941)
4(941 942 959 958)
4(958 959 976 975)
4(975 976 993 992)
4(992 993 1010 1009)
4(1009 1010 1027 1026)
4(1026 1027 1044 1043)
4(1043 1044 1061 1060)
4(1060 1061 1078 1077)
4(1077 1078 1095 1094)
4(1094 1095 1112 1111)
4(1111 1112 296 295)
4(857 858 875 874)
4(874 875 892 891)
4(891 892 909 908)
4(908 909 926 925)
4(925 926 943 942)
4(942 943 960 959)
4(959 960 977 976)
4(976 977 994 993)
4(993 994 1011 1010)
4(1010 1011 1028 1027)
4(1027 1028 1045 1044)
4(1044 1045 1062 1061)
4(1061 1062 1079 1078)
4(1078 1079 1096 1095)
4(1095 1096 1113 1112)
4(1112 1113 297 296)
4(858 859 876 875)
4(875 876 893 892)
4(892 893 910 909)
4(909 910 927 926)
4(926 927 944 943)
4(943 944 961 960)
4(960 961 978 977)
4(977 978 995 994)
4(994 995 1012 1011)
4(1011 1012 1029 1028)
4(1028 1029 1046 1045)
4(1045 1046 1063 1062)
4(1062 1063 1080 1079)
4(1079 1080 1097 1096)
4(1096 1097 1114 1113)
4(1113 1114 298 297)
4(859 860 877 876)
4(876 877 894 893)
4(893 894 911 910)
4(910 911 928 927)
4(927 928 945 944)
4(944 945 962 961)
4(961 962 979 978)
4(978 979 996 995)
4(995 996 1013 1012)
4(1012 1013 1030 1029)
4(1029 1030 1047 1046)
4(1046 1047 1064 1063)
4(1063 1064 1081 1080)
4(1080 1081 1098 1097)
4(1097 1098 1115 1114)
4(1114 1115 299 298)
4(860 861 878 877)
4(877 878 895 894)
4(894 895 912 911)
4(911 912 929 928)
4(928 929 946 945)
4(945 946 963 962)
4(962 963 980 979)
4(979 980 997 996)
4(996 997 1014 1013)
4(1013 1014 1031 1030)
4(1030 1031 1048 1047)
4(1047 1048 1065 1064)
4(1064 1065 1082 1081)
4(1081 1082 1099 1098)
4(1098 1099 1116 1115)
4(1115 1116 300 299)
4(861 862 879 878)
4(878 879 896 895)
4(895 896 913 912)
4(912 913 930 929)
4(929 930 947 946)
4(946 947 964 963)
4(963 964 981 980)
4(980 981 998 997)
4(997 998 1015 1014)
4(1014 1015 1032 1031)
4(1031 1032 1049 1048)
4(1048 1049 1066 1065)
4(1065 1066 1083 1082)
4(1082 1083 1100 1099)
4(1099 1100 1117 1116)
4(1116 1117 301 300)
4(862 863 880 879)
4(879 880 897 896)
4(896 897 914 913)
4(913 914 931 930)
4(930 931 948 947)
4(947 948 965 964)
4(964 965 982 981)
4(981 982 999 998)
4(998 999 1016 1015)
4(1015 1016 1033 1032)
4(1032 1033 1050 1049)
4(1049 1050 1067 1066)
4(1066 1067 1084 1083)
4(1083 1084 1101 1100)
4(1100 1101 1118 1117)
4(1117 1118 302 301)
4(863 864 881 880)
4(880 881 898 897)
4(897 898 915 914)
4(914 915 932 931)
4(931 932 949 948)
4(948 949 966 965)
4(965 966 983 982)
4(982 983 1000 999)
4(999 1000 1017 1016)
4(1016 1017 1034 1033)
4(1033 1034 1051 1050)
4(1050 1051 1068 1067)
4(1067 1068 1085 1084)
4(1084 1085 1102 1101)
4(1101 1102 1119 1118)
4(1118 1119 303 302)
4(864 865 882 881)
4(881 882 899 898)
4(898 899 916 915)
4(915 916 933 932)
4(932 933 950 949)
4(949 950 967 966)
4(966 967 984 983)
4(983 984 1001 1000)
4(1000 1001 1018 1017)
4(1017 1018 1035 1034)
4(1034 1035 1052 1051)
4(1051 1052 1069 1068)
4(1068 1069 1086 1085)
4(1085 1086 1103 1102)
4(1102 1103 1120 1119)
4(1119 1120 304 303)
4(865 866 883 882)
4(882 883 900 899)
4(899 900 917 916)
4(916 917 934 933)
4(933 934 951 950)
4(950 951 968 967)
4(967 968 985 984)
4(984 985 1002 1001)
4(1001 1002 1019 1018)
4(1018 1019 1036 1035)
4(1035 1036 1053 1052)
4(1052 1053 1070 1069)
4(1069 1070 1087 1086)
4(1086 1087 1104 1103)
4(1103 1104 1121 1120)
4(1120 1121 305 304)
4(594 611 1138 1122)
4(611 628 1154 1138)
4(628 645 1170 1154)
4(645 662 1186 1170)
4(662 679 1202 1186)
4(679 696 1218 1202)
4(696 713 1234 1218)
4(713 730 1250 1234)
4(730 747 1266 1250)
4(747 764 1282 1266)
4(764 781 1298 1282)
4(781 798 1314 1298)
4(798 815 1330 1314)
4(815 832 1346 1330)
4(832 849 1362 1346)
4(849 16 1378 1362)
4(1122 1138 1139 1123)
4(1138 1154 1155 1139)
4(1154 1170 1171 1155)
4(1170 1186 1187 1171)
4(1186 1202 1203 1187)
4(1202 1218 1219 1203)
4(1218 1234 1235 1219)
4(1234 1250 1251 1235)
4(1250 1266 1267 1251)
4(1266 1282 1283 1267)
4(1282 1298 1299 1283)
4(1298 1314 1315 1299)
4(1314 1330 1331 1315)
4(1330 1346 1347 1331)
4(1346 1362 1363 1347)
4(1362 1378 1379 1363)
4(1123 1139 1140 1124)
4(1139 1155 1156 1140)
4(1155 1171 1172 1156)
4(1171 1187 1188 1172)
4(1187 1203 1204 1188)
4(1203 1219 1220 1204)
4(1219 1235 1236 1220)
4(1235 1251 1252 1236)
4(1251 1267 1268 1252)
4(1267 1283 1284 1268)
4(1283 1299 1300 1284)
4(1299 1315 1316 1300)
4(1315 1331 1332 1316)
4(1331 1347 1348 1332)
4(1347 1363 1364 1348)
4(1363 1379 1380 1364)
4(1124 1140 1141 1125)
4(1140 1156 1157 1141)
4(1156 1172 1173 1157)
4(1172 1188 1189 1173)
4(1188 1204 1205 1189)
4(1204 1220 1221 1205)
4(1220 1236 1237 1221)
4(1236 1252 1253 1237)
4(1252 1268 1269 1253)
4(1268 1284 1285 1269)
4(1284 1300 1301 1285)
4(1300 1316 1317 1301)
4(1316 1332 1333 1317)
4(1332 1348 1349 1333)
4(1348 1364 1365 1349)
4(1364 1380 1381 1365)
4(1125 1141 1142 1126)
4(1141 1157 1158 1142)
4(1157 1173 1174 1158)
4(1173 1189 1190 1174)
4(1189 1205 1206 1190)
4(1205 1221 1222 1206)
4(1221 1237 1238 1222)
4(1237 1253 1254 1238)
4(1253 1269 1270 1254)
4(1269 1285 1286 1270)
4(1285 1301 1302 1286)
4(1301 1317 1318 1302)
4(1317 1333 1334 1318)
4(1333 1349 1350 1334)
4(1349 1365 1366 1350)
4(1365 1381 1382 1366)
4(1126 1142 1143 1127)
4(1142 1158 1159 1143)
4(1158 1174 1175 1159)
4(1174 1190 1191 1175)
4(1190 1206 1207 1191)
4(1206 1222 1223 1207)
4(1222 1238 1239 1223)
4(1238 1254 1255 1239)
4(1254 1270 1271 1255)
4(1270 1286 1287 1271)
4(1286 1302 1303 1287)
4(1302 1318 1319 1303)
4(1318 1334 1335 1319)
4(1334 1350 1351 1335)
4(1350 1366 1367 1351)
4(1366 1382 1383 1367)
4(1127 1143 1144 1128)
4(1143 1159 1160 1144)
4(1159 1175 1176 1160)
4(1175 1191 1192 1176)
4(1191 1207 1208 1192)
4(1207 1223 1224 1208)
4(1223 1239 1240 1224)
4(1239 1255 1256 1240)
4(1255 1271 1272 1256)
4(1271 1287 1288 1272)
4(1287 1303 1304 1288)
4(1303 1319 1320 1304)
4(1319 1335 1336 1320)
4(1335 1351 1352 1336)
4(1351 1367 1368 1352)
4(1367 1383 1384 1368)
4(1128 1144 1145 1129)
4(1144 1160 1161 1145)
4(1160 1176 1177 1161)
4(1176 1192 1193 1177)
4(1192 1208 1209 1193)
4(1208 1224 1225 1209)
4(1224 1240 1241 1225)
4(1240 1256 1257 1241)
4(1256 1272 1273 1257)
4(1272 1288 1289 1273)
4(1288 1304 1305 1289)
4(1304 1320 1321 1305)
4(1320 1336 1337 1321)
4(1336 1352 1353 1337)
4(1352 1368 1369 1353)
4(1368 1384 1385 1369)
4(1129 1145 1146 1130)
4(1145 1161 1162 1146)
4(1161 1177 1178 1162)
4(1177 1193 1194 1178)
4(1193 1209 1210 1194)
4(1209 1225 1226 1210)
4(1225 1241 1242 1226)
4(1241 1257 1258 1242)
4(1257 1273 1274 1258)
4(1273 1289 1290 1274)
4(1289 1305 1306 1290)
4(1305 1321 1322 1306)
4(1321 1337 1338 1322)
4(1337 1353 1354 1338)
4(1353 1369 1370 1354)
4(1369 1385 1386 1370)
4(1130 1146 1147 1131)
4(1146 1162 1163 1147)
4(1162 1178 1179 1163)
4(1178 1194 1195 1179)
4(1194 1210 1211 1195)
4(1210 1226 1227 1211)
4(1226 1242 1243 1227)
4(1242 1258 1259 1243)
4(1258 1274 1275 1259)
4(1274 1290 1291 1275)
4(1290 1306 1307 1291)
4(1306 1322 1323 1307)
4(1322 1338 1339 1323)
4(1338 1354 1355 1339)
4(1354 1370 1371 1355)
4(1370 1386 1387 1371)
4(1131 1147 1148 1132)
4(1147 1163 1164 1148)
4(1163 1179 1180 1164)
4(1179 1195 1196 1180)
4(1195 1211 1212 1196)
4(1211 1227 1228 1212)
4(1227 1243 1244 1228)
4(1243 1259 1260 1244)
4(1259 1275 1276 1260)
4(1275 1291 1292 1276)
4(1291 1307 1308 1292)
4(1307 1323 1324 1308)
4(1323 1339 1340 1324)
4(1339 1355 1356 1340)
4(1355 1371 1372 1356)
4(1371 1387 1388 1372)
4(1132 1148 1149 1133)
4(1148 1164 1165 1149)
4(1164 1180 1181 1165)
4(1180 1196 1197 1181)
4(1196 1212 1213 1197)
4(1212 1228 1229 1213)
4(1228 1244 1245 1229)
4(1244 1260 1261 1245)
4(1260 1276 1277 1261)
4(1276 1292 1293 1277)
4(1292 1308 1309 1293)
4(1308 1324 1325 1309)
4(1324 1340 1341 1325)
4(1340 1356 1357 1341)
4(1356 1372 1373 1357)
4(1372 1388 1389 1373)
4(1133 1149 1150 1134)
4(1149 1165 1166 1150)
4(1165 1181 1182 1166)
4(1181 1197 1198 1182)
4(1197 1213 1214 1198)
4(1213 1229 1230 1214)
4(1229 1245 1246 1230)
4(1245 1261 1262 1246)
4(1261 1277 1278 1262)
4(1277 1293 1294 1278)
4(1293 1309 1310 1294)
4(1309 1325 1326 1310)
4(1325 1341 1342 1326)
4(1341 1357 1358 1342)
4(1357 1373 1374 1358)
4(1373 1389 1390 1374)
4(1134 1150 1151 1135)
4(1150 1166 1167 1151)
4(1166 1182 1183 1167)
4(1182 1198 1199 1183)
4(1198 1214 1215 1199)
4(1214 1230 1231 1215)
4(1230 1246 1247 1231)
4(1246 1262 1263 1247)
4(1262 1278 1279 1263)
4(1278 1294 1295 1279)
4(1294 1310 1311 1295)
4(1310 1326 1327 1311)
4(1326 1342 1343 1327)
4(1342 1358 1359 1343)
4(1358 1374 1375 1359)
4(1374 1390 1391 1375)
4(1135 1151 1152 1136)
4(1151 1167 1168 1152)
4(1167 1183 1184 1168)
4(1183 1199 1200 1184)
4(1199 1215 1216 1200)
4(1215 1231 1232 1216)
4(1231 1247 1248 1232)
4(1247 1263 1264 1248)
4(1263 1279 1280 1264)
4(1279 1295 1296 1280)
4(1295 1311 1312 1296)
4(1311 1327 1328 1312)
4(1327 1343 1344 1328)
4(1343 1359 1360 1344)
4(1359 1375 1376 1360)
4(1375 1391 1392 1376)
4(1136 1152 1153 1137)
4(1152 1168 1169 1153)
4(1168 1184 1185 1169)
4(1184 1200 1201 1185)
4(1200 1216 1217 1201)
4(1216 1232 1233 1217)
4(1232 1248 1249 1233)
4(1248 1264 1265 1249)
4(1264 1280 1281 1265)
4(1280 1296 1297 1281)
4(1296 1312 1313 1297)
4(1312 1328 1329 1313)
4(1328 1344 1345 1329)
4(1344 1360 1361 1345)
4(1360 1376 1377 1361)
4(1376 1392 1393 1377)
4(866 1394 1410 883)
4(883 1410 1426 900)
4(900 1426 1442 917)
4(917 1442 1458 934)
4(934 1458 1474 951)
4(951 1474 1490 968)
4(968 1490 1506 985)
4(985 1506 1522 1002)
4(1002 1522 1538 1019)
4(1019 1538 1554 1036)
4(1036 1554 1570 1053)
4(1053 1570 1586 1070)
4(1070 1586 1602 1087)
4(1087 1602 1618 1104)
4(1104 1618 1634 1121)
4(1121 1634 1650 305)
4(1394 1395 1411 1410)
4(1410 1411 1427 1426)
4(1426 1427 1443 1442)
4(1442 1443 1459 1458)
4(1458 1459 1475 1474)
4(1474 1475 1491 1490)
4(1490 1491 1507 1506)
4(1506 1507 1523 1522)
4(1522 1523 1539 1538)
4(1538 1539 1555 1554)
4(1554 1555 1571 1570)
4(1570 1571 1587 1586)
4(1586 1587 1603 1602)
4(1602 1603 1619 1618)
4(1618 1619 1635 1634)
4(1634 1635 1651 1650)
4(1395 1396 1412 1411)
4(1411 1412 1428 1427)
4(1427 1428 1444 1443)
4(1443 1444 1460 1459)
4(1459 1460 1476 1475)
4(1475 1476 1492 1491)
4(1491 1492 1508 1507)
4(1507 1508 1524 1523)
4(1523 1524 1540 1539)
4(1539 1540 1556 1555)
4(1555 1556 1572 1571)
4(1571 1572 1588 1587)
4(1587 1588 1604 1603)
4(1603 1604 1620 1619)
4(1619 1620 1636 1635)
4(1635 1636 1652 1651)
4(1396 1397 1413 1412)
4(1412 1413 1429 1428)
4(1428 1429 1445 1444)
4(1444 1445 1461 1460)
4(1460 1461 1477 1476)
4(1476 1477 1493 1492)
4(1492 1493 1509 1508)
4(1508 1509 1525 1524)
4(1524 1525 1541 1540)
4(1540 1541 1557 1556)
4(1556 1557 1573 1572)
4(1572 1573 1589 1588)
4(1588 1589 1605 1604)
4(1604 1605 1621 1620)
4(1620 1621 1637 1636)
4(1636 1637 1653 1652)
4(1397 1398 1414 1413)
4(1413 1414 1430 1429)
4(1429 1430 1446 1445)
4(1445 1446 1462 1461)
4(1461 1462 1478 1477)
4(1477 1478 1494 1493)
4(1493 1494 1510 1509)
4(1509 1510 1526 1525)
4(1525 1526 1542 1541)
4(1541 1542 1558 1557)
4(1557 1558 1574 1573)
4(1573 1574 1590 1589)
4(1589 1590 1606 1605)
4(1605 1606 1622 1621)
4(1621 1622 1638 1637)
4(1637 1638 1654 1653)
4(1398 1399 1415 1414)
4(1414 1415 1431 1430)
4(1430 1431 1447 1446)
4(1446 1447 1463 1462)
4(1462 1463 1479 1478)
4(1478 1479 1495 1494)
4(1494 1495 1511 1510)
4(1510 1511 1527 1526)
4(1526 1527 1543 1542)
4(1542 1543 1559 1558)
4(1558 1559 1575 1574)
4(1574 1575 1591 1590)
4(1590 1591 1607 1606)
4(1606 1607 1623 1622)
4(1622 1623 1639 1638)
4(1638 1639 1655 1654)
4(1399 1400 1416 1415)
4(1415 1416 1432 1431)
4(1431 1432 1448 1447)
4(1447 1448 1464 1463)
4(1463 1464 1480 1479)
4(1479 1480 1496 1495)
4(1495 1496 1512 1511)
4(1511 1512 1528 1527)
4(1527 1528 1544 1543)
4(1543 1544 1560 1559)
4(1559 1560 1576 1575)
4(1575 1576 1592 1591)
4(1591 1592 1608 1607)
4(1607 1608 1624 1623)
4(1623 1624 1640 1639)
4(1639 1640 1656 1655)
4(1400 1401 1417 1416)
4(1416 1417 1433 1432)
4(1432 1433 1449 1448)
4(1448 1449 1465 1464)
4(1464 1465 1481 1480)
4(1480 1481 1497 1496)
4(1496 1497 1513 1512)
4(1512 1513 1529 1528)
4(1528 1529 1545 1544)
4(1544 1545 1561 1560)
4(1560 1561 1577 1576)
4(1576 1577 1593 1592)
4(1592 1593 1609 1608)
4(1608 1609 1625 1624)
4(1624 1625 1641 1640)
4(1640 1641 1657 1656)
4(1401 1402 1418 1417)
4(1417 1418 1434 1433)
4(1433 1434 1450 1449)
4(1449 1450 1466 1465)
4(1465 1466 1482 1481)
4(1481 1482 1498 1497)
4(1497 1498 1514 1513)
4(1513 1514 1530 1529)
4(1529 1530 1546 1545)
4(1545 1546 1562 1561)
4(1561 1562 1578 1577)
4(1577 1578 1594 1593)
4(1593 1594 1610 1609)
4(1609 1610 1626 1625)
4(1625 1626 1642 1641)
4(1641 1642 1658 1657)
4(1402 1403 1419 1418)
4(1418 1419 1435 1434)
4(1434 1435 1451 1450)
4(1450 1451 1467 1466)
4(1466 1467 1483 1482)
4(1482 1483 1499 1498)
4(1498 1499 1515 1514)
4(1514 1515 1531 1530)
4(1530 1531 1547 1546)
4(1546 1547 1563 1562)
4(1562 1563 1579 1578)
4(1578 1579 1595 1594)
4(1594 1595 1611 1610)
4(1610 1611 1627 1626)
4(1626 1627 1643 1642)
4(1642 1643 1659 1658)
4(1403 1404 1420 1419)
4(1419 1420 1436 1435)
4(1435 1436 1452 1451)
4(1451 1452 1468 1467)
4(1467 1468 1484 1483)
4(1483 1484 1500 1499)
4(1499 1500 1516 1515)
4(1515 1516 1532 1531)
4(1531 1532 1548 1547)
4(1547 1548 1564 1563)
4(1563 1564 1580 1579)
4(1579 1580 1596 1595)
4(1595 1596 1612 1611)
4(1611 1612 1628 1627)
4(1627 1628 1644 1643)
4(1643 1644 1660 1659)
4(1404 1405 1421 1420)
4(1420 1421 1437 1436)
4(1436 1437 1453 1452)
4(1452 1453 1469 1468)
4(1468 1469 1485 1484)
4(1484 1485 1501 1500)
4(1500 1501 1517 1516)
4(1516 1517 1533 1532)
4(1532 1533 1549 1548)
4(1548 1549 1565 1564)
4(1564 1565 1581 1580)
4(1580 1581 1597 1596)
4(1596 1597 1613 1612)
4(1612 1613 1629 1628)
4(1628 1629 1645 1644)
4(1644 1645 1661 1660)
4(1405 1406 1422 1421)
4(1421 1422 1438 1437)
4(1437 1438 1454 1453)
4(1453 1454 1470 1469)
4(1469 1470 1486 1485)
4(1485 1486 1502 1501)
4(1501 1502 1518 1517)
4(1517 1518 1534 1533)
4(1533 1534 1550 1549)
4(1549 1550 1566 1565)
4(1565 1566 1582 1581)
4(1581 1582 1598 1597)
4(1597 1598 1614 1613)
4(1613 1614 1630 1629)
4(1629 1630 1646 1645)
4(1645 1646 1662 1661)
4(1406 1407 1423 1422)
4(1422 1423 1439 1438)
4(1438 1439 1455 1454)
4(1454 1455 1471 1470)
4(1470 1471 1487 1486)
4(1486 1487 1503 1502)
4(1502 1503 1519 1518)
4(1518 1519 1535 1534)
4(1534 1535 1551 1550)
4(1550 1551 1567 1566)
4(1566 1567 1583 1582)
4(1582 1583 1599 1598)
4(1598 1599 1615 1614)
4(1614 1615 1631 1630)
4(1630 1631 1647 1646)
4(1646 1647 1663 1662)
4(1407 1408 1424 1423)
4(1423 1424 1440 1439)
4(1439 1440 1456 1455)
4(1455 1456 1472 1471)
4(1471 1472 1488 1487)
4(1487 1488 1504 1503)
4(1503 1504 1520 1519)
4(1519 1520 1536 1535)
4(1535 1536 1552 1551)
4(1551 1552 1568 1567)
4(1567 1568 1584 1583)
4(1583 1584 1600 1599)
4(1599 1600 1616 1615)
4(1615 1616 1632 1631)
4(1631 1632 1648 1647)
4(1647 1648 1664 1663)
4(1408 1409 1425 1424)
4(1424 1425 1441 1440)
4(1440 1441 1457 1456)
4(1456 1457 1473 1472)
4(1472 1473 1489 1488)
4(1488 1489 1505 1504)
4(1504 1505 1521 1520)
4(1520 1521 1537 1536)
4(1536 1537 1553 1552)
4(1552 1553 1569 1568)
4(1568 1569 1585 1584)
4(1584 1585 1601 1600)
4(1600 1601 1617 1616)
4(1616 1617 1633 1632)
4(1632 1633 1649 1648)
4(1648 1649 1665 1664)
4(16 1666 1667 1378)
4(1666 1683 1684 1667)
4(1683 1700 1701 1684)
4(1700 1717 1718 1701)
4(1717 1734 1735 1718)
4(1734 1751 1752 1735)
4(1751 1768 1769 1752)
4(1768 1785 1786 1769)
4(1785 1802 1803 1786)
4(1802 1819 1820 1803)
4(1819 1836 1837 1820)
4(1836 1853 1854 1837)
4(1853 1870 1871 1854)
4(1870 1887 1888 1871)
4(1887 1904 1905 1888)
4(1904 1921 1922 1905)
4(1378 1667 1668 1379)
4(1667 1684 1685 1668)
4(1684 1701 1702 1685)
4(1701 1718 1719 1702)
4(1718 1735 1736 1719)
4(1735 1752 1753 1736)
4(1752 1769 1770 1753)
4(1769 1786 1787 1770)
4(1786 1803 1804 1787)
4(1803 1820 1821 1804)
4(1820 1837 1838 1821)
4(1837 1854 1855 1838)
4(1854 1871 1872 1855)
4(1871 1888 1889 1872)
4(1888 1905 1906 1889)
4(1905 1922 1923 1906)
4(1379 1668 1669 1380)
4(1668 1685 1686 1669)
4(1685 1702 1703 1686)
4(1702 1719 1720 1703)
4(1719 1736 1737 1720)
4(1736 1753 1754 1737)
4(1753 1770 1771 1754)
4(1770 1787 1788 1771)
4(1787 1804 1805 1788)
4(1804 1821 1822 1805)
4(1821 1838 1839 1822)
4(1838 1855 1856 1839)
4(1855 1872 1873 1856)
4(1872 1889 1890 1873)
4(1889 1906 1907 1890)
4(1906 1923 1924 1907)
4(1380 1669 1670 1381)
4(1669 1686 1687 1670)
4(1686 1703 1704 1687)
4(1703 1720 1721 1704)
4(1720 1737 1738 1721)
4(1737 1754 1755 1738)
4(1754 1771 1772 1755)
4(1771 1788 1789 1772)
4(1788 1805 1806 1789)
4(1805 1822 1823 1806)
4(1822 1839 1840 1823)
4(1839 1856 1857 1840)
4(1856 1873 1874 1857)
4(1873 1890 1891 1874)
4(1890 1907 1908 1891)
4(1907 1924 1925 1908)
4(1381 1670 1671 1382)
4(1670 1687 1688 1671)
4(1687 1704 1705 1688)
4(1704 1721 1722 1705)
4(1721 1738 1739 1722)
4(1738 1755 1756 1739)
4(1755 1772 1773 1756)
4(1772 1789 1790 1773)
4(1789 1806 1807 1790)
4(1806 1823 1824 1807)
4(1823 1840 1841 1824)
4(1840 1857 1858 1841)
4(1857 1874 1875 1858)
4(1874 1891 1892 1875)
4(1891 1908 1909 1892)
4(1908 1925 1926 1909)
4(1382 1671 1672 1383)
4(1671 1688 1689 1672)
4(1688 1705 1706 1689)
4(1705 1722 1723 1706)
4(1722 1739 1740 1723)
4(1739 1756 1757 1740)
4(1756 1773 1774 1757)
4(1773 1790 1791 1774)
4(1790 1807 1808 1791)
4(1807 1824 1825 1808)
4(1824 1841 1842 1825)
4(1841 1858 1859 1842)
4(1858 1875 1876 1859)
4(1875 1892 1893 1876)
4(1892 1909 1910 1893)
4(1909 1926 1927 1910)
4(1383 1672 1673 1384)
4(1672 1689 1690 1673)
4(1689 1706 1707 1690)
4(1706 1723 1724 1707)
4(1723 1740 1741 1724)
4(1740 1757 1758 1741)
4(1757 1774 1775 1758)
4(1774 1791 1792 1775)
4(1791 1808 1809 1792)
4(1808 1825 1826 1809)
4(1825 1842 1843 1826)
4(1842 1859 1860 1843)
4(1859 1876 1877 1860)
4(1876 1893 1894 1877)
4(1893 1910 1911 1894)
4(1910 1927 1928 1911)
4(1384 1673 1674 1385)
4(1673 1690 1691 1674)
4(1690 1707 1708 1691)
4(1707 1724 1725 1708)
4(1724 1741 1742 1725)
4(1741 1758 1759 1742)
4(1758 1775 1776 1759)
4(1775 1792 1793 1776)
4(1792 1809 1810 1793)
4(1809 1826 1827 1810)
4(1826 1843 1844 1827)
4(1843 1860 1861 1844)
4(1860 1877 1878 1861)
4(1877 1894 1895 1878)
4(1894 1911 1912 1895)
4(1911 1928 1929 1912)
4(1385 1674 1675 1386)
4(1674 1691 1692 1675)
4(1691 1708 1709 1692)
4(1708 1725 1726 1709)
4(1725 1742 1743 1726)
4(1742 1759 1760 1743)
4(1759 1776 1777 1760)
4(1776 1793 1794 1777)
4(1793 1810 1811 1794)
4(1810 1827 1828 1811)
4(1827 1844 1845 1828)
4(1844 1861 1862 1845)
4(1861 1878 1879 1862)
4(1878 1895 1896 1879)
4(1895 1912 1913 1896)
4(1912 1929 1930 1913)
4(1386 1675 1676 1387)
4(1675 1692 1693 1676)
4(1692 1709 1710 1693)
4(1709 1726 1727 1710)
4(1726 1743 1744 1727)
4(1743 1760 1761 1744)
4(1760 1777 1778 1761)
4(1777 1794 1795 1778)
4(1794 1811 1812 1795)
4(1811 1828 1829 1812)
4(1828 1845 1846 1829)
4(1845 1862 1863 1846)
4(1862 1879 1880 1863)
4(1879 1896 1897 1880)
4(1896 1913 1914 1897)
4(1913 1930 1931 1914)
4(1387 1676 1677 1388)
4(1676 1693 1694 1677)
4(1693 1710 1711 1694)
4(1710 1727 1728 1711)
4(1727 1744 1745 1728)
4(1744 1761 1762 1745)
4(1761 1778 1779 1762)
4(1778 1795 1796 1779)
4(1795 1812 1813 1796)
4(1812 1829 1830 1813)
4(1829 1846 1847 1830)
4(1846 1863 1864 1847)
4(1863 1880 1881 1864)
4(1880 1897 1898 1881)
4(1897 1914 1915 1898)
4(1914 1931 1932 1915)
4(1388 1677 1678 1389)
4(1677 1694 1695 1678)
4(1694 1711 1712 1695)
4(1711 1728 1729 1712)
4(1728 1745 1746 1729)
4(1745 1762 1763 1746)
4(1762 1779 1780 1763)
4(1779 1796 1797 1780)
4(1796 1813 1814 1797)
4(1813 1830 1831 1814)
4(1830 1847 1848 1831)
4(1847 1864 1865 1848)
4(1864 1881 1882 1865)
4(1881 1898 1899 1882)
4(1898 1915 1916 1899)
4(1915 1932 1933 1916)
4(1389 1678 1679 1390)
4(1678 1695 1696 1679)
4(1695 1712 1713 1696)
4(1712 1729 1730 1713)
4(1729 1746 1747 1730)
4(1746 1763 1764 1747)
4(1763 1780 1781 1764)
4(1780 1797 1798 1781)
4(1797 1814 1815 1798)
4(1814 1831 1832 1815)
4(1831 1848 1849 1832)
4(1848 1865 1866 1849)
4(1865 1882 1883 1866)
4(1882 1899 1900 1883)
4(1899 1916 1917 1900)
4(1916 1933 1934 1917)
4(1390 1679 1680 1391)
4(1679 1696 1697 1680)
4(1696 1713 1714 1697)
4(1713 1730 1731 1714)
4(1730 1747 1748 1731)
4(1747 1764 1765 1748)
4(1764 1781 1782 1765)
4(1781 1798 1799 1782)
4(1798 1815 1816 1799)
4(1815 1832 1833 1816)
4(1832 1849 1850 1833)
4(1849 1866 1867 1850)
4(1866 1883 1884 1867)
4(1883 1900 1901 1884)
4(1900 1917 1918 1901)
4(1917 1934 1935 1918)
4(1391 1680 1681 1392)
4(1680 1697 1698 1681)
4(1697 1714 1715 1698)
4(1714 1731 1732 1715)
4(1731 1748 1749 1732)
4(1748 1765 1766 1749)
4(1765 1782 1783 1766)
4(1782 1799 1800 1783)
4(1799 1816 1817 1800)
4(1816 1833 1834 1817)
4(1833 1850 1851 1834)
4(1850 1867 1868 1851)
4(1867 1884 1885 1868)
4(1884 1901 1902 1885)
4(1901 1918 1919 1902)
4(1918 1935 1936 1919)
4(1392 1681 1682 1393)
4(1681 1698 1699 1682)
4(1698 1715 1716 1699)
4(1715 1732 1733 1716)
4(1732 1749 1750 1733)
4(1749 1766 1767 1750)
4(1766 1783 1784 1767)
4(1783 1800 1801 1784)
4(1800 1817 1818 1801)
4(1817 1834 1835 1818)
4(1834 1851 1852 1835)
4(1851 1868 1869 1852)
4(1868 1885 1886 1869)
4(1885 1902 1903 1886)
4(1902 1919 1920 1903)
4(1919 1936 1937 1920)
4(305 1650 1939 1938)
4(1938 1939 1956 1955)
4(1955 1956 1973 1972)
4(1972 1973 1990 1989)
4(1989 1990 2007 2006)
4(2006 2007 2024 2023)
4(2023 2024 2041 2040)
4(2040 2041 2058 2057)
4(2057 2058 2075 2074)
4(2074 2075 2092 2091)
4(2091 2092 2109 2108)
4(2108 2109 2126 2125)
4(2125 2126 2143 2142)
4(2142 2143 2160 2159)
4(2159 2160 2177 2176)
4(2176 2177 2194 2193)
4(1650 1651 1940 1939)
4(1939 1940 1957 1956)
4(1956 1957 1974 1973)
4(1973 1974 1991 1990)
4(1990 1991 2008 2007)
4(2007 2008 2025 2024)
4(2024 2025 2042 2041)
4(2041 2042 2059 2058)
4(2058 2059 2076 2075)
4(2075 2076 2093 2092)
4(2092 2093 2110 2109)
4(2109 2110 2127 2126)
4(2126 2127 2144 2143)
4(2143 2144 2161 2160)
4(2160 2161 2178 2177)
4(2177 2178 2195 2194)
4(1651 1652 1941 1940)
4(1940 1941 1958 1957)
4(1957 1958 1975 1974)
4(1974 1975 1992 1991)
4(1991 1992 2009 2008)
4(2008 2009 2026 2025)
4(2025 2026 2043 2042)
4(2042 2043 2060 2059)
4(2059 2060 2077 2076)
4(2076 2077 2094 2093)
4(2093 2094 2111 2110)
4(2110 2111 2128 2127)
4(2127 2128 2145 2144)
4(2144 2145 2162 2161)
4(2161 2162 2179 2178)
4(2178 2179 2196 2195)
4(1652 1653 1942 1941)
4(1941 1942 1959 1958)
4(1958 1959 1976 1975)
4(1975 1976 1993 1992)
4(1992 1993 2010 2009)
4(2009 2010 2027 2026)
4(2026 2027 2044 2043)
4(2043 2044 2061 2060)
4(2060 2061 2078 2077)
4(2077 2078 2095 2094)
4(2094 2095 2112 2111)
4(2111 2112 2129 2128)
4(2128 2129 2146 2145)
4(2145 2146 2163 2162)
4(2162 2163 2180 2179)
4(2179 2180 2197 2196)
4(1653 1654 1943 1942)
4(1942 1943 1960 1959)
4(1959 1960 1977 1976)
4(1976 1977 1994 1993)
4(1993 1994 2011 2010)
4(2010 2011 2028 2027)
4(2027 2028 2045 2044)
4(2044 2045 2062 2061)
4(2061 2062 2079 2078)
4(2078 2079 2096 2095)
4(2095 2096 2113 2112)
4(2112 2113 2130 2129)
4(2129 2130 2147 2146)
4(2146 2147 2164 2163)
4(2163 2164 2181 2180)
4(2180 2181 2198 2197)
4(1654 1655 1944 1943)
4(1943 1944 1961 1960)
4(1960 1961 1978 1977)
4(1977 1978 1995 1994)
4(1994 1995 2012 2011)
4(2011 2012 2029 2028)
4(2028 2029 2046 2045)
4(2045 2046 2063 2062)
4(2062 2063 2080 2079)
4(2079 2080 2097 2096)
4(2096 2097 2114 2113)
4(2113 2114 2131 2130)
4(2130 2131 2148 2147)
4(2147 2148 2165 2164)
4(2164 2165 2182 2181)
4(2181 2182 2199 2198)
4(1655 1656 1945 1944)
4(1944 1945 1962 1961)
4(1961 1962 1979 1978)
4(1978 1979 1996 1995)
4(1995 1996 2013 2012)
4(2012 2013 2030 2029)
4(2029 2030 2047 2046)
4(2046 2047 2064 2063)
4(2063 2064 2081 2080)
4(2080 2081 2098 2097)
4(2097 2098 2115 2114)
4(2114 2115 2132 2131)
4(2131 2132 2149 2148)
4(2148 2149 2166 2165)
4(2165 2166 2183 2182)
4(2182 2183 2200 2199)
4(1656 1657 1946 1945)
4(1945 1946 1963 1962)
4(1962 1963 1980 1979)
4(1979 1980 1997 1996)
4(1996 1997 2014 2013)
4(2013 2014 2031 2030)
4(2030 2031 2048 2047)
4(2047 2048 2065 2064)
4(2064 2065 2082 2081)
4(2081 2082 2099 2098)
4(2098 2099 2116 2115)
4(2115 2116 2133 2132)
4(2132 2133 2150 2149)
4(2149 2150 2167 2166)
4(2166 2167 2184 2183)
4(2183 2184 2201 2200)
4(1657 1658 1947 1946)
4(1946 1947 1964 1963)
4(1963 1964 1981 1980)
4(1980 1981 1998 1997)
4(1997 1998 2015 2014)
4(2014 2015 2032 2031)
4(2031 2032 2049 2048)
4(2048 2049 2066 2065)
4(2065 2066 2083 2082)
4(2082 2083 2100 2099)
4(2099 2100 2117 2116)
4(2116 2117 2134 2133)
4(2133 2134 2151 2150)
4(2150 2151 2168 2167)
4(2167 2168 2185 2184)
4(2184 2185 2202 2201)
4(1658 1659 1948 1947)
4(1947 1948 1965 1964)
4(1964 1965 1982 1981)
4(1981 1982 1999 1998)
4(1998 1999 2016 2015)
4(2015 2016 2033 2032)
4(2032 2033 2050 2049)
4(2049 2050 2067 2066)
4(2066 2067 2084 2083)
4(2083 2084 2101 2100)
4(2100 2101 2118 2117)
4(2117 2118 2135 2134)
4(2134 2135 2152 2151)
4(2151 2152 2169 2168)
4(2168 2169 2186 2185)
4(2185 2186 2203 2202)
4(1659 1660 1949 1948)
4(1948 1949 1966 1965)
4(1965 1966 1983 1982)
4(1982 1983 2000 1999)
4(1999 2000 2017 2016)
4(2016 2017 2034 2033)
4(2033 2034 2051 2050)
4(2050 2051 2068 2067)
4(2067 2068 2085 2084)
4(2084 2085 2102 2101)
4(2101 2102 2119 2118)
4(2118 2119 2136 2135)
4(2135 2136 2153 2152)
4(2152 2153 2170 2169)
4(2169 2170 2187 2186)
4(2186 2187 2204 2203)
4(1660 1661 1950 1949)
4(1949 1950 1967 1966)
4(1966 1967 1984 1983)
4(1983 1984 2001 2000)
4(2000 2001 2018 2017)
4(2017 2018 2035 2034)
4(2034 2035 2052 2051)
4(2051 2052 2069 2068)
4(2068 2069 2086 2085)
4(2085 2086 2103 2102)
4(2102 2103 2120 2119)
4(2119 2120 2137 2136)
4(2136 2137 2154 2153)
4(2153 2154 2171 2170)
4(2170 2171 2188 2187)
4(2187 2188 2205 2204)
4(1661 1662 1951 1950)
4(1950 1951 1968 1967)
4(1967 1968 1985 1984)
4(1984 1985 2002 2001)
4(2001 2002 2019 2018)
4(2018 2019 2036 2035)
4(2035 2036 2053 2052)
4(2052 2053 2070 2069)
4(2069 2070 2087 2086)
4(2086 2087 2104 2103)
4(2103 2104 2121 2120)
4(2120 2121 2138 2137)
4(2137 2138 2155 2154)
4(2154 2155 2172 2171)
4(2171 2172 2189 2188)
4(2188 2189 2206 2205)
4(1662 1663 1952 1951)
4(1951 1952 1969 1968)
4(1968 1969 1986 1985)
4(1985 1986 2003 2002)
4(2002 2003 2020 2019)
4(2019 2020 2037 2036)
4(2036 2037 2054 2053)
4(2053 2054 2071 2070)
4(2070 2071 2088 2087)
4(2087 2088 2105 2104)
4(2104 2105 2122 2121)
4(2121 2122 2139 2138)
4(2138 2139 2156 2155)
4(2155 2156 2173 2172)
4(2172 2173 2190 2189)
4(2189 2190 2207 2206)
4(1663 1664 1953 1952)
4(1952 1953 1970 1969)
4(1969 1970 1987 1986)
4(1986 1987 2004 2003)
4(2003 2004 2021 2020)
4(2020 2021 2038 2037)
4(2037 2038 2055 2054)
4(2054 2055 2072 2071)
4(2071 2072 2089 2088)
4(2088 2089 2106 2105)
4(2105 2106 2123 2122)
4(2122 2123 2140 2139)
4(2139 2140 2157 2156)
4(2156 2157 2174 2173)
4(2173 2174 2191 2190)
4(2190 2191 2208 2207)
4(1664 1665 1954 1953)
4(1953 1954 1971 1970)
4(1970 1971 1988 1987)
4(1987 1988 2005 2004)
4(2004 2005 2022 2021)
4(2021 2022 2039 2038)
4(2038 2039 2056 2055)
4(2055 2056 2073 2072)
4(2072 2073 2090 2089)
4(2089 2090 2107 2106)
4(2106 2107 2124 2123)
4(2123 2124 2141 2140)
4(2140 2141 2158 2157)
4(2157 2158 2175 2174)
4(2174 2175 2192 2191)
4(2191 2192 2209 2208)
4(288 2210 2211 271)
4(2210 2226 2227 2211)
4(2226 2242 2243 2227)
4(2242 2258 2259 2243)
4(2258 2274 2275 2259)
4(2274 2290 2291 2275)
4(2290 2306 2307 2291)
4(2306 2322 2323 2307)
4(2322 2338 2339 2323)
4(2338 2354 2355 2339)
4(2354 2370 2371 2355)
4(2370 2386 2387 2371)
4(2386 2402 2403 2387)
4(2402 2418 2419 2403)
4(2418 2434 2435 2419)
4(2434 2450 2451 2435)
4(271 2211 2212 254)
4(2211 2227 2228 2212)
4(2227 2243 2244 2228)
4(2243 2259 2260 2244)
4(2259 2275 2276 2260)
4(2275 2291 2292 2276)
4(2291 2307 2308 2292)
4(2307 2323 2324 2308)
4(2323 2339 2340 2324)
4(2339 2355 2356 2340)
4(2355 2371 2372 2356)
4(2371 2387 2388 2372)
4(2387 2403 2404 2388)
4(2403 2419 2420 2404)
4(2419 2435 2436 2420)
4(2435 2451 2452 2436)
4(254 2212 2213 237)
4(2212 2228 2229 2213)
4(2228 2244 2245 2229)
4(2244 2260 2261 2245)
4(2260 2276 2277 2261)
4(2276 2292 2293 2277)
4(2292 2308 2309 2293)
4(2308 2324 2325 2309)
4(2324 2340 2341 2325)
4(2340 2356 2357 2341)
4(2356 2372 2373 2357)
4(2372 2388 2389 2373)
4(2388 2404 2405 2389)
4(2404 2420 2421 2405)
4(2420 2436 2437 2421)
4(2436 2452 2453 2437)
4(237 2213 2214 220)
4(2213 2229 2230 2214)
4(2229 2245 2246 2230)
4(2245 2261 2262 2246)
4(2261 2277 2278 2262)
4(2277 2293 2294 2278)
4(2293 2309 2310 2294)
4(2309 2325 2326 2310)
4(2325 2341 2342 2326)
4(2341 2357 2358 2342)
4(2357 2373 2374 2358)
4(2373 2389 2390 2374)
4(2389 2405 2406 2390)
4(2405 2421 2422 2406)
4(2421 2437 2438 2422)
4(2437 2453 2454 2438)
4(220 2214 2215 203)
4(2214 2230 2231 2215)
4(2230 2246 2247 2231)
4(2246 2262 2263 2247)
4(2262 2278 2279 2263)
4(2278 2294 2295 2279)
4(2294 2310 2311 2295)
4(2310 2326 2327 2311)
4(2326 2342 2343 2327)
4(2342 2358 2359 2343)
4(2358 2374 2375 2359)
4(2374 2390 2391 2375)
4(2390 2406 2407 2391)
4(2406 2422 2423 2407)
4(2422 2438 2439 2423)
4(2438 2454 2455 2439)
4(203 2215 2216 186)
4(2215 2231 2232 2216)
4(2231 2247 2248 2232)
4(2247 2263 2264 2248)
4(2263 2279 2280 2264)
4(2279 2295 2296 2280)
4(2295 2311 2312 2296)
4(2311 2327 2328 2312)
4(2327 2343 2344 2328)
4(2343 2359 2360 2344)
4(2359 2375 2376 2360)
4(2375 2391 2392 2376)
4(2391 2407 2408 2392)
4(2407 2423 2424 2408)
4(2423 2439 2440 2424)
4(2439 2455 2456 2440)
4(186 2216 2217 169)
4(2216 2232 2233 2217)
4(2232 2248 2249 2233)
4(2248 2264 2265 2249)
4(2264 2280 2281 2265)
4(2280 2296 2297 2281)
4(2296 2312 2313 2297)
4(2312 2328 2329 2313)
4(2328 2344 2345 2329)
4(2344 2360 2361 2345)
4(2360 2376 2377 2361)
4(2376 2392 2393 2377)
4(2392 2408 2409 2393)
4(2408 2424 2425 2409)
4(2424 2440 2441 2425)
4(2440 2456 2457 2441)
4(169 2217 2218 152)
4(2217 2233 2234 2218)
4(2233 2249 2250 2234)
4(2249 2265 2266 2250)
4(2265 2281 2282 2266)
4(2281 2297 2298 2282)
4(2297 2313 2314 2298)
4(2313 2329 2330 2314)
4(2329 2345 2346 2330)
4(2345 2361 2362 2346)
4(2361 2377 2378 2362)
4(2377 2393 2394 2378)
4(2393 2409 2410 2394)
4(2409 2425 2426 2410)
4(2425 2441 2442 2426)
4(2441 2457 2458 2442)
4(152 2218 2219 135)
4(2218 2234 2235 2219)
4(2234 2250 2251 2235)
4(2250 2266 2267 2251)
4(2266 2282 2283 2267)
4(2282 2298 2299 2283)
4(2298 2314 2315 2299)
4(2314 2330 2331 2315)
4(2330 2346 2347 2331)
4(2346 2362 2363 2347)
4(2362 2378 2379 2363)
4(2378 2394 2395 2379)
4(2394 2410 2411 2395)
4(2410 2426 2427 2411)
4(2426 2442 2443 2427)
4(2442 2458 2459 2443)
4(135 2219 2220 118)
4(2219 2235 2236 2220)
4(2235 2251 2252 2236)
4(2251 2267 2268 2252)
4(2267 2283 2284 2268)
4(2283 2299 2300 2284)
4(2299 2315 2316 2300)
4(2315 2331 2332 2316)
4(2331 2347 2348 2332)
4(2347 2363 2364 2348)
4(2363 2379 2380 2364)
4(2379 2395 2396 2380)
4(2395 2411 2412 2396)
4(2411 2427 2428 2412)
4(2427 2443 2444 2428)
4(2443 2459 2460 2444)
4(118 2220 2221 101)
4(2220 2236 2237 2221)
4(2236 2252 2253 2237)
4(2252 2268 2269 2253)
4(2268 2284 2285 2269)
4(2284 2300 2301 2285)
4(2300 2316 2317 2301)
4(2316 2332 2333 2317)
4(2332 2348 2349 2333)
4(2348 2364 2365 2349)
4(2364 2380 2381 2365)
4(2380 2396 2397 2381)
4(2396 2412 2413 2397)
4(2412 2428 2429 2413)
4(2428 2444 2445 2429)
4(2444 2460 2461 2445)
4(101 2221 2222 84)
4(2221 2237 2238 2222)
4(2237 2253 2254 2238)
4(2253 2269 2270 2254)
4(2269 2285 2286 2270)
4(2285 2301 2302 2286)
4(2301 2317 2318 2302)
4(2317 2333 2334 2318)
4(2333 2349 2350 2334)
4(2349 2365 2366 2350)
4(2365 2381 2382 2366)
4(2381 2397 2398 2382)
4(2397 2413 2414 2398)
4(2413 2429 2430 2414)
4(2429 2445 2446 2430)
4(2445 2461 2462 2446)
4(84 2222 2223 67)
4(2222 2238 2239 2223)
4(2238 2254 2255 2239)
4(2254 2270 2271 2255)
4(2270 2286 2287 2271)
4(2286 2302 2303 2287)
4(2302 2318 2319 2303)
4(2318 2334 2335 2319)
4(2334 2350 2351 2335)
4(2350 2366 2367 2351)
4(2366 2382 2383 2367)
4(2382 2398 2399 2383)
4(2398 2414 2415 2399)
4(2414 2430 2431 2415)
4(2430 2446 2447 2431)
4(2446 2462 2463 2447)
4(67 2223 2224 50)
4(2223 2239 2240 2224)
4(2239 2255 2256 2240)
4(2255 2271 2272 2256)
4(2271 2287 2288 2272)
4(2287 2303 2304 2288)
4(2303 2319 2320 2304)
4(2319 2335 2336 2320)
4(2335 2351 2352 2336)
4(2351 2367 2368 2352)
4(2367 2383 2384 2368)
4(2383 2399 2400 2384)
4(2399 2415 2416 2400)
4(2415 2431 2432 2416)
4(2431 2447 2448 2432)
4(2447 2463 2464 2448)
4(50 2224 2225 33)
4(2224 2240 2241 2225)
4(2240 2256 2257 2241)
4(2256 2272 2273 2257)
4(2272 2288 2289 2273)
4(2288 2304 2305 2289)
4(2304 2320 2321 2305)
4(2320 2336 2337 2321)
4(2336 2352 2353 2337)
4(2352 2368 2369 2353)
4(2368 2384 2385 2369)
4(2384 2400 2401 2385)
4(2400 2416 2417 2401)
4(2416 2432 2433 2417)
4(2432 2448 2449 2433)
4(2448 2464 2465 2449)
4(33 2225 1666 16)
4(2225 2241 1683 1666)
4(2241 2257 1700 1683)
4(2257 2273 1717 1700)
4(2273 2289 1734 1717)
4(2289 2305 1751 1734)
4(2305 2321 1768 1751)
4(2321 2337 1785 1768)
4(2337 2353 1802 1785)
4(2353 2369 1819 1802)
4(2369 2385 1836 1819)
4(2385 2401 1853 1836)
4(2401 2417 1870 1853)
4(2417 2433 1887 1870)
4(2433 2449 1904 1887)
4(2449 2465 1921 1904)
4(577 560 2467 2466)
4(2466 2467 2483 2482)
4(2482 2483 2499 2498)
4(2498 2499 2515 2514)
4(2514 2515 2531 2530)
4(2530 2531 2547 2546)
4(2546 2547 2563 2562)
4(2562 2563 2579 2578)
4(2578 2579 2595 2594)
4(2594 2595 2611 2610)
4(2610 2611 2627 2626)
4(2626 2627 2643 2642)
4(2642 2643 2659 2658)
4(2658 2659 2675 2674)
4(2674 2675 2691 2690)
4(2690 2691 2707 2706)
4(560 543 2468 2467)
4(2467 2468 2484 2483)
4(2483 2484 2500 2499)
4(2499 2500 2516 2515)
4(2515 2516 2532 2531)
4(2531 2532 2548 2547)
4(2547 2548 2564 2563)
4(2563 2564 2580 2579)
4(2579 2580 2596 2595)
4(2595 2596 2612 2611)
4(2611 2612 2628 2627)
4(2627 2628 2644 2643)
4(2643 2644 2660 2659)
4(2659 2660 2676 2675)
4(2675 2676 2692 2691)
4(2691 2692 2708 2707)
4(543 526 2469 2468)
4(2468 2469 2485 2484)
4(2484 2485 2501 2500)
4(2500 2501 2517 2516)
4(2516 2517 2533 2532)
4(2532 2533 2549 2548)
4(2548 2549 2565 2564)
4(2564 2565 2581 2580)
4(2580 2581 2597 2596)
4(2596 2597 2613 2612)
4(2612 2613 2629 2628)
4(2628 2629 2645 2644)
4(2644 2645 2661 2660)
4(2660 2661 2677 2676)
4(2676 2677 2693 2692)
4(2692 2693 2709 2708)
4(526 509 2470 2469)
4(2469 2470 2486 2485)
4(2485 2486 2502 2501)
4(2501 2502 2518 2517)
4(2517 2518 2534 2533)
4(2533 2534 2550 2549)
4(2549 2550 2566 2565)
4(2565 2566 2582 2581)
4(2581 2582 2598 2597)
4(2597 2598 2614 2613)
4(2613 2614 2630 2629)
4(2629 2630 2646 2645)
4(2645 2646 2662 2661)
4(2661 2662 2678 2677)
4(2677 2678 2694 2693)
4(2693 2694 2710 2709)
4(509 492 2471 2470)
4(2470 2471 2487 2486)
4(2486 2487 2503 2502)
4(2502 2503 2519 2518)
4(2518 2519 2535 2534)
4(2534 2535 2551 2550)
4(2550 2551 2567 2566)
4(2566 2567 2583 2582)
4(2582 2583 2599 2598)
4(2598 2599 2615 2614)
4(2614 2615 2631 2630)
4(2630 2631 2647 2646)
4(2646 2647 2663 2662)
4(2662 2663 2679 2678)
4(2678 2679 2695 2694)
4(2694 2695 2711 2710)
4(492 475 2472 2471)
4(2471 2472 2488 2487)
4(2487 2488 2504 2503)
4(2503 2504 2520 2519)
4(2519 2520 2536 2535)
4(2535 2536 2552 2551)
4(2551 2552 2568 2567)
4(2567 2568 2584 2583)
4(2583 2584 2600 2599)
4(2599 2600 2616 2615)
4(2615 2616 2632 2631)
4(2631 2632 2648 2647)
4(2647 2648 2664 2663)
4(2663 2664 2680 2679)
4(2679 2680 2696 2695)
4(2695 2696 2712 2711)
4(475 458 2473 2472)
4(2472 2473 2489 2488)
4(2488 2489 2505 2504)
4(2504 2505 2521 2520)
4(2520 2521 2537 2536)
4(2536 2537 2553 2552)
4(2552 2553 2569 2568)
4(2568 2569 2585 2584)
4(2584 2585 2601 2600)
4(2600 2601 2617 2616)
4(2616 2617 2633 2632)
4(2632 2633 2649 2648)
4(2648 2649 2665 2664)
4(2664 2665 2681 2680)
4(2680 2681 2697 2696)
4(2696 2697 2713 2712)
4(458 441 2474 2473)
4(2473 2474 2490 2489)
4(2489 2490 2506 2505)
4(2505 2506 2522 2521)
4(2521 2522 2538 2537)
4(2537 2538 2554 2553)
4(2553 2554 2570 2569)
4(2569 2570 2586 2585)
4(2585 2586 2602 2601)
4(2601 2602 2618 2617)
4(2617 2618 2634 2633)
4(2633 2634 2650 2649)
4(2649 2650 2666 2665)
4(2665 2666 2682 2681)
4(2681 2682 2698 2697)
4(2697 2698 2714 2713)
4(441 424 2475 2474)
4(2474 2475 2491 2490)
4(2490 2491 2507 2506)
4(2506 2507 2523 2522)
4(2522 2523 2539 2538)
4(2538 2539 2555 2554)
4(2554 2555 2571 2570)
4(2570 2571 2587 2586)
4(2586 2587 2603 2602)
4(2602 2603 2619 2618)
4(2618 2619 2635 2634)
4(2634 2635 2651 2650)
4(2650 2651 2667 2666)
4(2666 2667 2683 2682)
4(2682 2683 2699 2698)
4(2698 2699 2715 2714)
4(424 407 2476 2475)
4(2475 2476 2492 2491)
4(2491 2492 2508 2507)
4(2507 2508 2524 2523)
4(2523 2524 2540 2539)
4(2539 2540 2556 2555)
4(2555 2556 2572 2571)
4(2571 2572 2588 2587)
4(2587 2588 2604 2603)
4(2603 2604 2620 2619)
4(2619 2620 2636 2635)
4(2635 2636 2652 2651)
4(2651 2652 2668 2667)
4(2667 2668 2684 2683)
4(2683 2684 2700 2699)
4(2699 2700 2716 2715)
4(407 390 2477 2476)
4(2476 2477 2493 2492)
4(2492 2493 2509 2508)
4(2508 2509 2525 2524)
4(2524 2525 2541 2540)
4(2540 2541 2557 2556)
4(2556 2557 2573 2572)
4(2572 2573 2589 2588)
4(2588 2589 2605 2604)
4(2604 2605 2621 2620)
4(2620 2621 2637 2636)
4(2636 2637 2653 2652)
4(2652 2653 2669 2668)
4(2668 2669 2685 2684)
4(2684 2685 2701 2700)
4(2700 2701 2717 2716)
4(390 373 2478 2477)
4(2477 2478 2494 2493)
4(2493 2494 2510 2509)
4(2509 2510 2526 2525)
4(2525 2526 2542 2541)
4(2541 2542 2558 2557)
4(2557 2558 2574 2573)
4(2573 2574 2590 2589)
4(2589 2590 2606 2605)
4(2605 2606 2622 2621)
4(2621 2622 2638 2637)
4(2637 2638 2654 2653)
4(2653 2654 2670 2669)
4(2669 2670 2686 2685)
4(2685 2686 2702 2701)
4(2701 2702 2718 2717)
4(373 356 2479 2478)
4(2478 2479 2495 2494)
4(2494 2495 2511 2510)
4(2510 2511 2527 2526)
4(2526 2527 2543 2542)
4(2542 2543 2559 2558)
4(2558 2559 2575 2574)
4(2574 2575 2591 2590)
4(2590 2591 2607 2606)
4(2606 2607 2623 2622)
4(2622 2623 2639 2638)
4(2638 2639 2655 2654)
4(2654 2655 2671 2670)
4(2670 2671 2687 2686)
4(2686 2687 2703 2702)
4(2702 2703 2719 2718)
4(356 339 2480 2479)
4(2479 2480 2496 2495)
4(2495 2496 2512 2511)
4(2511 2512 2528 2527)
4(2527 2528 2544 2543)
4(2543 2544 2560 2559)
4(2559 2560 2576 2575)
4(2575 2576 2592 2591)
4(2591 2592 2608 2607)
4(2607 2608 2624 2623)
4(2623 2624 2640 2639)
4(2639 2640 2656 2655)
4(2655 2656 2672 2671)
4(2671 2672 2688 2687)
4(2687 2688 2704 2703)
4(2703 2704 2720 2719)
4(339 322 2481 2480)
4(2480 2481 2497 2496)
4(2496 2497 2513 2512)
4(2512 2513 2529 2528)
4(2528 2529 2545 2544)
4(2544 2545 2561 2560)
4(2560 2561 2577 2576)
4(2576 2577 2593 2592)
4(2592 2593 2609 2608)
4(2608 2609 2625 2624)
4(2624 2625 2641 2640)
4(2640 2641 2657 2656)
4(2656 2657 2673 2672)
4(2672 2673 2689 2688)
4(2688 2689 2705 2704)
4(2704 2705 2721 2720)
4(322 305 1938 2481)
4(2481 1938 1955 2497)
4(2497 1955 1972 2513)
4(2513 1972 1989 2529)
4(2529 1989 2006 2545)
4(2545 2006 2023 2561)
4(2561 2023 2040 2577)
4(2577 2040 2057 2593)
4(2593 2057 2074 2609)
4(2609 2074 2091 2625)
4(2625 2091 2108 2641)
4(2641 2108 2125 2657)
4(2657 2125 2142 2673)
4(2673 2142 2159 2689)
4(2689 2159 2176 2705)
4(2705 2176 2193 2721)
4(2722 2739 2740 2723)
4(2739 2756 2757 2740)
4(2756 2773 2774 2757)
4(2773 2790 2791 2774)
4(2790 2807 2808 2791)
4(2807 2824 2825 2808)
4(2824 2841 2842 2825)
4(2841 2858 2859 2842)
4(2858 2875 2876 2859)
4(2875 2892 2893 2876)
4(2892 2909 2910 2893)
4(2909 2926 2927 2910)
4(2926 2943 2944 2927)
4(2943 2960 2961 2944)
4(2960 2977 2978 2961)
4(2977 288 287 2978)
4(2723 2740 2741 2724)
4(2740 2757 2758 2741)
4(2757 2774 2775 2758)
4(2774 2791 2792 2775)
4(2791 2808 2809 2792)
4(2808 2825 2826 2809)
4(2825 2842 2843 2826)
4(2842 2859 2860 2843)
4(2859 2876 2877 2860)
4(2876 2893 2894 2877)
4(2893 2910 2911 2894)
4(2910 2927 2928 2911)
4(2927 2944 2945 2928)
4(2944 2961 2962 2945)
4(2961 2978 2979 2962)
4(2978 287 286 2979)
4(2724 2741 2742 2725)
4(2741 2758 2759 2742)
4(2758 2775 2776 2759)
4(2775 2792 2793 2776)
4(2792 2809 2810 2793)
4(2809 2826 2827 2810)
4(2826 2843 2844 2827)
4(2843 2860 2861 2844)
4(2860 2877 2878 2861)
4(2877 2894 2895 2878)
4(2894 2911 2912 2895)
4(2911 2928 2929 2912)
4(2928 2945 2946 2929)
4(2945 2962 2963 2946)
4(2962 2979 2980 2963)
4(2979 286 285 2980)
4(2725 2742 2743 2726)
4(2742 2759 2760 2743)
4(2759 2776 2777 2760)
4(2776 2793 2794 2777)
4(2793 2810 2811 2794)
4(2810 2827 2828 2811)
4(2827 2844 2845 2828)
4(2844 2861 2862 2845)
4(2861 2878 2879 2862)
4(2878 2895 2896 2879)
4(2895 2912 2913 2896)
4(2912 2929 2930 2913)
4(2929 2946 2947 2930)
4(2946 2963 2964 2947)
4(2963 2980 2981 2964)
4(2980 285 284 2981)
4(2726 2743 2744 2727)
4(2743 2760 2761 2744)
4(2760 2777 2778 2761)
4(2777 2794 2795 2778)
4(2794 2811 2812 2795)
4(2811 2828 2829 2812)
4(2828 2845 2846 2829)
4(2845 2862 2863 2846)
4(2862 2879 2880 2863)
4(2879 2896 2897 2880)
4(2896 2913 2914 2897)
4(2913 2930 2931 2914)
4(2930 2947 2948 2931)
4(2947 2964 2965 2948)
4(2964 2981 2982 2965)
4(2981 284 283 2982)
4(2727 2744 2745 2728)
4(2744 2761 2762 2745)
4(2761 2778 2779 2762)
4(2778 2795 2796 2779)
4(2795 2812 2813 2796)
4(2812 2829 2830 2813)
4(2829 2846 2847 2830)
4(2846 2863 2864 2847)
4(2863 2880 2881 2864)
4(2880 2897 2898 2881)
4(2897 2914 2915 2898)
4(2914 2931 2932 2915)
4(2931 2948 2949 2932)
4(2948 2965 2966 2949)
4(2965 2982 2983 2966)
4(2982 283 282 2983)
4(2728 2745 2746 2729)
4(2745 2762 2763 2746)
4(2762 2779 2780 2763)
4(2779 2796 2797 2780)
4(2796 2813 2814 2797)
4(2813 2830 2831 2814)
4(2830 2847 2848 2831)
4(2847 2864 2865 2848)
4(2864 2881 2882 2865)
4(2881 2898 2899 2882)
4(2898 2915 2916 2899)
4(2915 2932 2933 2916)
4(2932 2949 2950 2933)
4(2949 2966 2967 2950)
4(2966 2983 2984 2967)
4(2983 282 281 2984)
4(2729 2746 2747 2730)
4(2746 2763 2764 2747)
4(2763 2780 2781 2764)
4(2780 2797 2798 2781)
4(2797 2814 2815 2798)
4(2814 2831 2832 2815)
4(2831 2848 2849 2832)
4(2848 2865 2866 2849)
4(2865 2882 2883 2866)
4(2882 2899 2900 2883)
4(2899 2916 2917 2900)
4(2916 2933 2934 2917)
4(2933 2950 2951 2934)
4(2950 2967 2968 2951)
4(2967 2984 2985 2968)
4(2984 281 280 2985)
4(2730 2747 2748 2731)
4(2747 2764 2765 2748)
4(2764 2781 2782 2765)
4(2781 2798 2799 2782)
4(2798 2815 2816 2799)
4(2815 2832 2833 2816)
4(2832 2849 2850 2833)
4(2849 2866 2867 2850)
4(2866 2883 2884 2867)
4(2883 2900 2901 2884)
4(2900 2917 2918 2901)
4(2917 2934 2935 2918)
4(2934 2951 2952 2935)
4(2951 2968 2969 2952)
4(2968 2985 2986 2969)
4(2985 280 279 2986)
4(2731 2748 2749 2732)
4(2748 2765 2766 2749)
4(2765 2782 2783 2766)
4(2782 2799 2800 2783)
4(2799 2816 2817 2800)
4(2816 2833 2834 2817)
4(2833 2850 2851 2834)
4(2850 2867 2868 2851)
4(2867 2884 2885 2868)
4(2884 2901 2902 2885)
4(2901 2918 2919 2902)
4(2918 2935 2936 2919)
4(2935 2952 2953 2936)
4(2952 2969 2970 2953)
4(2969 2986 2987 2970)
4(2986 279 278 2987)
4(2732 2749 2750 2733)
4(2749 2766 2767 2750)
4(2766 2783 2784 2767)
4(2783 2800 2801 2784)
4(2800 2817 2818 2801)
4(2817 2834 2835 2818)
4(2834 2851 2852 2835)
4(2851 2868 2869 2852)
4(2868 2885 2886 2869)
4(2885 2902 2903 2886)
4(2902 2919 2920 2903)
4(2919 2936 2937 2920)
4(2936 2953 2954 2937)
4(2953 2970 2971 2954)
4(2970 2987 2988 2971)
4(2987 278 277 2988)
4(2733 2750 2751 2734)
4(2750 2767 2768 2751)
4(2767 2784 2785 2768)
4(2784 2801 2802 2785)
4(2801 2818 2819 2802)
4(2818 2835 2836 2819)
4(2835 2852 2853 2836)
4(2852 2869 2870 2853)
4(2869 2886 2887 2870)
4(2886 2903 2904 2887)
4(2903 2920 2921 2904)
4(2920 2937 2938 2921)
4(2937 2954 2955 2938)
4(2954 2971 2972 2955)
4(2971 2988 2989 2972)
4(2988 277 276 2989)
4(2734 2751 2752 2735)
4(2751 2768 2769 2752)
4(2768 2785 2786 2769)
4(2785 2802 2803 2786)
4(2802 2819 2820 2803)
4(2819 2836 2837 2820)
4(2836 2853 2854 2837)
4(2853 2870 2871 2854)
4(2870 2887 2888 2871)
4(2887 2904 2905 2888)
4(2904 2921 2922 2905)
4(2921 2938 2939 2922)
4(2938 2955 2956 2939)
4(2955 2972 2973 2956)
4(2972 2989 2990 2973)
4(2989 276 275 2990)
4(2735 2752 2753 2736)
4(2752 2769 2770 2753)
4(2769 2786 2787 2770)
4(2786 2803 2804 2787)
4(2803 2820 2821 2804)
4(2820 2837 2838 2821)
4(2837 2854 2855 2838)
4(2854 2871 2872 2855)
4(2871 2888 2889 2872)
4(2888 2905 2906 2889)
4(2905 2922 2923 2906)
4(2922 2939 2940 2923)
4(2939 2956 2957 2940)
4(2956 2973 2974 2957)
4(2973 2990 2991 2974)
4(2990 275 274 2991)
4(2736 2753 2754 2737)
4(2753 2770 2771 2754)
4(2770 2787 2788 2771)
4(2787 2804 2805 2788)
4(2804 2821 2822 2805)
4(2821 2838 2839 2822)
4(2838 2855 2856 2839)
4(2855 2872 2873 2856)
4(2872 2889 2890 2873)
4(2889 2906 2907 2890)
4(2906 2923 2924 2907)
4(2923 2940 2941 2924)
4(2940 2957 2958 2941)
4(2957 2974 2975 2958)
4(2974 2991 2992 2975)
4(2991 274 273 2992)
4(2737 2754 2755 2738)
4(2754 2771 2772 2755)
4(2771 2788 2789 2772)
4(2788 2805 2806 2789)
4(2805 2822 2823 2806)
4(2822 2839 2840 2823)
4(2839 2856 2857 2840)
4(2856 2873 2874 2857)
4(2873 2890 2891 2874)
4(2890 2907 2908 2891)
4(2907 2924 2925 2908)
4(2924 2941 2942 2925)
4(2941 2958 2959 2942)
4(2958 2975 2976 2959)
4(2975 2992 2993 2976)
4(2992 273 272 2993)
4(2994 2995 3012 3011)
4(3011 3012 3029 3028)
4(3028 3029 3046 3045)
4(3045 3046 3063 3062)
4(3062 3063 3080 3079)
4(3079 3080 3097 3096)
4(3096 3097 3114 3113)
4(3113 3114 3131 3130)
4(3130 3131 3148 3147)
4(3147 3148 3165 3164)
4(3164 3165 3182 3181)
4(3181 3182 3199 3198)
4(3198 3199 3216 3215)
4(3215 3216 3233 3232)
4(3232 3233 3250 3249)
4(3249 3250 576 577)
4(2995 2996 3013 3012)
4(3012 3013 3030 3029)
4(3029 3030 3047 3046)
4(3046 3047 3064 3063)
4(3063 3064 3081 3080)
4(3080 3081 3098 3097)
4(3097 3098 3115 3114)
4(3114 3115 3132 3131)
4(3131 3132 3149 3148)
4(3148 3149 3166 3165)
4(3165 3166 3183 3182)
4(3182 3183 3200 3199)
4(3199 3200 3217 3216)
4(3216 3217 3234 3233)
4(3233 3234 3251 3250)
4(3250 3251 575 576)
4(2996 2997 3014 3013)
4(3013 3014 3031 3030)
4(3030 3031 3048 3047)
4(3047 3048 3065 3064)
4(3064 3065 3082 3081)
4(3081 3082 3099 3098)
4(3098 3099 3116 3115)
4(3115 3116 3133 3132)
4(3132 3133 3150 3149)
4(3149 3150 3167 3166)
4(3166 3167 3184 3183)
4(3183 3184 3201 3200)
4(3200 3201 3218 3217)
4(3217 3218 3235 3234)
4(3234 3235 3252 3251)
4(3251 3252 574 575)
4(2997 2998 3015 3014)
4(3014 3015 3032 3031)
4(3031 3032 3049 3048)
4(3048 3049 3066 3065)
4(3065 3066 3083 3082)
4(3082 3083 3100 3099)
4(3099 3100 3117 3116)
4(3116 3117 3134 3133)
4(3133 3134 3151 3150)
4(3150 3151 3168 3167)
4(3167 3168 3185 3184)
4(3184 3185 3202 3201)
4(3201 3202 3219 3218)
4(3218 3219 3236 3235)
4(3235 3236 3253 3252)
4(3252 3253 573 574)
4(2998 2999 3016 3015)
4(3015 3016 3033 3032)
4(3032 3033 3050 3049)
4(3049 3050 3067 3066)
4(3066 3067 3084 3083)
4(3083 3084 3101 3100)
4(3100 3101 3118 3117)
4(3117 3118 3135 3134)
4(3134 3135 3152 3151)
4(3151 3152 3169 3168)
4(3168 3169 3186 3185)
4(3185 3186 3203 3202)
4(3202 3203 3220 3219)
4(3219 3220 3237 3236)
4(3236 3237 3254 3253)
4(3253 3254 572 573)
4(2999 3000 3017 3016)
4(3016 3017 3034 3033)
4(3033 3034 3051 3050)
4(3050 3051 3068 3067)
4(3067 3068 3085 3084)
4(3084 3085 3102 3101)
4(3101 3102 3119 3118)
4(3118 3119 3136 3135)
4(3135 3136 3153 3152)
4(3152 3153 3170 3169)
4(3169 3170 3187 3186)
4(3186 3187 3204 3203)
4(3203 3204 3221 3220)
4(3220 3221 3238 3237)
4(3237 3238 3255 3254)
4(3254 3255 571 572)
4(3000 3001 3018 3017)
4(3017 3018 3035 3034)
4(3034 3035 3052 3051)
4(3051 3052 3069 3068)
4(3068 3069 3086 3085)
4(3085 3086 3103 3102)
4(3102 3103 3120 3119)
4(3119 3120 3137 3136)
4(3136 3137 3154 3153)
4(3153 3154 3171 3170)
4(3170 3171 3188 3187)
4(3187 3188 3205 3204)
4(3204 3205 3222 3221)
4(3221 3222 3239 3238)
4(3238 3239 3256 3255)
4(3255 3256 570 571)
4(3001 3002 3019 3018)
4(3018 3019 3036 3035)
4(3035 3036 3053 3052)
4(3052 3053 3070 3069)
4(3069 3070 3087 3086)
4(3086 3087 3104 3103)
4(3103 3104 3121 3120)
4(3120 3121 3138 3137)
4(3137 3138 3155 3154)
4(3154 3155 3172 3171)
4(3171 3172 3189 3188)
4(3188 3189 3206 3205)
4(3205 3206 3223 3222)
4(3222 3223 3240 3239)
4(3239 3240 3257 3256)
4(3256 3257 569 570)
4(3002 3003 3020 3019)
4(3019 3020 3037 3036)
4(3036 3037 3054 3053)
4(3053 3054 3071 3070)
4(3070 3071 3088 3087)
4(3087 3088 3105 3104)
4(3104 3105 3122 3121)
4(3121 3122 3139 3138)
4(3138 3139 3156 3155)
4(3155 3156 3173 3172)
4(3172 3173 3190 3189)
4(3189 3190 3207 3206)
4(3206 3207 3224 3223)
4(3223 3224 3241 3240)
4(3240 3241 3258 3257)
4(3257 3258 568 569)
4(3003 3004 3021 3020)
4(3020 3021 3038 3037)
4(3037 3038 3055 3054)
4(3054 3055 3072 3071)
4(3071 3072 3089 3088)
4(3088 3089 3106 3105)
4(3105 3106 3123 3122)
4(3122 3123 3140 3139)
4(3139 3140 3157 3156)
4(3156 3157 3174 3173)
4(3173 3174 3191 3190)
4(3190 3191 3208 3207)
4(3207 3208 3225 3224)
4(3224 3225 3242 3241)
4(3241 3242 3259 3258)
4(3258 3259 567 568)
4(3004 3005 3022 3021)
4(3021 3022 3039 3038)
4(3038 3039 3056 3055)
4(3055 3056 3073 3072)
4(3072 3073 3090 3089)
4(3089 3090 3107 3106)
4(3106 3107 3124 3123)
4(3123 3124 3141 3140)
4(3140 3141 3158 3157)
4(3157 3158 3175 3174)
4(3174 3175 3192 3191)
4(3191 3192 3209 3208)
4(3208 3209 3226 3225)
4(3225 3226 3243 3242)
4(3242 3243 3260 3259)
4(3259 3260 566 567)
4(3005 3006 3023 3022)
4(3022 3023 3040 3039)
4(3039 3040 3057 3056)
4(3056 3057 3074 3073)
4(3073 3074 3091 3090)
4(3090 3091 3108 3107)
4(3107 3108 3125 3124)
4(3124 3125 3142 3141)
4(3141 3142 3159 3158)
4(3158 3159 3176 3175)
4(3175 3176 3193 3192)
4(3192 3193 3210 3209)
4(3209 3210 3227 3226)
4(3226 3227 3244 3243)
4(3243 3244 3261 3260)
4(3260 3261 565 566)
4(3006 3007 3024 3023)
4(3023 3024 3041 3040)
4(3040 3041 3058 3057)
4(3057 3058 3075 3074)
4(3074 3075 3092 3091)
4(3091 3092 3109 3108)
4(3108 3109 3126 3125)
4(3125 3126 3143 3142)
4(3142 3143 3160 3159)
4(3159 3160 3177 3176)
4(3176 3177 3194 3193)
4(3193 3194 3211 3210)
4(3210 3211 3228 3227)
4(3227 3228 3245 3244)
4(3244 3245 3262 3261)
4(3261 3262 564 565)
4(3007 3008 3025 3024)
4(3024 3025 3042 3041)
4(3041 3042 3059 3058)
4(3058 3059 3076 3075)
4(3075 3076 3093 3092)
4(3092 3093 3110 3109)
4(3109 3110 3127 3126)
4(3126 3127 3144 3143)
4(3143 3144 3161 3160)
4(3160 3161 3178 3177)
4(3177 3178 3195 3194)
4(3194 3195 3212 3211)
4(3211 3212 3229 3228)
4(3228 3229 3246 3245)
4(3245 3246 3263 3262)
4(3262 3263 563 564)
4(3008 3009 3026 3025)
4(3025 3026 3043 3042)
4(3042 3043 3060 3059)
4(3059 3060 3077 3076)
4(3076 3077 3094 3093)
4(3093 3094 3111 3110)
4(3110 3111 3128 3127)
4(3127 3128 3145 3144)
4(3144 3145 3162 3161)
4(3161 3162 3179 3178)
4(3178 3179 3196 3195)
4(3195 3196 3213 3212)
4(3212 3213 3230 3229)
4(3229 3230 3247 3246)
4(3246 3247 3264 3263)
4(3263 3264 562 563)
4(3009 3010 3027 3026)
4(3026 3027 3044 3043)
4(3043 3044 3061 3060)
4(3060 3061 3078 3077)
4(3077 3078 3095 3094)
4(3094 3095 3112 3111)
4(3111 3112 3129 3128)
4(3128 3129 3146 3145)
4(3145 3146 3163 3162)
4(3162 3163 3180 3179)
4(3179 3180 3197 3196)
4(3196 3197 3214 3213)
4(3213 3214 3231 3230)
4(3230 3231 3248 3247)
4(3247 3248 3265 3264)
4(3264 3265 561 562)
4(3266 3283 3284 3267)
4(3283 3300 3301 3284)
4(3300 3317 3318 3301)
4(3317 3334 3335 3318)
4(3334 3351 3352 3335)
4(3351 3368 3369 3352)
4(3368 3385 3386 3369)
4(3385 3402 3403 3386)
4(3402 3419 3420 3403)
4(3419 3436 3437 3420)
4(3436 3453 3454 3437)
4(3453 3470 3471 3454)
4(3470 3487 3488 3471)
4(3487 3504 3505 3488)
4(3504 3521 3522 3505)
4(3521 2722 2723 3522)
4(3267 3284 3285 3268)
4(3284 3301 3302 3285)
4(3301 3318 3319 3302)
4(3318 3335 3336 3319)
4(3335 3352 3353 3336)
4(3352 3369 3370 3353)
4(3369 3386 3387 3370)
4(3386 3403 3404 3387)
4(3403 3420 3421 3404)
4(3420 3437 3438 3421)
4(3437 3454 3455 3438)
4(3454 3471 3472 3455)
4(3471 3488 3489 3472)
4(3488 3505 3506 3489)
4(3505 3522 3523 3506)
4(3522 2723 2724 3523)
4(3268 3285 3286 3269)
4(3285 3302 3303 3286)
4(3302 3319 3320 3303)
4(3319 3336 3337 3320)
4(3336 3353 3354 3337)
4(3353 3370 3371 3354)
4(3370 3387 3388 3371)
4(3387 3404 3405 3388)
4(3404 3421 3422 3405)
4(3421 3438 3439 3422)
4(3438 3455 3456 3439)
4(3455 3472 3473 3456)
4(3472 3489 3490 3473)
4(3489 3506 3507 3490)
4(3506 3523 3524 3507)
4(3523 2724 2725 3524)
4(3269 3286 3287 3270)
4(3286 3303 3304 3287)
4(3303 3320 3321 3304)
4(3320 3337 3338 3321)
4(3337 3354 3355 3338)
4(3354 3371 3372 3355)
4(3371 3388 3389 3372)
4(3388 3405 3406 3389)
4(3405 3422 3423 3406)
4(3422 3439 3440 3423)
4(3439 3456 3457 3440)
4(3456 3473 3474 3457)
4(3473 3490 3491 3474)
4(3490 3507 3508 3491)
4(3507 3524 3525 3508)
4(3524 2725 2726 3525)
4(3270 3287 3288 3271)
4(3287 3304 3305 3288)
4(3304 3321 3322 3305)
4(3321 3338 3339 3322)
4(3338 3355 3356 3339)
4(3355 3372 3373 3356)
4(3372 3389 3390 3373)
4(3389 3406 3407 3390)
4(3406 3423 3424 3407)
4(3423 3440 3441 3424)
4(3440 3457 3458 3441)
4(3457 3474 3475 3458)
4(3474 3491 3492 3475)
4(3491 3508 3509 3492)
4(3508 3525 3526 3509)
4(3525 2726 2727 3526)
4(3271 3288 3289 3272)
4(3288 3305 3306 3289)
4(3305 3322 3323 3306)
4(3322 3339 3340 3323)
4(3339 3356 3357 3340)
4(3356 3373 3374 3357)
4(3373 3390 3391 3374)
4(3390 3407 3408 3391)
4(3407 3424 3425 3408)
4(3424 3441 3442 3425)
4(3441 3458 3459 3442)
4(3458 3475 3476 3459)
4(3475 3492 3493 3476)
4(3492 3509 3510 3493)
4(3509 3526 3527 3510)
4(3526 2727 2728 3527)
4(3272 3289 3290 3273)
4(3289 3306 3307 3290)
4(3306 3323 3324 3307)
4(3323 3340 3341 3324)
4(3340 3357 3358 3341)
4(3357 3374 3375 3358)
4(3374 3391 3392 3375)
4(3391 3408 3409 3392)
4(3408 3425 3426 3409)
4(3425 3442 3443 3426)
4(3442 3459 3460 3443)
4(3459 3476 3477 3460)
4(3476 3493 3494 3477)
4(3493 3510 3511 3494)
4(3510 3527 3528 3511)
4(3527 2728 2729 3528)
4(3273 3290 3291 3274)
4(3290 3307 3308 3291)
4(3307 3324 3325 3308)
4(3324 3341 3342 3325)
4(3341 3358 3359 3342)
4(3358 3375 3376 3359)
4(3375 3392 3393 3376)
4(3392 3409 3410 3393)
4(3409 3426 3427 3410)
4(3426 3443 3444 3427)
4(3443 3460 3461 3444)
4(3460 3477 3478 3461)
4(3477 3494 3495 3478)
4(3494 3511 3512 3495)
4(3511 3528 3529 3512)
4(3528 2729 2730 3529)
4(3274 3291 3292 3275)
4(3291 3308 3309 3292)
4(3308 3325 3326 3309)
4(3325 3342 3343 3326)
4(3342 3359 3360 3343)
4(3359 3376 3377 3360)
4(3376 3393 3394 3377)
4(3393 3410 3411 3394)
4(3410 3427 3428 3411)
4(3427 3444 3445 3428)
4(3444 3461 3462 3445)
4(3461 3478 3479 3462)
4(3478 3495 3496 3479)
4(3495 3512 3513 3496)
4(3512 3529 3530 3513)
4(3529 2730 2731 3530)
4(3275 3292 3293 3276)
4(3292 3309 3310 3293)
4(3309 3326 3327 3310)
4(3326 3343 3344 3327)
4(3343 3360 3361 3344)
4(3360 3377 3378 3361)
4(3377 3394 3395 3378)
4(3394 3411 3412 3395)
4(3411 3428 3429 3412)
4(3428 3445 3446 3429)
4(3445 3462 3463 3446)
4(3462 3479 3480 3463)
4(3479 3496 3497 3480)
4(3496 3513 3514 3497)
4(3513 3530 3531 3514)
4(3530 2731 2732 3531)
4(3276 3293 3294 3277)
4(3293 3310 3311 3294)
4(3310 3327 3328 3311)
4(3327 3344 3345 3328)
4(3344 3361 3362 3345)
4(3361 3378 3379 3362)
4(3378 3395 3396 3379)
4(3395 3412 3413 3396)
4(3412 3429 3430 3413)
4(3429 3446 3447 3430)
4(3446 3463 3464 3447)
4(3463 3480 3481 3464)
4(3480 3497 3498 3481)
4(3497 3514 3515 3498)
4(3514 3531 3532 3515)
4(3531 2732 2733 3532)
4(3277 3294 3295 3278)
4(3294 3311 3312 3295)
4(3311 3328 3329 3312)
4(3328 3345 3346 3329)
4(3345 3362 3363 3346)
4(3362 3379 3380 3363)
4(3379 3396 3397 3380)
4(3396 3413 3414 3397)
4(3413 3430 3431 3414)
4(3430 3447 3448 3431)
4(3447 3464 3465 3448)
4(3464 3481 3482 3465)
4(3481 3498 3499 3482)
4(3498 3515 3516 3499)
4(3515 3532 3533 3516)
4(3532 2733 2734 3533)
4(3278 3295 3296 3279)
4(3295 3312 3313 3296)
4(3312 3329 3330 3313)
4(3329 3346 3347 3330)
4(3346 3363 3364 3347)
4(3363 3380 3381 3364)
4(3380 3397 3398 3381)
4(3397 3414 3415 3398)
4(3414 3431 3432 3415)
4(3431 3448 3449 3432)
4(3448 3465 3466 3449)
4(3465 3482 3483 3466)
4(3482 3499 3500 3483)
4(3499 3516 3517 3500)
4(3516 3533 3534 3517)
4(3533 2734 2735 3534)
4(3279 3296 3297 3280)
4(3296 3313 3314 3297)
4(3313 3330 3331 3314)
4(3330 3347 3348 3331)
4(3347 3364 3365 3348)
4(3364 3381 3382 3365)
4(3381 3398 3399 3382)
4(3398 3415 3416 3399)
4(3415 3432 3433 3416)
4(3432 3449 3450 3433)
4(3449 3466 3467 3450)
4(3466 3483 3484 3467)
4(3483 3500 3501 3484)
4(3500 3517 3518 3501)
4(3517 3534 3535 3518)
4(3534 2735 2736 3535)
4(3280 3297 3298 3281)
4(3297 3314 3315 3298)
4(3314 3331 3332 3315)
4(3331 3348 3349 3332)
4(3348 3365 3366 3349)
4(3365 3382 3383 3366)
4(3382 3399 3400 3383)
4(3399 3416 3417 3400)
4(3416 3433 3434 3417)
4(3433 3450 3451 3434)
4(3450 3467 3468 3451)
4(3467 3484 3485 3468)
4(3484 3501 3502 3485)
4(3501 3518 3519 3502)
4(3518 3535 3536 3519)
4(3535 2736 2737 3536)
4(3281 3298 3299 3282)
4(3298 3315 3316 3299)
4(3315 3332 3333 3316)
4(3332 3349 3350 3333)
4(3349 3366 3367 3350)
4(3366 3383 3384 3367)
4(3383 3400 3401 3384)
4(3400 3417 3418 3401)
4(3417 3434 3435 3418)
4(3434 3451 3452 3435)
4(3451 3468 3469 3452)
4(3468 3485 3486 3469)
4(3485 3502 3503 3486)
4(3502 3519 3520 3503)
4(3519 3536 3537 3520)
4(3536 2737 2738 3537)
4(3538 3539 3556 3555)
4(3555 3556 3573 3572)
4(3572 3573 3590 3589)
4(3589 3590 3607 3606)
4(3606 3607 3624 3623)
4(3623 3624 3641 3640)
4(3640 3641 3658 3657)
4(3657 3658 3675 3674)
4(3674 3675 3692 3691)
4(3691 3692 3709 3708)
4(3708 3709 3726 3725)
4(3725 3726 3743 3742)
4(3742 3743 3760 3759)
4(3759 3760 3777 3776)
4(3776 3777 3794 3793)
4(3793 3794 2995 2994)
4(3539 3540 3557 3556)
4(3556 3557 3574 3573)
4(3573 3574 3591 3590)
4(3590 3591 3608 3607)
4(3607 3608 3625 3624)
4(3624 3625 3642 3641)
4(3641 3642 3659 3658)
4(3658 3659 3676 3675)
4(3675 3676 3693 3692)
4(3692 3693 3710 3709)
4(3709 3710 3727 3726)
4(3726 3727 3744 3743)
4(3743 3744 3761 3760)
4(3760 3761 3778 3777)
4(3777 3778 3795 3794)
4(3794 3795 2996 2995)
4(3540 3541 3558 3557)
4(3557 3558 3575 3574)
4(3574 3575 3592 3591)
4(3591 3592 3609 3608)
4(3608 3609 3626 3625)
4(3625 3626 3643 3642)
4(3642 3643 3660 3659)
4(3659 3660 3677 3676)
4(3676 3677 3694 3693)
4(3693 3694 3711 3710)
4(3710 3711 3728 3727)
4(3727 3728 3745 3744)
4(3744 3745 3762 3761)
4(3761 3762 3779 3778)
4(3778 3779 3796 3795)
4(3795 3796 2997 2996)
4(3541 3542 3559 3558)
4(3558 3559 3576 3575)
4(3575 3576 3593 3592)
4(3592 3593 3610 3609)
4(3609 3610 3627 3626)
4(3626 3627 3644 3643)
4(3643 3644 3661 3660)
4(3660 3661 3678 3677)
4(3677 3678 3695 3694)
4(3694 3695 3712 3711)
4(3711 3712 3729 3728)
4(3728 3729 3746 3745)
4(3745 3746 3763 3762)
4(3762 3763 3780 3779)
4(3779 3780 3797 3796)
4(3796 3797 2998 2997)
4(3542 3543 3560 3559)
4(3559 3560 3577 3576)
4(3576 3577 3594 3593)
4(3593 3594 3611 3610)
4(3610 3611 3628 3627)
4(3627 3628 3645 3644)
4(3644 3645 3662 3661)
4(3661 3662 3679 3678)
4(3678 3679 3696 3695)
4(3695 3696 3713 3712)
4(3712 3713 3730 3729)
4(3729 3730 3747 3746)
4(3746 3747 3764 3763)
4(3763 3764 3781 3780)
4(3780 3781 3798 3797)
4(3797 3798 2999 2998)
4(3543 3544 3561 3560)
4(3560 3561 3578 3577)
4(3577 3578 3595 3594)
4(3594 3595 3612 3611)
4(3611 3612 3629 3628)
4(3628 3629 3646 3645)
4(3645 3646 3663 3662)
4(3662 3663 3680 3679)
4(3679 3680 3697 3696)
4(3696 3697 3714 3713)
4(3713 3714 3731 3730)
4(3730 3731 3748 3747)
4(3747 3748 3765 3764)
4(3764 3765 3782 3781)
4(3781 3782 3799 3798)
4(3798 3799 3000 2999)
4(3544 3545 3562 3561)
4(3561 3562 3579 3578)
4(3578 3579 3596 3595)
4(3595 3596 3613 3612)
4(3612 3613 3630 3629)
4(3629 3630 3647 3646)
4(3646 3647 3664 3663)
4(3663 3664 3681 3680)
4(3680 3681 3698 3697)
4(3697 3698 3715 3714)
4(3714 3715 3732 3731)
4(3731 3732 3749 3748)
4(3748 3749 3766 3765)
4(3765 3766 3783 3782)
4(3782 3783 3800 3799)
4(3799 3800 3001 3000)
4(3545 3546 3563 3562)
4(3562 3563 3580 3579)
4(3579 3580 3597 3596)
4(3596 3597 3614 3613)
4(3613 3614 3631 3630)
4(3630 3631 3648 3647)
4(3647 3648 3665 3664)
4(3664 3665 3682 3681)
4(3681 3682 3699 3698)
4(3698 3699 3716 3715)
4(3715 3716 3733 3732)
4(3732 3733 3750 3749)
4(3749 3750 3767 3766)
4(3766 3767 3784 3783)
4(3783 3784 3801 3800)
4(3800 3801 3002 3001)
4(3546 3547 3564 3563)
4(3563 3564 3581 3580)
4(3580 3581 3598 3597)
4(3597 3598 3615 3614)
4(3614 3615 3632 3631)
4(3631 3632 3649 3648)
4(3648 3649 3666 3665)
4(3665 3666 3683 3682)
4(3682 3683 3700 3699)
4(3699 3700 3717 3716)
4(3716 3717 3734 3733)
4(3733 3734 3751 3750)
4(3750 3751 3768 3767)
4(3767 3768 3785 3784)
4(3784 3785 3802 3801)
4(3801 3802 3003 3002)
4(3547 3548 3565 3564)
4(3564 3565 3582 3581)
4(3581 3582 3599 3598)
4(3598 3599 3616 3615)
4(3615 3616 3633 3632)
4(3632 3633 3650 3649)
4(3649 3650 3667 3666)
4(3666 3667 3684 3683)
4(3683 3684 3701 3700)
4(3700 3701 3718 3717)
4(3717 3718 3735 3734)
4(3734 3735 3752 3751)
4(3751 3752 3769 3768)
4(3768 3769 3786 3785)
4(3785 3786 3803 3802)
4(3802 3803 3004 3003)
4(3548 3549 3566 3565)
4(3565 3566 3583 3582)
4(3582 3583 3600 3599)
4(3599 3600 3617 3616)
4(3616 3617 3634 3633)
4(3633 3634 3651 3650)
4(3650 3651 3668 3667)
4(3667 3668 3685 3684)
4(3684 3685 3702 3701)
4(3701 3702 3719 3718)
4(3718 3719 3736 3735)
4(3735 3736 3753 3752)
4(3752 3753 3770 3769)
4(3769 3770 3787 3786)
4(3786 3787 3804 3803)
4(3803 3804 3005 3004)
4(3549 3550 3567 3566)
4(3566 3567 3584 3583)
4(3583 3584 3601 3600)
4(3600 3601 3618 3617)
4(3617 3618 3635 3634)
4(3634 3635 3652 3651)
4(3651 3652 3669 3668)
4(3668 3669 3686 3685)
4(3685 3686 3703 3702)
4(3702 3703 3720 3719)
4(3719 3720 3737 3736)
4(3736 3737 3754 3753)
4(3753 3754 3771 3770)
4(3770 3771 3788 3787)
4(3787 3788 3805 3804)
4(3804 3805 3006 3005)
4(3550 3551 3568 3567)
4(3567 3568 3585 3584)
4(3584 3585 3602 3601)
4(3601 3602 3619 3618)
4(3618 3619 3636 3635)
4(3635 3636 3653 3652)
4(3652 3653 3670 3669)
4(3669 3670 3687 3686)
4(3686 3687 3704 3703)
4(3703 3704 3721 3720)
4(3720 3721 3738 3737)
4(3737 3738 3755 3754)
4(3754 3755 3772 3771)
4(3771 3772 3789 3788)
4(3788 3789 3806 3805)
4(3805 3806 3007 3006)
4(3551 3552 3569 3568)
4(3568 3569 3586 3585)
4(3585 3586 3603 3602)
4(3602 3603 3620 3619)
4(3619 3620 3637 3636)
4(3636 3637 3654 3653)
4(3653 3654 3671 3670)
4(3670 3671 3688 3687)
4(3687 3688 3705 3704)
4(3704 3705 3722 3721)
4(3721 3722 3739 3738)
4(3738 3739 3756 3755)
4(3755 3756 3773 3772)
4(3772 3773 3790 3789)
4(3789 3790 3807 3806)
4(3806 3807 3008 3007)
4(3552 3553 3570 3569)
4(3569 3570 3587 3586)
4(3586 3587 3604 3603)
4(3603 3604 3621 3620)
4(3620 3621 3638 3637)
4(3637 3638 3655 3654)
4(3654 3655 3672 3671)
4(3671 3672 3689 3688)
4(3688 3689 3706 3705)
4(3705 3706 3723 3722)
4(3722 3723 3740 3739)
4(3739 3740 3757 3756)
4(3756 3757 3774 3773)
4(3773 3774 3791 3790)
4(3790 3791 3808 3807)
4(3807 3808 3009 3008)
4(3553 3554 3571 3570)
4(3570 3571 3588 3587)
4(3587 3588 3605 3604)
4(3604 3605 3622 3621)
4(3621 3622 3639 3638)
4(3638 3639 3656 3655)
4(3655 3656 3673 3672)
4(3672 3673 3690 3689)
4(3689 3690 3707 3706)
4(3706 3707 3724 3723)
4(3723 3724 3741 3740)
4(3740 3741 3758 3757)
4(3757 3758 3775 3774)
4(3774 3775 3792 3791)
4(3791 3792 3809 3808)
4(3808 3809 3010 3009)
4(3810 3826 3827 3811)
4(3826 3842 3843 3827)
4(3842 3858 3859 3843)
4(3858 3874 3875 3859)
4(3874 3890 3891 3875)
4(3890 3906 3907 3891)
4(3906 3922 3923 3907)
4(3922 3938 3939 3923)
4(3938 3954 3955 3939)
4(3954 3970 3971 3955)
4(3970 3986 3987 3971)
4(3986 4002 4003 3987)
4(4002 4018 4019 4003)
4(4018 4034 4035 4019)
4(4034 4050 4051 4035)
4(4050 4066 4067 4051)
4(3811 3827 3828 3812)
4(3827 3843 3844 3828)
4(3843 3859 3860 3844)
4(3859 3875 3876 3860)
4(3875 3891 3892 3876)
4(3891 3907 3908 3892)
4(3907 3923 3924 3908)
4(3923 3939 3940 3924)
4(3939 3955 3956 3940)
4(3955 3971 3972 3956)
4(3971 3987 3988 3972)
4(3987 4003 4004 3988)
4(4003 4019 4020 4004)
4(4019 4035 4036 4020)
4(4035 4051 4052 4036)
4(4051 4067 4068 4052)
4(3812 3828 3829 3813)
4(3828 3844 3845 3829)
4(3844 3860 3861 3845)
4(3860 3876 3877 3861)
4(3876 3892 3893 3877)
4(3892 3908 3909 3893)
4(3908 3924 3925 3909)
4(3924 3940 3941 3925)
4(3940 3956 3957 3941)
4(3956 3972 3973 3957)
4(3972 3988 3989 3973)
4(3988 4004 4005 3989)
4(4004 4020 4021 4005)
4(4020 4036 4037 4021)
4(4036 4052 4053 4037)
4(4052 4068 4069 4053)
4(3813 3829 3830 3814)
4(3829 3845 3846 3830)
4(3845 3861 3862 3846)
4(3861 3877 3878 3862)
4(3877 3893 3894 3878)
4(3893 3909 3910 3894)
4(3909 3925 3926 3910)
4(3925 3941 3942 3926)
4(3941 3957 3958 3942)
4(3957 3973 3974 3958)
4(3973 3989 3990 3974)
4(3989 4005 4006 3990)
4(4005 4021 4022 4006)
4(4021 4037 4038 4022)
4(4037 4053 4054 4038)
4(4053 4069 4070 4054)
4(3814 3830 3831 3815)
4(3830 3846 3847 3831)
4(3846 3862 3863 3847)
4(3862 3878 3879 3863)
4(3878 3894 3895 3879)
4(3894 3910 3911 3895)
4(3910 3926 3927 3911)
4(3926 3942 3943 3927)
4(3942 3958 3959 3943)
4(3958 3974 3975 3959)
4(3974 3990 3991 3975)
4(3990 4006 4007 3991)
4(4006 4022 4023 4007)
4(4022 4038 4039 4023)
4(4038 4054 4055 4039)
4(4054 4070 4071 4055)
4(3815 3831 3832 3816)
4(3831 3847 3848 3832)
4(3847 3863 3864 3848)
4(3863 3879 3880 3864)
4(3879 3895 3896 3880)
4(3895 3911 3912 3896)
4(3911 3927 3928 3912)
4(3927 3943 3944 3928)
4(3943 3959 3960 3944)
4(3959 3975 3976 3960)
4(3975 3991 3992 3976)
4(3991 4007 4008 3992)
4(4007 4023 4024 4008)
4(4023 4039 4040 4024)
4(4039 4055 4056 4040)
4(4055 4071 4072 4056)
4(3816 3832 3833 3817)
4(3832 3848 3849 3833)
4(3848 3864 3865 3849)
4(3864 3880 3881 3865)
4(3880 3896 3897 3881)
4(3896 3912 3913 3897)
4(3912 3928 3929 3913)
4(3928 3944 3945 3929)
4(3944 3960 3961 3945)
4(3960 3976 3977 3961)
4(3976 3992 3993 3977)
4(3992 4008 4009 3993)
4(4008 4024 4025 4009)
4(4024 4040 4041 4025)
4(4040 4056 4057 4041)
4(4056 4072 4073 4057)
4(3817 3833 3834 3818)
4(3833 3849 3850 3834)
4(3849 3865 3866 3850)
4(3865 3881 3882 3866)
4(3881 3897 3898 3882)
4(3897 3913 3914 3898)
4(3913 3929 3930 3914)
4(3929 3945 3946 3930)
4(3945 3961 3962 3946)
4(3961 3977 3978 3962)
4(3977 3993 3994 3978)
4(3993 4009 4010 3994)
4(4009 4025 4026 4010)
4(4025 4041 4042 4026)
4(4041 4057 4058 4042)
4(4057 4073 4074 4058)
4(3818 3834 3835 3819)
4(3834 3850 3851 3835)
4(3850 3866 3867 3851)
4(3866 3882 3883 3867)
4(3882 3898 3899 3883)
4(3898 3914 3915 3899)
4(3914 3930 3931 3915)
4(3930 3946 3947 3931)
4(3946 3962 3963 3947)
4(3962 3978 3979 3963)
4(3978 3994 3995 3979)
4(3994 4010 4011 3995)
4(4010 4026 4027 4011)
4(4026 4042 4043 4027)
4(4042 4058 4059 4043)
4(4058 4074 4075 4059)
4(3819 3835 3836 3820)
4(3835 3851 3852 3836)
4(3851 3867 3868 3852)
4(3867 3883 3884 3868)
4(3883 3899 3900 3884)
4(3899 3915 3916 3900)
4(3915 3931 3932 3916)
4(3931 3947 3948 3932)
4(3947 3963 3964 3948)
4(3963 3979 3980 3964)
4(3979 3995 3996 3980)
4(3995 4011 4012 3996)
4(4011 4027 4028 4012)
4(4027 4043 4044 4028)
4(4043 4059 4060 4044)
4(4059 4075 4076 4060)
4(3820 3836 3837 3821)
4(3836 3852 3853 3837)
4(3852 3868 3869 3853)
4(3868 3884 3885 3869)
4(3884 3900 3901 3885)
4(3900 3916 3917 3901)
4(3916 3932 3933 3917)
4(3932 3948 3949 3933)
4(3948 3964 3965 3949)
4(3964 3980 3981 3965)
4(3980 3996 3997 3981)
4(3996 4012 4013 3997)
4(4012 4028 4029 4013)
4(4028 4044 4045 4029)
4(4044 4060 4061 4045)
4(4060 4076 4077 4061)
4(3821 3837 3838 3822)
4(3837 3853 3854 3838)
4(3853 3869 3870 3854)
4(3869 3885 3886 3870)
4(3885 3901 3902 3886)
4(3901 3917 3918 3902)
4(3917 3933 3934 3918)
4(3933 3949 3950 3934)
4(3949 3965 3966 3950)
4(3965 3981 3982 3966)
4(3981 3997 3998 3982)
4(3997 4013 4014 3998)
4(4013 4029 4030 4014)
4(4029 4045 4046 4030)
4(4045 4061 4062 4046)
4(4061 4077 4078 4062)
4(3822 3838 3839 3823)
4(3838 3854 3855 3839)
4(3854 3870 3871 3855)
4(3870 3886 3887 3871)
4(3886 3902 3903 3887)
4(3902 3918 3919 3903)
4(3918 3934 3935 3919)
4(3934 3950 3951 3935)
4(3950 3966 3967 3951)
4(3966 3982 3983 3967)
4(3982 3998 3999 3983)
4(3998 4014 4015 3999)
4(4014 4030 4031 4015)
4(4030 4046 4047 4031)
4(4046 4062 4063 4047)
4(4062 4078 4079 4063)
4(3823 3839 3840 3824)
4(3839 3855 3856 3840)
4(3855 3871 3872 3856)
4(3871 3887 3888 3872)
4(3887 3903 3904 3888)
4(3903 3919 3920 3904)
4(3919 3935 3936 3920)
4(3935 3951 3952 3936)
4(3951 3967 3968 3952)
4(3967 3983 3984 3968)
4(3983 3999 4000 3984)
4(3999 4015 4016 4000)
4(4015 4031 4032 4016)
4(4031 4047 4048 4032)
4(4047 4063 4064 4048)
4(4063 4079 4080 4064)
4(3824 3840 3841 3825)
4(3840 3856 3857 3841)
4(3856 3872 3873 3857)
4(3872 3888 3889 3873)
4(3888 3904 3905 3889)
4(3904 3920 3921 3905)
4(3920 3936 3937 3921)
4(3936 3952 3953 3937)
4(3952 3968 3969 3953)
4(3968 3984 3985 3969)
4(3984 4000 4001 3985)
4(4000 4016 4017 4001)
4(4016 4032 4033 4017)
4(4032 4048 4049 4033)
4(4048 4064 4065 4049)
4(4064 4080 4081 4065)
4(3825 3841 3283 3266)
4(3841 3857 3300 3283)
4(3857 3873 3317 3300)
4(3873 3889 3334 3317)
4(3889 3905 3351 3334)
4(3905 3921 3368 3351)
4(3921 3937 3385 3368)
4(3937 3953 3402 3385)
4(3953 3969 3419 3402)
4(3969 3985 3436 3419)
4(3985 4001 3453 3436)
4(4001 4017 3470 3453)
4(4017 4033 3487 3470)
4(4033 4049 3504 3487)
4(4049 4065 3521 3504)
4(4065 4081 2722 3521)
4(4082 4083 4099 4098)
4(4098 4099 4115 4114)
4(4114 4115 4131 4130)
4(4130 4131 4147 4146)
4(4146 4147 4163 4162)
4(4162 4163 4179 4178)
4(4178 4179 4195 4194)
4(4194 4195 4211 4210)
4(4210 4211 4227 4226)
4(4226 4227 4243 4242)
4(4242 4243 4259 4258)
4(4258 4259 4275 4274)
4(4274 4275 4291 4290)
4(4290 4291 4307 4306)
4(4306 4307 4323 4322)
4(4322 4323 4339 4338)
4(4083 4084 4100 4099)
4(4099 4100 4116 4115)
4(4115 4116 4132 4131)
4(4131 4132 4148 4147)
4(4147 4148 4164 4163)
4(4163 4164 4180 4179)
4(4179 4180 4196 4195)
4(4195 4196 4212 4211)
4(4211 4212 4228 4227)
4(4227 4228 4244 4243)
4(4243 4244 4260 4259)
4(4259 4260 4276 4275)
4(4275 4276 4292 4291)
4(4291 4292 4308 4307)
4(4307 4308 4324 4323)
4(4323 4324 4340 4339)
4(4084 4085 4101 4100)
4(4100 4101 4117 4116)
4(4116 4117 4133 4132)
4(4132 4133 4149 4148)
4(4148 4149 4165 4164)
4(4164 4165 4181 4180)
4(4180 4181 4197 4196)
4(4196 4197 4213 4212)
4(4212 4213 4229 4228)
4(4228 4229 4245 4244)
4(4244 4245 4261 4260)
4(4260 4261 4277 4276)
4(4276 4277 4293 4292)
4(4292 4293 4309 4308)
4(4308 4309 4325 4324)
4(4324 4325 4341 4340)
4(4085 4086 4102 4101)
4(4101 4102 4118 4117)
4(4117 4118 4134 4133)
4(4133 4134 4150 4149)
4(4149 4150 4166 4165)
4(4165 4166 4182 4181)
4(4181 4182 4198 4197)
4(4197 4198 4214 4213)
4(4213 4214 4230 4229)
4(4229 4230 4246 4245)
4(4245 4246 4262 4261)
4(4261 4262 4278 4277)
4(4277 4278 4294 4293)
4(4293 4294 4310 4309)
4(4309 4310 4326 4325)
4(4325 4326 4342 4341)
4(4086 4087 4103 4102)
4(4102 4103 4119 4118)
4(4118 4119 4135 4134)
4(4134 4135 4151 4150)
4(4150 4151 4167 4166)
4(4166 4167 4183 4182)
4(4182 4183 4199 4198)
4(4198 4199 4215 4214)
4(4214 4215 4231 4230)
4(4230 4231 4247 4246)
4(4246 4247 4263 4262)
4(4262 4263 4279 4278)
4(4278 4279 4295 4294)
4(4294 4295 4311 4310)
4(4310 4311 4327 4326)
4(4326 4327 4343 4342)
4(4087 4088 4104 4103)
4(4103 4104 4120 4119)
4(4119 4120 4136 4135)
4(4135 4136 4152 4151)
4(4151 4152 4168 4167)
4(4167 4168 4184 4183)
4(4183 4184 4200 4199)
4(4199 4200 4216 4215)
4(4215 4216 4232 4231)
4(4231 4232 4248 4247)
4(4247 4248 4264 4263)
4(4263 4264 4280 4279)
4(4279 4280 4296 4295)
4(4295 4296 4312 4311)
4(4311 4312 4328 4327)
4(4327 4328 4344 4343)
4(4088 4089 4105 4104)
4(4104 4105 4121 4120)
4(4120 4121 4137 4136)
4(4136 4137 4153 4152)
4(4152 4153 4169 4168)
4(4168 4169 4185 4184)
4(4184 4185 4201 4200)
4(4200 4201 4217 4216)
4(4216 4217 4233 4232)
4(4232 4233 4249 4248)
4(4248 4249 4265 4264)
4(4264 4265 4281 4280)
4(4280 4281 4297 4296)
4(4296 4297 4313 4312)
4(4312 4313 4329 4328)
4(4328 4329 4345 4344)
4(4089 4090 4106 4105)
4(4105 4106 4122 4121)
4(4121 4122 4138 4137)
4(4137 4138 4154 4153)
4(4153 4154 4170 4169)
4(4169 4170 4186 4185)
4(4185 4186 4202 4201)
4(4201 4202 4218 4217)
4(4217 4218 4234 4233)
4(4233 4234 4250 4249)
4(4249 4250 4266 4265)
4(4265 4266 4282 4281)
4(4281 4282 4298 4297)
4(4297 4298 4314 4313)
4(4313 4314 4330 4329)
4(4329 4330 4346 4345)
4(4090 4091 4107 4106)
4(4106 4107 4123 4122)
4(4122 4123 4139 4138)
4(4138 4139 4155 4154)
4(4154 4155 4171 4170)
4(4170 4171 4187 4186)
4(4186 4187 4203 4202)
4(4202 4203 4219 4218)
4(4218 4219 4235 4234)
4(4234 4235 4251 4250)
4(4250 4251 4267 4266)
4(4266 4267 4283 4282)
4(4282 4283 4299 4298)
4(4298 4299 4315 4314)
4(4314 4315 4331 4330)
4(4330 4331 4347 4346)
4(4091 4092 4108 4107)
4(4107 4108 4124 4123)
4(4123 4124 4140 4139)
4(4139 4140 4156 4155)
4(4155 4156 4172 4171)
4(4171 4172 4188 4187)
4(4187 4188 4204 4203)
4(4203 4204 4220 4219)
4(4219 4220 4236 4235)
4(4235 4236 4252 4251)
4(4251 4252 4268 4267)
4(4267 4268 4284 4283)
4(4283 4284 4300 4299)
4(4299 4300 4316 4315)
4(4315 4316 4332 4331)
4(4331 4332 4348 4347)
4(4092 4093 4109 4108)
4(4108 4109 4125 4124)
4(4124 4125 4141 4140)
4(4140 4141 4157 4156)
4(4156 4157 4173 4172)
4(4172 4173 4189 4188)
4(4188 4189 4205 4204)
4(4204 4205 4221 4220)
4(4220 4221 4237 4236)
4(4236 4237 4253 4252)
4(4252 4253 4269 4268)
4(4268 4269 4285 4284)
4(4284 4285 4301 4300)
4(4300 4301 4317 4316)
4(4316 4317 4333 4332)
4(4332 4333 4349 4348)
4(4093 4094 4110 4109)
4(4109 4110 4126 4125)
4(4125 4126 4142 4141)
4(4141 4142 4158 4157)
4(4157 4158 4174 4173)
4(4173 4174 4190 4189)
4(4189 4190 4206 4205)
4(4205 4206 4222 4221)
4(4221 4222 4238 4237)
4(4237 4238 4254 4253)
4(4253 4254 4270 4269)
4(4269 4270 4286 4285)
4(4285 4286 4302 4301)
4(4301 4302 4318 4317)
4(4317 4318 4334 4333)
4(4333 4334 4350 4349)
4(4094 4095 4111 4110)
4(4110 4111 4127 4126)
4(4126 4127 4143 4142)
4(4142 4143 4159 4158)
4(4158 4159 4175 4174)
4(4174 4175 4191 4190)
4(4190 4191 4207 4206)
4(4206 4207 4223 4222)
4(4222 4223 4239 4238)
4(4238 4239 4255 4254)
4(4254 4255 4271 4270)
4(4270 4271 4287 4286)
4(4286 4287 4303 4302)
4(4302 4303 4319 4318)
4(4318 4319 4335 4334)
4(4334 4335 4351 4350)
4(4095 4096 4112 4111)
4(4111 4112 4128 4127)
4(4127 4128 4144 4143)
4(4143 4144 4160 4159)
4(4159 4160 4176 4175)
4(4175 4176 4192 4191)
4(4191 4192 4208 4207)
4(4207 4208 4224 4223)
4(4223 4224 4240 4239)
4(4239 4240 4256 4255)
4(4255 4256 4272 4271)
4(4271 4272 4288 4287)
4(4287 4288 4304 4303)
4(4303 4304 4320 4319)
4(4319 4320 4336 4335)
4(4335 4336 4352 4351)
4(4096 4097 4113 4112)
4(4112 4113 4129 4128)
4(4128 4129 4145 4144)
4(4144 4145 4161 4160)
4(4160 4161 4177 4176)
4(4176 4177 4193 4192)
4(4192 4193 4209 4208)
4(4208 4209 4225 4224)
4(4224 4225 4241 4240)
4(4240 4241 4257 4256)
4(4256 4257 4273 4272)
4(4272 4273 4289 4288)
4(4288 4289 4305 4304)
4(4304 4305 4321 4320)
4(4320 4321 4337 4336)
4(4336 4337 4353 4352)
4(4097 3538 3555 4113)
4(4113 3555 3572 4129)
4(4129 3572 3589 4145)
4(4145 3589 3606 4161)
4(4161 3606 3623 4177)
4(4177 3623 3640 4193)
4(4193 3640 3657 4209)
4(4209 3657 3674 4225)
4(4225 3674 3691 4241)
4(4241 3691 3708 4257)
4(4257 3708 3725 4273)
4(4273 3725 3742 4289)
4(4289 3742 3759 4305)
4(4305 3759 3776 4321)
4(4321 3776 3793 4337)
4(4337 3793 2994 4353)
4(4066 4354 4355 4067)
4(4354 4371 4372 4355)
4(4371 4388 4389 4372)
4(4388 4405 4406 4389)
4(4405 4422 4423 4406)
4(4422 4439 4440 4423)
4(4439 4456 4457 4440)
4(4456 4473 4474 4457)
4(4473 4490 4491 4474)
4(4490 4507 4508 4491)
4(4507 4524 4525 4508)
4(4524 4541 4542 4525)
4(4541 4558 4559 4542)
4(4558 4575 4576 4559)
4(4575 4592 4593 4576)
4(4592 4609 4610 4593)
4(4067 4355 4356 4068)
4(4355 4372 4373 4356)
4(4372 4389 4390 4373)
4(4389 4406 4407 4390)
4(4406 4423 4424 4407)
4(4423 4440 4441 4424)
4(4440 4457 4458 4441)
4(4457 4474 4475 4458)
4(4474 4491 4492 4475)
4(4491 4508 4509 4492)
4(4508 4525 4526 4509)
4(4525 4542 4543 4526)
4(4542 4559 4560 4543)
4(4559 4576 4577 4560)
4(4576 4593 4594 4577)
4(4593 4610 4611 4594)
4(4068 4356 4357 4069)
4(4356 4373 4374 4357)
4(4373 4390 4391 4374)
4(4390 4407 4408 4391)
4(4407 4424 4425 4408)
4(4424 4441 4442 4425)
4(4441 4458 4459 4442)
4(4458 4475 4476 4459)
4(4475 4492 4493 4476)
4(4492 4509 4510 4493)
4(4509 4526 4527 4510)
4(4526 4543 4544 4527)
4(4543 4560 4561 4544)
4(4560 4577 4578 4561)
4(4577 4594 4595 4578)
4(4594 4611 4612 4595)
4(4069 4357 4358 4070)
4(4357 4374 4375 4358)
4(4374 4391 4392 4375)
4(4391 4408 4409 4392)
4(4408 4425 4426 4409)
4(4425 4442 4443 4426)
4(4442 4459 4460 4443)
4(4459 4476 4477 4460)
4(4476 4493 4494 4477)
4(4493 4510 4511 4494)
4(4510 4527 4528 4511)
4(4527 4544 4545 4528)
4(4544 4561 4562 4545)
4(4561 4578 4579 4562)
4(4578 4595 4596 4579)
4(4595 4612 4613 4596)
4(4070 4358 4359 4071)
4(4358 4375 4376 4359)
4(4375 4392 4393 4376)
4(4392 4409 4410 4393)
4(4409 4426 4427 4410)
4(4426 4443 4444 4427)
4(4443 4460 4461 4444)
4(4460 4477 4478 4461)
4(4477 4494 4495 4478)
4(4494 4511 4512 4495)
4(4511 4528 4529 4512)
4(4528 4545 4546 4529)
4(4545 4562 4563 4546)
4(4562 4579 4580 4563)
4(4579 4596 4597 4580)
4(4596 4613 4614 4597)
4(4071 4359 4360 4072)
4(4359 4376 4377 4360)
4(4376 4393 4394 4377)
4(4393 4410 4411 4394)
4(4410 4427 4428 4411)
4(4427 4444 4445 4428)
4(4444 4461 4462 4445)
4(4461 4478 4479 4462)
4(4478 4495 4496 4479)
4(4495 4512 4513 4496)
4(4512 4529 4530 4513)
4(4529 4546 4547 4530)
4(4546 4563 4564 4547)
4(4563 4580 4581 4564)
4(4580 4597 4598 4581)
4(4597 4614 4615 4598)
4(4072 4360 4361 4073)
4(4360 4377 4378 4361)
4(4377 4394 4395 4378)
4(4394 4411 4412 4395)
4(4411 4428 4429 4412)
4(4428 4445 4446 4429)
4(4445 4462 4463 4446)
4(4462 4479 4480 4463)
4(4479 4496 4497 4480)
4(4496 4513 4514 4497)
4(4513 4530 4531 4514)
4(4530 4547 4548 4531)
4(4547 4564 4565 4548)
4(4564 4581 4582 4565)
4(4581 4598 4599 4582)
4(4598 4615 4616 4599)
4(4073 4361 4362 4074)
4(4361 4378 4379 4362)
4(4378 4395 4396 4379)
4(4395 4412 4413 4396)
4(4412 4429 4430 4413)
4(4429 4446 4447 4430)
4(4446 4463 4464 4447)
4(4463 4480 4481 4464)
4(4480 4497 4498 4481)
4(4497 4514 4515 4498)
4(4514 4531 4532 4515)
4(4531 4548 4549 4532)
4(4548 4565 4566 4549)
4(4565 4582 4583 4566)
4(4582 4599 4600 4583)
4(4599 4616 4617 4600)
4(4074 4362 4363 4075)
4(4362 4379 4380 4363)
4(4379 4396 4397 4380)
4(4396 4413 4414 4397)
4(4413 4430 4431 4414)
4(4430 4447 4448 4431)
4(4447 4464 4465 4448)
4(4464 4481 4482 4465)
4(4481 4498 4499 4482)
4(4498 4515 4516 4499)
4(4515 4532 4533 4516)
4(4532 4549 4550 4533)
4(4549 4566 4567 4550)
4(4566 4583 4584 4567)
4(4583 4600 4601 4584)
4(4600 4617 4618 4601)
4(4075 4363 4364 4076)
4(4363 4380 4381 4364)
4(4380 4397 4398 4381)
4(4397 4414 4415 4398)
4(4414 4431 4432 4415)
4(4431 4448 4449 4432)
4(4448 4465 4466 4449)
4(4465 4482 4483 4466)
4(4482 4499 4500 4483)
4(4499 4516 4517 4500)
4(4516 4533 4534 4517)
4(4533 4550 4551 4534)
4(4550 4567 4568 4551)
4(4567 4584 4585 4568)
4(4584 4601 4602 4585)
4(4601 4618 4619 4602)
4(4076 4364 4365 4077)
4(4364 4381 4382 4365)
4(4381 4398 4399 4382)
4(4398 4415 4416 4399)
4(4415 4432 4433 4416)
4(4432 4449 4450 4433)
4(4449 4466 4467 4450)
4(4466 4483 4484 4467)
4(4483 4500 4501 4484)
4(4500 4517 4518 4501)
4(4517 4534 4535 4518)
4(4534 4551 4552 4535)
4(4551 4568 4569 4552)
4(4568 4585 4586 4569)
4(4585 4602 4603 4586)
4(4602 4619 4620 4603)
4(4077 4365 4366 4078)
4(4365 4382 4383 4366)
4(4382 4399 4400 4383)
4(4399 4416 4417 4400)
4(4416 4433 4434 4417)
4(4433 4450 4451 4434)
4(4450 4467 4468 4451)
4(4467 4484 4485 4468)
4(4484 4501 4502 4485)
4(4501 4518 4519 4502)
4(4518 4535 4536 4519)
4(4535 4552 4553 4536)
4(4552 4569 4570 4553)
4(4569 4586 4587 4570)
4(4586 4603 4604 4587)
4(4603 4620 4621 4604)
4(4078 4366 4367 4079)
4(4366 4383 4384 4367)
4(4383 4400 4401 4384)
4(4400 4417 4418 4401)
4(4417 4434 4435 4418)
4(4434 4451 4452 4435)
4(4451 4468 4469 4452)
4(4468 4485 4486 4469)
4(4485 4502 4503 4486)
4(4502 4519 4520 4503)
4(4519 4536 4537 4520)
4(4536 4553 4554 4537)
4(4553 4570 4571 4554)
4(4570 4587 4588 4571)
4(4587 4604 4605 4588)
4(4604 4621 4622 4605)
4(4079 4367 4368 4080)
4(4367 4384 4385 4368)
4(4384 4401 4402 4385)
4(4401 4418 4419 4402)
4(4418 4435 4436 4419)
4(4435 4452 4453 4436)
4(4452 4469 4470 4453)
4(4469 4486 4487 4470)
4(4486 4503 4504 4487)
4(4503 4520 4521 4504)
4(4520 4537 4538 4521)
4(4537 4554 4555 4538)
4(4554 4571 4572 4555)
4(4571 4588 4589 4572)
4(4588 4605 4606 4589)
4(4605 4622 4623 4606)
4(4080 4368 4369 4081)
4(4368 4385 4386 4369)
4(4385 4402 4403 4386)
4(4402 4419 4420 4403)
4(4419 4436 4437 4420)
4(4436 4453 4454 4437)
4(4453 4470 4471 4454)
4(4470 4487 4488 4471)
4(4487 4504 4505 4488)
4(4504 4521 4522 4505)
4(4521 4538 4539 4522)
4(4538 4555 4556 4539)
4(4555 4572 4573 4556)
4(4572 4589 4590 4573)
4(4589 4606 4607 4590)
4(4606 4623 4624 4607)
4(4081 4369 4370 2722)
4(4369 4386 4387 4370)
4(4386 4403 4404 4387)
4(4403 4420 4421 4404)
4(4420 4437 4438 4421)
4(4437 4454 4455 4438)
4(4454 4471 4472 4455)
4(4471 4488 4489 4472)
4(4488 4505 4506 4489)
4(4505 4522 4523 4506)
4(4522 4539 4540 4523)
4(4539 4556 4557 4540)
4(4556 4573 4574 4557)
4(4573 4590 4591 4574)
4(4590 4607 4608 4591)
4(4607 4624 4625 4608)
4(4338 4339 4627 4626)
4(4626 4627 4644 4643)
4(4643 4644 4661 4660)
4(4660 4661 4678 4677)
4(4677 4678 4695 4694)
4(4694 4695 4712 4711)
4(4711 4712 4729 4728)
4(4728 4729 4746 4745)
4(4745 4746 4763 4762)
4(4762 4763 4780 4779)
4(4779 4780 4797 4796)
4(4796 4797 4814 4813)
4(4813 4814 4831 4830)
4(4830 4831 4848 4847)
4(4847 4848 4865 4864)
4(4864 4865 4882 4881)
4(4339 4340 4628 4627)
4(4627 4628 4645 4644)
4(4644 4645 4662 4661)
4(4661 4662 4679 4678)
4(4678 4679 4696 4695)
4(4695 4696 4713 4712)
4(4712 4713 4730 4729)
4(4729 4730 4747 4746)
4(4746 4747 4764 4763)
4(4763 4764 4781 4780)
4(4780 4781 4798 4797)
4(4797 4798 4815 4814)
4(4814 4815 4832 4831)
4(4831 4832 4849 4848)
4(4848 4849 4866 4865)
4(4865 4866 4883 4882)
4(4340 4341 4629 4628)
4(4628 4629 4646 4645)
4(4645 4646 4663 4662)
4(4662 4663 4680 4679)
4(4679 4680 4697 4696)
4(4696 4697 4714 4713)
4(4713 4714 4731 4730)
4(4730 4731 4748 4747)
4(4747 4748 4765 4764)
4(4764 4765 4782 4781)
4(4781 4782 4799 4798)
4(4798 4799 4816 4815)
4(4815 4816 4833 4832)
4(4832 4833 4850 4849)
4(4849 4850 4867 4866)
4(4866 4867 4884 4883)
4(4341 4342 4630 4629)
4(4629 4630 4647 4646)
4(4646 4647 4664 4663)
4(4663 4664 4681 4680)
4(4680 4681 4698 4697)
4(4697 4698 4715 4714)
4(4714 4715 4732 4731)
4(4731 4732 4749 4748)
4(4748 4749 4766 4765)
4(4765 4766 4783 4782)
4(4782 4783 4800 4799)
4(4799 4800 4817 4816)
4(4816 4817 4834 4833)
4(4833 4834 4851 4850)
4(4850 4851 4868 4867)
4(4867 4868 4885 4884)
4(4342 4343 4631 4630)
4(4630 4631 4648 4647)
4(4647 4648 4665 4664)
4(4664 4665 4682 4681)
4(4681 4682 4699 4698)
4(4698 4699 4716 4715)
4(4715 4716 4733 4732)
4(4732 4733 4750 4749)
4(4749 4750 4767 4766)
4(4766 4767 4784 4783)
4(4783 4784 4801 4800)
4(4800 4801 4818 4817)
4(4817 4818 4835 4834)
4(4834 4835 4852 4851)
4(4851 4852 4869 4868)
4(4868 4869 4886 4885)
4(4343 4344 4632 4631)
4(4631 4632 4649 4648)
4(4648 4649 4666 4665)
4(4665 4666 4683 4682)
4(4682 4683 4700 4699)
4(4699 4700 4717 4716)
4(4716 4717 4734 4733)
4(4733 4734 4751 4750)
4(4750 4751 4768 4767)
4(4767 4768 4785 4784)
4(4784 4785 4802 4801)
4(4801 4802 4819 4818)
4(4818 4819 4836 4835)
4(4835 4836 4853 4852)
4(4852 4853 4870 4869)
4(4869 4870 4887 4886)
4(4344 4345 4633 4632)
4(4632 4633 4650 4649)
4(4649 4650 4667 4666)
4(4666 4667 4684 4683)
4(4683 4684 4701 4700)
4(4700 4701 4718 4717)
4(4717 4718 4735 4734)
4(4734 4735 4752 4751)
4(4751 4752 4769 4768)
4(4768 4769 4786 4785)
4(4785 4786 4803 4802)
4(4802 4803 4820 4819)
4(4819 4820 4837 4836)
4(4836 4837 4854 4853)
4(4853 4854 4871 4870)
4(4870 4871 4888 4887)
4(4345 4346 4634 4633)
4(4633 4634 4651 4650)
4(4650 4651 4668 4667)
4(4667 4668 4685 4684)
4(4684 4685 4702 4701)
4(4701 4702 4719 4718)
4(4718 4719 4736 4735)
4(4735 4736 4753 4752)
4(4752 4753 4770 4769)
4(4769 4770 4787 4786)
4(4786 4787 4804 4803)
4(4803 4804 4821 4820)
4(4820 4821 4838 4837)
4(4837 4838 4855 4854)
4(4854 4855 4872 4871)
4(4871 4872 4889 4888)
4(4346 4347 4635 4634)
4(4634 4635 4652 4651)
4(4651 4652 4669 4668)
4(4668 4669 4686 4685)
4(4685 4686 4703 4702)
4(4702 4703 4720 4719)
4(4719 4720 4737 4736)
4(4736 4737 4754 4753)
4(4753 4754 4771 4770)
4(4770 4771 4788 4787)
4(4787 4788 4805 4804)
4(4804 4805 4822 4821)
4(4821 4822 4839 4838)
4(4838 4839 4856 4855)
4(4855 4856 4873 4872)
4(4872 4873 4890 4889)
4(4347 4348 4636 4635)
4(4635 4636 4653 4652)
4(4652 4653 4670 4669)
4(4669 4670 4687 4686)
4(4686 4687 4704 4703)
4(4703 4704 4721 4720)
4(4720 4721 4738 4737)
4(4737 4738 4755 4754)
4(4754 4755 4772 4771)
4(4771 4772 4789 4788)
4(4788 4789 4806 4805)
4(4805 4806 4823 4822)
4(4822 4823 4840 4839)
4(4839 4840 4857 4856)
4(4856 4857 4874 4873)
4(4873 4874 4891 4890)
4(4348 4349 4637 4636)
4(4636 4637 4654 4653)
4(4653 4654 4671 4670)
4(4670 4671 4688 4687)
4(4687 4688 4705 4704)
4(4704 4705 4722 4721)
4(4721 4722 4739 4738)
4(4738 4739 4756 4755)
4(4755 4756 4773 4772)
4(4772 4773 4790 4789)
4(4789 4790 4807 4806)
4(4806 4807 4824 4823)
4(4823 4824 4841 4840)
4(4840 4841 4858 4857)
4(4857 4858 4875 4874)
4(4874 4875 4892 4891)
4(4349 4350 4638 4637)
4(4637 4638 4655 4654)
4(4654 4655 4672 4671)
4(4671 4672 4689 4688)
4(4688 4689 4706 4705)
4(4705 4706 4723 4722)
4(4722 4723 4740 4739)
4(4739 4740 4757 4756)
4(4756 4757 4774 4773)
4(4773 4774 4791 4790)
4(4790 4791 4808 4807)
4(4807 4808 4825 4824)
4(4824 4825 4842 4841)
4(4841 4842 4859 4858)
4(4858 4859 4876 4875)
4(4875 4876 4893 4892)
4(4350 4351 4639 4638)
4(4638 4639 4656 4655)
4(4655 4656 4673 4672)
4(4672 4673 4690 4689)
4(4689 4690 4707 4706)
4(4706 4707 4724 4723)
4(4723 4724 4741 4740)
4(4740 4741 4758 4757)
4(4757 4758 4775 4774)
4(4774 4775 4792 4791)
4(4791 4792 4809 4808)
4(4808 4809 4826 4825)
4(4825 4826 4843 4842)
4(4842 4843 4860 4859)
4(4859 4860 4877 4876)
4(4876 4877 4894 4893)
4(4351 4352 4640 4639)
4(4639 4640 4657 4656)
4(4656 4657 4674 4673)
4(4673 4674 4691 4690)
4(4690 4691 4708 4707)
4(4707 4708 4725 4724)
4(4724 4725 4742 4741)
4(4741 4742 4759 4758)
4(4758 4759 4776 4775)
4(4775 4776 4793 4792)
4(4792 4793 4810 4809)
4(4809 4810 4827 4826)
4(4826 4827 4844 4843)
4(4843 4844 4861 4860)
4(4860 4861 4878 4877)
4(4877 4878 4895 4894)
4(4352 4353 4641 4640)
4(4640 4641 4658 4657)
4(4657 4658 4675 4674)
4(4674 4675 4692 4691)
4(4691 4692 4709 4708)
4(4708 4709 4726 4725)
4(4725 4726 4743 4742)
4(4742 4743 4760 4759)
4(4759 4760 4777 4776)
4(4776 4777 4794 4793)
4(4793 4794 4811 4810)
4(4810 4811 4828 4827)
4(4827 4828 4845 4844)
4(4844 4845 4862 4861)
4(4861 4862 4879 4878)
4(4878 4879 4896 4895)
4(4353 2994 4642 4641)
4(4641 4642 4659 4658)
4(4658 4659 4676 4675)
4(4675 4676 4693 4692)
4(4692 4693 4710 4709)
4(4709 4710 4727 4726)
4(4726 4727 4744 4743)
4(4743 4744 4761 4760)
4(4760 4761 4778 4777)
4(4777 4778 4795 4794)
4(4794 4795 4812 4811)
4(4811 4812 4829 4828)
4(4828 4829 4846 4845)
4(4845 4846 4863 4862)
4(4862 4863 4880 4879)
4(4879 4880 4897 4896)
4(2722 4370 4898 2739)
4(4370 4387 4913 4898)
4(4387 4404 4928 4913)
4(4404 4421 4943 4928)
4(4421 4438 4958 4943)
4(4438 4455 4973 4958)
4(4455 4472 4988 4973)
4(4472 4489 5003 4988)
4(4489 4506 5018 5003)
4(4506 4523 5033 5018)
4(4523 4540 5048 5033)
4(4540 4557 5063 5048)
4(4557 4574 5078 5063)
4(4574 4591 5093 5078)
4(4591 4608 5108 5093)
4(4608 4625 5123 5108)
4(2739 4898 4899 2756)
4(4898 4913 4914 4899)
4(4913 4928 4929 4914)
4(4928 4943 4944 4929)
4(4943 4958 4959 4944)
4(4958 4973 4974 4959)
4(4973 4988 4989 4974)
4(4988 5003 5004 4989)
4(5003 5018 5019 5004)
4(5018 5033 5034 5019)
4(5033 5048 5049 5034)
4(5048 5063 5064 5049)
4(5063 5078 5079 5064)
4(5078 5093 5094 5079)
4(5093 5108 5109 5094)
4(5108 5123 5124 5109)
4(2756 4899 4900 2773)
4(4899 4914 4915 4900)
4(4914 4929 4930 4915)
4(4929 4944 4945 4930)
4(4944 4959 4960 4945)
4(4959 4974 4975 4960)
4(4974 4989 4990 4975)
4(4989 5004 5005 4990)
4(5004 5019 5020 5005)
4(5019 5034 5035 5020)
4(5034 5049 5050 5035)
4(5049 5064 5065 5050)
4(5064 5079 5080 5065)
4(5079 5094 5095 5080)
4(5094 5109 5110 5095)
4(5109 5124 5125 5110)
4(2773 4900 4901 2790)
4(4900 4915 4916 4901)
4(4915 4930 4931 4916)
4(4930 4945 4946 4931)
4(4945 4960 4961 4946)
4(4960 4975 4976 4961)
4(4975 4990 4991 4976)
4(4990 5005 5006 4991)
4(5005 5020 5021 5006)
4(5020 5035 5036 5021)
4(5035 5050 5051 5036)
4(5050 5065 5066 5051)
4(5065 5080 5081 5066)
4(5080 5095 5096 5081)
4(5095 5110 5111 5096)
4(5110 5125 5126 5111)
4(2790 4901 4902 2807)
4(4901 4916 4917 4902)
4(4916 4931 4932 4917)
4(4931 4946 4947 4932)
4(4946 4961 4962 4947)
4(4961 4976 4977 4962)
4(4976 4991 4992 4977)
4(4991 5006 5007 4992)
4(5006 5021 5022 5007)
4(5021 5036 5037 5022)
4(5036 5051 5052 5037)
4(5051 5066 5067 5052)
4(5066 5081 5082 5067)
4(5081 5096 5097 5082)
4(5096 5111 5112 5097)
4(5111 5126 5127 5112)
4(2807 4902 4903 2824)
4(4902 4917 4918 4903)
4(4917 4932 4933 4918)
4(4932 4947 4948 4933)
4(4947 4962 4963 4948)
4(4962 4977 4978 4963)
4(4977 4992 4993 4978)
4(4992 5007 5008 4993)
4(5007 5022 5023 5008)
4(5022 5037 5038 5023)
4(5037 5052 5053 5038)
4(5052 5067 5068 5053)
4(5067 5082 5083 5068)
4(5082 5097 5098 5083)
4(5097 5112 5113 5098)
4(5112 5127 5128 5113)
4(2824 4903 4904 2841)
4(4903 4918 4919 4904)
4(4918 4933 4934 4919)
4(4933 4948 4949 4934)
4(4948 4963 4964 4949)
4(4963 4978 4979 4964)
4(4978 4993 4994 4979)
4(4993 5008 5009 4994)
4(5008 5023 5024 5009)
4(5023 5038 5039 5024)
4(5038 5053 5054 5039)
4(5053 5068 5069 5054)
4(5068 5083 5084 5069)
4(5083 5098 5099 5084)
4(5098 5113 5114 5099)
4(5113 5128 5129 5114)
4(2841 4904 4905 2858)
4(4904 4919 4920 4905)
4(4919 4934 4935 4920)
4(4934 4949 4950 4935)
4(4949 4964 4965 4950)
4(4964 4979 4980 4965)
4(4979 4994 4995 4980)
4(4994 5009 5010 4995)
4(5009 5024 5025 5010)
4(5024 5039 5040 5025)
4(5039 5054 5055 5040)
4(5054 5069 5070 5055)
4(5069 5084 5085 5070)
4(5084 5099 5100 5085)
4(5099 5114 5115 5100)
4(5114 5129 5130 5115)
4(2858 4905 4906 2875)
4(4905 4920 4921 4906)
4(4920 4935 4936 4921)
4(4935 4950 4951 4936)
4(4950 4965 4966 4951)
4(4965 4980 4981 4966)
4(4980 4995 4996 4981)
4(4995 5010 5011 4996)
4(5010 5025 5026 5011)
4(5025 5040 5041 5026)
4(5040 5055 5056 5041)
4(5055 5070 5071 5056)
4(5070 5085 5086 5071)
4(5085 5100 5101 5086)
4(5100 5115 5116 5101)
4(5115 5130 5131 5116)
4(2875 4906 4907 2892)
4(4906 4921 4922 4907)
4(4921 4936 4937 4922)
4(4936 4951 4952 4937)
4(4951 4966 4967 4952)
4(4966 4981 4982 4967)
4(4981 4996 4997 4982)
4(4996 5011 5012 4997)
4(5011 5026 5027 5012)
4(5026 5041 5042 5027)
4(5041 5056 5057 5042)
4(5056 5071 5072 5057)
4(5071 5086 5087 5072)
4(5086 5101 5102 5087)
4(5101 5116 5117 5102)
4(5116 5131 5132 5117)
4(2892 4907 4908 2909)
4(4907 4922 4923 4908)
4(4922 4937 4938 4923)
4(4937 4952 4953 4938)
4(4952 4967 4968 4953)
4(4967 4982 4983 4968)
4(4982 4997 4998 4983)
4(4997 5012 5013 4998)
4(5012 5027 5028 5013)
4(5027 5042 5043 5028)
4(5042 5057 5058 5043)
4(5057 5072 5073 5058)
4(5072 5087 5088 5073)
4(5087 5102 5103 5088)
4(5102 5117 5118 5103)
4(5117 5132 5133 5118)
4(2909 4908 4909 2926)
4(4908 4923 4924 4909)
4(4923 4938 4939 4924)
4(4938 4953 4954 4939)
4(4953 4968 4969 4954)
4(4968 4983 4984 4969)
4(4983 4998 4999 4984)
4(4998 5013 5014 4999)
4(5013 5028 5029 5014)
4(5028 5043 5044 5029)
4(5043 5058 5059 5044)
4(5058 5073 5074 5059)
4(5073 5088 5089 5074)
4(5088 5103 5104 5089)
4(5103 5118 5119 5104)
4(5118 5133 5134 5119)
4(2926 4909 4910 2943)
4(4909 4924 4925 4910)
4(4924 4939 4940 4925)
4(4939 4954 4955 4940)
4(4954 4969 4970 4955)
4(4969 4984 4985 4970)
4(4984 4999 5000 4985)
4(4999 5014 5015 5000)
4(5014 5029 5030 5015)
4(5029 5044 5045 5030)
4(5044 5059 5060 5045)
4(5059 5074 5075 5060)
4(5074 5089 5090 5075)
4(5089 5104 5105 5090)
4(5104 5119 5120 5105)
4(5119 5134 5135 5120)
4(2943 4910 4911 2960)
4(4910 4925 4926 4911)
4(4925 4940 4941 4926)
4(4940 4955 4956 4941)
4(4955 4970 4971 4956)
4(4970 4985 4986 4971)
4(4985 5000 5001 4986)
4(5000 5015 5016 5001)
4(5015 5030 5031 5016)
4(5030 5045 5046 5031)
4(5045 5060 5061 5046)
4(5060 5075 5076 5061)
4(5075 5090 5091 5076)
4(5090 5105 5106 5091)
4(5105 5120 5121 5106)
4(5120 5135 5136 5121)
4(2960 4911 4912 2977)
4(4911 4926 4927 4912)
4(4926 4941 4942 4927)
4(4941 4956 4957 4942)
4(4956 4971 4972 4957)
4(4971 4986 4987 4972)
4(4986 5001 5002 4987)
4(5001 5016 5017 5002)
4(5016 5031 5032 5017)
4(5031 5046 5047 5032)
4(5046 5061 5062 5047)
4(5061 5076 5077 5062)
4(5076 5091 5092 5077)
4(5091 5106 5107 5092)
4(5106 5121 5122 5107)
4(5121 5136 5137 5122)
4(2977 4912 2210 288)
4(4912 4927 2226 2210)
4(4927 4942 2242 2226)
4(4942 4957 2258 2242)
4(4957 4972 2274 2258)
4(4972 4987 2290 2274)
4(4987 5002 2306 2290)
4(5002 5017 2322 2306)
4(5017 5032 2338 2322)
4(5032 5047 2354 2338)
4(5047 5062 2370 2354)
4(5062 5077 2386 2370)
4(5077 5092 2402 2386)
4(5092 5107 2418 2402)
4(5107 5122 2434 2418)
4(5122 5137 2450 2434)
4(2994 3011 5138 4642)
4(4642 5138 5153 4659)
4(4659 5153 5168 4676)
4(4676 5168 5183 4693)
4(4693 5183 5198 4710)
4(4710 5198 5213 4727)
4(4727 5213 5228 4744)
4(4744 5228 5243 4761)
4(4761 5243 5258 4778)
4(4778 5258 5273 4795)
4(4795 5273 5288 4812)
4(4812 5288 5303 4829)
4(4829 5303 5318 4846)
4(4846 5318 5333 4863)
4(4863 5333 5348 4880)
4(4880 5348 5363 4897)
4(3011 3028 5139 5138)
4(5138 5139 5154 5153)
4(5153 5154 5169 5168)
4(5168 5169 5184 5183)
4(5183 5184 5199 5198)
4(5198 5199 5214 5213)
4(5213 5214 5229 5228)
4(5228 5229 5244 5243)
4(5243 5244 5259 5258)
4(5258 5259 5274 5273)
4(5273 5274 5289 5288)
4(5288 5289 5304 5303)
4(5303 5304 5319 5318)
4(5318 5319 5334 5333)
4(5333 5334 5349 5348)
4(5348 5349 5364 5363)
4(3028 3045 5140 5139)
4(5139 5140 5155 5154)
4(5154 5155 5170 5169)
4(5169 5170 5185 5184)
4(5184 5185 5200 5199)
4(5199 5200 5215 5214)
4(5214 5215 5230 5229)
4(5229 5230 5245 5244)
4(5244 5245 5260 5259)
4(5259 5260 5275 5274)
4(5274 5275 5290 5289)
4(5289 5290 5305 5304)
4(5304 5305 5320 5319)
4(5319 5320 5335 5334)
4(5334 5335 5350 5349)
4(5349 5350 5365 5364)
4(3045 3062 5141 5140)
4(5140 5141 5156 5155)
4(5155 5156 5171 5170)
4(5170 5171 5186 5185)
4(5185 5186 5201 5200)
4(5200 5201 5216 5215)
4(5215 5216 5231 5230)
4(5230 5231 5246 5245)
4(5245 5246 5261 5260)
4(5260 5261 5276 5275)
4(5275 5276 5291 5290)
4(5290 5291 5306 5305)
4(5305 5306 5321 5320)
4(5320 5321 5336 5335)
4(5335 5336 5351 5350)
4(5350 5351 5366 5365)
4(3062 3079 5142 5141)
4(5141 5142 5157 5156)
4(5156 5157 5172 5171)
4(5171 5172 5187 5186)
4(5186 5187 5202 5201)
4(5201 5202 5217 5216)
4(5216 5217 5232 5231)
4(5231 5232 5247 5246)
4(5246 5247 5262 5261)
4(5261 5262 5277 5276)
4(5276 5277 5292 5291)
4(5291 5292 5307 5306)
4(5306 5307 5322 5321)
4(5321 5322 5337 5336)
4(5336 5337 5352 5351)
4(5351 5352 5367 5366)
4(3079 3096 5143 5142)
4(5142 5143 5158 5157)
4(5157 5158 5173 5172)
4(5172 5173 5188 5187)
4(5187 5188 5203 5202)
4(5202 5203 5218 5217)
4(5217 5218 5233 5232)
4(5232 5233 5248 5247)
4(5247 5248 5263 5262)
4(5262 5263 5278 5277)
4(5277 5278 5293 5292)
4(5292 5293 5308 5307)
4(5307 5308 5323 5322)
4(5322 5323 5338 5337)
4(5337 5338 5353 5352)
4(5352 5353 5368 5367)
4(3096 3113 5144 5143)
4(5143 5144 5159 5158)
4(5158 5159 5174 5173)
4(5173 5174 5189 5188)
4(5188 5189 5204 5203)
4(5203 5204 5219 5218)
4(5218 5219 5234 5233)
4(5233 5234 5249 5248)
4(5248 5249 5264 5263)
4(5263 5264 5279 5278)
4(5278 5279 5294 5293)
4(5293 5294 5309 5308)
4(5308 5309 5324 5323)
4(5323 5324 5339 5338)
4(5338 5339 5354 5353)
4(5353 5354 5369 5368)
4(3113 3130 5145 5144)
4(5144 5145 5160 5159)
4(5159 5160 5175 5174)
4(5174 5175 5190 5189)
4(5189 5190 5205 5204)
4(5204 5205 5220 5219)
4(5219 5220 5235 5234)
4(5234 5235 5250 5249)
4(5249 5250 5265 5264)
4(5264 5265 5280 5279)
4(5279 5280 5295 5294)
4(5294 5295 5310 5309)
4(5309 5310 5325 5324)
4(5324 5325 5340 5339)
4(5339 5340 5355 5354)
4(5354 5355 5370 5369)
4(3130 3147 5146 5145)
4(5145 5146 5161 5160)
4(5160 5161 5176 5175)
4(5175 5176 5191 5190)
4(5190 5191 5206 5205)
4(5205 5206 5221 5220)
4(5220 5221 5236 5235)
4(5235 5236 5251 5250)
4(5250 5251 5266 5265)
4(5265 5266 5281 5280)
4(5280 5281 5296 5295)
4(5295 5296 5311 5310)
4(5310 5311 5326 5325)
4(5325 5326 5341 5340)
4(5340 5341 5356 5355)
4(5355 5356 5371 5370)
4(3147 3164 5147 5146)
4(5146 5147 5162 5161)
4(5161 5162 5177 5176)
4(5176 5177 5192 5191)
4(5191 5192 5207 5206)
4(5206 5207 5222 5221)
4(5221 5222 5237 5236)
4(5236 5237 5252 5251)
4(5251 5252 5267 5266)
4(5266 5267 5282 5281)
4(5281 5282 5297 5296)
4(5296 5297 5312 5311)
4(5311 5312 5327 5326)
4(5326 5327 5342 5341)
4(5341 5342 5357 5356)
4(5356 5357 5372 5371)
4(3164 3181 5148 5147)
4(5147 5148 5163 5162)
4(5162 5163 5178 5177)
4(5177 5178 5193 5192)
4(5192 5193 5208 5207)
4(5207 5208 5223 5222)
4(5222 5223 5238 5237)
4(5237 5238 5253 5252)
4(5252 5253 5268 5267)
4(5267 5268 5283 5282)
4(5282 5283 5298 5297)
4(5297 5298 5313 5312)
4(5312 5313 5328 5327)
4(5327 5328 5343 5342)
4(5342 5343 5358 5357)
4(5357 5358 5373 5372)
4(3181 3198 5149 5148)
4(5148 5149 5164 5163)
4(5163 5164 5179 5178)
4(5178 5179 5194 5193)
4(5193 5194 5209 5208)
4(5208 5209 5224 5223)
4(5223 5224 5239 5238)
4(5238 5239 5254 5253)
4(5253 5254 5269 5268)
4(5268 5269 5284 5283)
4(5283 5284 5299 5298)
4(5298 5299 5314 5313)
4(5313 5314 5329 5328)
4(5328 5329 5344 5343)
4(5343 5344 5359 5358)
4(5358 5359 5374 5373)
4(3198 3215 5150 5149)
4(5149 5150 5165 5164)
4(5164 5165 5180 5179)
4(5179 5180 5195 5194)
4(5194 5195 5210 5209)
4(5209 5210 5225 5224)
4(5224 5225 5240 5239)
4(5239 5240 5255 5254)
4(5254 5255 5270 5269)
4(5269 5270 5285 5284)
4(5284 5285 5300 5299)
4(5299 5300 5315 5314)
4(5314 5315 5330 5329)
4(5329 5330 5345 5344)
4(5344 5345 5360 5359)
4(5359 5360 5375 5374)
4(3215 3232 5151 5150)
4(5150 5151 5166 5165)
4(5165 5166 5181 5180)
4(5180 5181 5196 5195)
4(5195 5196 5211 5210)
4(5210 5211 5226 5225)
4(5225 5226 5241 5240)
4(5240 5241 5256 5255)
4(5255 5256 5271 5270)
4(5270 5271 5286 5285)
4(5285 5286 5301 5300)
4(5300 5301 5316 5315)
4(5315 5316 5331 5330)
4(5330 5331 5346 5345)
4(5345 5346 5361 5360)
4(5360 5361 5376 5375)
4(3232 3249 5152 5151)
4(5151 5152 5167 5166)
4(5166 5167 5182 5181)
4(5181 5182 5197 5196)
4(5196 5197 5212 5211)
4(5211 5212 5227 5226)
4(5226 5227 5242 5241)
4(5241 5242 5257 5256)
4(5256 5257 5272 5271)
4(5271 5272 5287 5286)
4(5286 5287 5302 5301)
4(5301 5302 5317 5316)
4(5316 5317 5332 5331)
4(5331 5332 5347 5346)
4(5346 5347 5362 5361)
4(5361 5362 5377 5376)
4(3249 577 2466 5152)
4(5152 2466 2482 5167)
4(5167 2482 2498 5182)
4(5182 2498 2514 5197)
4(5197 2514 2530 5212)
4(5212 2530 2546 5227)
4(5227 2546 2562 5242)
4(5242 2562 2578 5257)
4(5257 2578 2594 5272)
4(5272 2594 2610 5287)
4(5287 2610 2626 5302)
4(5302 2626 2642 5317)
4(5317 2642 2658 5332)
4(5332 2658 2674 5347)
4(5347 2674 2690 5362)
4(5362 2690 2706 5377)
4(5378 5395 5396 5379)
4(5395 5412 5413 5396)
4(5412 5429 5430 5413)
4(5429 5446 5447 5430)
4(5446 5463 5464 5447)
4(5463 5480 5481 5464)
4(5480 5497 5498 5481)
4(5497 5514 5515 5498)
4(5514 5531 5532 5515)
4(5531 5548 5549 5532)
4(5548 5565 5566 5549)
4(5565 5582 5583 5566)
4(5582 5599 5600 5583)
4(5599 5616 5617 5600)
4(5616 5633 5634 5617)
4(5633 5650 5651 5634)
4(5379 5396 5397 5380)
4(5396 5413 5414 5397)
4(5413 5430 5431 5414)
4(5430 5447 5448 5431)
4(5447 5464 5465 5448)
4(5464 5481 5482 5465)
4(5481 5498 5499 5482)
4(5498 5515 5516 5499)
4(5515 5532 5533 5516)
4(5532 5549 5550 5533)
4(5549 5566 5567 5550)
4(5566 5583 5584 5567)
4(5583 5600 5601 5584)
4(5600 5617 5618 5601)
4(5617 5634 5635 5618)
4(5634 5651 5652 5635)
4(5380 5397 5398 5381)
4(5397 5414 5415 5398)
4(5414 5431 5432 5415)
4(5431 5448 5449 5432)
4(5448 5465 5466 5449)
4(5465 5482 5483 5466)
4(5482 5499 5500 5483)
4(5499 5516 5517 5500)
4(5516 5533 5534 5517)
4(5533 5550 5551 5534)
4(5550 5567 5568 5551)
4(5567 5584 5585 5568)
4(5584 5601 5602 5585)
4(5601 5618 5619 5602)
4(5618 5635 5636 5619)
4(5635 5652 5653 5636)
4(5381 5398 5399 5382)
4(5398 5415 5416 5399)
4(5415 5432 5433 5416)
4(5432 5449 5450 5433)
4(5449 5466 5467 5450)
4(5466 5483 5484 5467)
4(5483 5500 5501 5484)
4(5500 5517 5518 5501)
4(5517 5534 5535 5518)
4(5534 5551 5552 5535)
4(5551 5568 5569 5552)
4(5568 5585 5586 5569)
4(5585 5602 5603 5586)
4(5602 5619 5620 5603)
4(5619 5636 5637 5620)
4(5636 5653 5654 5637)
4(5382 5399 5400 5383)
4(5399 5416 5417 5400)
4(5416 5433 5434 5417)
4(5433 5450 5451 5434)
4(5450 5467 5468 5451)
4(5467 5484 5485 5468)
4(5484 5501 5502 5485)
4(5501 5518 5519 5502)
4(5518 5535 5536 5519)
4(5535 5552 5553 5536)
4(5552 5569 5570 5553)
4(5569 5586 5587 5570)
4(5586 5603 5604 5587)
4(5603 5620 5621 5604)
4(5620 5637 5638 5621)
4(5637 5654 5655 5638)
4(5383 5400 5401 5384)
4(5400 5417 5418 5401)
4(5417 5434 5435 5418)
4(5434 5451 5452 5435)
4(5451 5468 5469 5452)
4(5468 5485 5486 5469)
4(5485 5502 5503 5486)
4(5502 5519 5520 5503)
4(5519 5536 5537 5520)
4(5536 5553 5554 5537)
4(5553 5570 5571 5554)
4(5570 5587 5588 5571)
4(5587 5604 5605 5588)
4(5604 5621 5622 5605)
4(5621 5638 5639 5622)
4(5638 5655 5656 5639)
4(5384 5401 5402 5385)
4(5401 5418 5419 5402)
4(5418 5435 5436 5419)
4(5435 5452 5453 5436)
4(5452 5469 5470 5453)
4(5469 5486 5487 5470)
4(5486 5503 5504 5487)
4(5503 5520 5521 5504)
4(5520 5537 5538 5521)
4(5537 5554 5555 5538)
4(5554 5571 5572 5555)
4(5571 5588 5589 5572)
4(5588 5605 5606 5589)
4(5605 5622 5623 5606)
4(5622 5639 5640 5623)
4(5639 5656 5657 5640)
4(5385 5402 5403 5386)
4(5402 5419 5420 5403)
4(5419 5436 5437 5420)
4(5436 5453 5454 5437)
4(5453 5470 5471 5454)
4(5470 5487 5488 5471)
4(5487 5504 5505 5488)
4(5504 5521 5522 5505)
4(5521 5538 5539 5522)
4(5538 5555 5556 5539)
4(5555 5572 5573 5556)
4(5572 5589 5590 5573)
4(5589 5606 5607 5590)
4(5606 5623 5624 5607)
4(5623 5640 5641 5624)
4(5640 5657 5658 5641)
4(5386 5403 5404 5387)
4(5403 5420 5421 5404)
4(5420 5437 5438 5421)
4(5437 5454 5455 5438)
4(5454 5471 5472 5455)
4(5471 5488 5489 5472)
4(5488 5505 5506 5489)
4(5505 5522 5523 5506)
4(5522 5539 5540 5523)
4(5539 5556 5557 5540)
4(5556 5573 5574 5557)
4(5573 5590 5591 5574)
4(5590 5607 5608 5591)
4(5607 5624 5625 5608)
4(5624 5641 5642 5625)
4(5641 5658 5659 5642)
4(5387 5404 5405 5388)
4(5404 5421 5422 5405)
4(5421 5438 5439 5422)
4(5438 5455 5456 5439)
4(5455 5472 5473 5456)
4(5472 5489 5490 5473)
4(5489 5506 5507 5490)
4(5506 5523 5524 5507)
4(5523 5540 5541 5524)
4(5540 5557 5558 5541)
4(5557 5574 5575 5558)
4(5574 5591 5592 5575)
4(5591 5608 5609 5592)
4(5608 5625 5626 5609)
4(5625 5642 5643 5626)
4(5642 5659 5660 5643)
4(5388 5405 5406 5389)
4(5405 5422 5423 5406)
4(5422 5439 5440 5423)
4(5439 5456 5457 5440)
4(5456 5473 5474 5457)
4(5473 5490 5491 5474)
4(5490 5507 5508 5491)
4(5507 5524 5525 5508)
4(5524 5541 5542 5525)
4(5541 5558 5559 5542)
4(5558 5575 5576 5559)
4(5575 5592 5593 5576)
4(5592 5609 5610 5593)
4(5609 5626 5627 5610)
4(5626 5643 5644 5627)
4(5643 5660 5661 5644)
4(5389 5406 5407 5390)
4(5406 5423 5424 5407)
4(5423 5440 5441 5424)
4(5440 5457 5458 5441)
4(5457 5474 5475 5458)
4(5474 5491 5492 5475)
4(5491 5508 5509 5492)
4(5508 5525 5526 5509)
4(5525 5542 5543 5526)
4(5542 5559 5560 5543)
4(5559 5576 5577 5560)
4(5576 5593 5594 5577)
4(5593 5610 5611 5594)
4(5610 5627 5628 5611)
4(5627 5644 5645 5628)
4(5644 5661 5662 5645)
4(5390 5407 5408 5391)
4(5407 5424 5425 5408)
4(5424 5441 5442 5425)
4(5441 5458 5459 5442)
4(5458 5475 5476 5459)
4(5475 5492 5493 5476)
4(5492 5509 5510 5493)
4(5509 5526 5527 5510)
4(5526 5543 5544 5527)
4(5543 5560 5561 5544)
4(5560 5577 5578 5561)
4(5577 5594 5595 5578)
4(5594 5611 5612 5595)
4(5611 5628 5629 5612)
4(5628 5645 5646 5629)
4(5645 5662 5663 5646)
4(5391 5408 5409 5392)
4(5408 5425 5426 5409)
4(5425 5442 5443 5426)
4(5442 5459 5460 5443)
4(5459 5476 5477 5460)
4(5476 5493 5494 5477)
4(5493 5510 5511 5494)
4(5510 5527 5528 5511)
4(5527 5544 5545 5528)
4(5544 5561 5562 5545)
4(5561 5578 5579 5562)
4(5578 5595 5596 5579)
4(5595 5612 5613 5596)
4(5612 5629 5630 5613)
4(5629 5646 5647 5630)
4(5646 5663 5664 5647)
4(5392 5409 5410 5393)
4(5409 5426 5427 5410)
4(5426 5443 5444 5427)
4(5443 5460 5461 5444)
4(5460 5477 5478 5461)
4(5477 5494 5495 5478)
4(5494 5511 5512 5495)
4(5511 5528 5529 5512)
4(5528 5545 5546 5529)
4(5545 5562 5563 5546)
4(5562 5579 5580 5563)
4(5579 5596 5597 5580)
4(5596 5613 5614 5597)
4(5613 5630 5631 5614)
4(5630 5647 5648 5631)
4(5647 5664 5665 5648)
4(5393 5410 5411 5394)
4(5410 5427 5428 5411)
4(5427 5444 5445 5428)
4(5444 5461 5462 5445)
4(5461 5478 5479 5462)
4(5478 5495 5496 5479)
4(5495 5512 5513 5496)
4(5512 5529 5530 5513)
4(5529 5546 5547 5530)
4(5546 5563 5564 5547)
4(5563 5580 5581 5564)
4(5580 5597 5598 5581)
4(5597 5614 5615 5598)
4(5614 5631 5632 5615)
4(5631 5648 5649 5632)
4(5648 5665 5666 5649)
4(5667 5668 5685 5684)
4(5684 5685 5702 5701)
4(5701 5702 5719 5718)
4(5718 5719 5736 5735)
4(5735 5736 5753 5752)
4(5752 5753 5770 5769)
4(5769 5770 5787 5786)
4(5786 5787 5804 5803)
4(5803 5804 5821 5820)
4(5820 5821 5838 5837)
4(5837 5838 5855 5854)
4(5854 5855 5872 5871)
4(5871 5872 5889 5888)
4(5888 5889 5906 5905)
4(5905 5906 5923 5922)
4(5922 5923 5940 5939)
4(5668 5669 5686 5685)
4(5685 5686 5703 5702)
4(5702 5703 5720 5719)
4(5719 5720 5737 5736)
4(5736 5737 5754 5753)
4(5753 5754 5771 5770)
4(5770 5771 5788 5787)
4(5787 5788 5805 5804)
4(5804 5805 5822 5821)
4(5821 5822 5839 5838)
4(5838 5839 5856 5855)
4(5855 5856 5873 5872)
4(5872 5873 5890 5889)
4(5889 5890 5907 5906)
4(5906 5907 5924 5923)
4(5923 5924 5941 5940)
4(5669 5670 5687 5686)
4(5686 5687 5704 5703)
4(5703 5704 5721 5720)
4(5720 5721 5738 5737)
4(5737 5738 5755 5754)
4(5754 5755 5772 5771)
4(5771 5772 5789 5788)
4(5788 5789 5806 5805)
4(5805 5806 5823 5822)
4(5822 5823 5840 5839)
4(5839 5840 5857 5856)
4(5856 5857 5874 5873)
4(5873 5874 5891 5890)
4(5890 5891 5908 5907)
4(5907 5908 5925 5924)
4(5924 5925 5942 5941)
4(5670 5671 5688 5687)
4(5687 5688 5705 5704)
4(5704 5705 5722 5721)
4(5721 5722 5739 5738)
4(5738 5739 5756 5755)
4(5755 5756 5773 5772)
4(5772 5773 5790 5789)
4(5789 5790 5807 5806)
4(5806 5807 5824 5823)
4(5823 5824 5841 5840)
4(5840 5841 5858 5857)
4(5857 5858 5875 5874)
4(5874 5875 5892 5891)
4(5891 5892 5909 5908)
4(5908 5909 5926 5925)
4(5925 5926 5943 5942)
4(5671 5672 5689 5688)
4(5688 5689 5706 5705)
4(5705 5706 5723 5722)
4(5722 5723 5740 5739)
4(5739 5740 5757 5756)
4(5756 5757 5774 5773)
4(5773 5774 5791 5790)
4(5790 5791 5808 5807)
4(5807 5808 5825 5824)
4(5824 5825 5842 5841)
4(5841 5842 5859 5858)
4(5858 5859 5876 5875)
4(5875 5876 5893 5892)
4(5892 5893 5910 5909)
4(5909 5910 5927 5926)
4(5926 5927 5944 5943)
4(5672 5673 5690 5689)
4(5689 5690 5707 5706)
4(5706 5707 5724 5723)
4(5723 5724 5741 5740)
4(5740 5741 5758 5757)
4(5757 5758 5775 5774)
4(5774 5775 5792 5791)
4(5791 5792 5809 5808)
4(5808 5809 5826 5825)
4(5825 5826 5843 5842)
4(5842 5843 5860 5859)
4(5859 5860 5877 5876)
4(5876 5877 5894 5893)
4(5893 5894 5911 5910)
4(5910 5911 5928 5927)
4(5927 5928 5945 5944)
4(5673 5674 5691 5690)
4(5690 5691 5708 5707)
4(5707 5708 5725 5724)
4(5724 5725 5742 5741)
4(5741 5742 5759 5758)
4(5758 5759 5776 5775)
4(5775 5776 5793 5792)
4(5792 5793 5810 5809)
4(5809 5810 5827 5826)
4(5826 5827 5844 5843)
4(5843 5844 5861 5860)
4(5860 5861 5878 5877)
4(5877 5878 5895 5894)
4(5894 5895 5912 5911)
4(5911 5912 5929 5928)
4(5928 5929 5946 5945)
4(5674 5675 5692 5691)
4(5691 5692 5709 5708)
4(5708 5709 5726 5725)
4(5725 5726 5743 5742)
4(5742 5743 5760 5759)
4(5759 5760 5777 5776)
4(5776 5777 5794 5793)
4(5793 5794 5811 5810)
4(5810 5811 5828 5827)
4(5827 5828 5845 5844)
4(5844 5845 5862 5861)
4(5861 5862 5879 5878)
4(5878 5879 5896 5895)
4(5895 5896 5913 5912)
4(5912 5913 5930 5929)
4(5929 5930 5947 5946)
4(5675 5676 5693 5692)
4(5692 5693 5710 5709)
4(5709 5710 5727 5726)
4(5726 5727 5744 5743)
4(5743 5744 5761 5760)
4(5760 5761 5778 5777)
4(5777 5778 5795 5794)
4(5794 5795 5812 5811)
4(5811 5812 5829 5828)
4(5828 5829 5846 5845)
4(5845 5846 5863 5862)
4(5862 5863 5880 5879)
4(5879 5880 5897 5896)
4(5896 5897 5914 5913)
4(5913 5914 5931 5930)
4(5930 5931 5948 5947)
4(5676 5677 5694 5693)
4(5693 5694 5711 5710)
4(5710 5711 5728 5727)
4(5727 5728 5745 5744)
4(5744 5745 5762 5761)
4(5761 5762 5779 5778)
4(5778 5779 5796 5795)
4(5795 5796 5813 5812)
4(5812 5813 5830 5829)
4(5829 5830 5847 5846)
4(5846 5847 5864 5863)
4(5863 5864 5881 5880)
4(5880 5881 5898 5897)
4(5897 5898 5915 5914)
4(5914 5915 5932 5931)
4(5931 5932 5949 5948)
4(5677 5678 5695 5694)
4(5694 5695 5712 5711)
4(5711 5712 5729 5728)
4(5728 5729 5746 5745)
4(5745 5746 5763 5762)
4(5762 5763 5780 5779)
4(5779 5780 5797 5796)
4(5796 5797 5814 5813)
4(5813 5814 5831 5830)
4(5830 5831 5848 5847)
4(5847 5848 5865 5864)
4(5864 5865 5882 5881)
4(5881 5882 5899 5898)
4(5898 5899 5916 5915)
4(5915 5916 5933 5932)
4(5932 5933 5950 5949)
4(5678 5679 5696 5695)
4(5695 5696 5713 5712)
4(5712 5713 5730 5729)
4(5729 5730 5747 5746)
4(5746 5747 5764 5763)
4(5763 5764 5781 5780)
4(5780 5781 5798 5797)
4(5797 5798 5815 5814)
4(5814 5815 5832 5831)
4(5831 5832 5849 5848)
4(5848 5849 5866 5865)
4(5865 5866 5883 5882)
4(5882 5883 5900 5899)
4(5899 5900 5917 5916)
4(5916 5917 5934 5933)
4(5933 5934 5951 5950)
4(5679 5680 5697 5696)
4(5696 5697 5714 5713)
4(5713 5714 5731 5730)
4(5730 5731 5748 5747)
4(5747 5748 5765 5764)
4(5764 5765 5782 5781)
4(5781 5782 5799 5798)
4(5798 5799 5816 5815)
4(5815 5816 5833 5832)
4(5832 5833 5850 5849)
4(5849 5850 5867 5866)
4(5866 5867 5884 5883)
4(5883 5884 5901 5900)
4(5900 5901 5918 5917)
4(5917 5918 5935 5934)
4(5934 5935 5952 5951)
4(5680 5681 5698 5697)
4(5697 5698 5715 5714)
4(5714 5715 5732 5731)
4(5731 5732 5749 5748)
4(5748 5749 5766 5765)
4(5765 5766 5783 5782)
4(5782 5783 5800 5799)
4(5799 5800 5817 5816)
4(5816 5817 5834 5833)
4(5833 5834 5851 5850)
4(5850 5851 5868 5867)
4(5867 5868 5885 5884)
4(5884 5885 5902 5901)
4(5901 5902 5919 5918)
4(5918 5919 5936 5935)
4(5935 5936 5953 5952)
4(5681 5682 5699 5698)
4(5698 5699 5716 5715)
4(5715 5716 5733 5732)
4(5732 5733 5750 5749)
4(5749 5750 5767 5766)
4(5766 5767 5784 5783)
4(5783 5784 5801 5800)
4(5800 5801 5818 5817)
4(5817 5818 5835 5834)
4(5834 5835 5852 5851)
4(5851 5852 5869 5868)
4(5868 5869 5886 5885)
4(5885 5886 5903 5902)
4(5902 5903 5920 5919)
4(5919 5920 5937 5936)
4(5936 5937 5954 5953)
4(5682 5683 5700 5699)
4(5699 5700 5717 5716)
4(5716 5717 5734 5733)
4(5733 5734 5751 5750)
4(5750 5751 5768 5767)
4(5767 5768 5785 5784)
4(5784 5785 5802 5801)
4(5801 5802 5819 5818)
4(5818 5819 5836 5835)
4(5835 5836 5853 5852)
4(5852 5853 5870 5869)
4(5869 5870 5887 5886)
4(5886 5887 5904 5903)
4(5903 5904 5921 5920)
4(5920 5921 5938 5937)
4(5937 5938 5955 5954)
4(5650 5956 5957 5651)
4(5956 5973 5974 5957)
4(5973 5990 5991 5974)
4(5990 6007 6008 5991)
4(6007 6024 6025 6008)
4(6024 6041 6042 6025)
4(6041 6058 6059 6042)
4(6058 6075 6076 6059)
4(6075 6092 6093 6076)
4(6092 6109 6110 6093)
4(6109 6126 6127 6110)
4(6126 6143 6144 6127)
4(6143 6160 6161 6144)
4(6160 6177 6178 6161)
4(6177 6194 6195 6178)
4(6194 578 579 6195)
4(5651 5957 5958 5652)
4(5957 5974 5975 5958)
4(5974 5991 5992 5975)
4(5991 6008 6009 5992)
4(6008 6025 6026 6009)
4(6025 6042 6043 6026)
4(6042 6059 6060 6043)
4(6059 6076 6077 6060)
4(6076 6093 6094 6077)
4(6093 6110 6111 6094)
4(6110 6127 6128 6111)
4(6127 6144 6145 6128)
4(6144 6161 6162 6145)
4(6161 6178 6179 6162)
4(6178 6195 6196 6179)
4(6195 579 580 6196)
4(5652 5958 5959 5653)
4(5958 5975 5976 5959)
4(5975 5992 5993 5976)
4(5992 6009 6010 5993)
4(6009 6026 6027 6010)
4(6026 6043 6044 6027)
4(6043 6060 6061 6044)
4(6060 6077 6078 6061)
4(6077 6094 6095 6078)
4(6094 6111 6112 6095)
4(6111 6128 6129 6112)
4(6128 6145 6146 6129)
4(6145 6162 6163 6146)
4(6162 6179 6180 6163)
4(6179 6196 6197 6180)
4(6196 580 581 6197)
4(5653 5959 5960 5654)
4(5959 5976 5977 5960)
4(5976 5993 5994 5977)
4(5993 6010 6011 5994)
4(6010 6027 6028 6011)
4(6027 6044 6045 6028)
4(6044 6061 6062 6045)
4(6061 6078 6079 6062)
4(6078 6095 6096 6079)
4(6095 6112 6113 6096)
4(6112 6129 6130 6113)
4(6129 6146 6147 6130)
4(6146 6163 6164 6147)
4(6163 6180 6181 6164)
4(6180 6197 6198 6181)
4(6197 581 582 6198)
4(5654 5960 5961 5655)
4(5960 5977 5978 5961)
4(5977 5994 5995 5978)
4(5994 6011 6012 5995)
4(6011 6028 6029 6012)
4(6028 6045 6046 6029)
4(6045 6062 6063 6046)
4(6062 6079 6080 6063)
4(6079 6096 6097 6080)
4(6096 6113 6114 6097)
4(6113 6130 6131 6114)
4(6130 6147 6148 6131)
4(6147 6164 6165 6148)
4(6164 6181 6182 6165)
4(6181 6198 6199 6182)
4(6198 582 583 6199)
4(5655 5961 5962 5656)
4(5961 5978 5979 5962)
4(5978 5995 5996 5979)
4(5995 6012 6013 5996)
4(6012 6029 6030 6013)
4(6029 6046 6047 6030)
4(6046 6063 6064 6047)
4(6063 6080 6081 6064)
4(6080 6097 6098 6081)
4(6097 6114 6115 6098)
4(6114 6131 6132 6115)
4(6131 6148 6149 6132)
4(6148 6165 6166 6149)
4(6165 6182 6183 6166)
4(6182 6199 6200 6183)
4(6199 583 584 6200)
4(5656 5962 5963 5657)
4(5962 5979 5980 5963)
4(5979 5996 5997 5980)
4(5996 6013 6014 5997)
4(6013 6030 6031 6014)
4(6030 6047 6048 6031)
4(6047 6064 6065 6048)
4(6064 6081 6082 6065)
4(6081 6098 6099 6082)
4(6098 6115 6116 6099)
4(6115 6132 6133 6116)
4(6132 6149 6150 6133)
4(6149 6166 6167 6150)
4(6166 6183 6184 6167)
4(6183 6200 6201 6184)
4(6200 584 585 6201)
4(5657 5963 5964 5658)
4(5963 5980 5981 5964)
4(5980 5997 5998 5981)
4(5997 6014 6015 5998)
4(6014 6031 6032 6015)
4(6031 6048 6049 6032)
4(6048 6065 6066 6049)
4(6065 6082 6083 6066)
4(6082 6099 6100 6083)
4(6099 6116 6117 6100)
4(6116 6133 6134 6117)
4(6133 6150 6151 6134)
4(6150 6167 6168 6151)
4(6167 6184 6185 6168)
4(6184 6201 6202 6185)
4(6201 585 586 6202)
4(5658 5964 5965 5659)
4(5964 5981 5982 5965)
4(5981 5998 5999 5982)
4(5998 6015 6016 5999)
4(6015 6032 6033 6016)
4(6032 6049 6050 6033)
4(6049 6066 6067 6050)
4(6066 6083 6084 6067)
4(6083 6100 6101 6084)
4(6100 6117 6118 6101)
4(6117 6134 6135 6118)
4(6134 6151 6152 6135)
4(6151 6168 6169 6152)
4(6168 6185 6186 6169)
4(6185 6202 6203 6186)
4(6202 586 587 6203)
4(5659 5965 5966 5660)
4(5965 5982 5983 5966)
4(5982 5999 6000 5983)
4(5999 6016 6017 6000)
4(6016 6033 6034 6017)
4(6033 6050 6051 6034)
4(6050 6067 6068 6051)
4(6067 6084 6085 6068)
4(6084 6101 6102 6085)
4(6101 6118 6119 6102)
4(6118 6135 6136 6119)
4(6135 6152 6153 6136)
4(6152 6169 6170 6153)
4(6169 6186 6187 6170)
4(6186 6203 6204 6187)
4(6203 587 588 6204)
4(5660 5966 5967 5661)
4(5966 5983 5984 5967)
4(5983 6000 6001 5984)
4(6000 6017 6018 6001)
4(6017 6034 6035 6018)
4(6034 6051 6052 6035)
4(6051 6068 6069 6052)
4(6068 6085 6086 6069)
4(6085 6102 6103 6086)
4(6102 6119 6120 6103)
4(6119 6136 6137 6120)
4(6136 6153 6154 6137)
4(6153 6170 6171 6154)
4(6170 6187 6188 6171)
4(6187 6204 6205 6188)
4(6204 588 589 6205)
4(5661 5967 5968 5662)
4(5967 5984 5985 5968)
4(5984 6001 6002 5985)
4(6001 6018 6019 6002)
4(6018 6035 6036 6019)
4(6035 6052 6053 6036)
4(6052 6069 6070 6053)
4(6069 6086 6087 6070)
4(6086 6103 6104 6087)
4(6103 6120 6121 6104)
4(6120 6137 6138 6121)
4(6137 6154 6155 6138)
4(6154 6171 6172 6155)
4(6171 6188 6189 6172)
4(6188 6205 6206 6189)
4(6205 589 590 6206)
4(5662 5968 5969 5663)
4(5968 5985 5986 5969)
4(5985 6002 6003 5986)
4(6002 6019 6020 6003)
4(6019 6036 6037 6020)
4(6036 6053 6054 6037)
4(6053 6070 6071 6054)
4(6070 6087 6088 6071)
4(6087 6104 6105 6088)
4(6104 6121 6122 6105)
4(6121 6138 6139 6122)
4(6138 6155 6156 6139)
4(6155 6172 6173 6156)
4(6172 6189 6190 6173)
4(6189 6206 6207 6190)
4(6206 590 591 6207)
4(5663 5969 5970 5664)
4(5969 5986 5987 5970)
4(5986 6003 6004 5987)
4(6003 6020 6021 6004)
4(6020 6037 6038 6021)
4(6037 6054 6055 6038)
4(6054 6071 6072 6055)
4(6071 6088 6089 6072)
4(6088 6105 6106 6089)
4(6105 6122 6123 6106)
4(6122 6139 6140 6123)
4(6139 6156 6157 6140)
4(6156 6173 6174 6157)
4(6173 6190 6191 6174)
4(6190 6207 6208 6191)
4(6207 591 592 6208)
4(5664 5970 5971 5665)
4(5970 5987 5988 5971)
4(5987 6004 6005 5988)
4(6004 6021 6022 6005)
4(6021 6038 6039 6022)
4(6038 6055 6056 6039)
4(6055 6072 6073 6056)
4(6072 6089 6090 6073)
4(6089 6106 6107 6090)
4(6106 6123 6124 6107)
4(6123 6140 6141 6124)
4(6140 6157 6158 6141)
4(6157 6174 6175 6158)
4(6174 6191 6192 6175)
4(6191 6208 6209 6192)
4(6208 592 593 6209)
4(5665 5971 5972 5666)
4(5971 5988 5989 5972)
4(5988 6005 6006 5989)
4(6005 6022 6023 6006)
4(6022 6039 6040 6023)
4(6039 6056 6057 6040)
4(6056 6073 6074 6057)
4(6073 6090 6091 6074)
4(6090 6107 6108 6091)
4(6107 6124 6125 6108)
4(6124 6141 6142 6125)
4(6141 6158 6159 6142)
4(6158 6175 6176 6159)
4(6175 6192 6193 6176)
4(6192 6209 6210 6193)
4(6209 593 594 6210)
4(5939 5940 6212 6211)
4(6211 6212 6229 6228)
4(6228 6229 6246 6245)
4(6245 6246 6263 6262)
4(6262 6263 6280 6279)
4(6279 6280 6297 6296)
4(6296 6297 6314 6313)
4(6313 6314 6331 6330)
4(6330 6331 6348 6347)
4(6347 6348 6365 6364)
4(6364 6365 6382 6381)
4(6381 6382 6399 6398)
4(6398 6399 6416 6415)
4(6415 6416 6433 6432)
4(6432 6433 6450 6449)
4(6449 6450 851 850)
4(5940 5941 6213 6212)
4(6212 6213 6230 6229)
4(6229 6230 6247 6246)
4(6246 6247 6264 6263)
4(6263 6264 6281 6280)
4(6280 6281 6298 6297)
4(6297 6298 6315 6314)
4(6314 6315 6332 6331)
4(6331 6332 6349 6348)
4(6348 6349 6366 6365)
4(6365 6366 6383 6382)
4(6382 6383 6400 6399)
4(6399 6400 6417 6416)
4(6416 6417 6434 6433)
4(6433 6434 6451 6450)
4(6450 6451 852 851)
4(5941 5942 6214 6213)
4(6213 6214 6231 6230)
4(6230 6231 6248 6247)
4(6247 6248 6265 6264)
4(6264 6265 6282 6281)
4(6281 6282 6299 6298)
4(6298 6299 6316 6315)
4(6315 6316 6333 6332)
4(6332 6333 6350 6349)
4(6349 6350 6367 6366)
4(6366 6367 6384 6383)
4(6383 6384 6401 6400)
4(6400 6401 6418 6417)
4(6417 6418 6435 6434)
4(6434 6435 6452 6451)
4(6451 6452 853 852)
4(5942 5943 6215 6214)
4(6214 6215 6232 6231)
4(6231 6232 6249 6248)
4(6248 6249 6266 6265)
4(6265 6266 6283 6282)
4(6282 6283 6300 6299)
4(6299 6300 6317 6316)
4(6316 6317 6334 6333)
4(6333 6334 6351 6350)
4(6350 6351 6368 6367)
4(6367 6368 6385 6384)
4(6384 6385 6402 6401)
4(6401 6402 6419 6418)
4(6418 6419 6436 6435)
4(6435 6436 6453 6452)
4(6452 6453 854 853)
4(5943 5944 6216 6215)
4(6215 6216 6233 6232)
4(6232 6233 6250 6249)
4(6249 6250 6267 6266)
4(6266 6267 6284 6283)
4(6283 6284 6301 6300)
4(6300 6301 6318 6317)
4(6317 6318 6335 6334)
4(6334 6335 6352 6351)
4(6351 6352 6369 6368)
4(6368 6369 6386 6385)
4(6385 6386 6403 6402)
4(6402 6403 6420 6419)
4(6419 6420 6437 6436)
4(6436 6437 6454 6453)
4(6453 6454 855 854)
4(5944 5945 6217 6216)
4(6216 6217 6234 6233)
4(6233 6234 6251 6250)
4(6250 6251 6268 6267)
4(6267 6268 6285 6284)
4(6284 6285 6302 6301)
4(6301 6302 6319 6318)
4(6318 6319 6336 6335)
4(6335 6336 6353 6352)
4(6352 6353 6370 6369)
4(6369 6370 6387 6386)
4(6386 6387 6404 6403)
4(6403 6404 6421 6420)
4(6420 6421 6438 6437)
4(6437 6438 6455 6454)
4(6454 6455 856 855)
4(5945 5946 6218 6217)
4(6217 6218 6235 6234)
4(6234 6235 6252 6251)
4(6251 6252 6269 6268)
4(6268 6269 6286 6285)
4(6285 6286 6303 6302)
4(6302 6303 6320 6319)
4(6319 6320 6337 6336)
4(6336 6337 6354 6353)
4(6353 6354 6371 6370)
4(6370 6371 6388 6387)
4(6387 6388 6405 6404)
4(6404 6405 6422 6421)
4(6421 6422 6439 6438)
4(6438 6439 6456 6455)
4(6455 6456 857 856)
4(5946 5947 6219 6218)
4(6218 6219 6236 6235)
4(6235 6236 6253 6252)
4(6252 6253 6270 6269)
4(6269 6270 6287 6286)
4(6286 6287 6304 6303)
4(6303 6304 6321 6320)
4(6320 6321 6338 6337)
4(6337 6338 6355 6354)
4(6354 6355 6372 6371)
4(6371 6372 6389 6388)
4(6388 6389 6406 6405)
4(6405 6406 6423 6422)
4(6422 6423 6440 6439)
4(6439 6440 6457 6456)
4(6456 6457 858 857)
4(5947 5948 6220 6219)
4(6219 6220 6237 6236)
4(6236 6237 6254 6253)
4(6253 6254 6271 6270)
4(6270 6271 6288 6287)
4(6287 6288 6305 6304)
4(6304 6305 6322 6321)
4(6321 6322 6339 6338)
4(6338 6339 6356 6355)
4(6355 6356 6373 6372)
4(6372 6373 6390 6389)
4(6389 6390 6407 6406)
4(6406 6407 6424 6423)
4(6423 6424 6441 6440)
4(6440 6441 6458 6457)
4(6457 6458 859 858)
4(5948 5949 6221 6220)
4(6220 6221 6238 6237)
4(6237 6238 6255 6254)
4(6254 6255 6272 6271)
4(6271 6272 6289 6288)
4(6288 6289 6306 6305)
4(6305 6306 6323 6322)
4(6322 6323 6340 6339)
4(6339 6340 6357 6356)
4(6356 6357 6374 6373)
4(6373 6374 6391 6390)
4(6390 6391 6408 6407)
4(6407 6408 6425 6424)
4(6424 6425 6442 6441)
4(6441 6442 6459 6458)
4(6458 6459 860 859)
4(5949 5950 6222 6221)
4(6221 6222 6239 6238)
4(6238 6239 6256 6255)
4(6255 6256 6273 6272)
4(6272 6273 6290 6289)
4(6289 6290 6307 6306)
4(6306 6307 6324 6323)
4(6323 6324 6341 6340)
4(6340 6341 6358 6357)
4(6357 6358 6375 6374)
4(6374 6375 6392 6391)
4(6391 6392 6409 6408)
4(6408 6409 6426 6425)
4(6425 6426 6443 6442)
4(6442 6443 6460 6459)
4(6459 6460 861 860)
4(5950 5951 6223 6222)
4(6222 6223 6240 6239)
4(6239 6240 6257 6256)
4(6256 6257 6274 6273)
4(6273 6274 6291 6290)
4(6290 6291 6308 6307)
4(6307 6308 6325 6324)
4(6324 6325 6342 6341)
4(6341 6342 6359 6358)
4(6358 6359 6376 6375)
4(6375 6376 6393 6392)
4(6392 6393 6410 6409)
4(6409 6410 6427 6426)
4(6426 6427 6444 6443)
4(6443 6444 6461 6460)
4(6460 6461 862 861)
4(5951 5952 6224 6223)
4(6223 6224 6241 6240)
4(6240 6241 6258 6257)
4(6257 6258 6275 6274)
4(6274 6275 6292 6291)
4(6291 6292 6309 6308)
4(6308 6309 6326 6325)
4(6325 6326 6343 6342)
4(6342 6343 6360 6359)
4(6359 6360 6377 6376)
4(6376 6377 6394 6393)
4(6393 6394 6411 6410)
4(6410 6411 6428 6427)
4(6427 6428 6445 6444)
4(6444 6445 6462 6461)
4(6461 6462 863 862)
4(5952 5953 6225 6224)
4(6224 6225 6242 6241)
4(6241 6242 6259 6258)
4(6258 6259 6276 6275)
4(6275 6276 6293 6292)
4(6292 6293 6310 6309)
4(6309 6310 6327 6326)
4(6326 6327 6344 6343)
4(6343 6344 6361 6360)
4(6360 6361 6378 6377)
4(6377 6378 6395 6394)
4(6394 6395 6412 6411)
4(6411 6412 6429 6428)
4(6428 6429 6446 6445)
4(6445 6446 6463 6462)
4(6462 6463 864 863)
4(5953 5954 6226 6225)
4(6225 6226 6243 6242)
4(6242 6243 6260 6259)
4(6259 6260 6277 6276)
4(6276 6277 6294 6293)
4(6293 6294 6311 6310)
4(6310 6311 6328 6327)
4(6327 6328 6345 6344)
4(6344 6345 6362 6361)
4(6361 6362 6379 6378)
4(6378 6379 6396 6395)
4(6395 6396 6413 6412)
4(6412 6413 6430 6429)
4(6429 6430 6447 6446)
4(6446 6447 6464 6463)
4(6463 6464 865 864)
4(5954 5955 6227 6226)
4(6226 6227 6244 6243)
4(6243 6244 6261 6260)
4(6260 6261 6278 6277)
4(6277 6278 6295 6294)
4(6294 6295 6312 6311)
4(6311 6312 6329 6328)
4(6328 6329 6346 6345)
4(6345 6346 6363 6362)
4(6362 6363 6380 6379)
4(6379 6380 6397 6396)
4(6396 6397 6414 6413)
4(6413 6414 6431 6430)
4(6430 6431 6448 6447)
4(6447 6448 6465 6464)
4(6464 6465 866 865)
4(5666 5972 6482 6466)
4(5972 5989 6498 6482)
4(5989 6006 6514 6498)
4(6006 6023 6530 6514)
4(6023 6040 6546 6530)
4(6040 6057 6562 6546)
4(6057 6074 6578 6562)
4(6074 6091 6594 6578)
4(6091 6108 6610 6594)
4(6108 6125 6626 6610)
4(6125 6142 6642 6626)
4(6142 6159 6658 6642)
4(6159 6176 6674 6658)
4(6176 6193 6690 6674)
4(6193 6210 6706 6690)
4(6210 594 1122 6706)
4(6466 6482 6483 6467)
4(6482 6498 6499 6483)
4(6498 6514 6515 6499)
4(6514 6530 6531 6515)
4(6530 6546 6547 6531)
4(6546 6562 6563 6547)
4(6562 6578 6579 6563)
4(6578 6594 6595 6579)
4(6594 6610 6611 6595)
4(6610 6626 6627 6611)
4(6626 6642 6643 6627)
4(6642 6658 6659 6643)
4(6658 6674 6675 6659)
4(6674 6690 6691 6675)
4(6690 6706 6707 6691)
4(6706 1122 1123 6707)
4(6467 6483 6484 6468)
4(6483 6499 6500 6484)
4(6499 6515 6516 6500)
4(6515 6531 6532 6516)
4(6531 6547 6548 6532)
4(6547 6563 6564 6548)
4(6563 6579 6580 6564)
4(6579 6595 6596 6580)
4(6595 6611 6612 6596)
4(6611 6627 6628 6612)
4(6627 6643 6644 6628)
4(6643 6659 6660 6644)
4(6659 6675 6676 6660)
4(6675 6691 6692 6676)
4(6691 6707 6708 6692)
4(6707 1123 1124 6708)
4(6468 6484 6485 6469)
4(6484 6500 6501 6485)
4(6500 6516 6517 6501)
4(6516 6532 6533 6517)
4(6532 6548 6549 6533)
4(6548 6564 6565 6549)
4(6564 6580 6581 6565)
4(6580 6596 6597 6581)
4(6596 6612 6613 6597)
4(6612 6628 6629 6613)
4(6628 6644 6645 6629)
4(6644 6660 6661 6645)
4(6660 6676 6677 6661)
4(6676 6692 6693 6677)
4(6692 6708 6709 6693)
4(6708 1124 1125 6709)
4(6469 6485 6486 6470)
4(6485 6501 6502 6486)
4(6501 6517 6518 6502)
4(6517 6533 6534 6518)
4(6533 6549 6550 6534)
4(6549 6565 6566 6550)
4(6565 6581 6582 6566)
4(6581 6597 6598 6582)
4(6597 6613 6614 6598)
4(6613 6629 6630 6614)
4(6629 6645 6646 6630)
4(6645 6661 6662 6646)
4(6661 6677 6678 6662)
4(6677 6693 6694 6678)
4(6693 6709 6710 6694)
4(6709 1125 1126 6710)
4(6470 6486 6487 6471)
4(6486 6502 6503 6487)
4(6502 6518 6519 6503)
4(6518 6534 6535 6519)
4(6534 6550 6551 6535)
4(6550 6566 6567 6551)
4(6566 6582 6583 6567)
4(6582 6598 6599 6583)
4(6598 6614 6615 6599)
4(6614 6630 6631 6615)
4(6630 6646 6647 6631)
4(6646 6662 6663 6647)
4(6662 6678 6679 6663)
4(6678 6694 6695 6679)
4(6694 6710 6711 6695)
4(6710 1126 1127 6711)
4(6471 6487 6488 6472)
4(6487 6503 6504 6488)
4(6503 6519 6520 6504)
4(6519 6535 6536 6520)
4(6535 6551 6552 6536)
4(6551 6567 6568 6552)
4(6567 6583 6584 6568)
4(6583 6599 6600 6584)
4(6599 6615 6616 6600)
4(6615 6631 6632 6616)
4(6631 6647 6648 6632)
4(6647 6663 6664 6648)
4(6663 6679 6680 6664)
4(6679 6695 6696 6680)
4(6695 6711 6712 6696)
4(6711 1127 1128 6712)
4(6472 6488 6489 6473)
4(6488 6504 6505 6489)
4(6504 6520 6521 6505)
4(6520 6536 6537 6521)
4(6536 6552 6553 6537)
4(6552 6568 6569 6553)
4(6568 6584 6585 6569)
4(6584 6600 6601 6585)
4(6600 6616 6617 6601)
4(6616 6632 6633 6617)
4(6632 6648 6649 6633)
4(6648 6664 6665 6649)
4(6664 6680 6681 6665)
4(6680 6696 6697 6681)
4(6696 6712 6713 6697)
4(6712 1128 1129 6713)
4(6473 6489 6490 6474)
4(6489 6505 6506 6490)
4(6505 6521 6522 6506)
4(6521 6537 6538 6522)
4(6537 6553 6554 6538)
4(6553 6569 6570 6554)
4(6569 6585 6586 6570)
4(6585 6601 6602 6586)
4(6601 6617 6618 6602)
4(6617 6633 6634 6618)
4(6633 6649 6650 6634)
4(6649 6665 6666 6650)
4(6665 6681 6682 6666)
4(6681 6697 6698 6682)
4(6697 6713 6714 6698)
4(6713 1129 1130 6714)
4(6474 6490 6491 6475)
4(6490 6506 6507 6491)
4(6506 6522 6523 6507)
4(6522 6538 6539 6523)
4(6538 6554 6555 6539)
4(6554 6570 6571 6555)
4(6570 6586 6587 6571)
4(6586 6602 6603 6587)
4(6602 6618 6619 6603)
4(6618 6634 6635 6619)
4(6634 6650 6651 6635)
4(6650 6666 6667 6651)
4(6666 6682 6683 6667)
4(6682 6698 6699 6683)
4(6698 6714 6715 6699)
4(6714 1130 1131 6715)
4(6475 6491 6492 6476)
4(6491 6507 6508 6492)
4(6507 6523 6524 6508)
4(6523 6539 6540 6524)
4(6539 6555 6556 6540)
4(6555 6571 6572 6556)
4(6571 6587 6588 6572)
4(6587 6603 6604 6588)
4(6603 6619 6620 6604)
4(6619 6635 6636 6620)
4(6635 6651 6652 6636)
4(6651 6667 6668 6652)
4(6667 6683 6684 6668)
4(6683 6699 6700 6684)
4(6699 6715 6716 6700)
4(6715 1131 1132 6716)
4(6476 6492 6493 6477)
4(6492 6508 6509 6493)
4(6508 6524 6525 6509)
4(6524 6540 6541 6525)
4(6540 6556 6557 6541)
4(6556 6572 6573 6557)
4(6572 6588 6589 6573)
4(6588 6604 6605 6589)
4(6604 6620 6621 6605)
4(6620 6636 6637 6621)
4(6636 6652 6653 6637)
4(6652 6668 6669 6653)
4(6668 6684 6685 6669)
4(6684 6700 6701 6685)
4(6700 6716 6717 6701)
4(6716 1132 1133 6717)
4(6477 6493 6494 6478)
4(6493 6509 6510 6494)
4(6509 6525 6526 6510)
4(6525 6541 6542 6526)
4(6541 6557 6558 6542)
4(6557 6573 6574 6558)
4(6573 6589 6590 6574)
4(6589 6605 6606 6590)
4(6605 6621 6622 6606)
4(6621 6637 6638 6622)
4(6637 6653 6654 6638)
4(6653 6669 6670 6654)
4(6669 6685 6686 6670)
4(6685 6701 6702 6686)
4(6701 6717 6718 6702)
4(6717 1133 1134 6718)
4(6478 6494 6495 6479)
4(6494 6510 6511 6495)
4(6510 6526 6527 6511)
4(6526 6542 6543 6527)
4(6542 6558 6559 6543)
4(6558 6574 6575 6559)
4(6574 6590 6591 6575)
4(6590 6606 6607 6591)
4(6606 6622 6623 6607)
4(6622 6638 6639 6623)
4(6638 6654 6655 6639)
4(6654 6670 6671 6655)
4(6670 6686 6687 6671)
4(6686 6702 6703 6687)
4(6702 6718 6719 6703)
4(6718 1134 1135 6719)
4(6479 6495 6496 6480)
4(6495 6511 6512 6496)
4(6511 6527 6528 6512)
4(6527 6543 6544 6528)
4(6543 6559 6560 6544)
4(6559 6575 6576 6560)
4(6575 6591 6592 6576)
4(6591 6607 6608 6592)
4(6607 6623 6624 6608)
4(6623 6639 6640 6624)
4(6639 6655 6656 6640)
4(6655 6671 6672 6656)
4(6671 6687 6688 6672)
4(6687 6703 6704 6688)
4(6703 6719 6720 6704)
4(6719 1135 1136 6720)
4(6480 6496 6497 6481)
4(6496 6512 6513 6497)
4(6512 6528 6529 6513)
4(6528 6544 6545 6529)
4(6544 6560 6561 6545)
4(6560 6576 6577 6561)
4(6576 6592 6593 6577)
4(6592 6608 6609 6593)
4(6608 6624 6625 6609)
4(6624 6640 6641 6625)
4(6640 6656 6657 6641)
4(6656 6672 6673 6657)
4(6672 6688 6689 6673)
4(6688 6704 6705 6689)
4(6704 6720 6721 6705)
4(6720 1136 1137 6721)
4(5955 6722 6738 6227)
4(6227 6738 6754 6244)
4(6244 6754 6770 6261)
4(6261 6770 6786 6278)
4(6278 6786 6802 6295)
4(6295 6802 6818 6312)
4(6312 6818 6834 6329)
4(6329 6834 6850 6346)
4(6346 6850 6866 6363)
4(6363 6866 6882 6380)
4(6380 6882 6898 6397)
4(6397 6898 6914 6414)
4(6414 6914 6930 6431)
4(6431 6930 6946 6448)
4(6448 6946 6962 6465)
4(6465 6962 1394 866)
4(6722 6723 6739 6738)
4(6738 6739 6755 6754)
4(6754 6755 6771 6770)
4(6770 6771 6787 6786)
4(6786 6787 6803 6802)
4(6802 6803 6819 6818)
4(6818 6819 6835 6834)
4(6834 6835 6851 6850)
4(6850 6851 6867 6866)
4(6866 6867 6883 6882)
4(6882 6883 6899 6898)
4(6898 6899 6915 6914)
4(6914 6915 6931 6930)
4(6930 6931 6947 6946)
4(6946 6947 6963 6962)
4(6962 6963 1395 1394)
4(6723 6724 6740 6739)
4(6739 6740 6756 6755)
4(6755 6756 6772 6771)
4(6771 6772 6788 6787)
4(6787 6788 6804 6803)
4(6803 6804 6820 6819)
4(6819 6820 6836 6835)
4(6835 6836 6852 6851)
4(6851 6852 6868 6867)
4(6867 6868 6884 6883)
4(6883 6884 6900 6899)
4(6899 6900 6916 6915)
4(6915 6916 6932 6931)
4(6931 6932 6948 6947)
4(6947 6948 6964 6963)
4(6963 6964 1396 1395)
4(6724 6725 6741 6740)
4(6740 6741 6757 6756)
4(6756 6757 6773 6772)
4(6772 6773 6789 6788)
4(6788 6789 6805 6804)
4(6804 6805 6821 6820)
4(6820 6821 6837 6836)
4(6836 6837 6853 6852)
4(6852 6853 6869 6868)
4(6868 6869 6885 6884)
4(6884 6885 6901 6900)
4(6900 6901 6917 6916)
4(6916 6917 6933 6932)
4(6932 6933 6949 6948)
4(6948 6949 6965 6964)
4(6964 6965 1397 1396)
4(6725 6726 6742 6741)
4(6741 6742 6758 6757)
4(6757 6758 6774 6773)
4(6773 6774 6790 6789)
4(6789 6790 6806 6805)
4(6805 6806 6822 6821)
4(6821 6822 6838 6837)
4(6837 6838 6854 6853)
4(6853 6854 6870 6869)
4(6869 6870 6886 6885)
4(6885 6886 6902 6901)
4(6901 6902 6918 6917)
4(6917 6918 6934 6933)
4(6933 6934 6950 6949)
4(6949 6950 6966 6965)
4(6965 6966 1398 1397)
4(6726 6727 6743 6742)
4(6742 6743 6759 6758)
4(6758 6759 6775 6774)
4(6774 6775 6791 6790)
4(6790 6791 6807 6806)
4(6806 6807 6823 6822)
4(6822 6823 6839 6838)
4(6838 6839 6855 6854)
4(6854 6855 6871 6870)
4(6870 6871 6887 6886)
4(6886 6887 6903 6902)
4(6902 6903 6919 6918)
4(6918 6919 6935 6934)
4(6934 6935 6951 6950)
4(6950 6951 6967 6966)
4(6966 6967 1399 1398)
4(6727 6728 6744 6743)
4(6743 6744 6760 6759)
4(6759 6760 6776 6775)
4(6775 6776 6792 6791)
4(6791 6792 6808 6807)
4(6807 6808 6824 6823)
4(6823 6824 6840 6839)
4(6839 6840 6856 6855)
4(6855 6856 6872 6871)
4(6871 6872 6888 6887)
4(6887 6888 6904 6903)
4(6903 6904 6920 6919)
4(6919 6920 6936 6935)
4(6935 6936 6952 6951)
4(6951 6952 6968 6967)
4(6967 6968 1400 1399)
4(6728 6729 6745 6744)
4(6744 6745 6761 6760)
4(6760 6761 6777 6776)
4(6776 6777 6793 6792)
4(6792 6793 6809 6808)
4(6808 6809 6825 6824)
4(6824 6825 6841 6840)
4(6840 6841 6857 6856)
4(6856 6857 6873 6872)
4(6872 6873 6889 6888)
4(6888 6889 6905 6904)
4(6904 6905 6921 6920)
4(6920 6921 6937 6936)
4(6936 6937 6953 6952)
4(6952 6953 6969 6968)
4(6968 6969 1401 1400)
4(6729 6730 6746 6745)
4(6745 6746 6762 6761)
4(6761 6762 6778 6777)
4(6777 6778 6794 6793)
4(6793 6794 6810 6809)
4(6809 6810 6826 6825)
4(6825 6826 6842 6841)
4(6841 6842 6858 6857)
4(6857 6858 6874 6873)
4(6873 6874 6890 6889)
4(6889 6890 6906 6905)
4(6905 6906 6922 6921)
4(6921 6922 6938 6937)
4(6937 6938 6954 6953)
4(6953 6954 6970 6969)
4(6969 6970 1402 1401)
4(6730 6731 6747 6746)
4(6746 6747 6763 6762)
4(6762 6763 6779 6778)
4(6778 6779 6795 6794)
4(6794 6795 6811 6810)
4(6810 6811 6827 6826)
4(6826 6827 6843 6842)
4(6842 6843 6859 6858)
4(6858 6859 6875 6874)
4(6874 6875 6891 6890)
4(6890 6891 6907 6906)
4(6906 6907 6923 6922)
4(6922 6923 6939 6938)
4(6938 6939 6955 6954)
4(6954 6955 6971 6970)
4(6970 6971 1403 1402)
4(6731 6732 6748 6747)
4(6747 6748 6764 6763)
4(6763 6764 6780 6779)
4(6779 6780 6796 6795)
4(6795 6796 6812 6811)
4(6811 6812 6828 6827)
4(6827 6828 6844 6843)
4(6843 6844 6860 6859)
4(6859 6860 6876 6875)
4(6875 6876 6892 6891)
4(6891 6892 6908 6907)
4(6907 6908 6924 6923)
4(6923 6924 6940 6939)
4(6939 6940 6956 6955)
4(6955 6956 6972 6971)
4(6971 6972 1404 1403)
4(6732 6733 6749 6748)
4(6748 6749 6765 6764)
4(6764 6765 6781 6780)
4(6780 6781 6797 6796)
4(6796 6797 6813 6812)
4(6812 6813 6829 6828)
4(6828 6829 6845 6844)
4(6844 6845 6861 6860)
4(6860 6861 6877 6876)
4(6876 6877 6893 6892)
4(6892 6893 6909 6908)
4(6908 6909 6925 6924)
4(6924 6925 6941 6940)
4(6940 6941 6957 6956)
4(6956 6957 6973 6972)
4(6972 6973 1405 1404)
4(6733 6734 6750 6749)
4(6749 6750 6766 6765)
4(6765 6766 6782 6781)
4(6781 6782 6798 6797)
4(6797 6798 6814 6813)
4(6813 6814 6830 6829)
4(6829 6830 6846 6845)
4(6845 6846 6862 6861)
4(6861 6862 6878 6877)
4(6877 6878 6894 6893)
4(6893 6894 6910 6909)
4(6909 6910 6926 6925)
4(6925 6926 6942 6941)
4(6941 6942 6958 6957)
4(6957 6958 6974 6973)
4(6973 6974 1406 1405)
4(6734 6735 6751 6750)
4(6750 6751 6767 6766)
4(6766 6767 6783 6782)
4(6782 6783 6799 6798)
4(6798 6799 6815 6814)
4(6814 6815 6831 6830)
4(6830 6831 6847 6846)
4(6846 6847 6863 6862)
4(6862 6863 6879 6878)
4(6878 6879 6895 6894)
4(6894 6895 6911 6910)
4(6910 6911 6927 6926)
4(6926 6927 6943 6942)
4(6942 6943 6959 6958)
4(6958 6959 6975 6974)
4(6974 6975 1407 1406)
4(6735 6736 6752 6751)
4(6751 6752 6768 6767)
4(6767 6768 6784 6783)
4(6783 6784 6800 6799)
4(6799 6800 6816 6815)
4(6815 6816 6832 6831)
4(6831 6832 6848 6847)
4(6847 6848 6864 6863)
4(6863 6864 6880 6879)
4(6879 6880 6896 6895)
4(6895 6896 6912 6911)
4(6911 6912 6928 6927)
4(6927 6928 6944 6943)
4(6943 6944 6960 6959)
4(6959 6960 6976 6975)
4(6975 6976 1408 1407)
4(6736 6737 6753 6752)
4(6752 6753 6769 6768)
4(6768 6769 6785 6784)
4(6784 6785 6801 6800)
4(6800 6801 6817 6816)
4(6816 6817 6833 6832)
4(6832 6833 6849 6848)
4(6848 6849 6865 6864)
4(6864 6865 6881 6880)
4(6880 6881 6897 6896)
4(6896 6897 6913 6912)
4(6912 6913 6929 6928)
4(6928 6929 6945 6944)
4(6944 6945 6961 6960)
4(6960 6961 6977 6976)
4(6976 6977 1409 1408)
4(6978 6995 6996 6979)
4(6995 7012 7013 6996)
4(7012 7029 7030 7013)
4(7029 7046 7047 7030)
4(7046 7063 7064 7047)
4(7063 7080 7081 7064)
4(7080 7097 7098 7081)
4(7097 7114 7115 7098)
4(7114 7131 7132 7115)
4(7131 7148 7149 7132)
4(7148 7165 7166 7149)
4(7165 7182 7183 7166)
4(7182 7199 7200 7183)
4(7199 7216 7217 7200)
4(7216 7233 7234 7217)
4(7233 5666 6466 7234)
4(6979 6996 6997 6980)
4(6996 7013 7014 6997)
4(7013 7030 7031 7014)
4(7030 7047 7048 7031)
4(7047 7064 7065 7048)
4(7064 7081 7082 7065)
4(7081 7098 7099 7082)
4(7098 7115 7116 7099)
4(7115 7132 7133 7116)
4(7132 7149 7150 7133)
4(7149 7166 7167 7150)
4(7166 7183 7184 7167)
4(7183 7200 7201 7184)
4(7200 7217 7218 7201)
4(7217 7234 7235 7218)
4(7234 6466 6467 7235)
4(6980 6997 6998 6981)
4(6997 7014 7015 6998)
4(7014 7031 7032 7015)
4(7031 7048 7049 7032)
4(7048 7065 7066 7049)
4(7065 7082 7083 7066)
4(7082 7099 7100 7083)
4(7099 7116 7117 7100)
4(7116 7133 7134 7117)
4(7133 7150 7151 7134)
4(7150 7167 7168 7151)
4(7167 7184 7185 7168)
4(7184 7201 7202 7185)
4(7201 7218 7219 7202)
4(7218 7235 7236 7219)
4(7235 6467 6468 7236)
4(6981 6998 6999 6982)
4(6998 7015 7016 6999)
4(7015 7032 7033 7016)
4(7032 7049 7050 7033)
4(7049 7066 7067 7050)
4(7066 7083 7084 7067)
4(7083 7100 7101 7084)
4(7100 7117 7118 7101)
4(7117 7134 7135 7118)
4(7134 7151 7152 7135)
4(7151 7168 7169 7152)
4(7168 7185 7186 7169)
4(7185 7202 7203 7186)
4(7202 7219 7220 7203)
4(7219 7236 7237 7220)
4(7236 6468 6469 7237)
4(6982 6999 7000 6983)
4(6999 7016 7017 7000)
4(7016 7033 7034 7017)
4(7033 7050 7051 7034)
4(7050 7067 7068 7051)
4(7067 7084 7085 7068)
4(7084 7101 7102 7085)
4(7101 7118 7119 7102)
4(7118 7135 7136 7119)
4(7135 7152 7153 7136)
4(7152 7169 7170 7153)
4(7169 7186 7187 7170)
4(7186 7203 7204 7187)
4(7203 7220 7221 7204)
4(7220 7237 7238 7221)
4(7237 6469 6470 7238)
4(6983 7000 7001 6984)
4(7000 7017 7018 7001)
4(7017 7034 7035 7018)
4(7034 7051 7052 7035)
4(7051 7068 7069 7052)
4(7068 7085 7086 7069)
4(7085 7102 7103 7086)
4(7102 7119 7120 7103)
4(7119 7136 7137 7120)
4(7136 7153 7154 7137)
4(7153 7170 7171 7154)
4(7170 7187 7188 7171)
4(7187 7204 7205 7188)
4(7204 7221 7222 7205)
4(7221 7238 7239 7222)
4(7238 6470 6471 7239)
4(6984 7001 7002 6985)
4(7001 7018 7019 7002)
4(7018 7035 7036 7019)
4(7035 7052 7053 7036)
4(7052 7069 7070 7053)
4(7069 7086 7087 7070)
4(7086 7103 7104 7087)
4(7103 7120 7121 7104)
4(7120 7137 7138 7121)
4(7137 7154 7155 7138)
4(7154 7171 7172 7155)
4(7171 7188 7189 7172)
4(7188 7205 7206 7189)
4(7205 7222 7223 7206)
4(7222 7239 7240 7223)
4(7239 6471 6472 7240)
4(6985 7002 7003 6986)
4(7002 7019 7020 7003)
4(7019 7036 7037 7020)
4(7036 7053 7054 7037)
4(7053 7070 7071 7054)
4(7070 7087 7088 7071)
4(7087 7104 7105 7088)
4(7104 7121 7122 7105)
4(7121 7138 7139 7122)
4(7138 7155 7156 7139)
4(7155 7172 7173 7156)
4(7172 7189 7190 7173)
4(7189 7206 7207 7190)
4(7206 7223 7224 7207)
4(7223 7240 7241 7224)
4(7240 6472 6473 7241)
4(6986 7003 7004 6987)
4(7003 7020 7021 7004)
4(7020 7037 7038 7021)
4(7037 7054 7055 7038)
4(7054 7071 7072 7055)
4(7071 7088 7089 7072)
4(7088 7105 7106 7089)
4(7105 7122 7123 7106)
4(7122 7139 7140 7123)
4(7139 7156 7157 7140)
4(7156 7173 7174 7157)
4(7173 7190 7191 7174)
4(7190 7207 7208 7191)
4(7207 7224 7225 7208)
4(7224 7241 7242 7225)
4(7241 6473 6474 7242)
4(6987 7004 7005 6988)
4(7004 7021 7022 7005)
4(7021 7038 7039 7022)
4(7038 7055 7056 7039)
4(7055 7072 7073 7056)
4(7072 7089 7090 7073)
4(7089 7106 7107 7090)
4(7106 7123 7124 7107)
4(7123 7140 7141 7124)
4(7140 7157 7158 7141)
4(7157 7174 7175 7158)
4(7174 7191 7192 7175)
4(7191 7208 7209 7192)
4(7208 7225 7226 7209)
4(7225 7242 7243 7226)
4(7242 6474 6475 7243)
4(6988 7005 7006 6989)
4(7005 7022 7023 7006)
4(7022 7039 7040 7023)
4(7039 7056 7057 7040)
4(7056 7073 7074 7057)
4(7073 7090 7091 7074)
4(7090 7107 7108 7091)
4(7107 7124 7125 7108)
4(7124 7141 7142 7125)
4(7141 7158 7159 7142)
4(7158 7175 7176 7159)
4(7175 7192 7193 7176)
4(7192 7209 7210 7193)
4(7209 7226 7227 7210)
4(7226 7243 7244 7227)
4(7243 6475 6476 7244)
4(6989 7006 7007 6990)
4(7006 7023 7024 7007)
4(7023 7040 7041 7024)
4(7040 7057 7058 7041)
4(7057 7074 7075 7058)
4(7074 7091 7092 7075)
4(7091 7108 7109 7092)
4(7108 7125 7126 7109)
4(7125 7142 7143 7126)
4(7142 7159 7160 7143)
4(7159 7176 7177 7160)
4(7176 7193 7194 7177)
4(7193 7210 7211 7194)
4(7210 7227 7228 7211)
4(7227 7244 7245 7228)
4(7244 6476 6477 7245)
4(6990 7007 7008 6991)
4(7007 7024 7025 7008)
4(7024 7041 7042 7025)
4(7041 7058 7059 7042)
4(7058 7075 7076 7059)
4(7075 7092 7093 7076)
4(7092 7109 7110 7093)
4(7109 7126 7127 7110)
4(7126 7143 7144 7127)
4(7143 7160 7161 7144)
4(7160 7177 7178 7161)
4(7177 7194 7195 7178)
4(7194 7211 7212 7195)
4(7211 7228 7229 7212)
4(7228 7245 7246 7229)
4(7245 6477 6478 7246)
4(6991 7008 7009 6992)
4(7008 7025 7026 7009)
4(7025 7042 7043 7026)
4(7042 7059 7060 7043)
4(7059 7076 7077 7060)
4(7076 7093 7094 7077)
4(7093 7110 7111 7094)
4(7110 7127 7128 7111)
4(7127 7144 7145 7128)
4(7144 7161 7162 7145)
4(7161 7178 7179 7162)
4(7178 7195 7196 7179)
4(7195 7212 7213 7196)
4(7212 7229 7230 7213)
4(7229 7246 7247 7230)
4(7246 6478 6479 7247)
4(6992 7009 7010 6993)
4(7009 7026 7027 7010)
4(7026 7043 7044 7027)
4(7043 7060 7061 7044)
4(7060 7077 7078 7061)
4(7077 7094 7095 7078)
4(7094 7111 7112 7095)
4(7111 7128 7129 7112)
4(7128 7145 7146 7129)
4(7145 7162 7163 7146)
4(7162 7179 7180 7163)
4(7179 7196 7197 7180)
4(7196 7213 7214 7197)
4(7213 7230 7231 7214)
4(7230 7247 7248 7231)
4(7247 6479 6480 7248)
4(6993 7010 7011 6994)
4(7010 7027 7028 7011)
4(7027 7044 7045 7028)
4(7044 7061 7062 7045)
4(7061 7078 7079 7062)
4(7078 7095 7096 7079)
4(7095 7112 7113 7096)
4(7112 7129 7130 7113)
4(7129 7146 7147 7130)
4(7146 7163 7164 7147)
4(7163 7180 7181 7164)
4(7180 7197 7198 7181)
4(7197 7214 7215 7198)
4(7214 7231 7232 7215)
4(7231 7248 7249 7232)
4(7248 6480 6481 7249)
4(7250 7251 7268 7267)
4(7267 7268 7285 7284)
4(7284 7285 7302 7301)
4(7301 7302 7319 7318)
4(7318 7319 7336 7335)
4(7335 7336 7353 7352)
4(7352 7353 7370 7369)
4(7369 7370 7387 7386)
4(7386 7387 7404 7403)
4(7403 7404 7421 7420)
4(7420 7421 7438 7437)
4(7437 7438 7455 7454)
4(7454 7455 7472 7471)
4(7471 7472 7489 7488)
4(7488 7489 7506 7505)
4(7505 7506 6722 5955)
4(7251 7252 7269 7268)
4(7268 7269 7286 7285)
4(7285 7286 7303 7302)
4(7302 7303 7320 7319)
4(7319 7320 7337 7336)
4(7336 7337 7354 7353)
4(7353 7354 7371 7370)
4(7370 7371 7388 7387)
4(7387 7388 7405 7404)
4(7404 7405 7422 7421)
4(7421 7422 7439 7438)
4(7438 7439 7456 7455)
4(7455 7456 7473 7472)
4(7472 7473 7490 7489)
4(7489 7490 7507 7506)
4(7506 7507 6723 6722)
4(7252 7253 7270 7269)
4(7269 7270 7287 7286)
4(7286 7287 7304 7303)
4(7303 7304 7321 7320)
4(7320 7321 7338 7337)
4(7337 7338 7355 7354)
4(7354 7355 7372 7371)
4(7371 7372 7389 7388)
4(7388 7389 7406 7405)
4(7405 7406 7423 7422)
4(7422 7423 7440 7439)
4(7439 7440 7457 7456)
4(7456 7457 7474 7473)
4(7473 7474 7491 7490)
4(7490 7491 7508 7507)
4(7507 7508 6724 6723)
4(7253 7254 7271 7270)
4(7270 7271 7288 7287)
4(7287 7288 7305 7304)
4(7304 7305 7322 7321)
4(7321 7322 7339 7338)
4(7338 7339 7356 7355)
4(7355 7356 7373 7372)
4(7372 7373 7390 7389)
4(7389 7390 7407 7406)
4(7406 7407 7424 7423)
4(7423 7424 7441 7440)
4(7440 7441 7458 7457)
4(7457 7458 7475 7474)
4(7474 7475 7492 7491)
4(7491 7492 7509 7508)
4(7508 7509 6725 6724)
4(7254 7255 7272 7271)
4(7271 7272 7289 7288)
4(7288 7289 7306 7305)
4(7305 7306 7323 7322)
4(7322 7323 7340 7339)
4(7339 7340 7357 7356)
4(7356 7357 7374 7373)
4(7373 7374 7391 7390)
4(7390 7391 7408 7407)
4(7407 7408 7425 7424)
4(7424 7425 7442 7441)
4(7441 7442 7459 7458)
4(7458 7459 7476 7475)
4(7475 7476 7493 7492)
4(7492 7493 7510 7509)
4(7509 7510 6726 6725)
4(7255 7256 7273 7272)
4(7272 7273 7290 7289)
4(7289 7290 7307 7306)
4(7306 7307 7324 7323)
4(7323 7324 7341 7340)
4(7340 7341 7358 7357)
4(7357 7358 7375 7374)
4(7374 7375 7392 7391)
4(7391 7392 7409 7408)
4(7408 7409 7426 7425)
4(7425 7426 7443 7442)
4(7442 7443 7460 7459)
4(7459 7460 7477 7476)
4(7476 7477 7494 7493)
4(7493 7494 7511 7510)
4(7510 7511 6727 6726)
4(7256 7257 7274 7273)
4(7273 7274 7291 7290)
4(7290 7291 7308 7307)
4(7307 7308 7325 7324)
4(7324 7325 7342 7341)
4(7341 7342 7359 7358)
4(7358 7359 7376 7375)
4(7375 7376 7393 7392)
4(7392 7393 7410 7409)
4(7409 7410 7427 7426)
4(7426 7427 7444 7443)
4(7443 7444 7461 7460)
4(7460 7461 7478 7477)
4(7477 7478 7495 7494)
4(7494 7495 7512 7511)
4(7511 7512 6728 6727)
4(7257 7258 7275 7274)
4(7274 7275 7292 7291)
4(7291 7292 7309 7308)
4(7308 7309 7326 7325)
4(7325 7326 7343 7342)
4(7342 7343 7360 7359)
4(7359 7360 7377 7376)
4(7376 7377 7394 7393)
4(7393 7394 7411 7410)
4(7410 7411 7428 7427)
4(7427 7428 7445 7444)
4(7444 7445 7462 7461)
4(7461 7462 7479 7478)
4(7478 7479 7496 7495)
4(7495 7496 7513 7512)
4(7512 7513 6729 6728)
4(7258 7259 7276 7275)
4(7275 7276 7293 7292)
4(7292 7293 7310 7309)
4(7309 7310 7327 7326)
4(7326 7327 7344 7343)
4(7343 7344 7361 7360)
4(7360 7361 7378 7377)
4(7377 7378 7395 7394)
4(7394 7395 7412 7411)
4(7411 7412 7429 7428)
4(7428 7429 7446 7445)
4(7445 7446 7463 7462)
4(7462 7463 7480 7479)
4(7479 7480 7497 7496)
4(7496 7497 7514 7513)
4(7513 7514 6730 6729)
4(7259 7260 7277 7276)
4(7276 7277 7294 7293)
4(7293 7294 7311 7310)
4(7310 7311 7328 7327)
4(7327 7328 7345 7344)
4(7344 7345 7362 7361)
4(7361 7362 7379 7378)
4(7378 7379 7396 7395)
4(7395 7396 7413 7412)
4(7412 7413 7430 7429)
4(7429 7430 7447 7446)
4(7446 7447 7464 7463)
4(7463 7464 7481 7480)
4(7480 7481 7498 7497)
4(7497 7498 7515 7514)
4(7514 7515 6731 6730)
4(7260 7261 7278 7277)
4(7277 7278 7295 7294)
4(7294 7295 7312 7311)
4(7311 7312 7329 7328)
4(7328 7329 7346 7345)
4(7345 7346 7363 7362)
4(7362 7363 7380 7379)
4(7379 7380 7397 7396)
4(7396 7397 7414 7413)
4(7413 7414 7431 7430)
4(7430 7431 7448 7447)
4(7447 7448 7465 7464)
4(7464 7465 7482 7481)
4(7481 7482 7499 7498)
4(7498 7499 7516 7515)
4(7515 7516 6732 6731)
4(7261 7262 7279 7278)
4(7278 7279 7296 7295)
4(7295 7296 7313 7312)
4(7312 7313 7330 7329)
4(7329 7330 7347 7346)
4(7346 7347 7364 7363)
4(7363 7364 7381 7380)
4(7380 7381 7398 7397)
4(7397 7398 7415 7414)
4(7414 7415 7432 7431)
4(7431 7432 7449 7448)
4(7448 7449 7466 7465)
4(7465 7466 7483 7482)
4(7482 7483 7500 7499)
4(7499 7500 7517 7516)
4(7516 7517 6733 6732)
4(7262 7263 7280 7279)
4(7279 7280 7297 7296)
4(7296 7297 7314 7313)
4(7313 7314 7331 7330)
4(7330 7331 7348 7347)
4(7347 7348 7365 7364)
4(7364 7365 7382 7381)
4(7381 7382 7399 7398)
4(7398 7399 7416 7415)
4(7415 7416 7433 7432)
4(7432 7433 7450 7449)
4(7449 7450 7467 7466)
4(7466 7467 7484 7483)
4(7483 7484 7501 7500)
4(7500 7501 7518 7517)
4(7517 7518 6734 6733)
4(7263 7264 7281 7280)
4(7280 7281 7298 7297)
4(7297 7298 7315 7314)
4(7314 7315 7332 7331)
4(7331 7332 7349 7348)
4(7348 7349 7366 7365)
4(7365 7366 7383 7382)
4(7382 7383 7400 7399)
4(7399 7400 7417 7416)
4(7416 7417 7434 7433)
4(7433 7434 7451 7450)
4(7450 7451 7468 7467)
4(7467 7468 7485 7484)
4(7484 7485 7502 7501)
4(7501 7502 7519 7518)
4(7518 7519 6735 6734)
4(7264 7265 7282 7281)
4(7281 7282 7299 7298)
4(7298 7299 7316 7315)
4(7315 7316 7333 7332)
4(7332 7333 7350 7349)
4(7349 7350 7367 7366)
4(7366 7367 7384 7383)
4(7383 7384 7401 7400)
4(7400 7401 7418 7417)
4(7417 7418 7435 7434)
4(7434 7435 7452 7451)
4(7451 7452 7469 7468)
4(7468 7469 7486 7485)
4(7485 7486 7503 7502)
4(7502 7503 7520 7519)
4(7519 7520 6736 6735)
4(7265 7266 7283 7282)
4(7282 7283 7300 7299)
4(7299 7300 7317 7316)
4(7316 7317 7334 7333)
4(7333 7334 7351 7350)
4(7350 7351 7368 7367)
4(7367 7368 7385 7384)
4(7384 7385 7402 7401)
4(7401 7402 7419 7418)
4(7418 7419 7436 7435)
4(7435 7436 7453 7452)
4(7452 7453 7470 7469)
4(7469 7470 7487 7486)
4(7486 7487 7504 7503)
4(7503 7504 7521 7520)
4(7520 7521 6737 6736)
4(7522 7538 7539 7523)
4(7538 7554 7555 7539)
4(7554 7570 7571 7555)
4(7570 7586 7587 7571)
4(7586 7602 7603 7587)
4(7602 7618 7619 7603)
4(7618 7634 7635 7619)
4(7634 7650 7651 7635)
4(7650 7666 7667 7651)
4(7666 7682 7683 7667)
4(7682 7698 7699 7683)
4(7698 7714 7715 7699)
4(7714 7730 7731 7715)
4(7730 7746 7747 7731)
4(7746 7762 7763 7747)
4(7762 5394 5411 7763)
4(7523 7539 7540 7524)
4(7539 7555 7556 7540)
4(7555 7571 7572 7556)
4(7571 7587 7588 7572)
4(7587 7603 7604 7588)
4(7603 7619 7620 7604)
4(7619 7635 7636 7620)
4(7635 7651 7652 7636)
4(7651 7667 7668 7652)
4(7667 7683 7684 7668)
4(7683 7699 7700 7684)
4(7699 7715 7716 7700)
4(7715 7731 7732 7716)
4(7731 7747 7748 7732)
4(7747 7763 7764 7748)
4(7763 5411 5428 7764)
4(7524 7540 7541 7525)
4(7540 7556 7557 7541)
4(7556 7572 7573 7557)
4(7572 7588 7589 7573)
4(7588 7604 7605 7589)
4(7604 7620 7621 7605)
4(7620 7636 7637 7621)
4(7636 7652 7653 7637)
4(7652 7668 7669 7653)
4(7668 7684 7685 7669)
4(7684 7700 7701 7685)
4(7700 7716 7717 7701)
4(7716 7732 7733 7717)
4(7732 7748 7749 7733)
4(7748 7764 7765 7749)
4(7764 5428 5445 7765)
4(7525 7541 7542 7526)
4(7541 7557 7558 7542)
4(7557 7573 7574 7558)
4(7573 7589 7590 7574)
4(7589 7605 7606 7590)
4(7605 7621 7622 7606)
4(7621 7637 7638 7622)
4(7637 7653 7654 7638)
4(7653 7669 7670 7654)
4(7669 7685 7686 7670)
4(7685 7701 7702 7686)
4(7701 7717 7718 7702)
4(7717 7733 7734 7718)
4(7733 7749 7750 7734)
4(7749 7765 7766 7750)
4(7765 5445 5462 7766)
4(7526 7542 7543 7527)
4(7542 7558 7559 7543)
4(7558 7574 7575 7559)
4(7574 7590 7591 7575)
4(7590 7606 7607 7591)
4(7606 7622 7623 7607)
4(7622 7638 7639 7623)
4(7638 7654 7655 7639)
4(7654 7670 7671 7655)
4(7670 7686 7687 7671)
4(7686 7702 7703 7687)
4(7702 7718 7719 7703)
4(7718 7734 7735 7719)
4(7734 7750 7751 7735)
4(7750 7766 7767 7751)
4(7766 5462 5479 7767)
4(7527 7543 7544 7528)
4(7543 7559 7560 7544)
4(7559 7575 7576 7560)
4(7575 7591 7592 7576)
4(7591 7607 7608 7592)
4(7607 7623 7624 7608)
4(7623 7639 7640 7624)
4(7639 7655 7656 7640)
4(7655 7671 7672 7656)
4(7671 7687 7688 7672)
4(7687 7703 7704 7688)
4(7703 7719 7720 7704)
4(7719 7735 7736 7720)
4(7735 7751 7752 7736)
4(7751 7767 7768 7752)
4(7767 5479 5496 7768)
4(7528 7544 7545 7529)
4(7544 7560 7561 7545)
4(7560 7576 7577 7561)
4(7576 7592 7593 7577)
4(7592 7608 7609 7593)
4(7608 7624 7625 7609)
4(7624 7640 7641 7625)
4(7640 7656 7657 7641)
4(7656 7672 7673 7657)
4(7672 7688 7689 7673)
4(7688 7704 7705 7689)
4(7704 7720 7721 7705)
4(7720 7736 7737 7721)
4(7736 7752 7753 7737)
4(7752 7768 7769 7753)
4(7768 5496 5513 7769)
4(7529 7545 7546 7530)
4(7545 7561 7562 7546)
4(7561 7577 7578 7562)
4(7577 7593 7594 7578)
4(7593 7609 7610 7594)
4(7609 7625 7626 7610)
4(7625 7641 7642 7626)
4(7641 7657 7658 7642)
4(7657 7673 7674 7658)
4(7673 7689 7690 7674)
4(7689 7705 7706 7690)
4(7705 7721 7722 7706)
4(7721 7737 7738 7722)
4(7737 7753 7754 7738)
4(7753 7769 7770 7754)
4(7769 5513 5530 7770)
4(7530 7546 7547 7531)
4(7546 7562 7563 7547)
4(7562 7578 7579 7563)
4(7578 7594 7595 7579)
4(7594 7610 7611 7595)
4(7610 7626 7627 7611)
4(7626 7642 7643 7627)
4(7642 7658 7659 7643)
4(7658 7674 7675 7659)
4(7674 7690 7691 7675)
4(7690 7706 7707 7691)
4(7706 7722 7723 7707)
4(7722 7738 7739 7723)
4(7738 7754 7755 7739)
4(7754 7770 7771 7755)
4(7770 5530 5547 7771)
4(7531 7547 7548 7532)
4(7547 7563 7564 7548)
4(7563 7579 7580 7564)
4(7579 7595 7596 7580)
4(7595 7611 7612 7596)
4(7611 7627 7628 7612)
4(7627 7643 7644 7628)
4(7643 7659 7660 7644)
4(7659 7675 7676 7660)
4(7675 7691 7692 7676)
4(7691 7707 7708 7692)
4(7707 7723 7724 7708)
4(7723 7739 7740 7724)
4(7739 7755 7756 7740)
4(7755 7771 7772 7756)
4(7771 5547 5564 7772)
4(7532 7548 7549 7533)
4(7548 7564 7565 7549)
4(7564 7580 7581 7565)
4(7580 7596 7597 7581)
4(7596 7612 7613 7597)
4(7612 7628 7629 7613)
4(7628 7644 7645 7629)
4(7644 7660 7661 7645)
4(7660 7676 7677 7661)
4(7676 7692 7693 7677)
4(7692 7708 7709 7693)
4(7708 7724 7725 7709)
4(7724 7740 7741 7725)
4(7740 7756 7757 7741)
4(7756 7772 7773 7757)
4(7772 5564 5581 7773)
4(7533 7549 7550 7534)
4(7549 7565 7566 7550)
4(7565 7581 7582 7566)
4(7581 7597 7598 7582)
4(7597 7613 7614 7598)
4(7613 7629 7630 7614)
4(7629 7645 7646 7630)
4(7645 7661 7662 7646)
4(7661 7677 7678 7662)
4(7677 7693 7694 7678)
4(7693 7709 7710 7694)
4(7709 7725 7726 7710)
4(7725 7741 7742 7726)
4(7741 7757 7758 7742)
4(7757 7773 7774 7758)
4(7773 5581 5598 7774)
4(7534 7550 7551 7535)
4(7550 7566 7567 7551)
4(7566 7582 7583 7567)
4(7582 7598 7599 7583)
4(7598 7614 7615 7599)
4(7614 7630 7631 7615)
4(7630 7646 7647 7631)
4(7646 7662 7663 7647)
4(7662 7678 7679 7663)
4(7678 7694 7695 7679)
4(7694 7710 7711 7695)
4(7710 7726 7727 7711)
4(7726 7742 7743 7727)
4(7742 7758 7759 7743)
4(7758 7774 7775 7759)
4(7774 5598 5615 7775)
4(7535 7551 7552 7536)
4(7551 7567 7568 7552)
4(7567 7583 7584 7568)
4(7583 7599 7600 7584)
4(7599 7615 7616 7600)
4(7615 7631 7632 7616)
4(7631 7647 7648 7632)
4(7647 7663 7664 7648)
4(7663 7679 7680 7664)
4(7679 7695 7696 7680)
4(7695 7711 7712 7696)
4(7711 7727 7728 7712)
4(7727 7743 7744 7728)
4(7743 7759 7760 7744)
4(7759 7775 7776 7760)
4(7775 5615 5632 7776)
4(7536 7552 7553 7537)
4(7552 7568 7569 7553)
4(7568 7584 7585 7569)
4(7584 7600 7601 7585)
4(7600 7616 7617 7601)
4(7616 7632 7633 7617)
4(7632 7648 7649 7633)
4(7648 7664 7665 7649)
4(7664 7680 7681 7665)
4(7680 7696 7697 7681)
4(7696 7712 7713 7697)
4(7712 7728 7729 7713)
4(7728 7744 7745 7729)
4(7744 7760 7761 7745)
4(7760 7776 7777 7761)
4(7776 5632 5649 7777)
4(7537 7553 6995 6978)
4(7553 7569 7012 6995)
4(7569 7585 7029 7012)
4(7585 7601 7046 7029)
4(7601 7617 7063 7046)
4(7617 7633 7080 7063)
4(7633 7649 7097 7080)
4(7649 7665 7114 7097)
4(7665 7681 7131 7114)
4(7681 7697 7148 7131)
4(7697 7713 7165 7148)
4(7713 7729 7182 7165)
4(7729 7745 7199 7182)
4(7745 7761 7216 7199)
4(7761 7777 7233 7216)
4(7777 5649 5666 7233)
4(7778 7779 7795 7794)
4(7794 7795 7811 7810)
4(7810 7811 7827 7826)
4(7826 7827 7843 7842)
4(7842 7843 7859 7858)
4(7858 7859 7875 7874)
4(7874 7875 7891 7890)
4(7890 7891 7907 7906)
4(7906 7907 7923 7922)
4(7922 7923 7939 7938)
4(7938 7939 7955 7954)
4(7954 7955 7971 7970)
4(7970 7971 7987 7986)
4(7986 7987 8003 8002)
4(8002 8003 8019 8018)
4(8018 8019 5700 5683)
4(7779 7780 7796 7795)
4(7795 7796 7812 7811)
4(7811 7812 7828 7827)
4(7827 7828 7844 7843)
4(7843 7844 7860 7859)
4(7859 7860 7876 7875)
4(7875 7876 7892 7891)
4(7891 7892 7908 7907)
4(7907 7908 7924 7923)
4(7923 7924 7940 7939)
4(7939 7940 7956 7955)
4(7955 7956 7972 7971)
4(7971 7972 7988 7987)
4(7987 7988 8004 8003)
4(8003 8004 8020 8019)
4(8019 8020 5717 5700)
4(7780 7781 7797 7796)
4(7796 7797 7813 7812)
4(7812 7813 7829 7828)
4(7828 7829 7845 7844)
4(7844 7845 7861 7860)
4(7860 7861 7877 7876)
4(7876 7877 7893 7892)
4(7892 7893 7909 7908)
4(7908 7909 7925 7924)
4(7924 7925 7941 7940)
4(7940 7941 7957 7956)
4(7956 7957 7973 7972)
4(7972 7973 7989 7988)
4(7988 7989 8005 8004)
4(8004 8005 8021 8020)
4(8020 8021 5734 5717)
4(7781 7782 7798 7797)
4(7797 7798 7814 7813)
4(7813 7814 7830 7829)
4(7829 7830 7846 7845)
4(7845 7846 7862 7861)
4(7861 7862 7878 7877)
4(7877 7878 7894 7893)
4(7893 7894 7910 7909)
4(7909 7910 7926 7925)
4(7925 7926 7942 7941)
4(7941 7942 7958 7957)
4(7957 7958 7974 7973)
4(7973 7974 7990 7989)
4(7989 7990 8006 8005)
4(8005 8006 8022 8021)
4(8021 8022 5751 5734)
4(7782 7783 7799 7798)
4(7798 7799 7815 7814)
4(7814 7815 7831 7830)
4(7830 7831 7847 7846)
4(7846 7847 7863 7862)
4(7862 7863 7879 7878)
4(7878 7879 7895 7894)
4(7894 7895 7911 7910)
4(7910 7911 7927 7926)
4(7926 7927 7943 7942)
4(7942 7943 7959 7958)
4(7958 7959 7975 7974)
4(7974 7975 7991 7990)
4(7990 7991 8007 8006)
4(8006 8007 8023 8022)
4(8022 8023 5768 5751)
4(7783 7784 7800 7799)
4(7799 7800 7816 7815)
4(7815 7816 7832 7831)
4(7831 7832 7848 7847)
4(7847 7848 7864 7863)
4(7863 7864 7880 7879)
4(7879 7880 7896 7895)
4(7895 7896 7912 7911)
4(7911 7912 7928 7927)
4(7927 7928 7944 7943)
4(7943 7944 7960 7959)
4(7959 7960 7976 7975)
4(7975 7976 7992 7991)
4(7991 7992 8008 8007)
4(8007 8008 8024 8023)
4(8023 8024 5785 5768)
4(7784 7785 7801 7800)
4(7800 7801 7817 7816)
4(7816 7817 7833 7832)
4(7832 7833 7849 7848)
4(7848 7849 7865 7864)
4(7864 7865 7881 7880)
4(7880 7881 7897 7896)
4(7896 7897 7913 7912)
4(7912 7913 7929 7928)
4(7928 7929 7945 7944)
4(7944 7945 7961 7960)
4(7960 7961 7977 7976)
4(7976 7977 7993 7992)
4(7992 7993 8009 8008)
4(8008 8009 8025 8024)
4(8024 8025 5802 5785)
4(7785 7786 7802 7801)
4(7801 7802 7818 7817)
4(7817 7818 7834 7833)
4(7833 7834 7850 7849)
4(7849 7850 7866 7865)
4(7865 7866 7882 7881)
4(7881 7882 7898 7897)
4(7897 7898 7914 7913)
4(7913 7914 7930 7929)
4(7929 7930 7946 7945)
4(7945 7946 7962 7961)
4(7961 7962 7978 7977)
4(7977 7978 7994 7993)
4(7993 7994 8010 8009)
4(8009 8010 8026 8025)
4(8025 8026 5819 5802)
4(7786 7787 7803 7802)
4(7802 7803 7819 7818)
4(7818 7819 7835 7834)
4(7834 7835 7851 7850)
4(7850 7851 7867 7866)
4(7866 7867 7883 7882)
4(7882 7883 7899 7898)
4(7898 7899 7915 7914)
4(7914 7915 7931 7930)
4(7930 7931 7947 7946)
4(7946 7947 7963 7962)
4(7962 7963 7979 7978)
4(7978 7979 7995 7994)
4(7994 7995 8011 8010)
4(8010 8011 8027 8026)
4(8026 8027 5836 5819)
4(7787 7788 7804 7803)
4(7803 7804 7820 7819)
4(7819 7820 7836 7835)
4(7835 7836 7852 7851)
4(7851 7852 7868 7867)
4(7867 7868 7884 7883)
4(7883 7884 7900 7899)
4(7899 7900 7916 7915)
4(7915 7916 7932 7931)
4(7931 7932 7948 7947)
4(7947 7948 7964 7963)
4(7963 7964 7980 7979)
4(7979 7980 7996 7995)
4(7995 7996 8012 8011)
4(8011 8012 8028 8027)
4(8027 8028 5853 5836)
4(7788 7789 7805 7804)
4(7804 7805 7821 7820)
4(7820 7821 7837 7836)
4(7836 7837 7853 7852)
4(7852 7853 7869 7868)
4(7868 7869 7885 7884)
4(7884 7885 7901 7900)
4(7900 7901 7917 7916)
4(7916 7917 7933 7932)
4(7932 7933 7949 7948)
4(7948 7949 7965 7964)
4(7964 7965 7981 7980)
4(7980 7981 7997 7996)
4(7996 7997 8013 8012)
4(8012 8013 8029 8028)
4(8028 8029 5870 5853)
4(7789 7790 7806 7805)
4(7805 7806 7822 7821)
4(7821 7822 7838 7837)
4(7837 7838 7854 7853)
4(7853 7854 7870 7869)
4(7869 7870 7886 7885)
4(7885 7886 7902 7901)
4(7901 7902 7918 7917)
4(7917 7918 7934 7933)
4(7933 7934 7950 7949)
4(7949 7950 7966 7965)
4(7965 7966 7982 7981)
4(7981 7982 7998 7997)
4(7997 7998 8014 8013)
4(8013 8014 8030 8029)
4(8029 8030 5887 5870)
4(7790 7791 7807 7806)
4(7806 7807 7823 7822)
4(7822 7823 7839 7838)
4(7838 7839 7855 7854)
4(7854 7855 7871 7870)
4(7870 7871 7887 7886)
4(7886 7887 7903 7902)
4(7902 7903 7919 7918)
4(7918 7919 7935 7934)
4(7934 7935 7951 7950)
4(7950 7951 7967 7966)
4(7966 7967 7983 7982)
4(7982 7983 7999 7998)
4(7998 7999 8015 8014)
4(8014 8015 8031 8030)
4(8030 8031 5904 5887)
4(7791 7792 7808 7807)
4(7807 7808 7824 7823)
4(7823 7824 7840 7839)
4(7839 7840 7856 7855)
4(7855 7856 7872 7871)
4(7871 7872 7888 7887)
4(7887 7888 7904 7903)
4(7903 7904 7920 7919)
4(7919 7920 7936 7935)
4(7935 7936 7952 7951)
4(7951 7952 7968 7967)
4(7967 7968 7984 7983)
4(7983 7984 8000 7999)
4(7999 8000 8016 8015)
4(8015 8016 8032 8031)
4(8031 8032 5921 5904)
4(7792 7793 7809 7808)
4(7808 7809 7825 7824)
4(7824 7825 7841 7840)
4(7840 7841 7857 7856)
4(7856 7857 7873 7872)
4(7872 7873 7889 7888)
4(7888 7889 7905 7904)
4(7904 7905 7921 7920)
4(7920 7921 7937 7936)
4(7936 7937 7953 7952)
4(7952 7953 7969 7968)
4(7968 7969 7985 7984)
4(7984 7985 8001 8000)
4(8000 8001 8017 8016)
4(8016 8017 8033 8032)
4(8032 8033 5938 5921)
4(7793 7250 7267 7809)
4(7809 7267 7284 7825)
4(7825 7284 7301 7841)
4(7841 7301 7318 7857)
4(7857 7318 7335 7873)
4(7873 7335 7352 7889)
4(7889 7352 7369 7905)
4(7905 7369 7386 7921)
4(7921 7386 7403 7937)
4(7937 7403 7420 7953)
4(7953 7420 7437 7969)
4(7969 7437 7454 7985)
4(7985 7454 7471 8001)
4(8001 7471 7488 8017)
4(8017 7488 7505 8033)
4(8033 7505 5955 5938)
4(8034 8051 8052 8035)
4(8051 8068 8069 8052)
4(8068 8085 8086 8069)
4(8085 8102 8103 8086)
4(8102 8119 8120 8103)
4(8119 8136 8137 8120)
4(8136 8153 8154 8137)
4(8153 8170 8171 8154)
4(8170 8187 8188 8171)
4(8187 8204 8205 8188)
4(8204 8221 8222 8205)
4(8221 8238 8239 8222)
4(8238 8255 8256 8239)
4(8255 8272 8273 8256)
4(8272 8289 8290 8273)
4(8289 3266 3267 8290)
4(8035 8052 8053 8036)
4(8052 8069 8070 8053)
4(8069 8086 8087 8070)
4(8086 8103 8104 8087)
4(8103 8120 8121 8104)
4(8120 8137 8138 8121)
4(8137 8154 8155 8138)
4(8154 8171 8172 8155)
4(8171 8188 8189 8172)
4(8188 8205 8206 8189)
4(8205 8222 8223 8206)
4(8222 8239 8240 8223)
4(8239 8256 8257 8240)
4(8256 8273 8274 8257)
4(8273 8290 8291 8274)
4(8290 3267 3268 8291)
4(8036 8053 8054 8037)
4(8053 8070 8071 8054)
4(8070 8087 8088 8071)
4(8087 8104 8105 8088)
4(8104 8121 8122 8105)
4(8121 8138 8139 8122)
4(8138 8155 8156 8139)
4(8155 8172 8173 8156)
4(8172 8189 8190 8173)
4(8189 8206 8207 8190)
4(8206 8223 8224 8207)
4(8223 8240 8241 8224)
4(8240 8257 8258 8241)
4(8257 8274 8275 8258)
4(8274 8291 8292 8275)
4(8291 3268 3269 8292)
4(8037 8054 8055 8038)
4(8054 8071 8072 8055)
4(8071 8088 8089 8072)
4(8088 8105 8106 8089)
4(8105 8122 8123 8106)
4(8122 8139 8140 8123)
4(8139 8156 8157 8140)
4(8156 8173 8174 8157)
4(8173 8190 8191 8174)
4(8190 8207 8208 8191)
4(8207 8224 8225 8208)
4(8224 8241 8242 8225)
4(8241 8258 8259 8242)
4(8258 8275 8276 8259)
4(8275 8292 8293 8276)
4(8292 3269 3270 8293)
4(8038 8055 8056 8039)
4(8055 8072 8073 8056)
4(8072 8089 8090 8073)
4(8089 8106 8107 8090)
4(8106 8123 8124 8107)
4(8123 8140 8141 8124)
4(8140 8157 8158 8141)
4(8157 8174 8175 8158)
4(8174 8191 8192 8175)
4(8191 8208 8209 8192)
4(8208 8225 8226 8209)
4(8225 8242 8243 8226)
4(8242 8259 8260 8243)
4(8259 8276 8277 8260)
4(8276 8293 8294 8277)
4(8293 3270 3271 8294)
4(8039 8056 8057 8040)
4(8056 8073 8074 8057)
4(8073 8090 8091 8074)
4(8090 8107 8108 8091)
4(8107 8124 8125 8108)
4(8124 8141 8142 8125)
4(8141 8158 8159 8142)
4(8158 8175 8176 8159)
4(8175 8192 8193 8176)
4(8192 8209 8210 8193)
4(8209 8226 8227 8210)
4(8226 8243 8244 8227)
4(8243 8260 8261 8244)
4(8260 8277 8278 8261)
4(8277 8294 8295 8278)
4(8294 3271 3272 8295)
4(8040 8057 8058 8041)
4(8057 8074 8075 8058)
4(8074 8091 8092 8075)
4(8091 8108 8109 8092)
4(8108 8125 8126 8109)
4(8125 8142 8143 8126)
4(8142 8159 8160 8143)
4(8159 8176 8177 8160)
4(8176 8193 8194 8177)
4(8193 8210 8211 8194)
4(8210 8227 8228 8211)
4(8227 8244 8245 8228)
4(8244 8261 8262 8245)
4(8261 8278 8279 8262)
4(8278 8295 8296 8279)
4(8295 3272 3273 8296)
4(8041 8058 8059 8042)
4(8058 8075 8076 8059)
4(8075 8092 8093 8076)
4(8092 8109 8110 8093)
4(8109 8126 8127 8110)
4(8126 8143 8144 8127)
4(8143 8160 8161 8144)
4(8160 8177 8178 8161)
4(8177 8194 8195 8178)
4(8194 8211 8212 8195)
4(8211 8228 8229 8212)
4(8228 8245 8246 8229)
4(8245 8262 8263 8246)
4(8262 8279 8280 8263)
4(8279 8296 8297 8280)
4(8296 3273 3274 8297)
4(8042 8059 8060 8043)
4(8059 8076 8077 8060)
4(8076 8093 8094 8077)
4(8093 8110 8111 8094)
4(8110 8127 8128 8111)
4(8127 8144 8145 8128)
4(8144 8161 8162 8145)
4(8161 8178 8179 8162)
4(8178 8195 8196 8179)
4(8195 8212 8213 8196)
4(8212 8229 8230 8213)
4(8229 8246 8247 8230)
4(8246 8263 8264 8247)
4(8263 8280 8281 8264)
4(8280 8297 8298 8281)
4(8297 3274 3275 8298)
4(8043 8060 8061 8044)
4(8060 8077 8078 8061)
4(8077 8094 8095 8078)
4(8094 8111 8112 8095)
4(8111 8128 8129 8112)
4(8128 8145 8146 8129)
4(8145 8162 8163 8146)
4(8162 8179 8180 8163)
4(8179 8196 8197 8180)
4(8196 8213 8214 8197)
4(8213 8230 8231 8214)
4(8230 8247 8248 8231)
4(8247 8264 8265 8248)
4(8264 8281 8282 8265)
4(8281 8298 8299 8282)
4(8298 3275 3276 8299)
4(8044 8061 8062 8045)
4(8061 8078 8079 8062)
4(8078 8095 8096 8079)
4(8095 8112 8113 8096)
4(8112 8129 8130 8113)
4(8129 8146 8147 8130)
4(8146 8163 8164 8147)
4(8163 8180 8181 8164)
4(8180 8197 8198 8181)
4(8197 8214 8215 8198)
4(8214 8231 8232 8215)
4(8231 8248 8249 8232)
4(8248 8265 8266 8249)
4(8265 8282 8283 8266)
4(8282 8299 8300 8283)
4(8299 3276 3277 8300)
4(8045 8062 8063 8046)
4(8062 8079 8080 8063)
4(8079 8096 8097 8080)
4(8096 8113 8114 8097)
4(8113 8130 8131 8114)
4(8130 8147 8148 8131)
4(8147 8164 8165 8148)
4(8164 8181 8182 8165)
4(8181 8198 8199 8182)
4(8198 8215 8216 8199)
4(8215 8232 8233 8216)
4(8232 8249 8250 8233)
4(8249 8266 8267 8250)
4(8266 8283 8284 8267)
4(8283 8300 8301 8284)
4(8300 3277 3278 8301)
4(8046 8063 8064 8047)
4(8063 8080 8081 8064)
4(8080 8097 8098 8081)
4(8097 8114 8115 8098)
4(8114 8131 8132 8115)
4(8131 8148 8149 8132)
4(8148 8165 8166 8149)
4(8165 8182 8183 8166)
4(8182 8199 8200 8183)
4(8199 8216 8217 8200)
4(8216 8233 8234 8217)
4(8233 8250 8251 8234)
4(8250 8267 8268 8251)
4(8267 8284 8285 8268)
4(8284 8301 8302 8285)
4(8301 3278 3279 8302)
4(8047 8064 8065 8048)
4(8064 8081 8082 8065)
4(8081 8098 8099 8082)
4(8098 8115 8116 8099)
4(8115 8132 8133 8116)
4(8132 8149 8150 8133)
4(8149 8166 8167 8150)
4(8166 8183 8184 8167)
4(8183 8200 8201 8184)
4(8200 8217 8218 8201)
4(8217 8234 8235 8218)
4(8234 8251 8252 8235)
4(8251 8268 8269 8252)
4(8268 8285 8286 8269)
4(8285 8302 8303 8286)
4(8302 3279 3280 8303)
4(8048 8065 8066 8049)
4(8065 8082 8083 8066)
4(8082 8099 8100 8083)
4(8099 8116 8117 8100)
4(8116 8133 8134 8117)
4(8133 8150 8151 8134)
4(8150 8167 8168 8151)
4(8167 8184 8185 8168)
4(8184 8201 8202 8185)
4(8201 8218 8219 8202)
4(8218 8235 8236 8219)
4(8235 8252 8253 8236)
4(8252 8269 8270 8253)
4(8269 8286 8287 8270)
4(8286 8303 8304 8287)
4(8303 3280 3281 8304)
4(8049 8066 8067 8050)
4(8066 8083 8084 8067)
4(8083 8100 8101 8084)
4(8100 8117 8118 8101)
4(8117 8134 8135 8118)
4(8134 8151 8152 8135)
4(8151 8168 8169 8152)
4(8168 8185 8186 8169)
4(8185 8202 8203 8186)
4(8202 8219 8220 8203)
4(8219 8236 8237 8220)
4(8236 8253 8254 8237)
4(8253 8270 8271 8254)
4(8270 8287 8288 8271)
4(8287 8304 8305 8288)
4(8304 3281 3282 8305)
4(8306 8307 8324 8323)
4(8323 8324 8341 8340)
4(8340 8341 8358 8357)
4(8357 8358 8375 8374)
4(8374 8375 8392 8391)
4(8391 8392 8409 8408)
4(8408 8409 8426 8425)
4(8425 8426 8443 8442)
4(8442 8443 8460 8459)
4(8459 8460 8477 8476)
4(8476 8477 8494 8493)
4(8493 8494 8511 8510)
4(8510 8511 8528 8527)
4(8527 8528 8545 8544)
4(8544 8545 8562 8561)
4(8561 8562 3539 3538)
4(8307 8308 8325 8324)
4(8324 8325 8342 8341)
4(8341 8342 8359 8358)
4(8358 8359 8376 8375)
4(8375 8376 8393 8392)
4(8392 8393 8410 8409)
4(8409 8410 8427 8426)
4(8426 8427 8444 8443)
4(8443 8444 8461 8460)
4(8460 8461 8478 8477)
4(8477 8478 8495 8494)
4(8494 8495 8512 8511)
4(8511 8512 8529 8528)
4(8528 8529 8546 8545)
4(8545 8546 8563 8562)
4(8562 8563 3540 3539)
4(8308 8309 8326 8325)
4(8325 8326 8343 8342)
4(8342 8343 8360 8359)
4(8359 8360 8377 8376)
4(8376 8377 8394 8393)
4(8393 8394 8411 8410)
4(8410 8411 8428 8427)
4(8427 8428 8445 8444)
4(8444 8445 8462 8461)
4(8461 8462 8479 8478)
4(8478 8479 8496 8495)
4(8495 8496 8513 8512)
4(8512 8513 8530 8529)
4(8529 8530 8547 8546)
4(8546 8547 8564 8563)
4(8563 8564 3541 3540)
4(8309 8310 8327 8326)
4(8326 8327 8344 8343)
4(8343 8344 8361 8360)
4(8360 8361 8378 8377)
4(8377 8378 8395 8394)
4(8394 8395 8412 8411)
4(8411 8412 8429 8428)
4(8428 8429 8446 8445)
4(8445 8446 8463 8462)
4(8462 8463 8480 8479)
4(8479 8480 8497 8496)
4(8496 8497 8514 8513)
4(8513 8514 8531 8530)
4(8530 8531 8548 8547)
4(8547 8548 8565 8564)
4(8564 8565 3542 3541)
4(8310 8311 8328 8327)
4(8327 8328 8345 8344)
4(8344 8345 8362 8361)
4(8361 8362 8379 8378)
4(8378 8379 8396 8395)
4(8395 8396 8413 8412)
4(8412 8413 8430 8429)
4(8429 8430 8447 8446)
4(8446 8447 8464 8463)
4(8463 8464 8481 8480)
4(8480 8481 8498 8497)
4(8497 8498 8515 8514)
4(8514 8515 8532 8531)
4(8531 8532 8549 8548)
4(8548 8549 8566 8565)
4(8565 8566 3543 3542)
4(8311 8312 8329 8328)
4(8328 8329 8346 8345)
4(8345 8346 8363 8362)
4(8362 8363 8380 8379)
4(8379 8380 8397 8396)
4(8396 8397 8414 8413)
4(8413 8414 8431 8430)
4(8430 8431 8448 8447)
4(8447 8448 8465 8464)
4(8464 8465 8482 8481)
4(8481 8482 8499 8498)
4(8498 8499 8516 8515)
4(8515 8516 8533 8532)
4(8532 8533 8550 8549)
4(8549 8550 8567 8566)
4(8566 8567 3544 3543)
4(8312 8313 8330 8329)
4(8329 8330 8347 8346)
4(8346 8347 8364 8363)
4(8363 8364 8381 8380)
4(8380 8381 8398 8397)
4(8397 8398 8415 8414)
4(8414 8415 8432 8431)
4(8431 8432 8449 8448)
4(8448 8449 8466 8465)
4(8465 8466 8483 8482)
4(8482 8483 8500 8499)
4(8499 8500 8517 8516)
4(8516 8517 8534 8533)
4(8533 8534 8551 8550)
4(8550 8551 8568 8567)
4(8567 8568 3545 3544)
4(8313 8314 8331 8330)
4(8330 8331 8348 8347)
4(8347 8348 8365 8364)
4(8364 8365 8382 8381)
4(8381 8382 8399 8398)
4(8398 8399 8416 8415)
4(8415 8416 8433 8432)
4(8432 8433 8450 8449)
4(8449 8450 8467 8466)
4(8466 8467 8484 8483)
4(8483 8484 8501 8500)
4(8500 8501 8518 8517)
4(8517 8518 8535 8534)
4(8534 8535 8552 8551)
4(8551 8552 8569 8568)
4(8568 8569 3546 3545)
4(8314 8315 8332 8331)
4(8331 8332 8349 8348)
4(8348 8349 8366 8365)
4(8365 8366 8383 8382)
4(8382 8383 8400 8399)
4(8399 8400 8417 8416)
4(8416 8417 8434 8433)
4(8433 8434 8451 8450)
4(8450 8451 8468 8467)
4(8467 8468 8485 8484)
4(8484 8485 8502 8501)
4(8501 8502 8519 8518)
4(8518 8519 8536 8535)
4(8535 8536 8553 8552)
4(8552 8553 8570 8569)
4(8569 8570 3547 3546)
4(8315 8316 8333 8332)
4(8332 8333 8350 8349)
4(8349 8350 8367 8366)
4(8366 8367 8384 8383)
4(8383 8384 8401 8400)
4(8400 8401 8418 8417)
4(8417 8418 8435 8434)
4(8434 8435 8452 8451)
4(8451 8452 8469 8468)
4(8468 8469 8486 8485)
4(8485 8486 8503 8502)
4(8502 8503 8520 8519)
4(8519 8520 8537 8536)
4(8536 8537 8554 8553)
4(8553 8554 8571 8570)
4(8570 8571 3548 3547)
4(8316 8317 8334 8333)
4(8333 8334 8351 8350)
4(8350 8351 8368 8367)
4(8367 8368 8385 8384)
4(8384 8385 8402 8401)
4(8401 8402 8419 8418)
4(8418 8419 8436 8435)
4(8435 8436 8453 8452)
4(8452 8453 8470 8469)
4(8469 8470 8487 8486)
4(8486 8487 8504 8503)
4(8503 8504 8521 8520)
4(8520 8521 8538 8537)
4(8537 8538 8555 8554)
4(8554 8555 8572 8571)
4(8571 8572 3549 3548)
4(8317 8318 8335 8334)
4(8334 8335 8352 8351)
4(8351 8352 8369 8368)
4(8368 8369 8386 8385)
4(8385 8386 8403 8402)
4(8402 8403 8420 8419)
4(8419 8420 8437 8436)
4(8436 8437 8454 8453)
4(8453 8454 8471 8470)
4(8470 8471 8488 8487)
4(8487 8488 8505 8504)
4(8504 8505 8522 8521)
4(8521 8522 8539 8538)
4(8538 8539 8556 8555)
4(8555 8556 8573 8572)
4(8572 8573 3550 3549)
4(8318 8319 8336 8335)
4(8335 8336 8353 8352)
4(8352 8353 8370 8369)
4(8369 8370 8387 8386)
4(8386 8387 8404 8403)
4(8403 8404 8421 8420)
4(8420 8421 8438 8437)
4(8437 8438 8455 8454)
4(8454 8455 8472 8471)
4(8471 8472 8489 8488)
4(8488 8489 8506 8505)
4(8505 8506 8523 8522)
4(8522 8523 8540 8539)
4(8539 8540 8557 8556)
4(8556 8557 8574 8573)
4(8573 8574 3551 3550)
4(8319 8320 8337 8336)
4(8336 8337 8354 8353)
4(8353 8354 8371 8370)
4(8370 8371 8388 8387)
4(8387 8388 8405 8404)
4(8404 8405 8422 8421)
4(8421 8422 8439 8438)
4(8438 8439 8456 8455)
4(8455 8456 8473 8472)
4(8472 8473 8490 8489)
4(8489 8490 8507 8506)
4(8506 8507 8524 8523)
4(8523 8524 8541 8540)
4(8540 8541 8558 8557)
4(8557 8558 8575 8574)
4(8574 8575 3552 3551)
4(8320 8321 8338 8337)
4(8337 8338 8355 8354)
4(8354 8355 8372 8371)
4(8371 8372 8389 8388)
4(8388 8389 8406 8405)
4(8405 8406 8423 8422)
4(8422 8423 8440 8439)
4(8439 8440 8457 8456)
4(8456 8457 8474 8473)
4(8473 8474 8491 8490)
4(8490 8491 8508 8507)
4(8507 8508 8525 8524)
4(8524 8525 8542 8541)
4(8541 8542 8559 8558)
4(8558 8559 8576 8575)
4(8575 8576 3553 3552)
4(8321 8322 8339 8338)
4(8338 8339 8356 8355)
4(8355 8356 8373 8372)
4(8372 8373 8390 8389)
4(8389 8390 8407 8406)
4(8406 8407 8424 8423)
4(8423 8424 8441 8440)
4(8440 8441 8458 8457)
4(8457 8458 8475 8474)
4(8474 8475 8492 8491)
4(8491 8492 8509 8508)
4(8508 8509 8526 8525)
4(8525 8526 8543 8542)
4(8542 8543 8560 8559)
4(8559 8560 8577 8576)
4(8576 8577 3554 3553)
4(5394 8578 8579 5393)
4(8578 8595 8596 8579)
4(8595 8612 8613 8596)
4(8612 8629 8630 8613)
4(8629 8646 8647 8630)
4(8646 8663 8664 8647)
4(8663 8680 8681 8664)
4(8680 8697 8698 8681)
4(8697 8714 8715 8698)
4(8714 8731 8732 8715)
4(8731 8748 8749 8732)
4(8748 8765 8766 8749)
4(8765 8782 8783 8766)
4(8782 8799 8800 8783)
4(8799 8816 8817 8800)
4(8816 8034 8035 8817)
4(5393 8579 8580 5392)
4(8579 8596 8597 8580)
4(8596 8613 8614 8597)
4(8613 8630 8631 8614)
4(8630 8647 8648 8631)
4(8647 8664 8665 8648)
4(8664 8681 8682 8665)
4(8681 8698 8699 8682)
4(8698 8715 8716 8699)
4(8715 8732 8733 8716)
4(8732 8749 8750 8733)
4(8749 8766 8767 8750)
4(8766 8783 8784 8767)
4(8783 8800 8801 8784)
4(8800 8817 8818 8801)
4(8817 8035 8036 8818)
4(5392 8580 8581 5391)
4(8580 8597 8598 8581)
4(8597 8614 8615 8598)
4(8614 8631 8632 8615)
4(8631 8648 8649 8632)
4(8648 8665 8666 8649)
4(8665 8682 8683 8666)
4(8682 8699 8700 8683)
4(8699 8716 8717 8700)
4(8716 8733 8734 8717)
4(8733 8750 8751 8734)
4(8750 8767 8768 8751)
4(8767 8784 8785 8768)
4(8784 8801 8802 8785)
4(8801 8818 8819 8802)
4(8818 8036 8037 8819)
4(5391 8581 8582 5390)
4(8581 8598 8599 8582)
4(8598 8615 8616 8599)
4(8615 8632 8633 8616)
4(8632 8649 8650 8633)
4(8649 8666 8667 8650)
4(8666 8683 8684 8667)
4(8683 8700 8701 8684)
4(8700 8717 8718 8701)
4(8717 8734 8735 8718)
4(8734 8751 8752 8735)
4(8751 8768 8769 8752)
4(8768 8785 8786 8769)
4(8785 8802 8803 8786)
4(8802 8819 8820 8803)
4(8819 8037 8038 8820)
4(5390 8582 8583 5389)
4(8582 8599 8600 8583)
4(8599 8616 8617 8600)
4(8616 8633 8634 8617)
4(8633 8650 8651 8634)
4(8650 8667 8668 8651)
4(8667 8684 8685 8668)
4(8684 8701 8702 8685)
4(8701 8718 8719 8702)
4(8718 8735 8736 8719)
4(8735 8752 8753 8736)
4(8752 8769 8770 8753)
4(8769 8786 8787 8770)
4(8786 8803 8804 8787)
4(8803 8820 8821 8804)
4(8820 8038 8039 8821)
4(5389 8583 8584 5388)
4(8583 8600 8601 8584)
4(8600 8617 8618 8601)
4(8617 8634 8635 8618)
4(8634 8651 8652 8635)
4(8651 8668 8669 8652)
4(8668 8685 8686 8669)
4(8685 8702 8703 8686)
4(8702 8719 8720 8703)
4(8719 8736 8737 8720)
4(8736 8753 8754 8737)
4(8753 8770 8771 8754)
4(8770 8787 8788 8771)
4(8787 8804 8805 8788)
4(8804 8821 8822 8805)
4(8821 8039 8040 8822)
4(5388 8584 8585 5387)
4(8584 8601 8602 8585)
4(8601 8618 8619 8602)
4(8618 8635 8636 8619)
4(8635 8652 8653 8636)
4(8652 8669 8670 8653)
4(8669 8686 8687 8670)
4(8686 8703 8704 8687)
4(8703 8720 8721 8704)
4(8720 8737 8738 8721)
4(8737 8754 8755 8738)
4(8754 8771 8772 8755)
4(8771 8788 8789 8772)
4(8788 8805 8806 8789)
4(8805 8822 8823 8806)
4(8822 8040 8041 8823)
4(5387 8585 8586 5386)
4(8585 8602 8603 8586)
4(8602 8619 8620 8603)
4(8619 8636 8637 8620)
4(8636 8653 8654 8637)
4(8653 8670 8671 8654)
4(8670 8687 8688 8671)
4(8687 8704 8705 8688)
4(8704 8721 8722 8705)
4(8721 8738 8739 8722)
4(8738 8755 8756 8739)
4(8755 8772 8773 8756)
4(8772 8789 8790 8773)
4(8789 8806 8807 8790)
4(8806 8823 8824 8807)
4(8823 8041 8042 8824)
4(5386 8586 8587 5385)
4(8586 8603 8604 8587)
4(8603 8620 8621 8604)
4(8620 8637 8638 8621)
4(8637 8654 8655 8638)
4(8654 8671 8672 8655)
4(8671 8688 8689 8672)
4(8688 8705 8706 8689)
4(8705 8722 8723 8706)
4(8722 8739 8740 8723)
4(8739 8756 8757 8740)
4(8756 8773 8774 8757)
4(8773 8790 8791 8774)
4(8790 8807 8808 8791)
4(8807 8824 8825 8808)
4(8824 8042 8043 8825)
4(5385 8587 8588 5384)
4(8587 8604 8605 8588)
4(8604 8621 8622 8605)
4(8621 8638 8639 8622)
4(8638 8655 8656 8639)
4(8655 8672 8673 8656)
4(8672 8689 8690 8673)
4(8689 8706 8707 8690)
4(8706 8723 8724 8707)
4(8723 8740 8741 8724)
4(8740 8757 8758 8741)
4(8757 8774 8775 8758)
4(8774 8791 8792 8775)
4(8791 8808 8809 8792)
4(8808 8825 8826 8809)
4(8825 8043 8044 8826)
4(5384 8588 8589 5383)
4(8588 8605 8606 8589)
4(8605 8622 8623 8606)
4(8622 8639 8640 8623)
4(8639 8656 8657 8640)
4(8656 8673 8674 8657)
4(8673 8690 8691 8674)
4(8690 8707 8708 8691)
4(8707 8724 8725 8708)
4(8724 8741 8742 8725)
4(8741 8758 8759 8742)
4(8758 8775 8776 8759)
4(8775 8792 8793 8776)
4(8792 8809 8810 8793)
4(8809 8826 8827 8810)
4(8826 8044 8045 8827)
4(5383 8589 8590 5382)
4(8589 8606 8607 8590)
4(8606 8623 8624 8607)
4(8623 8640 8641 8624)
4(8640 8657 8658 8641)
4(8657 8674 8675 8658)
4(8674 8691 8692 8675)
4(8691 8708 8709 8692)
4(8708 8725 8726 8709)
4(8725 8742 8743 8726)
4(8742 8759 8760 8743)
4(8759 8776 8777 8760)
4(8776 8793 8794 8777)
4(8793 8810 8811 8794)
4(8810 8827 8828 8811)
4(8827 8045 8046 8828)
4(5382 8590 8591 5381)
4(8590 8607 8608 8591)
4(8607 8624 8625 8608)
4(8624 8641 8642 8625)
4(8641 8658 8659 8642)
4(8658 8675 8676 8659)
4(8675 8692 8693 8676)
4(8692 8709 8710 8693)
4(8709 8726 8727 8710)
4(8726 8743 8744 8727)
4(8743 8760 8761 8744)
4(8760 8777 8778 8761)
4(8777 8794 8795 8778)
4(8794 8811 8812 8795)
4(8811 8828 8829 8812)
4(8828 8046 8047 8829)
4(5381 8591 8592 5380)
4(8591 8608 8609 8592)
4(8608 8625 8626 8609)
4(8625 8642 8643 8626)
4(8642 8659 8660 8643)
4(8659 8676 8677 8660)
4(8676 8693 8694 8677)
4(8693 8710 8711 8694)
4(8710 8727 8728 8711)
4(8727 8744 8745 8728)
4(8744 8761 8762 8745)
4(8761 8778 8779 8762)
4(8778 8795 8796 8779)
4(8795 8812 8813 8796)
4(8812 8829 8830 8813)
4(8829 8047 8048 8830)
4(5380 8592 8593 5379)
4(8592 8609 8610 8593)
4(8609 8626 8627 8610)
4(8626 8643 8644 8627)
4(8643 8660 8661 8644)
4(8660 8677 8678 8661)
4(8677 8694 8695 8678)
4(8694 8711 8712 8695)
4(8711 8728 8729 8712)
4(8728 8745 8746 8729)
4(8745 8762 8763 8746)
4(8762 8779 8780 8763)
4(8779 8796 8797 8780)
4(8796 8813 8814 8797)
4(8813 8830 8831 8814)
4(8830 8048 8049 8831)
4(5379 8593 8594 5378)
4(8593 8610 8611 8594)
4(8610 8627 8628 8611)
4(8627 8644 8645 8628)
4(8644 8661 8662 8645)
4(8661 8678 8679 8662)
4(8678 8695 8696 8679)
4(8695 8712 8713 8696)
4(8712 8729 8730 8713)
4(8729 8746 8747 8730)
4(8746 8763 8764 8747)
4(8763 8780 8781 8764)
4(8780 8797 8798 8781)
4(8797 8814 8815 8798)
4(8814 8831 8832 8815)
4(8831 8049 8050 8832)
4(5683 5682 8834 8833)
4(8833 8834 8851 8850)
4(8850 8851 8868 8867)
4(8867 8868 8885 8884)
4(8884 8885 8902 8901)
4(8901 8902 8919 8918)
4(8918 8919 8936 8935)
4(8935 8936 8953 8952)
4(8952 8953 8970 8969)
4(8969 8970 8987 8986)
4(8986 8987 9004 9003)
4(9003 9004 9021 9020)
4(9020 9021 9038 9037)
4(9037 9038 9055 9054)
4(9054 9055 9072 9071)
4(9071 9072 8307 8306)
4(5682 5681 8835 8834)
4(8834 8835 8852 8851)
4(8851 8852 8869 8868)
4(8868 8869 8886 8885)
4(8885 8886 8903 8902)
4(8902 8903 8920 8919)
4(8919 8920 8937 8936)
4(8936 8937 8954 8953)
4(8953 8954 8971 8970)
4(8970 8971 8988 8987)
4(8987 8988 9005 9004)
4(9004 9005 9022 9021)
4(9021 9022 9039 9038)
4(9038 9039 9056 9055)
4(9055 9056 9073 9072)
4(9072 9073 8308 8307)
4(5681 5680 8836 8835)
4(8835 8836 8853 8852)
4(8852 8853 8870 8869)
4(8869 8870 8887 8886)
4(8886 8887 8904 8903)
4(8903 8904 8921 8920)
4(8920 8921 8938 8937)
4(8937 8938 8955 8954)
4(8954 8955 8972 8971)
4(8971 8972 8989 8988)
4(8988 8989 9006 9005)
4(9005 9006 9023 9022)
4(9022 9023 9040 9039)
4(9039 9040 9057 9056)
4(9056 9057 9074 9073)
4(9073 9074 8309 8308)
4(5680 5679 8837 8836)
4(8836 8837 8854 8853)
4(8853 8854 8871 8870)
4(8870 8871 8888 8887)
4(8887 8888 8905 8904)
4(8904 8905 8922 8921)
4(8921 8922 8939 8938)
4(8938 8939 8956 8955)
4(8955 8956 8973 8972)
4(8972 8973 8990 8989)
4(8989 8990 9007 9006)
4(9006 9007 9024 9023)
4(9023 9024 9041 9040)
4(9040 9041 9058 9057)
4(9057 9058 9075 9074)
4(9074 9075 8310 8309)
4(5679 5678 8838 8837)
4(8837 8838 8855 8854)
4(8854 8855 8872 8871)
4(8871 8872 8889 8888)
4(8888 8889 8906 8905)
4(8905 8906 8923 8922)
4(8922 8923 8940 8939)
4(8939 8940 8957 8956)
4(8956 8957 8974 8973)
4(8973 8974 8991 8990)
4(8990 8991 9008 9007)
4(9007 9008 9025 9024)
4(9024 9025 9042 9041)
4(9041 9042 9059 9058)
4(9058 9059 9076 9075)
4(9075 9076 8311 8310)
4(5678 5677 8839 8838)
4(8838 8839 8856 8855)
4(8855 8856 8873 8872)
4(8872 8873 8890 8889)
4(8889 8890 8907 8906)
4(8906 8907 8924 8923)
4(8923 8924 8941 8940)
4(8940 8941 8958 8957)
4(8957 8958 8975 8974)
4(8974 8975 8992 8991)
4(8991 8992 9009 9008)
4(9008 9009 9026 9025)
4(9025 9026 9043 9042)
4(9042 9043 9060 9059)
4(9059 9060 9077 9076)
4(9076 9077 8312 8311)
4(5677 5676 8840 8839)
4(8839 8840 8857 8856)
4(8856 8857 8874 8873)
4(8873 8874 8891 8890)
4(8890 8891 8908 8907)
4(8907 8908 8925 8924)
4(8924 8925 8942 8941)
4(8941 8942 8959 8958)
4(8958 8959 8976 8975)
4(8975 8976 8993 8992)
4(8992 8993 9010 9009)
4(9009 9010 9027 9026)
4(9026 9027 9044 9043)
4(9043 9044 9061 9060)
4(9060 9061 9078 9077)
4(9077 9078 8313 8312)
4(5676 5675 8841 8840)
4(8840 8841 8858 8857)
4(8857 8858 8875 8874)
4(8874 8875 8892 8891)
4(8891 8892 8909 8908)
4(8908 8909 8926 8925)
4(8925 8926 8943 8942)
4(8942 8943 8960 8959)
4(8959 8960 8977 8976)
4(8976 8977 8994 8993)
4(8993 8994 9011 9010)
4(9010 9011 9028 9027)
4(9027 9028 9045 9044)
4(9044 9045 9062 9061)
4(9061 9062 9079 9078)
4(9078 9079 8314 8313)
4(5675 5674 8842 8841)
4(8841 8842 8859 8858)
4(8858 8859 8876 8875)
4(8875 8876 8893 8892)
4(8892 8893 8910 8909)
4(8909 8910 8927 8926)
4(8926 8927 8944 8943)
4(8943 8944 8961 8960)
4(8960 8961 8978 8977)
4(8977 8978 8995 8994)
4(8994 8995 9012 9011)
4(9011 9012 9029 9028)
4(9028 9029 9046 9045)
4(9045 9046 9063 9062)
4(9062 9063 9080 9079)
4(9079 9080 8315 8314)
4(5674 5673 8843 8842)
4(8842 8843 8860 8859)
4(8859 8860 8877 8876)
4(8876 8877 8894 8893)
4(8893 8894 8911 8910)
4(8910 8911 8928 8927)
4(8927 8928 8945 8944)
4(8944 8945 8962 8961)
4(8961 8962 8979 8978)
4(8978 8979 8996 8995)
4(8995 8996 9013 9012)
4(9012 9013 9030 9029)
4(9029 9030 9047 9046)
4(9046 9047 9064 9063)
4(9063 9064 9081 9080)
4(9080 9081 8316 8315)
4(5673 5672 8844 8843)
4(8843 8844 8861 8860)
4(8860 8861 8878 8877)
4(8877 8878 8895 8894)
4(8894 8895 8912 8911)
4(8911 8912 8929 8928)
4(8928 8929 8946 8945)
4(8945 8946 8963 8962)
4(8962 8963 8980 8979)
4(8979 8980 8997 8996)
4(8996 8997 9014 9013)
4(9013 9014 9031 9030)
4(9030 9031 9048 9047)
4(9047 9048 9065 9064)
4(9064 9065 9082 9081)
4(9081 9082 8317 8316)
4(5672 5671 8845 8844)
4(8844 8845 8862 8861)
4(8861 8862 8879 8878)
4(8878 8879 8896 8895)
4(8895 8896 8913 8912)
4(8912 8913 8930 8929)
4(8929 8930 8947 8946)
4(8946 8947 8964 8963)
4(8963 8964 8981 8980)
4(8980 8981 8998 8997)
4(8997 8998 9015 9014)
4(9014 9015 9032 9031)
4(9031 9032 9049 9048)
4(9048 9049 9066 9065)
4(9065 9066 9083 9082)
4(9082 9083 8318 8317)
4(5671 5670 8846 8845)
4(8845 8846 8863 8862)
4(8862 8863 8880 8879)
4(8879 8880 8897 8896)
4(8896 8897 8914 8913)
4(8913 8914 8931 8930)
4(8930 8931 8948 8947)
4(8947 8948 8965 8964)
4(8964 8965 8982 8981)
4(8981 8982 8999 8998)
4(8998 8999 9016 9015)
4(9015 9016 9033 9032)
4(9032 9033 9050 9049)
4(9049 9050 9067 9066)
4(9066 9067 9084 9083)
4(9083 9084 8319 8318)
4(5670 5669 8847 8846)
4(8846 8847 8864 8863)
4(8863 8864 8881 8880)
4(8880 8881 8898 8897)
4(8897 8898 8915 8914)
4(8914 8915 8932 8931)
4(8931 8932 8949 8948)
4(8948 8949 8966 8965)
4(8965 8966 8983 8982)
4(8982 8983 9000 8999)
4(8999 9000 9017 9016)
4(9016 9017 9034 9033)
4(9033 9034 9051 9050)
4(9050 9051 9068 9067)
4(9067 9068 9085 9084)
4(9084 9085 8320 8319)
4(5669 5668 8848 8847)
4(8847 8848 8865 8864)
4(8864 8865 8882 8881)
4(8881 8882 8899 8898)
4(8898 8899 8916 8915)
4(8915 8916 8933 8932)
4(8932 8933 8950 8949)
4(8949 8950 8967 8966)
4(8966 8967 8984 8983)
4(8983 8984 9001 9000)
4(9000 9001 9018 9017)
4(9017 9018 9035 9034)
4(9034 9035 9052 9051)
4(9051 9052 9069 9068)
4(9068 9069 9086 9085)
4(9085 9086 8321 8320)
4(5668 5667 8849 8848)
4(8848 8849 8866 8865)
4(8865 8866 8883 8882)
4(8882 8883 8900 8899)
4(8899 8900 8917 8916)
4(8916 8917 8934 8933)
4(8933 8934 8951 8950)
4(8950 8951 8968 8967)
4(8967 8968 8985 8984)
4(8984 8985 9002 9001)
4(9001 9002 9019 9018)
4(9018 9019 9036 9035)
4(9035 9036 9053 9052)
4(9052 9053 9070 9069)
4(9069 9070 9087 9086)
4(9086 9087 8322 8321)
4(9088 9104 9105 9089)
4(9104 9120 9121 9105)
4(9120 9136 9137 9121)
4(9136 9152 9153 9137)
4(9152 9168 9169 9153)
4(9168 9184 9185 9169)
4(9184 9200 9201 9185)
4(9200 9216 9217 9201)
4(9216 9232 9233 9217)
4(9232 9248 9249 9233)
4(9248 9264 9265 9249)
4(9264 9280 9281 9265)
4(9280 9296 9297 9281)
4(9296 9312 9313 9297)
4(9312 9328 9329 9313)
4(9328 3810 3811 9329)
4(9089 9105 9106 9090)
4(9105 9121 9122 9106)
4(9121 9137 9138 9122)
4(9137 9153 9154 9138)
4(9153 9169 9170 9154)
4(9169 9185 9186 9170)
4(9185 9201 9202 9186)
4(9201 9217 9218 9202)
4(9217 9233 9234 9218)
4(9233 9249 9250 9234)
4(9249 9265 9266 9250)
4(9265 9281 9282 9266)
4(9281 9297 9298 9282)
4(9297 9313 9314 9298)
4(9313 9329 9330 9314)
4(9329 3811 3812 9330)
4(9090 9106 9107 9091)
4(9106 9122 9123 9107)
4(9122 9138 9139 9123)
4(9138 9154 9155 9139)
4(9154 9170 9171 9155)
4(9170 9186 9187 9171)
4(9186 9202 9203 9187)
4(9202 9218 9219 9203)
4(9218 9234 9235 9219)
4(9234 9250 9251 9235)
4(9250 9266 9267 9251)
4(9266 9282 9283 9267)
4(9282 9298 9299 9283)
4(9298 9314 9315 9299)
4(9314 9330 9331 9315)
4(9330 3812 3813 9331)
4(9091 9107 9108 9092)
4(9107 9123 9124 9108)
4(9123 9139 9140 9124)
4(9139 9155 9156 9140)
4(9155 9171 9172 9156)
4(9171 9187 9188 9172)
4(9187 9203 9204 9188)
4(9203 9219 9220 9204)
4(9219 9235 9236 9220)
4(9235 9251 9252 9236)
4(9251 9267 9268 9252)
4(9267 9283 9284 9268)
4(9283 9299 9300 9284)
4(9299 9315 9316 9300)
4(9315 9331 9332 9316)
4(9331 3813 3814 9332)
4(9092 9108 9109 9093)
4(9108 9124 9125 9109)
4(9124 9140 9141 9125)
4(9140 9156 9157 9141)
4(9156 9172 9173 9157)
4(9172 9188 9189 9173)
4(9188 9204 9205 9189)
4(9204 9220 9221 9205)
4(9220 9236 9237 9221)
4(9236 9252 9253 9237)
4(9252 9268 9269 9253)
4(9268 9284 9285 9269)
4(9284 9300 9301 9285)
4(9300 9316 9317 9301)
4(9316 9332 9333 9317)
4(9332 3814 3815 9333)
4(9093 9109 9110 9094)
4(9109 9125 9126 9110)
4(9125 9141 9142 9126)
4(9141 9157 9158 9142)
4(9157 9173 9174 9158)
4(9173 9189 9190 9174)
4(9189 9205 9206 9190)
4(9205 9221 9222 9206)
4(9221 9237 9238 9222)
4(9237 9253 9254 9238)
4(9253 9269 9270 9254)
4(9269 9285 9286 9270)
4(9285 9301 9302 9286)
4(9301 9317 9318 9302)
4(9317 9333 9334 9318)
4(9333 3815 3816 9334)
4(9094 9110 9111 9095)
4(9110 9126 9127 9111)
4(9126 9142 9143 9127)
4(9142 9158 9159 9143)
4(9158 9174 9175 9159)
4(9174 9190 9191 9175)
4(9190 9206 9207 9191)
4(9206 9222 9223 9207)
4(9222 9238 9239 9223)
4(9238 9254 9255 9239)
4(9254 9270 9271 9255)
4(9270 9286 9287 9271)
4(9286 9302 9303 9287)
4(9302 9318 9319 9303)
4(9318 9334 9335 9319)
4(9334 3816 3817 9335)
4(9095 9111 9112 9096)
4(9111 9127 9128 9112)
4(9127 9143 9144 9128)
4(9143 9159 9160 9144)
4(9159 9175 9176 9160)
4(9175 9191 9192 9176)
4(9191 9207 9208 9192)
4(9207 9223 9224 9208)
4(9223 9239 9240 9224)
4(9239 9255 9256 9240)
4(9255 9271 9272 9256)
4(9271 9287 9288 9272)
4(9287 9303 9304 9288)
4(9303 9319 9320 9304)
4(9319 9335 9336 9320)
4(9335 3817 3818 9336)
4(9096 9112 9113 9097)
4(9112 9128 9129 9113)
4(9128 9144 9145 9129)
4(9144 9160 9161 9145)
4(9160 9176 9177 9161)
4(9176 9192 9193 9177)
4(9192 9208 9209 9193)
4(9208 9224 9225 9209)
4(9224 9240 9241 9225)
4(9240 9256 9257 9241)
4(9256 9272 9273 9257)
4(9272 9288 9289 9273)
4(9288 9304 9305 9289)
4(9304 9320 9321 9305)
4(9320 9336 9337 9321)
4(9336 3818 3819 9337)
4(9097 9113 9114 9098)
4(9113 9129 9130 9114)
4(9129 9145 9146 9130)
4(9145 9161 9162 9146)
4(9161 9177 9178 9162)
4(9177 9193 9194 9178)
4(9193 9209 9210 9194)
4(9209 9225 9226 9210)
4(9225 9241 9242 9226)
4(9241 9257 9258 9242)
4(9257 9273 9274 9258)
4(9273 9289 9290 9274)
4(9289 9305 9306 9290)
4(9305 9321 9322 9306)
4(9321 9337 9338 9322)
4(9337 3819 3820 9338)
4(9098 9114 9115 9099)
4(9114 9130 9131 9115)
4(9130 9146 9147 9131)
4(9146 9162 9163 9147)
4(9162 9178 9179 9163)
4(9178 9194 9195 9179)
4(9194 9210 9211 9195)
4(9210 9226 9227 9211)
4(9226 9242 9243 9227)
4(9242 9258 9259 9243)
4(9258 9274 9275 9259)
4(9274 9290 9291 9275)
4(9290 9306 9307 9291)
4(9306 9322 9323 9307)
4(9322 9338 9339 9323)
4(9338 3820 3821 9339)
4(9099 9115 9116 9100)
4(9115 9131 9132 9116)
4(9131 9147 9148 9132)
4(9147 9163 9164 9148)
4(9163 9179 9180 9164)
4(9179 9195 9196 9180)
4(9195 9211 9212 9196)
4(9211 9227 9228 9212)
4(9227 9243 9244 9228)
4(9243 9259 9260 9244)
4(9259 9275 9276 9260)
4(9275 9291 9292 9276)
4(9291 9307 9308 9292)
4(9307 9323 9324 9308)
4(9323 9339 9340 9324)
4(9339 3821 3822 9340)
4(9100 9116 9117 9101)
4(9116 9132 9133 9117)
4(9132 9148 9149 9133)
4(9148 9164 9165 9149)
4(9164 9180 9181 9165)
4(9180 9196 9197 9181)
4(9196 9212 9213 9197)
4(9212 9228 9229 9213)
4(9228 9244 9245 9229)
4(9244 9260 9261 9245)
4(9260 9276 9277 9261)
4(9276 9292 9293 9277)
4(9292 9308 9309 9293)
4(9308 9324 9325 9309)
4(9324 9340 9341 9325)
4(9340 3822 3823 9341)
4(9101 9117 9118 9102)
4(9117 9133 9134 9118)
4(9133 9149 9150 9134)
4(9149 9165 9166 9150)
4(9165 9181 9182 9166)
4(9181 9197 9198 9182)
4(9197 9213 9214 9198)
4(9213 9229 9230 9214)
4(9229 9245 9246 9230)
4(9245 9261 9262 9246)
4(9261 9277 9278 9262)
4(9277 9293 9294 9278)
4(9293 9309 9310 9294)
4(9309 9325 9326 9310)
4(9325 9341 9342 9326)
4(9341 3823 3824 9342)
4(9102 9118 9119 9103)
4(9118 9134 9135 9119)
4(9134 9150 9151 9135)
4(9150 9166 9167 9151)
4(9166 9182 9183 9167)
4(9182 9198 9199 9183)
4(9198 9214 9215 9199)
4(9214 9230 9231 9215)
4(9230 9246 9247 9231)
4(9246 9262 9263 9247)
4(9262 9278 9279 9263)
4(9278 9294 9295 9279)
4(9294 9310 9311 9295)
4(9310 9326 9327 9311)
4(9326 9342 9343 9327)
4(9342 3824 3825 9343)
4(9103 9119 8051 8034)
4(9119 9135 8068 8051)
4(9135 9151 8085 8068)
4(9151 9167 8102 8085)
4(9167 9183 8119 8102)
4(9183 9199 8136 8119)
4(9199 9215 8153 8136)
4(9215 9231 8170 8153)
4(9231 9247 8187 8170)
4(9247 9263 8204 8187)
4(9263 9279 8221 8204)
4(9279 9295 8238 8221)
4(9295 9311 8255 8238)
4(9311 9327 8272 8255)
4(9327 9343 8289 8272)
4(9343 3825 3266 8289)
4(9344 9345 9361 9360)
4(9360 9361 9377 9376)
4(9376 9377 9393 9392)
4(9392 9393 9409 9408)
4(9408 9409 9425 9424)
4(9424 9425 9441 9440)
4(9440 9441 9457 9456)
4(9456 9457 9473 9472)
4(9472 9473 9489 9488)
4(9488 9489 9505 9504)
4(9504 9505 9521 9520)
4(9520 9521 9537 9536)
4(9536 9537 9553 9552)
4(9552 9553 9569 9568)
4(9568 9569 9585 9584)
4(9584 9585 4083 4082)
4(9345 9346 9362 9361)
4(9361 9362 9378 9377)
4(9377 9378 9394 9393)
4(9393 9394 9410 9409)
4(9409 9410 9426 9425)
4(9425 9426 9442 9441)
4(9441 9442 9458 9457)
4(9457 9458 9474 9473)
4(9473 9474 9490 9489)
4(9489 9490 9506 9505)
4(9505 9506 9522 9521)
4(9521 9522 9538 9537)
4(9537 9538 9554 9553)
4(9553 9554 9570 9569)
4(9569 9570 9586 9585)
4(9585 9586 4084 4083)
4(9346 9347 9363 9362)
4(9362 9363 9379 9378)
4(9378 9379 9395 9394)
4(9394 9395 9411 9410)
4(9410 9411 9427 9426)
4(9426 9427 9443 9442)
4(9442 9443 9459 9458)
4(9458 9459 9475 9474)
4(9474 9475 9491 9490)
4(9490 9491 9507 9506)
4(9506 9507 9523 9522)
4(9522 9523 9539 9538)
4(9538 9539 9555 9554)
4(9554 9555 9571 9570)
4(9570 9571 9587 9586)
4(9586 9587 4085 4084)
4(9347 9348 9364 9363)
4(9363 9364 9380 9379)
4(9379 9380 9396 9395)
4(9395 9396 9412 9411)
4(9411 9412 9428 9427)
4(9427 9428 9444 9443)
4(9443 9444 9460 9459)
4(9459 9460 9476 9475)
4(9475 9476 9492 9491)
4(9491 9492 9508 9507)
4(9507 9508 9524 9523)
4(9523 9524 9540 9539)
4(9539 9540 9556 9555)
4(9555 9556 9572 9571)
4(9571 9572 9588 9587)
4(9587 9588 4086 4085)
4(9348 9349 9365 9364)
4(9364 9365 9381 9380)
4(9380 9381 9397 9396)
4(9396 9397 9413 9412)
4(9412 9413 9429 9428)
4(9428 9429 9445 9444)
4(9444 9445 9461 9460)
4(9460 9461 9477 9476)
4(9476 9477 9493 9492)
4(9492 9493 9509 9508)
4(9508 9509 9525 9524)
4(9524 9525 9541 9540)
4(9540 9541 9557 9556)
4(9556 9557 9573 9572)
4(9572 9573 9589 9588)
4(9588 9589 4087 4086)
4(9349 9350 9366 9365)
4(9365 9366 9382 9381)
4(9381 9382 9398 9397)
4(9397 9398 9414 9413)
4(9413 9414 9430 9429)
4(9429 9430 9446 9445)
4(9445 9446 9462 9461)
4(9461 9462 9478 9477)
4(9477 9478 9494 9493)
4(9493 9494 9510 9509)
4(9509 9510 9526 9525)
4(9525 9526 9542 9541)
4(9541 9542 9558 9557)
4(9557 9558 9574 9573)
4(9573 9574 9590 9589)
4(9589 9590 4088 4087)
4(9350 9351 9367 9366)
4(9366 9367 9383 9382)
4(9382 9383 9399 9398)
4(9398 9399 9415 9414)
4(9414 9415 9431 9430)
4(9430 9431 9447 9446)
4(9446 9447 9463 9462)
4(9462 9463 9479 9478)
4(9478 9479 9495 9494)
4(9494 9495 9511 9510)
4(9510 9511 9527 9526)
4(9526 9527 9543 9542)
4(9542 9543 9559 9558)
4(9558 9559 9575 9574)
4(9574 9575 9591 9590)
4(9590 9591 4089 4088)
4(9351 9352 9368 9367)
4(9367 9368 9384 9383)
4(9383 9384 9400 9399)
4(9399 9400 9416 9415)
4(9415 9416 9432 9431)
4(9431 9432 9448 9447)
4(9447 9448 9464 9463)
4(9463 9464 9480 9479)
4(9479 9480 9496 9495)
4(9495 9496 9512 9511)
4(9511 9512 9528 9527)
4(9527 9528 9544 9543)
4(9543 9544 9560 9559)
4(9559 9560 9576 9575)
4(9575 9576 9592 9591)
4(9591 9592 4090 4089)
4(9352 9353 9369 9368)
4(9368 9369 9385 9384)
4(9384 9385 9401 9400)
4(9400 9401 9417 9416)
4(9416 9417 9433 9432)
4(9432 9433 9449 9448)
4(9448 9449 9465 9464)
4(9464 9465 9481 9480)
4(9480 9481 9497 9496)
4(9496 9497 9513 9512)
4(9512 9513 9529 9528)
4(9528 9529 9545 9544)
4(9544 9545 9561 9560)
4(9560 9561 9577 9576)
4(9576 9577 9593 9592)
4(9592 9593 4091 4090)
4(9353 9354 9370 9369)
4(9369 9370 9386 9385)
4(9385 9386 9402 9401)
4(9401 9402 9418 9417)
4(9417 9418 9434 9433)
4(9433 9434 9450 9449)
4(9449 9450 9466 9465)
4(9465 9466 9482 9481)
4(9481 9482 9498 9497)
4(9497 9498 9514 9513)
4(9513 9514 9530 9529)
4(9529 9530 9546 9545)
4(9545 9546 9562 9561)
4(9561 9562 9578 9577)
4(9577 9578 9594 9593)
4(9593 9594 4092 4091)
4(9354 9355 9371 9370)
4(9370 9371 9387 9386)
4(9386 9387 9403 9402)
4(9402 9403 9419 9418)
4(9418 9419 9435 9434)
4(9434 9435 9451 9450)
4(9450 9451 9467 9466)
4(9466 9467 9483 9482)
4(9482 9483 9499 9498)
4(9498 9499 9515 9514)
4(9514 9515 9531 9530)
4(9530 9531 9547 9546)
4(9546 9547 9563 9562)
4(9562 9563 9579 9578)
4(9578 9579 9595 9594)
4(9594 9595 4093 4092)
4(9355 9356 9372 9371)
4(9371 9372 9388 9387)
4(9387 9388 9404 9403)
4(9403 9404 9420 9419)
4(9419 9420 9436 9435)
4(9435 9436 9452 9451)
4(9451 9452 9468 9467)
4(9467 9468 9484 9483)
4(9483 9484 9500 9499)
4(9499 9500 9516 9515)
4(9515 9516 9532 9531)
4(9531 9532 9548 9547)
4(9547 9548 9564 9563)
4(9563 9564 9580 9579)
4(9579 9580 9596 9595)
4(9595 9596 4094 4093)
4(9356 9357 9373 9372)
4(9372 9373 9389 9388)
4(9388 9389 9405 9404)
4(9404 9405 9421 9420)
4(9420 9421 9437 9436)
4(9436 9437 9453 9452)
4(9452 9453 9469 9468)
4(9468 9469 9485 9484)
4(9484 9485 9501 9500)
4(9500 9501 9517 9516)
4(9516 9517 9533 9532)
4(9532 9533 9549 9548)
4(9548 9549 9565 9564)
4(9564 9565 9581 9580)
4(9580 9581 9597 9596)
4(9596 9597 4095 4094)
4(9357 9358 9374 9373)
4(9373 9374 9390 9389)
4(9389 9390 9406 9405)
4(9405 9406 9422 9421)
4(9421 9422 9438 9437)
4(9437 9438 9454 9453)
4(9453 9454 9470 9469)
4(9469 9470 9486 9485)
4(9485 9486 9502 9501)
4(9501 9502 9518 9517)
4(9517 9518 9534 9533)
4(9533 9534 9550 9549)
4(9549 9550 9566 9565)
4(9565 9566 9582 9581)
4(9581 9582 9598 9597)
4(9597 9598 4096 4095)
4(9358 9359 9375 9374)
4(9374 9375 9391 9390)
4(9390 9391 9407 9406)
4(9406 9407 9423 9422)
4(9422 9423 9439 9438)
4(9438 9439 9455 9454)
4(9454 9455 9471 9470)
4(9470 9471 9487 9486)
4(9486 9487 9503 9502)
4(9502 9503 9519 9518)
4(9518 9519 9535 9534)
4(9534 9535 9551 9550)
4(9550 9551 9567 9566)
4(9566 9567 9583 9582)
4(9582 9583 9599 9598)
4(9598 9599 4097 4096)
4(9359 8306 8323 9375)
4(9375 8323 8340 9391)
4(9391 8340 8357 9407)
4(9407 8357 8374 9423)
4(9423 8374 8391 9439)
4(9439 8391 8408 9455)
4(9455 8408 8425 9471)
4(9471 8425 8442 9487)
4(9487 8442 8459 9503)
4(9503 8459 8476 9519)
4(9519 8476 8493 9535)
4(9535 8493 8510 9551)
4(9551 8510 8527 9567)
4(9567 8527 8544 9583)
4(9583 8544 8561 9599)
4(9599 8561 3538 4097)
4(9600 9617 9618 9601)
4(9617 9634 9635 9618)
4(9634 9651 9652 9635)
4(9651 9668 9669 9652)
4(9668 9685 9686 9669)
4(9685 9702 9703 9686)
4(9702 9719 9720 9703)
4(9719 9736 9737 9720)
4(9736 9753 9754 9737)
4(9753 9770 9771 9754)
4(9770 9787 9788 9771)
4(9787 9804 9805 9788)
4(9804 9821 9822 9805)
4(9821 9838 9839 9822)
4(9838 9855 9856 9839)
4(9855 9088 9089 9856)
4(9601 9618 9619 9602)
4(9618 9635 9636 9619)
4(9635 9652 9653 9636)
4(9652 9669 9670 9653)
4(9669 9686 9687 9670)
4(9686 9703 9704 9687)
4(9703 9720 9721 9704)
4(9720 9737 9738 9721)
4(9737 9754 9755 9738)
4(9754 9771 9772 9755)
4(9771 9788 9789 9772)
4(9788 9805 9806 9789)
4(9805 9822 9823 9806)
4(9822 9839 9840 9823)
4(9839 9856 9857 9840)
4(9856 9089 9090 9857)
4(9602 9619 9620 9603)
4(9619 9636 9637 9620)
4(9636 9653 9654 9637)
4(9653 9670 9671 9654)
4(9670 9687 9688 9671)
4(9687 9704 9705 9688)
4(9704 9721 9722 9705)
4(9721 9738 9739 9722)
4(9738 9755 9756 9739)
4(9755 9772 9773 9756)
4(9772 9789 9790 9773)
4(9789 9806 9807 9790)
4(9806 9823 9824 9807)
4(9823 9840 9841 9824)
4(9840 9857 9858 9841)
4(9857 9090 9091 9858)
4(9603 9620 9621 9604)
4(9620 9637 9638 9621)
4(9637 9654 9655 9638)
4(9654 9671 9672 9655)
4(9671 9688 9689 9672)
4(9688 9705 9706 9689)
4(9705 9722 9723 9706)
4(9722 9739 9740 9723)
4(9739 9756 9757 9740)
4(9756 9773 9774 9757)
4(9773 9790 9791 9774)
4(9790 9807 9808 9791)
4(9807 9824 9825 9808)
4(9824 9841 9842 9825)
4(9841 9858 9859 9842)
4(9858 9091 9092 9859)
4(9604 9621 9622 9605)
4(9621 9638 9639 9622)
4(9638 9655 9656 9639)
4(9655 9672 9673 9656)
4(9672 9689 9690 9673)
4(9689 9706 9707 9690)
4(9706 9723 9724 9707)
4(9723 9740 9741 9724)
4(9740 9757 9758 9741)
4(9757 9774 9775 9758)
4(9774 9791 9792 9775)
4(9791 9808 9809 9792)
4(9808 9825 9826 9809)
4(9825 9842 9843 9826)
4(9842 9859 9860 9843)
4(9859 9092 9093 9860)
4(9605 9622 9623 9606)
4(9622 9639 9640 9623)
4(9639 9656 9657 9640)
4(9656 9673 9674 9657)
4(9673 9690 9691 9674)
4(9690 9707 9708 9691)
4(9707 9724 9725 9708)
4(9724 9741 9742 9725)
4(9741 9758 9759 9742)
4(9758 9775 9776 9759)
4(9775 9792 9793 9776)
4(9792 9809 9810 9793)
4(9809 9826 9827 9810)
4(9826 9843 9844 9827)
4(9843 9860 9861 9844)
4(9860 9093 9094 9861)
4(9606 9623 9624 9607)
4(9623 9640 9641 9624)
4(9640 9657 9658 9641)
4(9657 9674 9675 9658)
4(9674 9691 9692 9675)
4(9691 9708 9709 9692)
4(9708 9725 9726 9709)
4(9725 9742 9743 9726)
4(9742 9759 9760 9743)
4(9759 9776 9777 9760)
4(9776 9793 9794 9777)
4(9793 9810 9811 9794)
4(9810 9827 9828 9811)
4(9827 9844 9845 9828)
4(9844 9861 9862 9845)
4(9861 9094 9095 9862)
4(9607 9624 9625 9608)
4(9624 9641 9642 9625)
4(9641 9658 9659 9642)
4(9658 9675 9676 9659)
4(9675 9692 9693 9676)
4(9692 9709 9710 9693)
4(9709 9726 9727 9710)
4(9726 9743 9744 9727)
4(9743 9760 9761 9744)
4(9760 9777 9778 9761)
4(9777 9794 9795 9778)
4(9794 9811 9812 9795)
4(9811 9828 9829 9812)
4(9828 9845 9846 9829)
4(9845 9862 9863 9846)
4(9862 9095 9096 9863)
4(9608 9625 9626 9609)
4(9625 9642 9643 9626)
4(9642 9659 9660 9643)
4(9659 9676 9677 9660)
4(9676 9693 9694 9677)
4(9693 9710 9711 9694)
4(9710 9727 9728 9711)
4(9727 9744 9745 9728)
4(9744 9761 9762 9745)
4(9761 9778 9779 9762)
4(9778 9795 9796 9779)
4(9795 9812 9813 9796)
4(9812 9829 9830 9813)
4(9829 9846 9847 9830)
4(9846 9863 9864 9847)
4(9863 9096 9097 9864)
4(9609 9626 9627 9610)
4(9626 9643 9644 9627)
4(9643 9660 9661 9644)
4(9660 9677 9678 9661)
4(9677 9694 9695 9678)
4(9694 9711 9712 9695)
4(9711 9728 9729 9712)
4(9728 9745 9746 9729)
4(9745 9762 9763 9746)
4(9762 9779 9780 9763)
4(9779 9796 9797 9780)
4(9796 9813 9814 9797)
4(9813 9830 9831 9814)
4(9830 9847 9848 9831)
4(9847 9864 9865 9848)
4(9864 9097 9098 9865)
4(9610 9627 9628 9611)
4(9627 9644 9645 9628)
4(9644 9661 9662 9645)
4(9661 9678 9679 9662)
4(9678 9695 9696 9679)
4(9695 9712 9713 9696)
4(9712 9729 9730 9713)
4(9729 9746 9747 9730)
4(9746 9763 9764 9747)
4(9763 9780 9781 9764)
4(9780 9797 9798 9781)
4(9797 9814 9815 9798)
4(9814 9831 9832 9815)
4(9831 9848 9849 9832)
4(9848 9865 9866 9849)
4(9865 9098 9099 9866)
4(9611 9628 9629 9612)
4(9628 9645 9646 9629)
4(9645 9662 9663 9646)
4(9662 9679 9680 9663)
4(9679 9696 9697 9680)
4(9696 9713 9714 9697)
4(9713 9730 9731 9714)
4(9730 9747 9748 9731)
4(9747 9764 9765 9748)
4(9764 9781 9782 9765)
4(9781 9798 9799 9782)
4(9798 9815 9816 9799)
4(9815 9832 9833 9816)
4(9832 9849 9850 9833)
4(9849 9866 9867 9850)
4(9866 9099 9100 9867)
4(9612 9629 9630 9613)
4(9629 9646 9647 9630)
4(9646 9663 9664 9647)
4(9663 9680 9681 9664)
4(9680 9697 9698 9681)
4(9697 9714 9715 9698)
4(9714 9731 9732 9715)
4(9731 9748 9749 9732)
4(9748 9765 9766 9749)
4(9765 9782 9783 9766)
4(9782 9799 9800 9783)
4(9799 9816 9817 9800)
4(9816 9833 9834 9817)
4(9833 9850 9851 9834)
4(9850 9867 9868 9851)
4(9867 9100 9101 9868)
4(9613 9630 9631 9614)
4(9630 9647 9648 9631)
4(9647 9664 9665 9648)
4(9664 9681 9682 9665)
4(9681 9698 9699 9682)
4(9698 9715 9716 9699)
4(9715 9732 9733 9716)
4(9732 9749 9750 9733)
4(9749 9766 9767 9750)
4(9766 9783 9784 9767)
4(9783 9800 9801 9784)
4(9800 9817 9818 9801)
4(9817 9834 9835 9818)
4(9834 9851 9852 9835)
4(9851 9868 9869 9852)
4(9868 9101 9102 9869)
4(9614 9631 9632 9615)
4(9631 9648 9649 9632)
4(9648 9665 9666 9649)
4(9665 9682 9683 9666)
4(9682 9699 9700 9683)
4(9699 9716 9717 9700)
4(9716 9733 9734 9717)
4(9733 9750 9751 9734)
4(9750 9767 9768 9751)
4(9767 9784 9785 9768)
4(9784 9801 9802 9785)
4(9801 9818 9819 9802)
4(9818 9835 9836 9819)
4(9835 9852 9853 9836)
4(9852 9869 9870 9853)
4(9869 9102 9103 9870)
4(9615 9632 9633 9616)
4(9632 9649 9650 9633)
4(9649 9666 9667 9650)
4(9666 9683 9684 9667)
4(9683 9700 9701 9684)
4(9700 9717 9718 9701)
4(9717 9734 9735 9718)
4(9734 9751 9752 9735)
4(9751 9768 9769 9752)
4(9768 9785 9786 9769)
4(9785 9802 9803 9786)
4(9802 9819 9820 9803)
4(9819 9836 9837 9820)
4(9836 9853 9854 9837)
4(9853 9870 9871 9854)
4(9870 9103 8034 9871)
4(9872 9873 9890 9889)
4(9889 9890 9907 9906)
4(9906 9907 9924 9923)
4(9923 9924 9941 9940)
4(9940 9941 9958 9957)
4(9957 9958 9975 9974)
4(9974 9975 9992 9991)
4(9991 9992 10009 10008)
4(10008 10009 10026 10025)
4(10025 10026 10043 10042)
4(10042 10043 10060 10059)
4(10059 10060 10077 10076)
4(10076 10077 10094 10093)
4(10093 10094 10111 10110)
4(10110 10111 10128 10127)
4(10127 10128 9345 9344)
4(9873 9874 9891 9890)
4(9890 9891 9908 9907)
4(9907 9908 9925 9924)
4(9924 9925 9942 9941)
4(9941 9942 9959 9958)
4(9958 9959 9976 9975)
4(9975 9976 9993 9992)
4(9992 9993 10010 10009)
4(10009 10010 10027 10026)
4(10026 10027 10044 10043)
4(10043 10044 10061 10060)
4(10060 10061 10078 10077)
4(10077 10078 10095 10094)
4(10094 10095 10112 10111)
4(10111 10112 10129 10128)
4(10128 10129 9346 9345)
4(9874 9875 9892 9891)
4(9891 9892 9909 9908)
4(9908 9909 9926 9925)
4(9925 9926 9943 9942)
4(9942 9943 9960 9959)
4(9959 9960 9977 9976)
4(9976 9977 9994 9993)
4(9993 9994 10011 10010)
4(10010 10011 10028 10027)
4(10027 10028 10045 10044)
4(10044 10045 10062 10061)
4(10061 10062 10079 10078)
4(10078 10079 10096 10095)
4(10095 10096 10113 10112)
4(10112 10113 10130 10129)
4(10129 10130 9347 9346)
4(9875 9876 9893 9892)
4(9892 9893 9910 9909)
4(9909 9910 9927 9926)
4(9926 9927 9944 9943)
4(9943 9944 9961 9960)
4(9960 9961 9978 9977)
4(9977 9978 9995 9994)
4(9994 9995 10012 10011)
4(10011 10012 10029 10028)
4(10028 10029 10046 10045)
4(10045 10046 10063 10062)
4(10062 10063 10080 10079)
4(10079 10080 10097 10096)
4(10096 10097 10114 10113)
4(10113 10114 10131 10130)
4(10130 10131 9348 9347)
4(9876 9877 9894 9893)
4(9893 9894 9911 9910)
4(9910 9911 9928 9927)
4(9927 9928 9945 9944)
4(9944 9945 9962 9961)
4(9961 9962 9979 9978)
4(9978 9979 9996 9995)
4(9995 9996 10013 10012)
4(10012 10013 10030 10029)
4(10029 10030 10047 10046)
4(10046 10047 10064 10063)
4(10063 10064 10081 10080)
4(10080 10081 10098 10097)
4(10097 10098 10115 10114)
4(10114 10115 10132 10131)
4(10131 10132 9349 9348)
4(9877 9878 9895 9894)
4(9894 9895 9912 9911)
4(9911 9912 9929 9928)
4(9928 9929 9946 9945)
4(9945 9946 9963 9962)
4(9962 9963 9980 9979)
4(9979 9980 9997 9996)
4(9996 9997 10014 10013)
4(10013 10014 10031 10030)
4(10030 10031 10048 10047)
4(10047 10048 10065 10064)
4(10064 10065 10082 10081)
4(10081 10082 10099 10098)
4(10098 10099 10116 10115)
4(10115 10116 10133 10132)
4(10132 10133 9350 9349)
4(9878 9879 9896 9895)
4(9895 9896 9913 9912)
4(9912 9913 9930 9929)
4(9929 9930 9947 9946)
4(9946 9947 9964 9963)
4(9963 9964 9981 9980)
4(9980 9981 9998 9997)
4(9997 9998 10015 10014)
4(10014 10015 10032 10031)
4(10031 10032 10049 10048)
4(10048 10049 10066 10065)
4(10065 10066 10083 10082)
4(10082 10083 10100 10099)
4(10099 10100 10117 10116)
4(10116 10117 10134 10133)
4(10133 10134 9351 9350)
4(9879 9880 9897 9896)
4(9896 9897 9914 9913)
4(9913 9914 9931 9930)
4(9930 9931 9948 9947)
4(9947 9948 9965 9964)
4(9964 9965 9982 9981)
4(9981 9982 9999 9998)
4(9998 9999 10016 10015)
4(10015 10016 10033 10032)
4(10032 10033 10050 10049)
4(10049 10050 10067 10066)
4(10066 10067 10084 10083)
4(10083 10084 10101 10100)
4(10100 10101 10118 10117)
4(10117 10118 10135 10134)
4(10134 10135 9352 9351)
4(9880 9881 9898 9897)
4(9897 9898 9915 9914)
4(9914 9915 9932 9931)
4(9931 9932 9949 9948)
4(9948 9949 9966 9965)
4(9965 9966 9983 9982)
4(9982 9983 10000 9999)
4(9999 10000 10017 10016)
4(10016 10017 10034 10033)
4(10033 10034 10051 10050)
4(10050 10051 10068 10067)
4(10067 10068 10085 10084)
4(10084 10085 10102 10101)
4(10101 10102 10119 10118)
4(10118 10119 10136 10135)
4(10135 10136 9353 9352)
4(9881 9882 9899 9898)
4(9898 9899 9916 9915)
4(9915 9916 9933 9932)
4(9932 9933 9950 9949)
4(9949 9950 9967 9966)
4(9966 9967 9984 9983)
4(9983 9984 10001 10000)
4(10000 10001 10018 10017)
4(10017 10018 10035 10034)
4(10034 10035 10052 10051)
4(10051 10052 10069 10068)
4(10068 10069 10086 10085)
4(10085 10086 10103 10102)
4(10102 10103 10120 10119)
4(10119 10120 10137 10136)
4(10136 10137 9354 9353)
4(9882 9883 9900 9899)
4(9899 9900 9917 9916)
4(9916 9917 9934 9933)
4(9933 9934 9951 9950)
4(9950 9951 9968 9967)
4(9967 9968 9985 9984)
4(9984 9985 10002 10001)
4(10001 10002 10019 10018)
4(10018 10019 10036 10035)
4(10035 10036 10053 10052)
4(10052 10053 10070 10069)
4(10069 10070 10087 10086)
4(10086 10087 10104 10103)
4(10103 10104 10121 10120)
4(10120 10121 10138 10137)
4(10137 10138 9355 9354)
4(9883 9884 9901 9900)
4(9900 9901 9918 9917)
4(9917 9918 9935 9934)
4(9934 9935 9952 9951)
4(9951 9952 9969 9968)
4(9968 9969 9986 9985)
4(9985 9986 10003 10002)
4(10002 10003 10020 10019)
4(10019 10020 10037 10036)
4(10036 10037 10054 10053)
4(10053 10054 10071 10070)
4(10070 10071 10088 10087)
4(10087 10088 10105 10104)
4(10104 10105 10122 10121)
4(10121 10122 10139 10138)
4(10138 10139 9356 9355)
4(9884 9885 9902 9901)
4(9901 9902 9919 9918)
4(9918 9919 9936 9935)
4(9935 9936 9953 9952)
4(9952 9953 9970 9969)
4(9969 9970 9987 9986)
4(9986 9987 10004 10003)
4(10003 10004 10021 10020)
4(10020 10021 10038 10037)
4(10037 10038 10055 10054)
4(10054 10055 10072 10071)
4(10071 10072 10089 10088)
4(10088 10089 10106 10105)
4(10105 10106 10123 10122)
4(10122 10123 10140 10139)
4(10139 10140 9357 9356)
4(9885 9886 9903 9902)
4(9902 9903 9920 9919)
4(9919 9920 9937 9936)
4(9936 9937 9954 9953)
4(9953 9954 9971 9970)
4(9970 9971 9988 9987)
4(9987 9988 10005 10004)
4(10004 10005 10022 10021)
4(10021 10022 10039 10038)
4(10038 10039 10056 10055)
4(10055 10056 10073 10072)
4(10072 10073 10090 10089)
4(10089 10090 10107 10106)
4(10106 10107 10124 10123)
4(10123 10124 10141 10140)
4(10140 10141 9358 9357)
4(9886 9887 9904 9903)
4(9903 9904 9921 9920)
4(9920 9921 9938 9937)
4(9937 9938 9955 9954)
4(9954 9955 9972 9971)
4(9971 9972 9989 9988)
4(9988 9989 10006 10005)
4(10005 10006 10023 10022)
4(10022 10023 10040 10039)
4(10039 10040 10057 10056)
4(10056 10057 10074 10073)
4(10073 10074 10091 10090)
4(10090 10091 10108 10107)
4(10107 10108 10125 10124)
4(10124 10125 10142 10141)
4(10141 10142 9359 9358)
4(9887 9888 9905 9904)
4(9904 9905 9922 9921)
4(9921 9922 9939 9938)
4(9938 9939 9956 9955)
4(9955 9956 9973 9972)
4(9972 9973 9990 9989)
4(9989 9990 10007 10006)
4(10006 10007 10024 10023)
4(10023 10024 10041 10040)
4(10040 10041 10058 10057)
4(10057 10058 10075 10074)
4(10074 10075 10092 10091)
4(10091 10092 10109 10108)
4(10108 10109 10126 10125)
4(10125 10126 10143 10142)
4(10142 10143 8306 9359)
4(9616 9633 10159 10144)
4(9633 9650 10174 10159)
4(9650 9667 10189 10174)
4(9667 9684 10204 10189)
4(9684 9701 10219 10204)
4(9701 9718 10234 10219)
4(9718 9735 10249 10234)
4(9735 9752 10264 10249)
4(9752 9769 10279 10264)
4(9769 9786 10294 10279)
4(9786 9803 10309 10294)
4(9803 9820 10324 10309)
4(9820 9837 10339 10324)
4(9837 9854 10354 10339)
4(9854 9871 10369 10354)
4(9871 8034 8816 10369)
4(10144 10159 10160 10145)
4(10159 10174 10175 10160)
4(10174 10189 10190 10175)
4(10189 10204 10205 10190)
4(10204 10219 10220 10205)
4(10219 10234 10235 10220)
4(10234 10249 10250 10235)
4(10249 10264 10265 10250)
4(10264 10279 10280 10265)
4(10279 10294 10295 10280)
4(10294 10309 10310 10295)
4(10309 10324 10325 10310)
4(10324 10339 10340 10325)
4(10339 10354 10355 10340)
4(10354 10369 10370 10355)
4(10369 8816 8799 10370)
4(10145 10160 10161 10146)
4(10160 10175 10176 10161)
4(10175 10190 10191 10176)
4(10190 10205 10206 10191)
4(10205 10220 10221 10206)
4(10220 10235 10236 10221)
4(10235 10250 10251 10236)
4(10250 10265 10266 10251)
4(10265 10280 10281 10266)
4(10280 10295 10296 10281)
4(10295 10310 10311 10296)
4(10310 10325 10326 10311)
4(10325 10340 10341 10326)
4(10340 10355 10356 10341)
4(10355 10370 10371 10356)
4(10370 8799 8782 10371)
4(10146 10161 10162 10147)
4(10161 10176 10177 10162)
4(10176 10191 10192 10177)
4(10191 10206 10207 10192)
4(10206 10221 10222 10207)
4(10221 10236 10237 10222)
4(10236 10251 10252 10237)
4(10251 10266 10267 10252)
4(10266 10281 10282 10267)
4(10281 10296 10297 10282)
4(10296 10311 10312 10297)
4(10311 10326 10327 10312)
4(10326 10341 10342 10327)
4(10341 10356 10357 10342)
4(10356 10371 10372 10357)
4(10371 8782 8765 10372)
4(10147 10162 10163 10148)
4(10162 10177 10178 10163)
4(10177 10192 10193 10178)
4(10192 10207 10208 10193)
4(10207 10222 10223 10208)
4(10222 10237 10238 10223)
4(10237 10252 10253 10238)
4(10252 10267 10268 10253)
4(10267 10282 10283 10268)
4(10282 10297 10298 10283)
4(10297 10312 10313 10298)
4(10312 10327 10328 10313)
4(10327 10342 10343 10328)
4(10342 10357 10358 10343)
4(10357 10372 10373 10358)
4(10372 8765 8748 10373)
4(10148 10163 10164 10149)
4(10163 10178 10179 10164)
4(10178 10193 10194 10179)
4(10193 10208 10209 10194)
4(10208 10223 10224 10209)
4(10223 10238 10239 10224)
4(10238 10253 10254 10239)
4(10253 10268 10269 10254)
4(10268 10283 10284 10269)
4(10283 10298 10299 10284)
4(10298 10313 10314 10299)
4(10313 10328 10329 10314)
4(10328 10343 10344 10329)
4(10343 10358 10359 10344)
4(10358 10373 10374 10359)
4(10373 8748 8731 10374)
4(10149 10164 10165 10150)
4(10164 10179 10180 10165)
4(10179 10194 10195 10180)
4(10194 10209 10210 10195)
4(10209 10224 10225 10210)
4(10224 10239 10240 10225)
4(10239 10254 10255 10240)
4(10254 10269 10270 10255)
4(10269 10284 10285 10270)
4(10284 10299 10300 10285)
4(10299 10314 10315 10300)
4(10314 10329 10330 10315)
4(10329 10344 10345 10330)
4(10344 10359 10360 10345)
4(10359 10374 10375 10360)
4(10374 8731 8714 10375)
4(10150 10165 10166 10151)
4(10165 10180 10181 10166)
4(10180 10195 10196 10181)
4(10195 10210 10211 10196)
4(10210 10225 10226 10211)
4(10225 10240 10241 10226)
4(10240 10255 10256 10241)
4(10255 10270 10271 10256)
4(10270 10285 10286 10271)
4(10285 10300 10301 10286)
4(10300 10315 10316 10301)
4(10315 10330 10331 10316)
4(10330 10345 10346 10331)
4(10345 10360 10361 10346)
4(10360 10375 10376 10361)
4(10375 8714 8697 10376)
4(10151 10166 10167 10152)
4(10166 10181 10182 10167)
4(10181 10196 10197 10182)
4(10196 10211 10212 10197)
4(10211 10226 10227 10212)
4(10226 10241 10242 10227)
4(10241 10256 10257 10242)
4(10256 10271 10272 10257)
4(10271 10286 10287 10272)
4(10286 10301 10302 10287)
4(10301 10316 10317 10302)
4(10316 10331 10332 10317)
4(10331 10346 10347 10332)
4(10346 10361 10362 10347)
4(10361 10376 10377 10362)
4(10376 8697 8680 10377)
4(10152 10167 10168 10153)
4(10167 10182 10183 10168)
4(10182 10197 10198 10183)
4(10197 10212 10213 10198)
4(10212 10227 10228 10213)
4(10227 10242 10243 10228)
4(10242 10257 10258 10243)
4(10257 10272 10273 10258)
4(10272 10287 10288 10273)
4(10287 10302 10303 10288)
4(10302 10317 10318 10303)
4(10317 10332 10333 10318)
4(10332 10347 10348 10333)
4(10347 10362 10363 10348)
4(10362 10377 10378 10363)
4(10377 8680 8663 10378)
4(10153 10168 10169 10154)
4(10168 10183 10184 10169)
4(10183 10198 10199 10184)
4(10198 10213 10214 10199)
4(10213 10228 10229 10214)
4(10228 10243 10244 10229)
4(10243 10258 10259 10244)
4(10258 10273 10274 10259)
4(10273 10288 10289 10274)
4(10288 10303 10304 10289)
4(10303 10318 10319 10304)
4(10318 10333 10334 10319)
4(10333 10348 10349 10334)
4(10348 10363 10364 10349)
4(10363 10378 10379 10364)
4(10378 8663 8646 10379)
4(10154 10169 10170 10155)
4(10169 10184 10185 10170)
4(10184 10199 10200 10185)
4(10199 10214 10215 10200)
4(10214 10229 10230 10215)
4(10229 10244 10245 10230)
4(10244 10259 10260 10245)
4(10259 10274 10275 10260)
4(10274 10289 10290 10275)
4(10289 10304 10305 10290)
4(10304 10319 10320 10305)
4(10319 10334 10335 10320)
4(10334 10349 10350 10335)
4(10349 10364 10365 10350)
4(10364 10379 10380 10365)
4(10379 8646 8629 10380)
4(10155 10170 10171 10156)
4(10170 10185 10186 10171)
4(10185 10200 10201 10186)
4(10200 10215 10216 10201)
4(10215 10230 10231 10216)
4(10230 10245 10246 10231)
4(10245 10260 10261 10246)
4(10260 10275 10276 10261)
4(10275 10290 10291 10276)
4(10290 10305 10306 10291)
4(10305 10320 10321 10306)
4(10320 10335 10336 10321)
4(10335 10350 10351 10336)
4(10350 10365 10366 10351)
4(10365 10380 10381 10366)
4(10380 8629 8612 10381)
4(10156 10171 10172 10157)
4(10171 10186 10187 10172)
4(10186 10201 10202 10187)
4(10201 10216 10217 10202)
4(10216 10231 10232 10217)
4(10231 10246 10247 10232)
4(10246 10261 10262 10247)
4(10261 10276 10277 10262)
4(10276 10291 10292 10277)
4(10291 10306 10307 10292)
4(10306 10321 10322 10307)
4(10321 10336 10337 10322)
4(10336 10351 10352 10337)
4(10351 10366 10367 10352)
4(10366 10381 10382 10367)
4(10381 8612 8595 10382)
4(10157 10172 10173 10158)
4(10172 10187 10188 10173)
4(10187 10202 10203 10188)
4(10202 10217 10218 10203)
4(10217 10232 10233 10218)
4(10232 10247 10248 10233)
4(10247 10262 10263 10248)
4(10262 10277 10278 10263)
4(10277 10292 10293 10278)
4(10292 10307 10308 10293)
4(10307 10322 10323 10308)
4(10322 10337 10338 10323)
4(10337 10352 10353 10338)
4(10352 10367 10368 10353)
4(10367 10382 10383 10368)
4(10382 8595 8578 10383)
4(10158 10173 7538 7522)
4(10173 10188 7554 7538)
4(10188 10203 7570 7554)
4(10203 10218 7586 7570)
4(10218 10233 7602 7586)
4(10233 10248 7618 7602)
4(10248 10263 7634 7618)
4(10263 10278 7650 7634)
4(10278 10293 7666 7650)
4(10293 10308 7682 7666)
4(10308 10323 7698 7682)
4(10323 10338 7714 7698)
4(10338 10353 7730 7714)
4(10353 10368 7746 7730)
4(10368 10383 7762 7746)
4(10383 8578 5394 7762)
4(9888 10384 10399 9905)
4(9905 10399 10414 9922)
4(9922 10414 10429 9939)
4(9939 10429 10444 9956)
4(9956 10444 10459 9973)
4(9973 10459 10474 9990)
4(9990 10474 10489 10007)
4(10007 10489 10504 10024)
4(10024 10504 10519 10041)
4(10041 10519 10534 10058)
4(10058 10534 10549 10075)
4(10075 10549 10564 10092)
4(10092 10564 10579 10109)
4(10109 10579 10594 10126)
4(10126 10594 10609 10143)
4(10143 10609 9071 8306)
4(10384 10385 10400 10399)
4(10399 10400 10415 10414)
4(10414 10415 10430 10429)
4(10429 10430 10445 10444)
4(10444 10445 10460 10459)
4(10459 10460 10475 10474)
4(10474 10475 10490 10489)
4(10489 10490 10505 10504)
4(10504 10505 10520 10519)
4(10519 10520 10535 10534)
4(10534 10535 10550 10549)
4(10549 10550 10565 10564)
4(10564 10565 10580 10579)
4(10579 10580 10595 10594)
4(10594 10595 10610 10609)
4(10609 10610 9054 9071)
4(10385 10386 10401 10400)
4(10400 10401 10416 10415)
4(10415 10416 10431 10430)
4(10430 10431 10446 10445)
4(10445 10446 10461 10460)
4(10460 10461 10476 10475)
4(10475 10476 10491 10490)
4(10490 10491 10506 10505)
4(10505 10506 10521 10520)
4(10520 10521 10536 10535)
4(10535 10536 10551 10550)
4(10550 10551 10566 10565)
4(10565 10566 10581 10580)
4(10580 10581 10596 10595)
4(10595 10596 10611 10610)
4(10610 10611 9037 9054)
4(10386 10387 10402 10401)
4(10401 10402 10417 10416)
4(10416 10417 10432 10431)
4(10431 10432 10447 10446)
4(10446 10447 10462 10461)
4(10461 10462 10477 10476)
4(10476 10477 10492 10491)
4(10491 10492 10507 10506)
4(10506 10507 10522 10521)
4(10521 10522 10537 10536)
4(10536 10537 10552 10551)
4(10551 10552 10567 10566)
4(10566 10567 10582 10581)
4(10581 10582 10597 10596)
4(10596 10597 10612 10611)
4(10611 10612 9020 9037)
4(10387 10388 10403 10402)
4(10402 10403 10418 10417)
4(10417 10418 10433 10432)
4(10432 10433 10448 10447)
4(10447 10448 10463 10462)
4(10462 10463 10478 10477)
4(10477 10478 10493 10492)
4(10492 10493 10508 10507)
4(10507 10508 10523 10522)
4(10522 10523 10538 10537)
4(10537 10538 10553 10552)
4(10552 10553 10568 10567)
4(10567 10568 10583 10582)
4(10582 10583 10598 10597)
4(10597 10598 10613 10612)
4(10612 10613 9003 9020)
4(10388 10389 10404 10403)
4(10403 10404 10419 10418)
4(10418 10419 10434 10433)
4(10433 10434 10449 10448)
4(10448 10449 10464 10463)
4(10463 10464 10479 10478)
4(10478 10479 10494 10493)
4(10493 10494 10509 10508)
4(10508 10509 10524 10523)
4(10523 10524 10539 10538)
4(10538 10539 10554 10553)
4(10553 10554 10569 10568)
4(10568 10569 10584 10583)
4(10583 10584 10599 10598)
4(10598 10599 10614 10613)
4(10613 10614 8986 9003)
4(10389 10390 10405 10404)
4(10404 10405 10420 10419)
4(10419 10420 10435 10434)
4(10434 10435 10450 10449)
4(10449 10450 10465 10464)
4(10464 10465 10480 10479)
4(10479 10480 10495 10494)
4(10494 10495 10510 10509)
4(10509 10510 10525 10524)
4(10524 10525 10540 10539)
4(10539 10540 10555 10554)
4(10554 10555 10570 10569)
4(10569 10570 10585 10584)
4(10584 10585 10600 10599)
4(10599 10600 10615 10614)
4(10614 10615 8969 8986)
4(10390 10391 10406 10405)
4(10405 10406 10421 10420)
4(10420 10421 10436 10435)
4(10435 10436 10451 10450)
4(10450 10451 10466 10465)
4(10465 10466 10481 10480)
4(10480 10481 10496 10495)
4(10495 10496 10511 10510)
4(10510 10511 10526 10525)
4(10525 10526 10541 10540)
4(10540 10541 10556 10555)
4(10555 10556 10571 10570)
4(10570 10571 10586 10585)
4(10585 10586 10601 10600)
4(10600 10601 10616 10615)
4(10615 10616 8952 8969)
4(10391 10392 10407 10406)
4(10406 10407 10422 10421)
4(10421 10422 10437 10436)
4(10436 10437 10452 10451)
4(10451 10452 10467 10466)
4(10466 10467 10482 10481)
4(10481 10482 10497 10496)
4(10496 10497 10512 10511)
4(10511 10512 10527 10526)
4(10526 10527 10542 10541)
4(10541 10542 10557 10556)
4(10556 10557 10572 10571)
4(10571 10572 10587 10586)
4(10586 10587 10602 10601)
4(10601 10602 10617 10616)
4(10616 10617 8935 8952)
4(10392 10393 10408 10407)
4(10407 10408 10423 10422)
4(10422 10423 10438 10437)
4(10437 10438 10453 10452)
4(10452 10453 10468 10467)
4(10467 10468 10483 10482)
4(10482 10483 10498 10497)
4(10497 10498 10513 10512)
4(10512 10513 10528 10527)
4(10527 10528 10543 10542)
4(10542 10543 10558 10557)
4(10557 10558 10573 10572)
4(10572 10573 10588 10587)
4(10587 10588 10603 10602)
4(10602 10603 10618 10617)
4(10617 10618 8918 8935)
4(10393 10394 10409 10408)
4(10408 10409 10424 10423)
4(10423 10424 10439 10438)
4(10438 10439 10454 10453)
4(10453 10454 10469 10468)
4(10468 10469 10484 10483)
4(10483 10484 10499 10498)
4(10498 10499 10514 10513)
4(10513 10514 10529 10528)
4(10528 10529 10544 10543)
4(10543 10544 10559 10558)
4(10558 10559 10574 10573)
4(10573 10574 10589 10588)
4(10588 10589 10604 10603)
4(10603 10604 10619 10618)
4(10618 10619 8901 8918)
4(10394 10395 10410 10409)
4(10409 10410 10425 10424)
4(10424 10425 10440 10439)
4(10439 10440 10455 10454)
4(10454 10455 10470 10469)
4(10469 10470 10485 10484)
4(10484 10485 10500 10499)
4(10499 10500 10515 10514)
4(10514 10515 10530 10529)
4(10529 10530 10545 10544)
4(10544 10545 10560 10559)
4(10559 10560 10575 10574)
4(10574 10575 10590 10589)
4(10589 10590 10605 10604)
4(10604 10605 10620 10619)
4(10619 10620 8884 8901)
4(10395 10396 10411 10410)
4(10410 10411 10426 10425)
4(10425 10426 10441 10440)
4(10440 10441 10456 10455)
4(10455 10456 10471 10470)
4(10470 10471 10486 10485)
4(10485 10486 10501 10500)
4(10500 10501 10516 10515)
4(10515 10516 10531 10530)
4(10530 10531 10546 10545)
4(10545 10546 10561 10560)
4(10560 10561 10576 10575)
4(10575 10576 10591 10590)
4(10590 10591 10606 10605)
4(10605 10606 10621 10620)
4(10620 10621 8867 8884)
4(10396 10397 10412 10411)
4(10411 10412 10427 10426)
4(10426 10427 10442 10441)
4(10441 10442 10457 10456)
4(10456 10457 10472 10471)
4(10471 10472 10487 10486)
4(10486 10487 10502 10501)
4(10501 10502 10517 10516)
4(10516 10517 10532 10531)
4(10531 10532 10547 10546)
4(10546 10547 10562 10561)
4(10561 10562 10577 10576)
4(10576 10577 10592 10591)
4(10591 10592 10607 10606)
4(10606 10607 10622 10621)
4(10621 10622 8850 8867)
4(10397 10398 10413 10412)
4(10412 10413 10428 10427)
4(10427 10428 10443 10442)
4(10442 10443 10458 10457)
4(10457 10458 10473 10472)
4(10472 10473 10488 10487)
4(10487 10488 10503 10502)
4(10502 10503 10518 10517)
4(10517 10518 10533 10532)
4(10532 10533 10548 10547)
4(10547 10548 10563 10562)
4(10562 10563 10578 10577)
4(10577 10578 10593 10592)
4(10592 10593 10608 10607)
4(10607 10608 10623 10622)
4(10622 10623 8833 8850)
4(10398 7778 7794 10413)
4(10413 7794 7810 10428)
4(10428 7810 7826 10443)
4(10443 7826 7842 10458)
4(10458 7842 7858 10473)
4(10473 7858 7874 10488)
4(10488 7874 7890 10503)
4(10503 7890 7906 10518)
4(10518 7906 7922 10533)
4(10533 7922 7938 10548)
4(10548 7938 7954 10563)
4(10563 7954 7970 10578)
4(10578 7970 7986 10593)
4(10593 7986 8002 10608)
4(10608 8002 8018 10623)
4(10623 8018 5683 8833)
)


// ************************************************************************* //
