/*--------------------------------*- C++ -*----------------------------------*\
  =========                 |
  \\      /  F ield         | OpenFOAM: The Open Source CFD Toolbox
   \\    /   O peration     | Website:  https://openfoam.org
    \\  /    A nd           | Version:  10
     \\/     M anipulation  |
\*---------------------------------------------------------------------------*/
FoamFile
{
    format      ascii;
    class       vectorField;
    location    "constant/polyMesh";
    object      points;
}
// * * * * * * * * * * * * * * * * * * * * * * * * * * * * * * * * * * * * * //


10624
(
(0.353553 0.353553 -0.5)
(0.36681125 0.36681125 -0.5)
(0.3800695 0.3800695 -0.5)
(0.39332775 0.39332775 -0.5)
(0.406586 0.406586 -0.5)
(0.41984425 0.41984425 -0.5)
(0.4331025 0.4331025 -0.5)
(0.44636075 0.44636075 -0.5)
(0.459619 0.459619 -0.5)
(0.47287725 0.47287725 -0.5)
(0.4861355 0.4861355 -0.5)
(0.49939375 0.49939375 -0.5)
(0.512652 0.512652 -0.5)
(0.52591025 0.52591025 -0.5)
(0.5391685 0.5391685 -0.5)
(0.55242675 0.55242675 -0.5)
(0.565685 0.565685 -0.5)
(0.3357792009 0.3704753006 -0.5)
(0.3483709305 0.3843681338 -0.5)
(0.3609626602 0.398260967 -0.5)
(0.3735543898 0.4121538002 -0.5)
(0.3861461195 0.4260466335 -0.5)
(0.3987378491 0.4399394667 -0.5)
(0.4113295788 0.4538322999 -0.5)
(0.4239213084 0.4677251331 -0.5)
(0.4365130381 0.4816179663 -0.5)
(0.4491047677 0.4955107996 -0.5)
(0.4616964973 0.5094036328 -0.5)
(0.474288227 0.523296466 -0.5)
(0.4868799566 0.5371892992 -0.5)
(0.4994716863 0.5510821325 -0.5)
(0.5120634159 0.5649749657 -0.5)
(0.5246551456 0.5788677989 -0.5)
(0.5372468752 0.5927606321 -0.5)
(0.3171964611 0.3865050844 -0.5)
(0.3290913355 0.4009990317 -0.5)
(0.34098621 0.415492979 -0.5)
(0.3528810844 0.4299869262 -0.5)
(0.3647759588 0.4444808735 -0.5)
(0.3766708333 0.4589748207 -0.5)
(0.3885657077 0.473468768 -0.5)
(0.4004605822 0.4879627152 -0.5)
(0.4123554566 0.5024566625 -0.5)
(0.424250331 0.5169506097 -0.5)
(0.4361452055 0.531444557 -0.5)
(0.4480400799 0.5459385042 -0.5)
(0.4599349544 0.5604324515 -0.5)
(0.4718298288 0.5749263987 -0.5)
(0.4837247033 0.589420346 -0.5)
(0.4956195777 0.6039142932 -0.5)
(0.5075144521 0.6184082405 -0.5)
(0.2978495494 0.4016037333 -0.5)
(0.3090189126 0.4166638773 -0.5)
(0.3201882758 0.4317240212 -0.5)
(0.3313576389 0.4467841651 -0.5)
(0.3425270021 0.4618443091 -0.5)
(0.3536963653 0.476904453 -0.5)
(0.3648657285 0.4919645969 -0.5)
(0.3760350917 0.5070247409 -0.5)
(0.3872044549 0.5220848848 -0.5)
(0.3983738181 0.5371450287 -0.5)
(0.4095431813 0.5522051727 -0.5)
(0.4207125445 0.5672653166 -0.5)
(0.4318819077 0.5823254605 -0.5)
(0.4430512709 0.5973856044 -0.5)
(0.4542206341 0.6124457484 -0.5)
(0.4653899973 0.6275058923 -0.5)
(0.4765593605 0.6425660362 -0.5)
(0.2777850756 0.4157348721 -0.5)
(0.2882020193 0.4313249313 -0.5)
(0.2986189631 0.4469149906 -0.5)
(0.3090359068 0.4625050498 -0.5)
(0.3194528506 0.478095109 -0.5)
(0.3298697943 0.4936851683 -0.5)
(0.3402867381 0.5092752275 -0.5)
(0.3507036818 0.5248652867 -0.5)
(0.3611206255 0.5404553459 -0.5)
(0.3715375693 0.5560454052 -0.5)
(0.381954513 0.5716354644 -0.5)
(0.3923714568 0.5872255236 -0.5)
(0.4027884005 0.6028155829 -0.5)
(0.4132053443 0.6184056421 -0.5)
(0.423622288 0.6339957013 -0.5)
(0.4340392317 0.6495857606 -0.5)
(0.4444561755 0.6651758198 -0.5)
(0.2570513784 0.4288644566 -0.5)
(0.2666908071 0.4449468731 -0.5)
(0.2763302359 0.4610292896 -0.5)
(0.2859696646 0.4771117061 -0.5)
(0.2956090934 0.4931941227 -0.5)
(0.3052485221 0.5092765392 -0.5)
(0.3148879509 0.5253589557 -0.5)
(0.3245273796 0.5414413722 -0.5)
(0.3341668084 0.5575237887 -0.5)
(0.3438062372 0.5736062052 -0.5)
(0.3534456659 0.5896886218 -0.5)
(0.3630850947 0.6057710383 -0.5)
(0.3727245234 0.6218534548 -0.5)
(0.3823639522 0.6379358713 -0.5)
(0.3920033809 0.6540182878 -0.5)
(0.4016428097 0.6701007043 -0.5)
(0.4112822384 0.6861831208 -0.5)
(0.2356984084 0.4409608555 -0.5)
(0.2445370998 0.4574968851 -0.5)
(0.2533757911 0.4740329148 -0.5)
(0.2622144825 0.4905689444 -0.5)
(0.2710531739 0.5071049741 -0.5)
(0.2798918652 0.5236410037 -0.5)
(0.2887305566 0.5401770334 -0.5)
(0.2975692479 0.556713063 -0.5)
(0.3064079393 0.5732490927 -0.5)
(0.3152466307 0.5897851223 -0.5)
(0.324085322 0.6063211519 -0.5)
(0.3329240134 0.6228571816 -0.5)
(0.3417627047 0.6393932112 -0.5)
(0.3506013961 0.6559292409 -0.5)
(0.3594400874 0.6724652705 -0.5)
(0.3682787788 0.6890013002 -0.5)
(0.3771174702 0.7055373298 -0.5)
(0.2137776086 0.4519949266 -0.5)
(0.2217942692 0.4689447324 -0.5)
(0.2298109298 0.4858945383 -0.5)
(0.2378275905 0.5028443441 -0.5)
(0.2458442511 0.5197941499 -0.5)
(0.2538609117 0.5367439557 -0.5)
(0.2618775723 0.5536937615 -0.5)
(0.2698942329 0.5706435673 -0.5)
(0.2779108936 0.5875933731 -0.5)
(0.2859275542 0.6045431789 -0.5)
(0.2939442148 0.6214929847 -0.5)
(0.3019608754 0.6384427905 -0.5)
(0.309977536 0.6553925963 -0.5)
(0.3179941966 0.6723424022 -0.5)
(0.3260108573 0.689292208 -0.5)
(0.3340275179 0.7062420138 -0.5)
(0.3420441785 0.7231918196 -0.5)
(0.1913417896 0.4619400871 -0.5)
(0.1985171065 0.4792628353 -0.5)
(0.2056924234 0.4965855835 -0.5)
(0.2128677403 0.5139083317 -0.5)
(0.2200430573 0.5312310798 -0.5)
(0.2272183742 0.548553828 -0.5)
(0.2343936911 0.5658765762 -0.5)
(0.241569008 0.5831993244 -0.5)
(0.2487443249 0.6005220725 -0.5)
(0.2559196418 0.6178448207 -0.5)
(0.2630949587 0.6351675689 -0.5)
(0.2702702756 0.6524903171 -0.5)
(0.2774455925 0.6698130652 -0.5)
(0.2846209094 0.6871358134 -0.5)
(0.2917962263 0.7044585616 -0.5)
(0.2989715432 0.7217813098 -0.5)
(0.3061468601 0.7391040579 -0.5)
(0.168445003 0.4707723775 -0.5)
(0.1747616901 0.4884263358 -0.5)
(0.1810783772 0.5060802941 -0.5)
(0.1873950644 0.5237342524 -0.5)
(0.1937117515 0.5413882106 -0.5)
(0.2000284386 0.5590421689 -0.5)
(0.2063451257 0.5766961272 -0.5)
(0.2126618128 0.5943500855 -0.5)
(0.2189784999 0.6120040438 -0.5)
(0.225295187 0.629658002 -0.5)
(0.2316118742 0.6473119603 -0.5)
(0.2379285613 0.6649659186 -0.5)
(0.2442452484 0.6826198769 -0.5)
(0.2505619355 0.7002738352 -0.5)
(0.2568786226 0.7179277934 -0.5)
(0.2631953097 0.7355817517 -0.5)
(0.2695119968 0.75323571 -0.5)
(0.1451424108 0.4784705193 -0.5)
(0.1505852506 0.4964131575 -0.5)
(0.1560280904 0.5143557957 -0.5)
(0.1614709302 0.5322984339 -0.5)
(0.16691377 0.5502410721 -0.5)
(0.1723566097 0.5681837103 -0.5)
(0.1777994495 0.5861263485 -0.5)
(0.1832422893 0.6040689867 -0.5)
(0.1886851291 0.6220116249 -0.5)
(0.1941279689 0.6399542631 -0.5)
(0.1995708087 0.6578969013 -0.5)
(0.2050136484 0.6758395395 -0.5)
(0.2104564882 0.6937821777 -0.5)
(0.215899328 0.7117248159 -0.5)
(0.2213421678 0.7296674541 -0.5)
(0.2267850076 0.7476100923 -0.5)
(0.2322278474 0.7655527305 -0.5)
(0.1214901528 0.4850159666 -0.5)
(0.1260460329 0.503204059 -0.5)
(0.130601913 0.5213921515 -0.5)
(0.1351577931 0.539580244 -0.5)
(0.1397136732 0.5577683365 -0.5)
(0.1442695533 0.5759564289 -0.5)
(0.1488254335 0.5941445214 -0.5)
(0.1533813136 0.6123326139 -0.5)
(0.1579371937 0.6305207063 -0.5)
(0.1624930738 0.6487087988 -0.5)
(0.1670489539 0.6668968913 -0.5)
(0.171604834 0.6850849838 -0.5)
(0.1761607142 0.7032730762 -0.5)
(0.1807165943 0.7214611687 -0.5)
(0.1852724744 0.7396492612 -0.5)
(0.1898283545 0.7578373536 -0.5)
(0.1943842346 0.7760254461 -0.5)
(0.09754521095 0.4903929501 -0.5)
(0.1012031558 0.5087826799 -0.5)
(0.1048611007 0.5271724097 -0.5)
(0.1085190456 0.5455621394 -0.5)
(0.1121769905 0.5639518692 -0.5)
(0.1158349354 0.582341599 -0.5)
(0.1194928803 0.6007313287 -0.5)
(0.1231508252 0.6191210585 -0.5)
(0.1268087701 0.6375107883 -0.5)
(0.130466715 0.655900518 -0.5)
(0.1341246599 0.6742902478 -0.5)
(0.1377826048 0.6926799776 -0.5)
(0.1414405497 0.7110697073 -0.5)
(0.1450984946 0.7294594371 -0.5)
(0.1487564395 0.7478491669 -0.5)
(0.1524143844 0.7662388966 -0.5)
(0.1560723293 0.7846286264 -0.5)
(0.07336527262 0.494588516 -0.5)
(0.07611646999 0.5131355803 -0.5)
(0.07886766735 0.5316826447 -0.5)
(0.08161886472 0.550229709 -0.5)
(0.08437006208 0.5687767733 -0.5)
(0.08712125945 0.5873238376 -0.5)
(0.08987245682 0.6058709019 -0.5)
(0.09262365418 0.6244179662 -0.5)
(0.09537485155 0.6429650306 -0.5)
(0.09812604891 0.6615120949 -0.5)
(0.1008772463 0.6800591592 -0.5)
(0.1036284436 0.6986062235 -0.5)
(0.106379641 0.7171532878 -0.5)
(0.1091308384 0.7357003521 -0.5)
(0.1118820357 0.7542474165 -0.5)
(0.1146332331 0.7727944808 -0.5)
(0.1173844305 0.7913415451 -0.5)
(0.04900859116 0.4975925564 -0.5)
(0.05084641313 0.5162522735 -0.5)
(0.05268423511 0.5349119906 -0.5)
(0.05452205708 0.5535717077 -0.5)
(0.05635987906 0.5722314248 -0.5)
(0.05819770103 0.5908911419 -0.5)
(0.06003552301 0.609550859 -0.5)
(0.06187334498 0.628210576 -0.5)
(0.06371116696 0.6468702931 -0.5)
(0.06554898893 0.6655300102 -0.5)
(0.06738681091 0.6841897273 -0.5)
(0.06922463288 0.7028494444 -0.5)
(0.07106245485 0.7215091615 -0.5)
(0.07290027683 0.7401688785 -0.5)
(0.0747380988 0.7588285956 -0.5)
(0.07657592078 0.7774883127 -0.5)
(0.07841374275 0.7961480298 -0.5)
(0.02453384574 0.4993978342 -0.5)
(0.0254538649 0.5181252508 -0.5)
(0.02637388405 0.5368526675 -0.5)
(0.02729390321 0.5555800842 -0.5)
(0.02821392236 0.5743075009 -0.5)
(0.02913394152 0.5930349176 -0.5)
(0.03005396067 0.6117623342 -0.5)
(0.03097397983 0.6304897509 -0.5)
(0.03189399898 0.6492171676 -0.5)
(0.03281401814 0.6679445843 -0.5)
(0.03373403729 0.686672001 -0.5)
(0.03465405645 0.7053994176 -0.5)
(0.0355740756 0.7241268343 -0.5)
(0.03649409476 0.742854251 -0.5)
(0.03741411391 0.7615816677 -0.5)
(0.03833413307 0.7803090843 -0.5)
(0.03925415222 0.799036501 -0.5)
(0 0.5 -0.5)
(-3.469446952e-18 0.51875 -0.5)
(-6.938893904e-18 0.5375 -0.5)
(-1.040834086e-17 0.55625 -0.5)
(-1.387778781e-17 0.575 -0.5)
(-1.734723476e-17 0.59375 -0.5)
(-2.081668171e-17 0.6125 -0.5)
(-2.428612866e-17 0.63125 -0.5)
(-2.775557562e-17 0.65 -0.5)
(-3.122502257e-17 0.66875 -0.5)
(-3.469446952e-17 0.6875 -0.5)
(-3.816391647e-17 0.70625 -0.5)
(-4.163336342e-17 0.725 -0.5)
(-4.510281038e-17 0.74375 -0.5)
(-4.857225733e-17 0.7625 -0.5)
(-5.204170428e-17 0.78125 -0.5)
(0 0.8 -0.5)
(0.353553 0.353553 0.5)
(0.36681125 0.36681125 0.5)
(0.3800695 0.3800695 0.5)
(0.39332775 0.39332775 0.5)
(0.406586 0.406586 0.5)
(0.41984425 0.41984425 0.5)
(0.4331025 0.4331025 0.5)
(0.44636075 0.44636075 0.5)
(0.459619 0.459619 0.5)
(0.47287725 0.47287725 0.5)
(0.4861355 0.4861355 0.5)
(0.49939375 0.49939375 0.5)
(0.512652 0.512652 0.5)
(0.52591025 0.52591025 0.5)
(0.5391685 0.5391685 0.5)
(0.55242675 0.55242675 0.5)
(0.565685 0.565685 0.5)
(0.3357792009 0.3704753006 0.5)
(0.3483709305 0.3843681338 0.5)
(0.3609626602 0.398260967 0.5)
(0.3735543898 0.4121538002 0.5)
(0.3861461195 0.4260466335 0.5)
(0.3987378491 0.4399394667 0.5)
(0.4113295788 0.4538322999 0.5)
(0.4239213084 0.4677251331 0.5)
(0.4365130381 0.4816179663 0.5)
(0.4491047677 0.4955107996 0.5)
(0.4616964973 0.5094036328 0.5)
(0.474288227 0.523296466 0.5)
(0.4868799566 0.5371892992 0.5)
(0.4994716863 0.5510821325 0.5)
(0.5120634159 0.5649749657 0.5)
(0.5246551456 0.5788677989 0.5)
(0.5372468752 0.5927606321 0.5)
(0.3171964611 0.3865050844 0.5)
(0.3290913355 0.4009990317 0.5)
(0.34098621 0.415492979 0.5)
(0.3528810844 0.4299869262 0.5)
(0.3647759588 0.4444808735 0.5)
(0.3766708333 0.4589748207 0.5)
(0.3885657077 0.473468768 0.5)
(0.4004605822 0.4879627152 0.5)
(0.4123554566 0.5024566625 0.5)
(0.424250331 0.5169506097 0.5)
(0.4361452055 0.531444557 0.5)
(0.4480400799 0.5459385042 0.5)
(0.4599349544 0.5604324515 0.5)
(0.4718298288 0.5749263987 0.5)
(0.4837247033 0.589420346 0.5)
(0.4956195777 0.6039142932 0.5)
(0.5075144521 0.6184082405 0.5)
(0.2978495494 0.4016037333 0.5)
(0.3090189126 0.4166638773 0.5)
(0.3201882758 0.4317240212 0.5)
(0.3313576389 0.4467841651 0.5)
(0.3425270021 0.4618443091 0.5)
(0.3536963653 0.476904453 0.5)
(0.3648657285 0.4919645969 0.5)
(0.3760350917 0.5070247409 0.5)
(0.3872044549 0.5220848848 0.5)
(0.3983738181 0.5371450287 0.5)
(0.4095431813 0.5522051727 0.5)
(0.4207125445 0.5672653166 0.5)
(0.4318819077 0.5823254605 0.5)
(0.4430512709 0.5973856044 0.5)
(0.4542206341 0.6124457484 0.5)
(0.4653899973 0.6275058923 0.5)
(0.4765593605 0.6425660362 0.5)
(0.2777850756 0.4157348721 0.5)
(0.2882020193 0.4313249313 0.5)
(0.2986189631 0.4469149906 0.5)
(0.3090359068 0.4625050498 0.5)
(0.3194528506 0.478095109 0.5)
(0.3298697943 0.4936851683 0.5)
(0.3402867381 0.5092752275 0.5)
(0.3507036818 0.5248652867 0.5)
(0.3611206255 0.5404553459 0.5)
(0.3715375693 0.5560454052 0.5)
(0.381954513 0.5716354644 0.5)
(0.3923714568 0.5872255236 0.5)
(0.4027884005 0.6028155829 0.5)
(0.4132053443 0.6184056421 0.5)
(0.423622288 0.6339957013 0.5)
(0.4340392317 0.6495857606 0.5)
(0.4444561755 0.6651758198 0.5)
(0.2570513784 0.4288644566 0.5)
(0.2666908071 0.4449468731 0.5)
(0.2763302359 0.4610292896 0.5)
(0.2859696646 0.4771117061 0.5)
(0.2956090934 0.4931941227 0.5)
(0.3052485221 0.5092765392 0.5)
(0.3148879509 0.5253589557 0.5)
(0.3245273796 0.5414413722 0.5)
(0.3341668084 0.5575237887 0.5)
(0.3438062372 0.5736062052 0.5)
(0.3534456659 0.5896886218 0.5)
(0.3630850947 0.6057710383 0.5)
(0.3727245234 0.6218534548 0.5)
(0.3823639522 0.6379358713 0.5)
(0.3920033809 0.6540182878 0.5)
(0.4016428097 0.6701007043 0.5)
(0.4112822384 0.6861831208 0.5)
(0.2356984084 0.4409608555 0.5)
(0.2445370998 0.4574968851 0.5)
(0.2533757911 0.4740329148 0.5)
(0.2622144825 0.4905689444 0.5)
(0.2710531739 0.5071049741 0.5)
(0.2798918652 0.5236410037 0.5)
(0.2887305566 0.5401770334 0.5)
(0.2975692479 0.556713063 0.5)
(0.3064079393 0.5732490927 0.5)
(0.3152466307 0.5897851223 0.5)
(0.324085322 0.6063211519 0.5)
(0.3329240134 0.6228571816 0.5)
(0.3417627047 0.6393932112 0.5)
(0.3506013961 0.6559292409 0.5)
(0.3594400874 0.6724652705 0.5)
(0.3682787788 0.6890013002 0.5)
(0.3771174702 0.7055373298 0.5)
(0.2137776086 0.4519949266 0.5)
(0.2217942692 0.4689447324 0.5)
(0.2298109298 0.4858945383 0.5)
(0.2378275905 0.5028443441 0.5)
(0.2458442511 0.5197941499 0.5)
(0.2538609117 0.5367439557 0.5)
(0.2618775723 0.5536937615 0.5)
(0.2698942329 0.5706435673 0.5)
(0.2779108936 0.5875933731 0.5)
(0.2859275542 0.6045431789 0.5)
(0.2939442148 0.6214929847 0.5)
(0.3019608754 0.6384427905 0.5)
(0.309977536 0.6553925963 0.5)
(0.3179941966 0.6723424022 0.5)
(0.3260108573 0.689292208 0.5)
(0.3340275179 0.7062420138 0.5)
(0.3420441785 0.7231918196 0.5)
(0.1913417896 0.4619400871 0.5)
(0.1985171065 0.4792628353 0.5)
(0.2056924234 0.4965855835 0.5)
(0.2128677403 0.5139083317 0.5)
(0.2200430573 0.5312310798 0.5)
(0.2272183742 0.548553828 0.5)
(0.2343936911 0.5658765762 0.5)
(0.241569008 0.5831993244 0.5)
(0.2487443249 0.6005220725 0.5)
(0.2559196418 0.6178448207 0.5)
(0.2630949587 0.6351675689 0.5)
(0.2702702756 0.6524903171 0.5)
(0.2774455925 0.6698130652 0.5)
(0.2846209094 0.6871358134 0.5)
(0.2917962263 0.7044585616 0.5)
(0.2989715432 0.7217813098 0.5)
(0.3061468601 0.7391040579 0.5)
(0.168445003 0.4707723775 0.5)
(0.1747616901 0.4884263358 0.5)
(0.1810783772 0.5060802941 0.5)
(0.1873950644 0.5237342524 0.5)
(0.1937117515 0.5413882106 0.5)
(0.2000284386 0.5590421689 0.5)
(0.2063451257 0.5766961272 0.5)
(0.2126618128 0.5943500855 0.5)
(0.2189784999 0.6120040438 0.5)
(0.225295187 0.629658002 0.5)
(0.2316118742 0.6473119603 0.5)
(0.2379285613 0.6649659186 0.5)
(0.2442452484 0.6826198769 0.5)
(0.2505619355 0.7002738352 0.5)
(0.2568786226 0.7179277934 0.5)
(0.2631953097 0.7355817517 0.5)
(0.2695119968 0.75323571 0.5)
(0.1451424108 0.4784705193 0.5)
(0.1505852506 0.4964131575 0.5)
(0.1560280904 0.5143557957 0.5)
(0.1614709302 0.5322984339 0.5)
(0.16691377 0.5502410721 0.5)
(0.1723566097 0.5681837103 0.5)
(0.1777994495 0.5861263485 0.5)
(0.1832422893 0.6040689867 0.5)
(0.1886851291 0.6220116249 0.5)
(0.1941279689 0.6399542631 0.5)
(0.1995708087 0.6578969013 0.5)
(0.2050136484 0.6758395395 0.5)
(0.2104564882 0.6937821777 0.5)
(0.215899328 0.7117248159 0.5)
(0.2213421678 0.7296674541 0.5)
(0.2267850076 0.7476100923 0.5)
(0.2322278474 0.7655527305 0.5)
(0.1214901528 0.4850159666 0.5)
(0.1260460329 0.503204059 0.5)
(0.130601913 0.5213921515 0.5)
(0.1351577931 0.539580244 0.5)
(0.1397136732 0.5577683365 0.5)
(0.1442695533 0.5759564289 0.5)
(0.1488254335 0.5941445214 0.5)
(0.1533813136 0.6123326139 0.5)
(0.1579371937 0.6305207063 0.5)
(0.1624930738 0.6487087988 0.5)
(0.1670489539 0.6668968913 0.5)
(0.171604834 0.6850849838 0.5)
(0.1761607142 0.7032730762 0.5)
(0.1807165943 0.7214611687 0.5)
(0.1852724744 0.7396492612 0.5)
(0.1898283545 0.7578373536 0.5)
(0.1943842346 0.7760254461 0.5)
(0.09754521095 0.4903929501 0.5)
(0.1012031558 0.5087826799 0.5)
(0.1048611007 0.5271724097 0.5)
(0.1085190456 0.5455621394 0.5)
(0.1121769905 0.5639518692 0.5)
(0.1158349354 0.582341599 0.5)
(0.1194928803 0.6007313287 0.5)
(0.1231508252 0.6191210585 0.5)
(0.1268087701 0.6375107883 0.5)
(0.130466715 0.655900518 0.5)
(0.1341246599 0.6742902478 0.5)
(0.1377826048 0.6926799776 0.5)
(0.1414405497 0.7110697073 0.5)
(0.1450984946 0.7294594371 0.5)
(0.1487564395 0.7478491669 0.5)
(0.1524143844 0.7662388966 0.5)
(0.1560723293 0.7846286264 0.5)
(0.07336527262 0.494588516 0.5)
(0.07611646999 0.5131355803 0.5)
(0.07886766735 0.5316826447 0.5)
(0.08161886472 0.550229709 0.5)
(0.08437006208 0.5687767733 0.5)
(0.08712125945 0.5873238376 0.5)
(0.08987245682 0.6058709019 0.5)
(0.09262365418 0.6244179662 0.5)
(0.09537485155 0.6429650306 0.5)
(0.09812604891 0.6615120949 0.5)
(0.1008772463 0.6800591592 0.5)
(0.1036284436 0.6986062235 0.5)
(0.106379641 0.7171532878 0.5)
(0.1091308384 0.7357003521 0.5)
(0.1118820357 0.7542474165 0.5)
(0.1146332331 0.7727944808 0.5)
(0.1173844305 0.7913415451 0.5)
(0.04900859116 0.4975925564 0.5)
(0.05084641313 0.5162522735 0.5)
(0.05268423511 0.5349119906 0.5)
(0.05452205708 0.5535717077 0.5)
(0.05635987906 0.5722314248 0.5)
(0.05819770103 0.5908911419 0.5)
(0.06003552301 0.609550859 0.5)
(0.06187334498 0.628210576 0.5)
(0.06371116696 0.6468702931 0.5)
(0.06554898893 0.6655300102 0.5)
(0.06738681091 0.6841897273 0.5)
(0.06922463288 0.7028494444 0.5)
(0.07106245485 0.7215091615 0.5)
(0.07290027683 0.7401688785 0.5)
(0.0747380988 0.7588285956 0.5)
(0.07657592078 0.7774883127 0.5)
(0.07841374275 0.7961480298 0.5)
(0.02453384574 0.4993978342 0.5)
(0.0254538649 0.5181252508 0.5)
(0.02637388405 0.5368526675 0.5)
(0.02729390321 0.5555800842 0.5)
(0.02821392236 0.5743075009 0.5)
(0.02913394152 0.5930349176 0.5)
(0.03005396067 0.6117623342 0.5)
(0.03097397983 0.6304897509 0.5)
(0.03189399898 0.6492171676 0.5)
(0.03281401814 0.6679445843 0.5)
(0.03373403729 0.686672001 0.5)
(0.03465405645 0.7053994176 0.5)
(0.0355740756 0.7241268343 0.5)
(0.03649409476 0.742854251 0.5)
(0.03741411391 0.7615816677 0.5)
(0.03833413307 0.7803090843 0.5)
(0.03925415222 0.799036501 0.5)
(0 0.5 0.5)
(-3.469446952e-18 0.51875 0.5)
(-6.938893904e-18 0.5375 0.5)
(-1.040834086e-17 0.55625 0.5)
(-1.387778781e-17 0.575 0.5)
(-1.734723476e-17 0.59375 0.5)
(-2.081668171e-17 0.6125 0.5)
(-2.428612866e-17 0.63125 0.5)
(-2.775557562e-17 0.65 0.5)
(-3.122502257e-17 0.66875 0.5)
(-3.469446952e-17 0.6875 0.5)
(-3.816391647e-17 0.70625 0.5)
(-4.163336342e-17 0.725 0.5)
(-4.510281038e-17 0.74375 0.5)
(-4.857225733e-17 0.7625 0.5)
(-5.204170428e-17 0.78125 0.5)
(0 0.8 0.5)
(0.5 0 -0.5)
(0.51875 0 -0.5)
(0.5375 0 -0.5)
(0.55625 0 -0.5)
(0.575 0 -0.5)
(0.59375 0 -0.5)
(0.6125 0 -0.5)
(0.63125 0 -0.5)
(0.65 0 -0.5)
(0.66875 0 -0.5)
(0.6875 0 -0.5)
(0.70625 0 -0.5)
(0.725 0 -0.5)
(0.74375 0 -0.5)
(0.7625 0 -0.5)
(0.78125 0 -0.5)
(0.8 0 -0.5)
(0.4993978342 0.02453384574 -0.5)
(0.5181252508 0.0254538649 -0.5)
(0.5368526675 0.02637388405 -0.5)
(0.5555800842 0.02729390321 -0.5)
(0.5743075009 0.02821392236 -0.5)
(0.5930349176 0.02913394152 -0.5)
(0.6117623342 0.03005396067 -0.5)
(0.6304897509 0.03097397983 -0.5)
(0.6492171676 0.03189399898 -0.5)
(0.6679445843 0.03281401814 -0.5)
(0.686672001 0.03373403729 -0.5)
(0.7053994176 0.03465405645 -0.5)
(0.7241268343 0.0355740756 -0.5)
(0.742854251 0.03649409476 -0.5)
(0.7615816677 0.03741411391 -0.5)
(0.7803090843 0.03833413307 -0.5)
(0.799036501 0.03925415222 -0.5)
(0.4975925564 0.04900859116 -0.5)
(0.5162522735 0.05084641313 -0.5)
(0.5349119906 0.05268423511 -0.5)
(0.5535717077 0.05452205708 -0.5)
(0.5722314248 0.05635987906 -0.5)
(0.5908911419 0.05819770103 -0.5)
(0.609550859 0.06003552301 -0.5)
(0.628210576 0.06187334498 -0.5)
(0.6468702931 0.06371116696 -0.5)
(0.6655300102 0.06554898893 -0.5)
(0.6841897273 0.06738681091 -0.5)
(0.7028494444 0.06922463288 -0.5)
(0.7215091615 0.07106245485 -0.5)
(0.7401688785 0.07290027683 -0.5)
(0.7588285956 0.0747380988 -0.5)
(0.7774883127 0.07657592078 -0.5)
(0.7961480298 0.07841374275 -0.5)
(0.494588516 0.07336527262 -0.5)
(0.5131355803 0.07611646999 -0.5)
(0.5316826447 0.07886766735 -0.5)
(0.550229709 0.08161886472 -0.5)
(0.5687767733 0.08437006208 -0.5)
(0.5873238376 0.08712125945 -0.5)
(0.6058709019 0.08987245682 -0.5)
(0.6244179662 0.09262365418 -0.5)
(0.6429650306 0.09537485155 -0.5)
(0.6615120949 0.09812604891 -0.5)
(0.6800591592 0.1008772463 -0.5)
(0.6986062235 0.1036284436 -0.5)
(0.7171532878 0.106379641 -0.5)
(0.7357003521 0.1091308384 -0.5)
(0.7542474165 0.1118820357 -0.5)
(0.7727944808 0.1146332331 -0.5)
(0.7913415451 0.1173844305 -0.5)
(0.4903929501 0.09754521095 -0.5)
(0.5087826799 0.1012031558 -0.5)
(0.5271724097 0.1048611007 -0.5)
(0.5455621394 0.1085190456 -0.5)
(0.5639518692 0.1121769905 -0.5)
(0.582341599 0.1158349354 -0.5)
(0.6007313287 0.1194928803 -0.5)
(0.6191210585 0.1231508252 -0.5)
(0.6375107883 0.1268087701 -0.5)
(0.655900518 0.130466715 -0.5)
(0.6742902478 0.1341246599 -0.5)
(0.6926799776 0.1377826048 -0.5)
(0.7110697073 0.1414405497 -0.5)
(0.7294594371 0.1450984946 -0.5)
(0.7478491669 0.1487564395 -0.5)
(0.7662388966 0.1524143844 -0.5)
(0.7846286264 0.1560723293 -0.5)
(0.4850159666 0.1214901528 -0.5)
(0.503204059 0.1260460329 -0.5)
(0.5213921515 0.130601913 -0.5)
(0.539580244 0.1351577931 -0.5)
(0.5577683365 0.1397136732 -0.5)
(0.5759564289 0.1442695533 -0.5)
(0.5941445214 0.1488254335 -0.5)
(0.6123326139 0.1533813136 -0.5)
(0.6305207063 0.1579371937 -0.5)
(0.6487087988 0.1624930738 -0.5)
(0.6668968913 0.1670489539 -0.5)
(0.6850849838 0.171604834 -0.5)
(0.7032730762 0.1761607142 -0.5)
(0.7214611687 0.1807165943 -0.5)
(0.7396492612 0.1852724744 -0.5)
(0.7578373536 0.1898283545 -0.5)
(0.7760254461 0.1943842346 -0.5)
(0.4784705193 0.1451424108 -0.5)
(0.4964131575 0.1505852506 -0.5)
(0.5143557957 0.1560280904 -0.5)
(0.5322984339 0.1614709302 -0.5)
(0.5502410721 0.16691377 -0.5)
(0.5681837103 0.1723566097 -0.5)
(0.5861263485 0.1777994495 -0.5)
(0.6040689867 0.1832422893 -0.5)
(0.6220116249 0.1886851291 -0.5)
(0.6399542631 0.1941279689 -0.5)
(0.6578969013 0.1995708087 -0.5)
(0.6758395395 0.2050136484 -0.5)
(0.6937821777 0.2104564882 -0.5)
(0.7117248159 0.215899328 -0.5)
(0.7296674541 0.2213421678 -0.5)
(0.7476100923 0.2267850076 -0.5)
(0.7655527305 0.2322278474 -0.5)
(0.4707723775 0.168445003 -0.5)
(0.4884263358 0.1747616901 -0.5)
(0.5060802941 0.1810783772 -0.5)
(0.5237342524 0.1873950644 -0.5)
(0.5413882106 0.1937117515 -0.5)
(0.5590421689 0.2000284386 -0.5)
(0.5766961272 0.2063451257 -0.5)
(0.5943500855 0.2126618128 -0.5)
(0.6120040438 0.2189784999 -0.5)
(0.629658002 0.225295187 -0.5)
(0.6473119603 0.2316118742 -0.5)
(0.6649659186 0.2379285613 -0.5)
(0.6826198769 0.2442452484 -0.5)
(0.7002738352 0.2505619355 -0.5)
(0.7179277934 0.2568786226 -0.5)
(0.7355817517 0.2631953097 -0.5)
(0.75323571 0.2695119968 -0.5)
(0.4619400871 0.1913417896 -0.5)
(0.4792628353 0.1985171065 -0.5)
(0.4965855835 0.2056924234 -0.5)
(0.5139083317 0.2128677403 -0.5)
(0.5312310798 0.2200430573 -0.5)
(0.548553828 0.2272183742 -0.5)
(0.5658765762 0.2343936911 -0.5)
(0.5831993244 0.241569008 -0.5)
(0.6005220725 0.2487443249 -0.5)
(0.6178448207 0.2559196418 -0.5)
(0.6351675689 0.2630949587 -0.5)
(0.6524903171 0.2702702756 -0.5)
(0.6698130652 0.2774455925 -0.5)
(0.6871358134 0.2846209094 -0.5)
(0.7044585616 0.2917962263 -0.5)
(0.7217813098 0.2989715432 -0.5)
(0.7391040579 0.3061468601 -0.5)
(0.4519949266 0.2137776086 -0.5)
(0.4689447324 0.2217942692 -0.5)
(0.4858945383 0.2298109298 -0.5)
(0.5028443441 0.2378275905 -0.5)
(0.5197941499 0.2458442511 -0.5)
(0.5367439557 0.2538609117 -0.5)
(0.5536937615 0.2618775723 -0.5)
(0.5706435673 0.2698942329 -0.5)
(0.5875933731 0.2779108936 -0.5)
(0.6045431789 0.2859275542 -0.5)
(0.6214929847 0.2939442148 -0.5)
(0.6384427905 0.3019608754 -0.5)
(0.6553925963 0.309977536 -0.5)
(0.6723424022 0.3179941966 -0.5)
(0.689292208 0.3260108573 -0.5)
(0.7062420138 0.3340275179 -0.5)
(0.7231918196 0.3420441785 -0.5)
(0.4409608555 0.2356984084 -0.5)
(0.4574968851 0.2445370998 -0.5)
(0.4740329148 0.2533757911 -0.5)
(0.4905689444 0.2622144825 -0.5)
(0.5071049741 0.2710531739 -0.5)
(0.5236410037 0.2798918652 -0.5)
(0.5401770334 0.2887305566 -0.5)
(0.556713063 0.2975692479 -0.5)
(0.5732490927 0.3064079393 -0.5)
(0.5897851223 0.3152466307 -0.5)
(0.6063211519 0.324085322 -0.5)
(0.6228571816 0.3329240134 -0.5)
(0.6393932112 0.3417627047 -0.5)
(0.6559292409 0.3506013961 -0.5)
(0.6724652705 0.3594400874 -0.5)
(0.6890013002 0.3682787788 -0.5)
(0.7055373298 0.3771174702 -0.5)
(0.4288644566 0.2570513784 -0.5)
(0.4449468731 0.2666908071 -0.5)
(0.4610292896 0.2763302359 -0.5)
(0.4771117061 0.2859696646 -0.5)
(0.4931941227 0.2956090934 -0.5)
(0.5092765392 0.3052485221 -0.5)
(0.5253589557 0.3148879509 -0.5)
(0.5414413722 0.3245273796 -0.5)
(0.5575237887 0.3341668084 -0.5)
(0.5736062052 0.3438062372 -0.5)
(0.5896886218 0.3534456659 -0.5)
(0.6057710383 0.3630850947 -0.5)
(0.6218534548 0.3727245234 -0.5)
(0.6379358713 0.3823639522 -0.5)
(0.6540182878 0.3920033809 -0.5)
(0.6701007043 0.4016428097 -0.5)
(0.6861831208 0.4112822384 -0.5)
(0.4157348721 0.2777850756 -0.5)
(0.4313249313 0.2882020193 -0.5)
(0.4469149906 0.2986189631 -0.5)
(0.4625050498 0.3090359068 -0.5)
(0.478095109 0.3194528506 -0.5)
(0.4936851683 0.3298697943 -0.5)
(0.5092752275 0.3402867381 -0.5)
(0.5248652867 0.3507036818 -0.5)
(0.5404553459 0.3611206255 -0.5)
(0.5560454052 0.3715375693 -0.5)
(0.5716354644 0.381954513 -0.5)
(0.5872255236 0.3923714568 -0.5)
(0.6028155829 0.4027884005 -0.5)
(0.6184056421 0.4132053443 -0.5)
(0.6339957013 0.423622288 -0.5)
(0.6495857606 0.4340392317 -0.5)
(0.6651758198 0.4444561755 -0.5)
(0.4016037333 0.2978495494 -0.5)
(0.4166638773 0.3090189126 -0.5)
(0.4317240212 0.3201882758 -0.5)
(0.4467841651 0.3313576389 -0.5)
(0.4618443091 0.3425270021 -0.5)
(0.476904453 0.3536963653 -0.5)
(0.4919645969 0.3648657285 -0.5)
(0.5070247409 0.3760350917 -0.5)
(0.5220848848 0.3872044549 -0.5)
(0.5371450287 0.3983738181 -0.5)
(0.5522051727 0.4095431813 -0.5)
(0.5672653166 0.4207125445 -0.5)
(0.5823254605 0.4318819077 -0.5)
(0.5973856044 0.4430512709 -0.5)
(0.6124457484 0.4542206341 -0.5)
(0.6275058923 0.4653899973 -0.5)
(0.6425660362 0.4765593605 -0.5)
(0.3865050844 0.3171964611 -0.5)
(0.4009990317 0.3290913355 -0.5)
(0.415492979 0.34098621 -0.5)
(0.4299869262 0.3528810844 -0.5)
(0.4444808735 0.3647759588 -0.5)
(0.4589748207 0.3766708333 -0.5)
(0.473468768 0.3885657077 -0.5)
(0.4879627152 0.4004605822 -0.5)
(0.5024566625 0.4123554566 -0.5)
(0.5169506097 0.424250331 -0.5)
(0.531444557 0.4361452055 -0.5)
(0.5459385042 0.4480400799 -0.5)
(0.5604324515 0.4599349544 -0.5)
(0.5749263987 0.4718298288 -0.5)
(0.589420346 0.4837247033 -0.5)
(0.6039142932 0.4956195777 -0.5)
(0.6184082405 0.5075144521 -0.5)
(0.3704753006 0.3357792009 -0.5)
(0.3843681338 0.3483709305 -0.5)
(0.398260967 0.3609626602 -0.5)
(0.4121538002 0.3735543898 -0.5)
(0.4260466335 0.3861461195 -0.5)
(0.4399394667 0.3987378491 -0.5)
(0.4538322999 0.4113295788 -0.5)
(0.4677251331 0.4239213084 -0.5)
(0.4816179663 0.4365130381 -0.5)
(0.4955107996 0.4491047677 -0.5)
(0.5094036328 0.4616964973 -0.5)
(0.523296466 0.474288227 -0.5)
(0.5371892992 0.4868799566 -0.5)
(0.5510821325 0.4994716863 -0.5)
(0.5649749657 0.5120634159 -0.5)
(0.5788677989 0.5246551456 -0.5)
(0.5927606321 0.5372468752 -0.5)
(0.5 0 0.5)
(0.51875 0 0.5)
(0.5375 0 0.5)
(0.55625 0 0.5)
(0.575 0 0.5)
(0.59375 0 0.5)
(0.6125 0 0.5)
(0.63125 0 0.5)
(0.65 0 0.5)
(0.66875 0 0.5)
(0.6875 0 0.5)
(0.70625 0 0.5)
(0.725 0 0.5)
(0.74375 0 0.5)
(0.7625 0 0.5)
(0.78125 0 0.5)
(0.8 0 0.5)
(0.4993978342 0.02453384574 0.5)
(0.5181252508 0.0254538649 0.5)
(0.5368526675 0.02637388405 0.5)
(0.5555800842 0.02729390321 0.5)
(0.5743075009 0.02821392236 0.5)
(0.5930349176 0.02913394152 0.5)
(0.6117623342 0.03005396067 0.5)
(0.6304897509 0.03097397983 0.5)
(0.6492171676 0.03189399898 0.5)
(0.6679445843 0.03281401814 0.5)
(0.686672001 0.03373403729 0.5)
(0.7053994176 0.03465405645 0.5)
(0.7241268343 0.0355740756 0.5)
(0.742854251 0.03649409476 0.5)
(0.7615816677 0.03741411391 0.5)
(0.7803090843 0.03833413307 0.5)
(0.799036501 0.03925415222 0.5)
(0.4975925564 0.04900859116 0.5)
(0.5162522735 0.05084641313 0.5)
(0.5349119906 0.05268423511 0.5)
(0.5535717077 0.05452205708 0.5)
(0.5722314248 0.05635987906 0.5)
(0.5908911419 0.05819770103 0.5)
(0.609550859 0.06003552301 0.5)
(0.628210576 0.06187334498 0.5)
(0.6468702931 0.06371116696 0.5)
(0.6655300102 0.06554898893 0.5)
(0.6841897273 0.06738681091 0.5)
(0.7028494444 0.06922463288 0.5)
(0.7215091615 0.07106245485 0.5)
(0.7401688785 0.07290027683 0.5)
(0.7588285956 0.0747380988 0.5)
(0.7774883127 0.07657592078 0.5)
(0.7961480298 0.07841374275 0.5)
(0.494588516 0.07336527262 0.5)
(0.5131355803 0.07611646999 0.5)
(0.5316826447 0.07886766735 0.5)
(0.550229709 0.08161886472 0.5)
(0.5687767733 0.08437006208 0.5)
(0.5873238376 0.08712125945 0.5)
(0.6058709019 0.08987245682 0.5)
(0.6244179662 0.09262365418 0.5)
(0.6429650306 0.09537485155 0.5)
(0.6615120949 0.09812604891 0.5)
(0.6800591592 0.1008772463 0.5)
(0.6986062235 0.1036284436 0.5)
(0.7171532878 0.106379641 0.5)
(0.7357003521 0.1091308384 0.5)
(0.7542474165 0.1118820357 0.5)
(0.7727944808 0.1146332331 0.5)
(0.7913415451 0.1173844305 0.5)
(0.4903929501 0.09754521095 0.5)
(0.5087826799 0.1012031558 0.5)
(0.5271724097 0.1048611007 0.5)
(0.5455621394 0.1085190456 0.5)
(0.5639518692 0.1121769905 0.5)
(0.582341599 0.1158349354 0.5)
(0.6007313287 0.1194928803 0.5)
(0.6191210585 0.1231508252 0.5)
(0.6375107883 0.1268087701 0.5)
(0.655900518 0.130466715 0.5)
(0.6742902478 0.1341246599 0.5)
(0.6926799776 0.1377826048 0.5)
(0.7110697073 0.1414405497 0.5)
(0.7294594371 0.1450984946 0.5)
(0.7478491669 0.1487564395 0.5)
(0.7662388966 0.1524143844 0.5)
(0.7846286264 0.1560723293 0.5)
(0.4850159666 0.1214901528 0.5)
(0.503204059 0.1260460329 0.5)
(0.5213921515 0.130601913 0.5)
(0.539580244 0.1351577931 0.5)
(0.5577683365 0.1397136732 0.5)
(0.5759564289 0.1442695533 0.5)
(0.5941445214 0.1488254335 0.5)
(0.6123326139 0.1533813136 0.5)
(0.6305207063 0.1579371937 0.5)
(0.6487087988 0.1624930738 0.5)
(0.6668968913 0.1670489539 0.5)
(0.6850849838 0.171604834 0.5)
(0.7032730762 0.1761607142 0.5)
(0.7214611687 0.1807165943 0.5)
(0.7396492612 0.1852724744 0.5)
(0.7578373536 0.1898283545 0.5)
(0.7760254461 0.1943842346 0.5)
(0.4784705193 0.1451424108 0.5)
(0.4964131575 0.1505852506 0.5)
(0.5143557957 0.1560280904 0.5)
(0.5322984339 0.1614709302 0.5)
(0.5502410721 0.16691377 0.5)
(0.5681837103 0.1723566097 0.5)
(0.5861263485 0.1777994495 0.5)
(0.6040689867 0.1832422893 0.5)
(0.6220116249 0.1886851291 0.5)
(0.6399542631 0.1941279689 0.5)
(0.6578969013 0.1995708087 0.5)
(0.6758395395 0.2050136484 0.5)
(0.6937821777 0.2104564882 0.5)
(0.7117248159 0.215899328 0.5)
(0.7296674541 0.2213421678 0.5)
(0.7476100923 0.2267850076 0.5)
(0.7655527305 0.2322278474 0.5)
(0.4707723775 0.168445003 0.5)
(0.4884263358 0.1747616901 0.5)
(0.5060802941 0.1810783772 0.5)
(0.5237342524 0.1873950644 0.5)
(0.5413882106 0.1937117515 0.5)
(0.5590421689 0.2000284386 0.5)
(0.5766961272 0.2063451257 0.5)
(0.5943500855 0.2126618128 0.5)
(0.6120040438 0.2189784999 0.5)
(0.629658002 0.225295187 0.5)
(0.6473119603 0.2316118742 0.5)
(0.6649659186 0.2379285613 0.5)
(0.6826198769 0.2442452484 0.5)
(0.7002738352 0.2505619355 0.5)
(0.7179277934 0.2568786226 0.5)
(0.7355817517 0.2631953097 0.5)
(0.75323571 0.2695119968 0.5)
(0.4619400871 0.1913417896 0.5)
(0.4792628353 0.1985171065 0.5)
(0.4965855835 0.2056924234 0.5)
(0.5139083317 0.2128677403 0.5)
(0.5312310798 0.2200430573 0.5)
(0.548553828 0.2272183742 0.5)
(0.5658765762 0.2343936911 0.5)
(0.5831993244 0.241569008 0.5)
(0.6005220725 0.2487443249 0.5)
(0.6178448207 0.2559196418 0.5)
(0.6351675689 0.2630949587 0.5)
(0.6524903171 0.2702702756 0.5)
(0.6698130652 0.2774455925 0.5)
(0.6871358134 0.2846209094 0.5)
(0.7044585616 0.2917962263 0.5)
(0.7217813098 0.2989715432 0.5)
(0.7391040579 0.3061468601 0.5)
(0.4519949266 0.2137776086 0.5)
(0.4689447324 0.2217942692 0.5)
(0.4858945383 0.2298109298 0.5)
(0.5028443441 0.2378275905 0.5)
(0.5197941499 0.2458442511 0.5)
(0.5367439557 0.2538609117 0.5)
(0.5536937615 0.2618775723 0.5)
(0.5706435673 0.2698942329 0.5)
(0.5875933731 0.2779108936 0.5)
(0.6045431789 0.2859275542 0.5)
(0.6214929847 0.2939442148 0.5)
(0.6384427905 0.3019608754 0.5)
(0.6553925963 0.309977536 0.5)
(0.6723424022 0.3179941966 0.5)
(0.689292208 0.3260108573 0.5)
(0.7062420138 0.3340275179 0.5)
(0.7231918196 0.3420441785 0.5)
(0.4409608555 0.2356984084 0.5)
(0.4574968851 0.2445370998 0.5)
(0.4740329148 0.2533757911 0.5)
(0.4905689444 0.2622144825 0.5)
(0.5071049741 0.2710531739 0.5)
(0.5236410037 0.2798918652 0.5)
(0.5401770334 0.2887305566 0.5)
(0.556713063 0.2975692479 0.5)
(0.5732490927 0.3064079393 0.5)
(0.5897851223 0.3152466307 0.5)
(0.6063211519 0.324085322 0.5)
(0.6228571816 0.3329240134 0.5)
(0.6393932112 0.3417627047 0.5)
(0.6559292409 0.3506013961 0.5)
(0.6724652705 0.3594400874 0.5)
(0.6890013002 0.3682787788 0.5)
(0.7055373298 0.3771174702 0.5)
(0.4288644566 0.2570513784 0.5)
(0.4449468731 0.2666908071 0.5)
(0.4610292896 0.2763302359 0.5)
(0.4771117061 0.2859696646 0.5)
(0.4931941227 0.2956090934 0.5)
(0.5092765392 0.3052485221 0.5)
(0.5253589557 0.3148879509 0.5)
(0.5414413722 0.3245273796 0.5)
(0.5575237887 0.3341668084 0.5)
(0.5736062052 0.3438062372 0.5)
(0.5896886218 0.3534456659 0.5)
(0.6057710383 0.3630850947 0.5)
(0.6218534548 0.3727245234 0.5)
(0.6379358713 0.3823639522 0.5)
(0.6540182878 0.3920033809 0.5)
(0.6701007043 0.4016428097 0.5)
(0.6861831208 0.4112822384 0.5)
(0.4157348721 0.2777850756 0.5)
(0.4313249313 0.2882020193 0.5)
(0.4469149906 0.2986189631 0.5)
(0.4625050498 0.3090359068 0.5)
(0.478095109 0.3194528506 0.5)
(0.4936851683 0.3298697943 0.5)
(0.5092752275 0.3402867381 0.5)
(0.5248652867 0.3507036818 0.5)
(0.5404553459 0.3611206255 0.5)
(0.5560454052 0.3715375693 0.5)
(0.5716354644 0.381954513 0.5)
(0.5872255236 0.3923714568 0.5)
(0.6028155829 0.4027884005 0.5)
(0.6184056421 0.4132053443 0.5)
(0.6339957013 0.423622288 0.5)
(0.6495857606 0.4340392317 0.5)
(0.6651758198 0.4444561755 0.5)
(0.4016037333 0.2978495494 0.5)
(0.4166638773 0.3090189126 0.5)
(0.4317240212 0.3201882758 0.5)
(0.4467841651 0.3313576389 0.5)
(0.4618443091 0.3425270021 0.5)
(0.476904453 0.3536963653 0.5)
(0.4919645969 0.3648657285 0.5)
(0.5070247409 0.3760350917 0.5)
(0.5220848848 0.3872044549 0.5)
(0.5371450287 0.3983738181 0.5)
(0.5522051727 0.4095431813 0.5)
(0.5672653166 0.4207125445 0.5)
(0.5823254605 0.4318819077 0.5)
(0.5973856044 0.4430512709 0.5)
(0.6124457484 0.4542206341 0.5)
(0.6275058923 0.4653899973 0.5)
(0.6425660362 0.4765593605 0.5)
(0.3865050844 0.3171964611 0.5)
(0.4009990317 0.3290913355 0.5)
(0.415492979 0.34098621 0.5)
(0.4299869262 0.3528810844 0.5)
(0.4444808735 0.3647759588 0.5)
(0.4589748207 0.3766708333 0.5)
(0.473468768 0.3885657077 0.5)
(0.4879627152 0.4004605822 0.5)
(0.5024566625 0.4123554566 0.5)
(0.5169506097 0.424250331 0.5)
(0.531444557 0.4361452055 0.5)
(0.5459385042 0.4480400799 0.5)
(0.5604324515 0.4599349544 0.5)
(0.5749263987 0.4718298288 0.5)
(0.589420346 0.4837247033 0.5)
(0.6039142932 0.4956195777 0.5)
(0.6184082405 0.5075144521 0.5)
(0.3704753006 0.3357792009 0.5)
(0.3843681338 0.3483709305 0.5)
(0.398260967 0.3609626602 0.5)
(0.4121538002 0.3735543898 0.5)
(0.4260466335 0.3861461195 0.5)
(0.4399394667 0.3987378491 0.5)
(0.4538322999 0.4113295788 0.5)
(0.4677251331 0.4239213084 0.5)
(0.4816179663 0.4365130381 0.5)
(0.4955107996 0.4491047677 0.5)
(0.5094036328 0.4616964973 0.5)
(0.523296466 0.474288227 0.5)
(0.5371892992 0.4868799566 0.5)
(0.5510821325 0.4994716863 0.5)
(0.5649749657 0.5120634159 0.5)
(0.5788677989 0.5246551456 0.5)
(0.5927606321 0.5372468752 0.5)
(1.375 0 -0.5)
(1.95 0 -0.5)
(2.525 0 -0.5)
(3.1 0 -0.5)
(3.675 0 -0.5)
(4.25 0 -0.5)
(4.825 0 -0.5)
(5.4 0 -0.5)
(5.975 0 -0.5)
(6.55 0 -0.5)
(7.125 0 -0.5)
(7.7 0 -0.5)
(8.275 0 -0.5)
(8.85 0 -0.5)
(9.425 0 -0.5)
(10 0 -0.5)
(1.37409672 0.03901047474 -0.5)
(1.949156938 0.03876679725 -0.5)
(2.524217157 0.03852311977 -0.5)
(3.099277376 0.03827944229 -0.5)
(3.674337594 0.03803576481 -0.5)
(4.249397813 0.03779208732 -0.5)
(4.824458032 0.03754840984 -0.5)
(5.399518251 0.03730473236 -0.5)
(5.974578469 0.03706105488 -0.5)
(6.549638688 0.03681737739 -0.5)
(7.124698907 0.03657369991 -0.5)
(7.699759125 0.03633002243 -0.5)
(8.274819344 0.03608634495 -0.5)
(8.849879563 0.03584266746 -0.5)
(9.424939781 0.03559898998 -0.5)
(10 0.0353553125 -0.5)
(1.371388778 0.07793229789 -0.5)
(1.946629526 0.07745085303 -0.5)
(2.521870274 0.07696940818 -0.5)
(3.097111022 0.07648796332 -0.5)
(3.67235177 0.07600651846 -0.5)
(4.247592519 0.0755250736 -0.5)
(4.822833267 0.07504362874 -0.5)
(5.398074015 0.07456218388 -0.5)
(5.973314763 0.07408073902 -0.5)
(6.548555511 0.07359929416 -0.5)
(7.123796259 0.0731178493 -0.5)
(7.699037007 0.07263640444 -0.5)
(8.274277756 0.07215495958 -0.5)
(8.849518504 0.07167351472 -0.5)
(9.424759252 0.07119206986 -0.5)
(10 0.070710625 -0.5)
(1.366882699 0.1166770247 -0.5)
(1.942423852 0.1159696189 -0.5)
(2.517965005 0.115262213 -0.5)
(3.093506159 0.1145548072 -0.5)
(3.669047312 0.1138474014 -0.5)
(4.244588466 0.1131399956 -0.5)
(4.820129619 0.1124325898 -0.5)
(5.395670773 0.111725184 -0.5)
(5.971211926 0.1110177782 -0.5)
(6.546753079 0.1103103724 -0.5)
(7.122294233 0.1096029666 -0.5)
(7.697835386 0.1088955607 -0.5)
(8.27337654 0.1081881549 -0.5)
(8.848917693 0.1074807491 -0.5)
(9.424458847 0.1067733433 -0.5)
(10 0.1060659375 -0.5)
(1.360589337 0.1551566369 -0.5)
(1.936550048 0.1542409444 -0.5)
(2.512510759 0.153325252 -0.5)
(3.08847147 0.1524095595 -0.5)
(3.664432181 0.1514938671 -0.5)
(4.240392891 0.1505781746 -0.5)
(4.816353602 0.1496624821 -0.5)
(5.392314313 0.1487467897 -0.5)
(5.968275024 0.1478310972 -0.5)
(6.544235735 0.1469154048 -0.5)
(7.120196446 0.1459997123 -0.5)
(7.696157157 0.1450840198 -0.5)
(8.272117867 0.1441683274 -0.5)
(8.848078578 0.1432526349 -0.5)
(9.424039289 0.1423369425 -0.5)
(10 0.14142125 -0.5)
(1.352523856 0.1932837551 -0.5)
(1.929022265 0.1921832756 -0.5)
(2.505520675 0.1910827961 -0.5)
(3.082019085 0.1899823166 -0.5)
(3.658517494 0.1888818371 -0.5)
(4.235015904 0.1877813576 -0.5)
(4.811514313 0.1866808781 -0.5)
(5.388012723 0.1855803986 -0.5)
(5.964511133 0.1844799191 -0.5)
(6.541009542 0.1833794395 -0.5)
(7.117507952 0.18227896 -0.5)
(7.694006362 0.1811784805 -0.5)
(8.270504771 0.180078001 -0.5)
(8.847003181 0.1789775215 -0.5)
(9.42350159 0.177877042 -0.5)
(10 0.1767765625 -0.5)
(1.342705685 0.2309718491 -0.5)
(1.919858639 0.2297158508 -0.5)
(2.497011594 0.2284598526 -0.5)
(3.074164548 0.2272038543 -0.5)
(3.651317502 0.225947856 -0.5)
(4.228470457 0.2246918577 -0.5)
(4.805623411 0.2234358595 -0.5)
(5.382776365 0.2221798612 -0.5)
(5.95992932 0.2209238629 -0.5)
(6.537082274 0.2196678646 -0.5)
(7.114235228 0.2184118664 -0.5)
(7.691388183 0.2171558681 -0.5)
(8.268541137 0.2158998698 -0.5)
(8.845694091 0.2146438715 -0.5)
(9.422847046 0.2133878733 -0.5)
(10 0.212131875 -0.5)
(1.331158478 0.2681354463 -0.5)
(1.909081246 0.2667588957 -0.5)
(2.487004014 0.2653823451 -0.5)
(3.064926782 0.2640057945 -0.5)
(3.642849551 0.2626292439 -0.5)
(4.220772319 0.2612526933 -0.5)
(4.798695087 0.2598761428 -0.5)
(5.376617855 0.2584995922 -0.5)
(5.954540623 0.2571230416 -0.5)
(6.532463391 0.255746491 -0.5)
(7.110386159 0.2543699404 -0.5)
(7.688308927 0.2529933898 -0.5)
(8.266231696 0.2516168393 -0.5)
(8.844154464 0.2502402887 -0.5)
(9.422077232 0.2488637381 -0.5)
(10 0.2474871875 -0.5)
(1.317910054 0.3046903376 -0.5)
(1.896716051 0.3032338151 -0.5)
(2.475522047 0.3017772926 -0.5)
(3.054328043 0.3003207701 -0.5)
(3.63313404 0.2988642476 -0.5)
(4.211940036 0.2974077251 -0.5)
(4.790746033 0.2959512026 -0.5)
(5.369552029 0.2944946801 -0.5)
(5.948358025 0.2930381575 -0.5)
(6.527164022 0.291581635 -0.5)
(7.105970018 0.2901251125 -0.5)
(7.684776014 0.28866859 -0.5)
(8.263582011 0.2872120675 -0.5)
(8.842388007 0.285755545 -0.5)
(9.421194004 0.2842990225 -0.5)
(10 0.2828425 -0.5)
(1.302992331 0.3405537806 -0.5)
(1.882792842 0.3390633827 -0.5)
(2.462593353 0.3375729849 -0.5)
(3.042393865 0.336082587 -0.5)
(3.622194376 0.3345921891 -0.5)
(4.201994887 0.3331017912 -0.5)
(4.781795399 0.3316113934 -0.5)
(5.36159591 0.3301209955 -0.5)
(5.941396421 0.3286305976 -0.5)
(6.521196932 0.3271401997 -0.5)
(7.100997444 0.3256498019 -0.5)
(7.680797955 0.324159404 -0.5)
(8.260598466 0.3226690061 -0.5)
(8.840398977 0.3211786082 -0.5)
(9.420199489 0.3196882104 -0.5)
(10 0.3181978125 -0.5)
(1.286441247 0.3756446986 -0.5)
(1.867345164 0.374171927 -0.5)
(2.44824908 0.3726991554 -0.5)
(3.029152997 0.3712263839 -0.5)
(3.610056914 0.3697536123 -0.5)
(4.190960831 0.3682808407 -0.5)
(4.771864748 0.3668080691 -0.5)
(5.352768665 0.3653352976 -0.5)
(5.933672582 0.363862526 -0.5)
(6.514576499 0.3623897544 -0.5)
(7.095480416 0.3609169829 -0.5)
(7.676384332 0.3594442113 -0.5)
(8.257288249 0.3579714397 -0.5)
(8.838192166 0.3564986681 -0.5)
(9.419096083 0.3550258966 -0.5)
(10 0.353553125 -0.5)
(1.268296676 0.4098838759 -0.5)
(1.850410231 0.4084855133 -0.5)
(2.432523786 0.4070871508 -0.5)
(3.014637341 0.4056887882 -0.5)
(3.596750896 0.4042904256 -0.5)
(4.178864451 0.4028920631 -0.5)
(4.760978005 0.4014937005 -0.5)
(5.34309156 0.400095338 -0.5)
(5.925205115 0.3986969754 -0.5)
(6.50731867 0.3972986129 -0.5)
(7.089432225 0.3959002503 -0.5)
(7.67154578 0.3945018877 -0.5)
(8.253659335 0.3931035252 -0.5)
(8.83577289 0.3917051626 -0.5)
(9.417886445 0.3903068001 -0.5)
(10 0.3889084375 -0.5)
(1.248602331 0.4431941489 -0.5)
(1.832028842 0.4419321223 -0.5)
(2.415455354 0.4406700957 -0.5)
(2.998881865 0.4394080691 -0.5)
(3.582308376 0.4381460425 -0.5)
(4.165734887 0.4368840159 -0.5)
(4.749161399 0.4356219893 -0.5)
(5.33258791 0.4343599627 -0.5)
(5.916014421 0.4330979361 -0.5)
(6.499440932 0.4318359096 -0.5)
(7.082867444 0.430573883 -0.5)
(7.666293955 0.4293118564 -0.5)
(8.249720466 0.4280498298 -0.5)
(8.833146977 0.4267878032 -0.5)
(9.416573489 0.4255257766 -0.5)
(10 0.42426375 -0.5)
(1.227405659 0.4755005918 -0.5)
(1.812245282 0.4744418232 -0.5)
(2.397084904 0.4733830546 -0.5)
(2.981924527 0.472324286 -0.5)
(3.56676415 0.4712655173 -0.5)
(4.151603773 0.4702067487 -0.5)
(4.736443395 0.4691479801 -0.5)
(5.321283018 0.4680892115 -0.5)
(5.906122641 0.4670304429 -0.5)
(6.490962264 0.4659716742 -0.5)
(7.075801886 0.4649129056 -0.5)
(7.660641509 0.463854137 -0.5)
(8.245481132 0.4627953684 -0.5)
(8.830320755 0.4617365997 -0.5)
(9.415160377 0.4606778311 -0.5)
(10 0.4596190625 -0.5)
(1.204757725 0.5067306973 -0.5)
(1.79110721 0.5059469425 -0.5)
(2.377456695 0.5051631877 -0.5)
(2.96380618 0.5043794328 -0.5)
(3.550155665 0.503595678 -0.5)
(4.13650515 0.5028119232 -0.5)
(4.722854635 0.5020281684 -0.5)
(5.30920412 0.5012444136 -0.5)
(5.895553605 0.5004606587 -0.5)
(6.48190309 0.4996769039 -0.5)
(7.068252575 0.4988931491 -0.5)
(7.65460206 0.4981093943 -0.5)
(8.240951545 0.4973256395 -0.5)
(8.82730103 0.4965418846 -0.5)
(9.413650515 0.4957581298 -0.5)
(10 0.494974375 -0.5)
(1.180713093 0.536814551 -0.5)
(1.768665553 0.5363822268 -0.5)
(2.356618014 0.5359499025 -0.5)
(2.944570474 0.5355175783 -0.5)
(3.532522935 0.5350852541 -0.5)
(4.120475395 0.5346529298 -0.5)
(4.708427856 0.5342206056 -0.5)
(5.296380316 0.5337882814 -0.5)
(5.884332777 0.5333559571 -0.5)
(6.472285237 0.5329236329 -0.5)
(7.060237698 0.5324913087 -0.5)
(7.648190158 0.5320589844 -0.5)
(8.236142619 0.5316266602 -0.5)
(8.824095079 0.531194336 -0.5)
(9.41204754 0.5307620117 -0.5)
(10 0.5303296875 -0.5)
(1.155329688 0.565685 -0.5)
(1.744974375 0.565685 -0.5)
(2.334619062 0.565685 -0.5)
(2.92426375 0.565685 -0.5)
(3.513908437 0.565685 -0.5)
(4.103553125 0.565685 -0.5)
(4.693197813 0.565685 -0.5)
(5.2828425 0.565685 -0.5)
(5.872487187 0.565685 -0.5)
(6.462131875 0.565685 -0.5)
(7.051776562 0.565685 -0.5)
(7.64142125 0.565685 -0.5)
(8.231065938 0.565685 -0.5)
(8.820710625 0.565685 -0.5)
(9.410355313 0.565685 -0.5)
(10 0.565685 -0.5)
(1.375 0 0.5)
(1.95 0 0.5)
(2.525 0 0.5)
(3.1 0 0.5)
(3.675 0 0.5)
(4.25 0 0.5)
(4.825 0 0.5)
(5.4 0 0.5)
(5.975 0 0.5)
(6.55 0 0.5)
(7.125 0 0.5)
(7.7 0 0.5)
(8.275 0 0.5)
(8.85 0 0.5)
(9.425 0 0.5)
(10 0 0.5)
(1.37409672 0.03901047474 0.5)
(1.949156938 0.03876679725 0.5)
(2.524217157 0.03852311977 0.5)
(3.099277376 0.03827944229 0.5)
(3.674337594 0.03803576481 0.5)
(4.249397813 0.03779208732 0.5)
(4.824458032 0.03754840984 0.5)
(5.399518251 0.03730473236 0.5)
(5.974578469 0.03706105488 0.5)
(6.549638688 0.03681737739 0.5)
(7.124698907 0.03657369991 0.5)
(7.699759125 0.03633002243 0.5)
(8.274819344 0.03608634495 0.5)
(8.849879563 0.03584266746 0.5)
(9.424939781 0.03559898998 0.5)
(10 0.0353553125 0.5)
(1.371388778 0.07793229789 0.5)
(1.946629526 0.07745085303 0.5)
(2.521870274 0.07696940818 0.5)
(3.097111022 0.07648796332 0.5)
(3.67235177 0.07600651846 0.5)
(4.247592519 0.0755250736 0.5)
(4.822833267 0.07504362874 0.5)
(5.398074015 0.07456218388 0.5)
(5.973314763 0.07408073902 0.5)
(6.548555511 0.07359929416 0.5)
(7.123796259 0.0731178493 0.5)
(7.699037007 0.07263640444 0.5)
(8.274277756 0.07215495958 0.5)
(8.849518504 0.07167351472 0.5)
(9.424759252 0.07119206986 0.5)
(10 0.070710625 0.5)
(1.366882699 0.1166770247 0.5)
(1.942423852 0.1159696189 0.5)
(2.517965005 0.115262213 0.5)
(3.093506159 0.1145548072 0.5)
(3.669047312 0.1138474014 0.5)
(4.244588466 0.1131399956 0.5)
(4.820129619 0.1124325898 0.5)
(5.395670773 0.111725184 0.5)
(5.971211926 0.1110177782 0.5)
(6.546753079 0.1103103724 0.5)
(7.122294233 0.1096029666 0.5)
(7.697835386 0.1088955607 0.5)
(8.27337654 0.1081881549 0.5)
(8.848917693 0.1074807491 0.5)
(9.424458847 0.1067733433 0.5)
(10 0.1060659375 0.5)
(1.360589337 0.1551566369 0.5)
(1.936550048 0.1542409444 0.5)
(2.512510759 0.153325252 0.5)
(3.08847147 0.1524095595 0.5)
(3.664432181 0.1514938671 0.5)
(4.240392891 0.1505781746 0.5)
(4.816353602 0.1496624821 0.5)
(5.392314313 0.1487467897 0.5)
(5.968275024 0.1478310972 0.5)
(6.544235735 0.1469154048 0.5)
(7.120196446 0.1459997123 0.5)
(7.696157157 0.1450840198 0.5)
(8.272117867 0.1441683274 0.5)
(8.848078578 0.1432526349 0.5)
(9.424039289 0.1423369425 0.5)
(10 0.14142125 0.5)
(1.352523856 0.1932837551 0.5)
(1.929022265 0.1921832756 0.5)
(2.505520675 0.1910827961 0.5)
(3.082019085 0.1899823166 0.5)
(3.658517494 0.1888818371 0.5)
(4.235015904 0.1877813576 0.5)
(4.811514313 0.1866808781 0.5)
(5.388012723 0.1855803986 0.5)
(5.964511133 0.1844799191 0.5)
(6.541009542 0.1833794395 0.5)
(7.117507952 0.18227896 0.5)
(7.694006362 0.1811784805 0.5)
(8.270504771 0.180078001 0.5)
(8.847003181 0.1789775215 0.5)
(9.42350159 0.177877042 0.5)
(10 0.1767765625 0.5)
(1.342705685 0.2309718491 0.5)
(1.919858639 0.2297158508 0.5)
(2.497011594 0.2284598526 0.5)
(3.074164548 0.2272038543 0.5)
(3.651317502 0.225947856 0.5)
(4.228470457 0.2246918577 0.5)
(4.805623411 0.2234358595 0.5)
(5.382776365 0.2221798612 0.5)
(5.95992932 0.2209238629 0.5)
(6.537082274 0.2196678646 0.5)
(7.114235228 0.2184118664 0.5)
(7.691388183 0.2171558681 0.5)
(8.268541137 0.2158998698 0.5)
(8.845694091 0.2146438715 0.5)
(9.422847046 0.2133878733 0.5)
(10 0.212131875 0.5)
(1.331158478 0.2681354463 0.5)
(1.909081246 0.2667588957 0.5)
(2.487004014 0.2653823451 0.5)
(3.064926782 0.2640057945 0.5)
(3.642849551 0.2626292439 0.5)
(4.220772319 0.2612526933 0.5)
(4.798695087 0.2598761428 0.5)
(5.376617855 0.2584995922 0.5)
(5.954540623 0.2571230416 0.5)
(6.532463391 0.255746491 0.5)
(7.110386159 0.2543699404 0.5)
(7.688308927 0.2529933898 0.5)
(8.266231696 0.2516168393 0.5)
(8.844154464 0.2502402887 0.5)
(9.422077232 0.2488637381 0.5)
(10 0.2474871875 0.5)
(1.317910054 0.3046903376 0.5)
(1.896716051 0.3032338151 0.5)
(2.475522047 0.3017772926 0.5)
(3.054328043 0.3003207701 0.5)
(3.63313404 0.2988642476 0.5)
(4.211940036 0.2974077251 0.5)
(4.790746033 0.2959512026 0.5)
(5.369552029 0.2944946801 0.5)
(5.948358025 0.2930381575 0.5)
(6.527164022 0.291581635 0.5)
(7.105970018 0.2901251125 0.5)
(7.684776014 0.28866859 0.5)
(8.263582011 0.2872120675 0.5)
(8.842388007 0.285755545 0.5)
(9.421194004 0.2842990225 0.5)
(10 0.2828425 0.5)
(1.302992331 0.3405537806 0.5)
(1.882792842 0.3390633827 0.5)
(2.462593353 0.3375729849 0.5)
(3.042393865 0.336082587 0.5)
(3.622194376 0.3345921891 0.5)
(4.201994887 0.3331017912 0.5)
(4.781795399 0.3316113934 0.5)
(5.36159591 0.3301209955 0.5)
(5.941396421 0.3286305976 0.5)
(6.521196932 0.3271401997 0.5)
(7.100997444 0.3256498019 0.5)
(7.680797955 0.324159404 0.5)
(8.260598466 0.3226690061 0.5)
(8.840398977 0.3211786082 0.5)
(9.420199489 0.3196882104 0.5)
(10 0.3181978125 0.5)
(1.286441247 0.3756446986 0.5)
(1.867345164 0.374171927 0.5)
(2.44824908 0.3726991554 0.5)
(3.029152997 0.3712263839 0.5)
(3.610056914 0.3697536123 0.5)
(4.190960831 0.3682808407 0.5)
(4.771864748 0.3668080691 0.5)
(5.352768665 0.3653352976 0.5)
(5.933672582 0.363862526 0.5)
(6.514576499 0.3623897544 0.5)
(7.095480416 0.3609169829 0.5)
(7.676384332 0.3594442113 0.5)
(8.257288249 0.3579714397 0.5)
(8.838192166 0.3564986681 0.5)
(9.419096083 0.3550258966 0.5)
(10 0.353553125 0.5)
(1.268296676 0.4098838759 0.5)
(1.850410231 0.4084855133 0.5)
(2.432523786 0.4070871508 0.5)
(3.014637341 0.4056887882 0.5)
(3.596750896 0.4042904256 0.5)
(4.178864451 0.4028920631 0.5)
(4.760978005 0.4014937005 0.5)
(5.34309156 0.400095338 0.5)
(5.925205115 0.3986969754 0.5)
(6.50731867 0.3972986129 0.5)
(7.089432225 0.3959002503 0.5)
(7.67154578 0.3945018877 0.5)
(8.253659335 0.3931035252 0.5)
(8.83577289 0.3917051626 0.5)
(9.417886445 0.3903068001 0.5)
(10 0.3889084375 0.5)
(1.248602331 0.4431941489 0.5)
(1.832028842 0.4419321223 0.5)
(2.415455354 0.4406700957 0.5)
(2.998881865 0.4394080691 0.5)
(3.582308376 0.4381460425 0.5)
(4.165734887 0.4368840159 0.5)
(4.749161399 0.4356219893 0.5)
(5.33258791 0.4343599627 0.5)
(5.916014421 0.4330979361 0.5)
(6.499440932 0.4318359096 0.5)
(7.082867444 0.430573883 0.5)
(7.666293955 0.4293118564 0.5)
(8.249720466 0.4280498298 0.5)
(8.833146977 0.4267878032 0.5)
(9.416573489 0.4255257766 0.5)
(10 0.42426375 0.5)
(1.227405659 0.4755005918 0.5)
(1.812245282 0.4744418232 0.5)
(2.397084904 0.4733830546 0.5)
(2.981924527 0.472324286 0.5)
(3.56676415 0.4712655173 0.5)
(4.151603773 0.4702067487 0.5)
(4.736443395 0.4691479801 0.5)
(5.321283018 0.4680892115 0.5)
(5.906122641 0.4670304429 0.5)
(6.490962264 0.4659716742 0.5)
(7.075801886 0.4649129056 0.5)
(7.660641509 0.463854137 0.5)
(8.245481132 0.4627953684 0.5)
(8.830320755 0.4617365997 0.5)
(9.415160377 0.4606778311 0.5)
(10 0.4596190625 0.5)
(1.204757725 0.5067306973 0.5)
(1.79110721 0.5059469425 0.5)
(2.377456695 0.5051631877 0.5)
(2.96380618 0.5043794328 0.5)
(3.550155665 0.503595678 0.5)
(4.13650515 0.5028119232 0.5)
(4.722854635 0.5020281684 0.5)
(5.30920412 0.5012444136 0.5)
(5.895553605 0.5004606587 0.5)
(6.48190309 0.4996769039 0.5)
(7.068252575 0.4988931491 0.5)
(7.65460206 0.4981093943 0.5)
(8.240951545 0.4973256395 0.5)
(8.82730103 0.4965418846 0.5)
(9.413650515 0.4957581298 0.5)
(10 0.494974375 0.5)
(1.180713093 0.536814551 0.5)
(1.768665553 0.5363822268 0.5)
(2.356618014 0.5359499025 0.5)
(2.944570474 0.5355175783 0.5)
(3.532522935 0.5350852541 0.5)
(4.120475395 0.5346529298 0.5)
(4.708427856 0.5342206056 0.5)
(5.296380316 0.5337882814 0.5)
(5.884332777 0.5333559571 0.5)
(6.472285237 0.5329236329 0.5)
(7.060237698 0.5324913087 0.5)
(7.648190158 0.5320589844 0.5)
(8.236142619 0.5316266602 0.5)
(8.824095079 0.531194336 0.5)
(9.41204754 0.5307620117 0.5)
(10 0.5303296875 0.5)
(1.155329688 0.565685 0.5)
(1.744974375 0.565685 0.5)
(2.334619062 0.565685 0.5)
(2.92426375 0.565685 0.5)
(3.513908437 0.565685 0.5)
(4.103553125 0.565685 0.5)
(4.693197812 0.565685 0.5)
(5.2828425 0.565685 0.5)
(5.872487187 0.565685 0.5)
(6.462131875 0.565685 0.5)
(7.051776562 0.565685 0.5)
(7.64142125 0.565685 0.5)
(8.231065937 0.565685 0.5)
(8.820710625 0.565685 0.5)
(9.410355313 0.565685 0.5)
(10 0.565685 0.5)
(0.5803296875 0.8428296875 -0.5)
(1.169059082 0.8428296875 -0.5)
(1.757788477 0.8428296875 -0.5)
(2.346517871 0.8428296875 -0.5)
(2.935247266 0.8428296875 -0.5)
(3.52397666 0.8428296875 -0.5)
(4.112706055 0.8428296875 -0.5)
(4.701435449 0.8428296875 -0.5)
(5.290164844 0.8428296875 -0.5)
(5.878894238 0.8428296875 -0.5)
(6.467623633 0.8428296875 -0.5)
(7.056353027 0.8428296875 -0.5)
(7.645082422 0.8428296875 -0.5)
(8.233811816 0.8428296875 -0.5)
(8.822541211 0.8428296875 -0.5)
(9.411270605 0.8428296875 -0.5)
(10 0.8428296875 -0.5)
(0.594974375 1.119974375 -0.5)
(1.182788477 1.119974375 -0.5)
(1.770602578 1.119974375 -0.5)
(2.35841668 1.119974375 -0.5)
(2.946230781 1.119974375 -0.5)
(3.534044883 1.119974375 -0.5)
(4.121858984 1.119974375 -0.5)
(4.709673086 1.119974375 -0.5)
(5.297487187 1.119974375 -0.5)
(5.885301289 1.119974375 -0.5)
(6.473115391 1.119974375 -0.5)
(7.060929492 1.119974375 -0.5)
(7.648743594 1.119974375 -0.5)
(8.236557695 1.119974375 -0.5)
(8.824371797 1.119974375 -0.5)
(9.412185898 1.119974375 -0.5)
(10 1.119974375 -0.5)
(0.6096190625 1.397119062 -0.5)
(1.196517871 1.397119062 -0.5)
(1.78341668 1.397119062 -0.5)
(2.370315488 1.397119062 -0.5)
(2.957214297 1.397119062 -0.5)
(3.544113105 1.397119062 -0.5)
(4.131011914 1.397119062 -0.5)
(4.717910723 1.397119062 -0.5)
(5.304809531 1.397119062 -0.5)
(5.89170834 1.397119062 -0.5)
(6.478607148 1.397119062 -0.5)
(7.065505957 1.397119062 -0.5)
(7.652404766 1.397119062 -0.5)
(8.239303574 1.397119062 -0.5)
(8.826202383 1.397119062 -0.5)
(9.413101191 1.397119062 -0.5)
(10 1.397119062 -0.5)
(0.62426375 1.67426375 -0.5)
(1.210247266 1.67426375 -0.5)
(1.796230781 1.67426375 -0.5)
(2.382214297 1.67426375 -0.5)
(2.968197812 1.67426375 -0.5)
(3.554181328 1.67426375 -0.5)
(4.140164844 1.67426375 -0.5)
(4.726148359 1.67426375 -0.5)
(5.312131875 1.67426375 -0.5)
(5.898115391 1.67426375 -0.5)
(6.484098906 1.67426375 -0.5)
(7.070082422 1.67426375 -0.5)
(7.656065938 1.67426375 -0.5)
(8.242049453 1.67426375 -0.5)
(8.828032969 1.67426375 -0.5)
(9.414016484 1.67426375 -0.5)
(10 1.67426375 -0.5)
(0.6389084375 1.951408437 -0.5)
(1.22397666 1.951408437 -0.5)
(1.809044883 1.951408437 -0.5)
(2.394113105 1.951408437 -0.5)
(2.979181328 1.951408437 -0.5)
(3.564249551 1.951408437 -0.5)
(4.149317773 1.951408437 -0.5)
(4.734385996 1.951408437 -0.5)
(5.319454219 1.951408437 -0.5)
(5.904522441 1.951408438 -0.5)
(6.489590664 1.951408437 -0.5)
(7.074658887 1.951408438 -0.5)
(7.659727109 1.951408437 -0.5)
(8.244795332 1.951408437 -0.5)
(8.829863555 1.951408437 -0.5)
(9.414931777 1.951408437 -0.5)
(10 1.951408437 -0.5)
(0.653553125 2.228553125 -0.5)
(1.237706055 2.228553125 -0.5)
(1.821858984 2.228553125 -0.5)
(2.406011914 2.228553125 -0.5)
(2.990164844 2.228553125 -0.5)
(3.574317773 2.228553125 -0.5)
(4.158470703 2.228553125 -0.5)
(4.742623633 2.228553125 -0.5)
(5.326776563 2.228553125 -0.5)
(5.910929492 2.228553125 -0.5)
(6.495082422 2.228553125 -0.5)
(7.079235352 2.228553125 -0.5)
(7.663388281 2.228553125 -0.5)
(8.247541211 2.228553125 -0.5)
(8.831694141 2.228553125 -0.5)
(9.41584707 2.228553125 -0.5)
(10 2.228553125 -0.5)
(0.6681978125 2.505697813 -0.5)
(1.251435449 2.505697813 -0.5)
(1.834673086 2.505697813 -0.5)
(2.417910723 2.505697812 -0.5)
(3.001148359 2.505697813 -0.5)
(3.584385996 2.505697813 -0.5)
(4.167623633 2.505697813 -0.5)
(4.75086127 2.505697813 -0.5)
(5.334098906 2.505697812 -0.5)
(5.917336543 2.505697813 -0.5)
(6.50057418 2.505697813 -0.5)
(7.083811816 2.505697813 -0.5)
(7.667049453 2.505697813 -0.5)
(8.25028709 2.505697812 -0.5)
(8.833524727 2.505697813 -0.5)
(9.416762363 2.505697813 -0.5)
(10 2.505697813 -0.5)
(0.6828425 2.7828425 -0.5)
(1.265164844 2.7828425 -0.5)
(1.847487187 2.7828425 -0.5)
(2.429809531 2.7828425 -0.5)
(3.012131875 2.7828425 -0.5)
(3.594454219 2.7828425 -0.5)
(4.176776563 2.7828425 -0.5)
(4.759098906 2.7828425 -0.5)
(5.34142125 2.7828425 -0.5)
(5.923743594 2.7828425 -0.5)
(6.506065937 2.7828425 -0.5)
(7.088388281 2.7828425 -0.5)
(7.670710625 2.7828425 -0.5)
(8.253032969 2.7828425 -0.5)
(8.835355312 2.7828425 -0.5)
(9.417677656 2.7828425 -0.5)
(10 2.7828425 -0.5)
(0.6974871875 3.059987188 -0.5)
(1.278894238 3.059987188 -0.5)
(1.860301289 3.059987188 -0.5)
(2.44170834 3.059987188 -0.5)
(3.023115391 3.059987188 -0.5)
(3.604522441 3.059987187 -0.5)
(4.185929492 3.059987188 -0.5)
(4.767336543 3.059987188 -0.5)
(5.348743594 3.059987187 -0.5)
(5.930150645 3.059987188 -0.5)
(6.511557695 3.059987188 -0.5)
(7.092964746 3.059987188 -0.5)
(7.674371797 3.059987188 -0.5)
(8.255778848 3.059987188 -0.5)
(8.837185898 3.059987188 -0.5)
(9.418592949 3.059987188 -0.5)
(10 3.059987188 -0.5)
(0.712131875 3.337131875 -0.5)
(1.292623633 3.337131875 -0.5)
(1.873115391 3.337131875 -0.5)
(2.453607148 3.337131875 -0.5)
(3.034098906 3.337131875 -0.5)
(3.614590664 3.337131875 -0.5)
(4.195082422 3.337131875 -0.5)
(4.77557418 3.337131875 -0.5)
(5.356065938 3.337131875 -0.5)
(5.936557695 3.337131875 -0.5)
(6.517049453 3.337131875 -0.5)
(7.097541211 3.337131875 -0.5)
(7.678032969 3.337131875 -0.5)
(8.258524727 3.337131875 -0.5)
(8.839016484 3.337131875 -0.5)
(9.419508242 3.337131875 -0.5)
(10 3.337131875 -0.5)
(0.7267765625 3.614276563 -0.5)
(1.306353027 3.614276563 -0.5)
(1.885929492 3.614276563 -0.5)
(2.465505957 3.614276563 -0.5)
(3.045082422 3.614276563 -0.5)
(3.624658887 3.614276563 -0.5)
(4.204235352 3.614276563 -0.5)
(4.783811816 3.614276563 -0.5)
(5.363388281 3.614276563 -0.5)
(5.942964746 3.614276563 -0.5)
(6.522541211 3.614276563 -0.5)
(7.102117676 3.614276563 -0.5)
(7.681694141 3.614276563 -0.5)
(8.261270605 3.614276563 -0.5)
(8.84084707 3.614276563 -0.5)
(9.420423535 3.614276563 -0.5)
(10 3.614276563 -0.5)
(0.74142125 3.89142125 -0.5)
(1.320082422 3.89142125 -0.5)
(1.898743594 3.89142125 -0.5)
(2.477404766 3.89142125 -0.5)
(3.056065937 3.89142125 -0.5)
(3.634727109 3.89142125 -0.5)
(4.213388281 3.89142125 -0.5)
(4.792049453 3.89142125 -0.5)
(5.370710625 3.89142125 -0.5)
(5.949371797 3.89142125 -0.5)
(6.528032969 3.89142125 -0.5)
(7.106694141 3.89142125 -0.5)
(7.685355312 3.89142125 -0.5)
(8.264016484 3.89142125 -0.5)
(8.842677656 3.89142125 -0.5)
(9.421338828 3.89142125 -0.5)
(10 3.89142125 -0.5)
(0.7560659375 4.168565938 -0.5)
(1.333811816 4.168565938 -0.5)
(1.911557695 4.168565938 -0.5)
(2.489303574 4.168565937 -0.5)
(3.067049453 4.168565938 -0.5)
(3.644795332 4.168565937 -0.5)
(4.222541211 4.168565938 -0.5)
(4.80028709 4.168565938 -0.5)
(5.378032969 4.168565937 -0.5)
(5.955778848 4.168565938 -0.5)
(6.533524727 4.168565938 -0.5)
(7.111270605 4.168565938 -0.5)
(7.689016484 4.168565938 -0.5)
(8.266762363 4.168565937 -0.5)
(8.844508242 4.168565938 -0.5)
(9.422254121 4.168565938 -0.5)
(10 4.168565938 -0.5)
(0.770710625 4.445710625 -0.5)
(1.347541211 4.445710625 -0.5)
(1.924371797 4.445710625 -0.5)
(2.501202383 4.445710625 -0.5)
(3.078032969 4.445710625 -0.5)
(3.654863555 4.445710625 -0.5)
(4.231694141 4.445710625 -0.5)
(4.808524727 4.445710625 -0.5)
(5.385355312 4.445710625 -0.5)
(5.962185898 4.445710625 -0.5)
(6.539016484 4.445710625 -0.5)
(7.11584707 4.445710625 -0.5)
(7.692677656 4.445710625 -0.5)
(8.269508242 4.445710625 -0.5)
(8.846338828 4.445710625 -0.5)
(9.423169414 4.445710625 -0.5)
(10 4.445710625 -0.5)
(0.7853553125 4.722855313 -0.5)
(1.361270605 4.722855313 -0.5)
(1.937185898 4.722855313 -0.5)
(2.513101191 4.722855313 -0.5)
(3.089016484 4.722855313 -0.5)
(3.664931777 4.722855313 -0.5)
(4.24084707 4.722855313 -0.5)
(4.816762363 4.722855313 -0.5)
(5.392677656 4.722855312 -0.5)
(5.968592949 4.722855313 -0.5)
(6.544508242 4.722855313 -0.5)
(7.120423535 4.722855313 -0.5)
(7.696338828 4.722855313 -0.5)
(8.272254121 4.722855313 -0.5)
(8.848169414 4.722855313 -0.5)
(9.424084707 4.722855313 -0.5)
(10 4.722855313 -0.5)
(0.8 5 -0.5)
(1.375 5 -0.5)
(1.95 5 -0.5)
(2.525 5 -0.5)
(3.1 5 -0.5)
(3.675 5 -0.5)
(4.25 5 -0.5)
(4.825 5 -0.5)
(5.4 5 -0.5)
(5.975 5 -0.5)
(6.55 5 -0.5)
(7.125 5 -0.5)
(7.7 5 -0.5)
(8.275 5 -0.5)
(8.85 5 -0.5)
(9.425 5 -0.5)
(10 5 -0.5)
(0.5803296875 0.8428296875 0.5)
(1.169059082 0.8428296875 0.5)
(1.757788477 0.8428296875 0.5)
(2.346517871 0.8428296875 0.5)
(2.935247266 0.8428296875 0.5)
(3.52397666 0.8428296875 0.5)
(4.112706055 0.8428296875 0.5)
(4.701435449 0.8428296875 0.5)
(5.290164844 0.8428296875 0.5)
(5.878894238 0.8428296875 0.5)
(6.467623633 0.8428296875 0.5)
(7.056353027 0.8428296875 0.5)
(7.645082422 0.8428296875 0.5)
(8.233811816 0.8428296875 0.5)
(8.822541211 0.8428296875 0.5)
(9.411270605 0.8428296875 0.5)
(10 0.8428296875 0.5)
(0.594974375 1.119974375 0.5)
(1.182788477 1.119974375 0.5)
(1.770602578 1.119974375 0.5)
(2.35841668 1.119974375 0.5)
(2.946230781 1.119974375 0.5)
(3.534044883 1.119974375 0.5)
(4.121858984 1.119974375 0.5)
(4.709673086 1.119974375 0.5)
(5.297487187 1.119974375 0.5)
(5.885301289 1.119974375 0.5)
(6.473115391 1.119974375 0.5)
(7.060929492 1.119974375 0.5)
(7.648743594 1.119974375 0.5)
(8.236557695 1.119974375 0.5)
(8.824371797 1.119974375 0.5)
(9.412185898 1.119974375 0.5)
(10 1.119974375 0.5)
(0.6096190625 1.397119062 0.5)
(1.196517871 1.397119062 0.5)
(1.78341668 1.397119062 0.5)
(2.370315488 1.397119062 0.5)
(2.957214297 1.397119062 0.5)
(3.544113105 1.397119062 0.5)
(4.131011914 1.397119062 0.5)
(4.717910723 1.397119062 0.5)
(5.304809531 1.397119062 0.5)
(5.89170834 1.397119062 0.5)
(6.478607148 1.397119062 0.5)
(7.065505957 1.397119062 0.5)
(7.652404766 1.397119062 0.5)
(8.239303574 1.397119062 0.5)
(8.826202383 1.397119062 0.5)
(9.413101191 1.397119062 0.5)
(10 1.397119062 0.5)
(0.62426375 1.67426375 0.5)
(1.210247266 1.67426375 0.5)
(1.796230781 1.67426375 0.5)
(2.382214297 1.67426375 0.5)
(2.968197812 1.67426375 0.5)
(3.554181328 1.67426375 0.5)
(4.140164844 1.67426375 0.5)
(4.726148359 1.67426375 0.5)
(5.312131875 1.67426375 0.5)
(5.898115391 1.67426375 0.5)
(6.484098906 1.67426375 0.5)
(7.070082422 1.67426375 0.5)
(7.656065937 1.67426375 0.5)
(8.242049453 1.67426375 0.5)
(8.828032969 1.67426375 0.5)
(9.414016484 1.67426375 0.5)
(10 1.67426375 0.5)
(0.6389084375 1.951408437 0.5)
(1.22397666 1.951408438 0.5)
(1.809044883 1.951408437 0.5)
(2.394113105 1.951408438 0.5)
(2.979181328 1.951408437 0.5)
(3.564249551 1.951408438 0.5)
(4.149317773 1.951408437 0.5)
(4.734385996 1.951408438 0.5)
(5.319454219 1.951408437 0.5)
(5.904522441 1.951408437 0.5)
(6.489590664 1.951408437 0.5)
(7.074658887 1.951408437 0.5)
(7.659727109 1.951408437 0.5)
(8.244795332 1.951408437 0.5)
(8.829863555 1.951408437 0.5)
(9.414931777 1.951408437 0.5)
(10 1.951408437 0.5)
(0.653553125 2.228553125 0.5)
(1.237706055 2.228553125 0.5)
(1.821858984 2.228553125 0.5)
(2.406011914 2.228553125 0.5)
(2.990164844 2.228553125 0.5)
(3.574317773 2.228553125 0.5)
(4.158470703 2.228553125 0.5)
(4.742623633 2.228553125 0.5)
(5.326776563 2.228553125 0.5)
(5.910929492 2.228553125 0.5)
(6.495082422 2.228553125 0.5)
(7.079235352 2.228553125 0.5)
(7.663388281 2.228553125 0.5)
(8.247541211 2.228553125 0.5)
(8.831694141 2.228553125 0.5)
(9.41584707 2.228553125 0.5)
(10 2.228553125 0.5)
(0.6681978125 2.505697813 0.5)
(1.251435449 2.505697813 0.5)
(1.834673086 2.505697813 0.5)
(2.417910723 2.505697812 0.5)
(3.001148359 2.505697813 0.5)
(3.584385996 2.505697813 0.5)
(4.167623633 2.505697813 0.5)
(4.75086127 2.505697813 0.5)
(5.334098906 2.505697812 0.5)
(5.917336543 2.505697813 0.5)
(6.50057418 2.505697813 0.5)
(7.083811816 2.505697813 0.5)
(7.667049453 2.505697813 0.5)
(8.25028709 2.505697812 0.5)
(8.833524727 2.505697813 0.5)
(9.416762363 2.505697813 0.5)
(10 2.505697813 0.5)
(0.6828425 2.7828425 0.5)
(1.265164844 2.7828425 0.5)
(1.847487187 2.7828425 0.5)
(2.429809531 2.7828425 0.5)
(3.012131875 2.7828425 0.5)
(3.594454219 2.7828425 0.5)
(4.176776563 2.7828425 0.5)
(4.759098906 2.7828425 0.5)
(5.34142125 2.7828425 0.5)
(5.923743594 2.7828425 0.5)
(6.506065937 2.7828425 0.5)
(7.088388281 2.7828425 0.5)
(7.670710625 2.7828425 0.5)
(8.253032969 2.7828425 0.5)
(8.835355312 2.7828425 0.5)
(9.417677656 2.7828425 0.5)
(10 2.7828425 0.5)
(0.6974871875 3.059987188 0.5)
(1.278894238 3.059987188 0.5)
(1.860301289 3.059987188 0.5)
(2.44170834 3.059987188 0.5)
(3.023115391 3.059987188 0.5)
(3.604522441 3.059987188 0.5)
(4.185929492 3.059987188 0.5)
(4.767336543 3.059987188 0.5)
(5.348743594 3.059987187 0.5)
(5.930150645 3.059987188 0.5)
(6.511557695 3.059987188 0.5)
(7.092964746 3.059987187 0.5)
(7.674371797 3.059987188 0.5)
(8.255778848 3.059987188 0.5)
(8.837185898 3.059987188 0.5)
(9.418592949 3.059987188 0.5)
(10 3.059987188 0.5)
(0.712131875 3.337131875 0.5)
(1.292623633 3.337131875 0.5)
(1.873115391 3.337131875 0.5)
(2.453607148 3.337131875 0.5)
(3.034098906 3.337131875 0.5)
(3.614590664 3.337131875 0.5)
(4.195082422 3.337131875 0.5)
(4.77557418 3.337131875 0.5)
(5.356065937 3.337131875 0.5)
(5.936557695 3.337131875 0.5)
(6.517049453 3.337131875 0.5)
(7.097541211 3.337131875 0.5)
(7.678032969 3.337131875 0.5)
(8.258524727 3.337131875 0.5)
(8.839016484 3.337131875 0.5)
(9.419508242 3.337131875 0.5)
(10 3.337131875 0.5)
(0.7267765625 3.614276563 0.5)
(1.306353027 3.614276563 0.5)
(1.885929492 3.614276563 0.5)
(2.465505957 3.614276563 0.5)
(3.045082422 3.614276563 0.5)
(3.624658887 3.614276563 0.5)
(4.204235352 3.614276563 0.5)
(4.783811816 3.614276563 0.5)
(5.363388281 3.614276563 0.5)
(5.942964746 3.614276563 0.5)
(6.522541211 3.614276563 0.5)
(7.102117676 3.614276563 0.5)
(7.681694141 3.614276563 0.5)
(8.261270605 3.614276563 0.5)
(8.84084707 3.614276563 0.5)
(9.420423535 3.614276563 0.5)
(10 3.614276563 0.5)
(0.74142125 3.89142125 0.5)
(1.320082422 3.89142125 0.5)
(1.898743594 3.89142125 0.5)
(2.477404766 3.89142125 0.5)
(3.056065937 3.89142125 0.5)
(3.634727109 3.89142125 0.5)
(4.213388281 3.89142125 0.5)
(4.792049453 3.89142125 0.5)
(5.370710625 3.89142125 0.5)
(5.949371797 3.89142125 0.5)
(6.528032969 3.89142125 0.5)
(7.106694141 3.89142125 0.5)
(7.685355313 3.89142125 0.5)
(8.264016484 3.89142125 0.5)
(8.842677656 3.89142125 0.5)
(9.421338828 3.89142125 0.5)
(10 3.89142125 0.5)
(0.7560659375 4.168565938 0.5)
(1.333811816 4.168565938 0.5)
(1.911557695 4.168565938 0.5)
(2.489303574 4.168565937 0.5)
(3.067049453 4.168565938 0.5)
(3.644795332 4.168565938 0.5)
(4.222541211 4.168565938 0.5)
(4.80028709 4.168565938 0.5)
(5.378032969 4.168565937 0.5)
(5.955778848 4.168565938 0.5)
(6.533524727 4.168565938 0.5)
(7.111270605 4.168565937 0.5)
(7.689016484 4.168565938 0.5)
(8.266762363 4.168565937 0.5)
(8.844508242 4.168565938 0.5)
(9.422254121 4.168565938 0.5)
(10 4.168565938 0.5)
(0.770710625 4.445710625 0.5)
(1.347541211 4.445710625 0.5)
(1.924371797 4.445710625 0.5)
(2.501202383 4.445710625 0.5)
(3.078032969 4.445710625 0.5)
(3.654863555 4.445710625 0.5)
(4.231694141 4.445710625 0.5)
(4.808524727 4.445710625 0.5)
(5.385355312 4.445710625 0.5)
(5.962185898 4.445710625 0.5)
(6.539016484 4.445710625 0.5)
(7.11584707 4.445710625 0.5)
(7.692677656 4.445710625 0.5)
(8.269508242 4.445710625 0.5)
(8.846338828 4.445710625 0.5)
(9.423169414 4.445710625 0.5)
(10 4.445710625 0.5)
(0.7853553125 4.722855313 0.5)
(1.361270605 4.722855313 0.5)
(1.937185898 4.722855313 0.5)
(2.513101191 4.722855313 0.5)
(3.089016484 4.722855313 0.5)
(3.664931777 4.722855313 0.5)
(4.24084707 4.722855313 0.5)
(4.816762363 4.722855313 0.5)
(5.392677656 4.722855312 0.5)
(5.968592949 4.722855313 0.5)
(6.544508242 4.722855313 0.5)
(7.120423535 4.722855313 0.5)
(7.696338828 4.722855313 0.5)
(8.272254121 4.722855313 0.5)
(8.848169414 4.722855313 0.5)
(9.424084707 4.722855313 0.5)
(10 4.722855313 0.5)
(0.8 5 0.5)
(1.375 5 0.5)
(1.95 5 0.5)
(2.525 5 0.5)
(3.1 5 0.5)
(3.675 5 0.5)
(4.25 5 0.5)
(4.825 5 0.5)
(5.4 5 0.5)
(5.975 5 0.5)
(6.55 5 0.5)
(7.125 5 0.5)
(7.7 5 0.5)
(8.275 5 0.5)
(8.85 5 0.5)
(9.425 5 0.5)
(10 5 0.5)
(-5.204170428e-17 1.0625 -0.5)
(0.03992576771 1.06159672 -0.5)
(0.07976288383 1.058888778 -0.5)
(0.1194229036 1.054382699 -0.5)
(0.1588178088 1.048089337 -0.5)
(0.19786022 1.040023856 -0.5)
(0.2364636069 1.030205685 -0.5)
(0.274542497 1.018658478 -0.5)
(0.3120126814 1.005410054 -0.5)
(0.3487914173 0.9904923309 -0.5)
(0.3847976283 0.9739412467 -0.5)
(0.4199520985 0.9557966758 -0.5)
(0.4541776645 0.936102331 -0.5)
(0.4873994004 0.914905659 -0.5)
(0.5195447989 0.8922577255 -0.5)
(0.5505439455 0.8682130926 -0.5)
(-4.857225733e-17 1.325 -0.5)
(0.04059738319 1.324156938 -0.5)
(0.08111202491 1.321629526 -0.5)
(0.1214613767 1.317423852 -0.5)
(0.1615632882 1.311550048 -0.5)
(0.2013362053 1.304022265 -0.5)
(0.2406993664 1.294858639 -0.5)
(0.2795729972 1.284081246 -0.5)
(0.3178785026 1.271716051 -0.5)
(0.3555386562 1.257792842 -0.5)
(0.3924777864 1.242345164 -0.5)
(0.4286219586 1.225410231 -0.5)
(0.4638991535 1.207028842 -0.5)
(0.4982394404 1.187245282 -0.5)
(0.5315751456 1.16610721 -0.5)
(0.5638410158 1.143665553 -0.5)
(-4.510281038e-17 1.5875 -0.5)
(0.04126899868 1.586717157 -0.5)
(0.08246116599 1.584370274 -0.5)
(0.1234998498 1.580465005 -0.5)
(0.1643087676 1.575010759 -0.5)
(0.2048121906 1.568020675 -0.5)
(0.244935126 1.559511594 -0.5)
(0.2846034974 1.549504014 -0.5)
(0.3237443238 1.538022047 -0.5)
(0.362285895 1.525093353 -0.5)
(0.4001579445 1.51074908 -0.5)
(0.4372918187 1.495023786 -0.5)
(0.4736206426 1.477955354 -0.5)
(0.5090794804 1.459584904 -0.5)
(0.5436054924 1.439956695 -0.5)
(0.5771380861 1.419118014 -0.5)
(-4.163336342e-17 1.85 -0.5)
(0.04194061416 1.849277376 -0.5)
(0.08381030707 1.847111022 -0.5)
(0.1255383229 1.843506159 -0.5)
(0.167054247 1.83847147 -0.5)
(0.208288176 1.832019085 -0.5)
(0.2491708855 1.824164548 -0.5)
(0.2896339976 1.814926782 -0.5)
(0.3296101451 1.804328043 -0.5)
(0.3690331339 1.792393865 -0.5)
(0.4078381026 1.779152997 -0.5)
(0.4459616788 1.764637341 -0.5)
(0.4833421316 1.748881865 -0.5)
(0.5199195203 1.731924527 -0.5)
(0.5556358391 1.71380618 -0.5)
(0.5904351564 1.694570474 -0.5)
(-3.816391647e-17 2.1125 -0.5)
(0.04261222965 2.111837594 -0.5)
(0.08515944814 2.10985177 -0.5)
(0.127576796 2.106547312 -0.5)
(0.1697997264 2.101932181 -0.5)
(0.2117641613 2.096017494 -0.5)
(0.2534066451 2.088817502 -0.5)
(0.2946644978 2.080349551 -0.5)
(0.3354759663 2.07063404 -0.5)
(0.3757803727 2.059694376 -0.5)
(0.4155182607 2.047556914 -0.5)
(0.4546315389 2.034250896 -0.5)
(0.4930636206 2.019808376 -0.5)
(0.5307595603 2.00426415 -0.5)
(0.5676661858 1.987655665 -0.5)
(0.6037322267 1.970022935 -0.5)
(-3.469446952e-17 2.375 -0.5)
(0.04328384514 2.374397813 -0.5)
(0.08650858922 2.372592519 -0.5)
(0.129615269 2.369588466 -0.5)
(0.1725452058 2.365392891 -0.5)
(0.2152401466 2.360015904 -0.5)
(0.2576424046 2.353470457 -0.5)
(0.299694998 2.345772319 -0.5)
(0.3413417876 2.336940036 -0.5)
(0.3825276116 2.326994887 -0.5)
(0.4231984188 2.315960831 -0.5)
(0.463301399 2.303864451 -0.5)
(0.5027851097 2.290734887 -0.5)
(0.5415996003 2.276603773 -0.5)
(0.5796965326 2.26150515 -0.5)
(0.617029297 2.245475395 -0.5)
(-3.122502257e-17 2.6375 -0.5)
(0.04395546062 2.636958032 -0.5)
(0.0878577303 2.635333267 -0.5)
(0.1316537421 2.632629619 -0.5)
(0.1752906853 2.628853602 -0.5)
(0.218716132 2.624014313 -0.5)
(0.2618781641 2.618123411 -0.5)
(0.3047254982 2.611195087 -0.5)
(0.3472076088 2.603246033 -0.5)
(0.3892748504 2.594295399 -0.5)
(0.430878577 2.584364748 -0.5)
(0.4719712591 2.573478005 -0.5)
(0.5125065987 2.561661399 -0.5)
(0.5524396403 2.548943395 -0.5)
(0.5917268793 2.535354635 -0.5)
(0.6303263673 2.520927856 -0.5)
(-2.775557562e-17 2.9 -0.5)
(0.04462707611 2.899518251 -0.5)
(0.08920687138 2.898074015 -0.5)
(0.1336922152 2.895670773 -0.5)
(0.1780361647 2.892314313 -0.5)
(0.2221921173 2.888012723 -0.5)
(0.2661139237 2.882776365 -0.5)
(0.3097559984 2.876617855 -0.5)
(0.3530734301 2.869552029 -0.5)
(0.3960220892 2.86159591 -0.5)
(0.4385587351 2.852768665 -0.5)
(0.4806411192 2.84309156 -0.5)
(0.5222280877 2.83258791 -0.5)
(0.5632796802 2.821283018 -0.5)
(0.6037572261 2.80920412 -0.5)
(0.6436234376 2.796380316 -0.5)
(-2.428612866e-17 3.1625 -0.5)
(0.0452986916 3.162078469 -0.5)
(0.09055601245 3.160814763 -0.5)
(0.1357306883 3.158711926 -0.5)
(0.1807816441 3.155775024 -0.5)
(0.2256681026 3.152011133 -0.5)
(0.2703496832 3.14742932 -0.5)
(0.3147864986 3.142040623 -0.5)
(0.3589392513 3.135858025 -0.5)
(0.4027693281 3.128896421 -0.5)
(0.4462388932 3.121172582 -0.5)
(0.4893109793 3.112705115 -0.5)
(0.5319495768 3.103514421 -0.5)
(0.5741197202 3.093622641 -0.5)
(0.6157875728 3.083053605 -0.5)
(0.6569205079 3.071832777 -0.5)
(-2.081668171e-17 3.425 -0.5)
(0.04597030708 3.424638688 -0.5)
(0.09190515353 3.423555511 -0.5)
(0.1377691614 3.421753079 -0.5)
(0.1835271235 3.419235735 -0.5)
(0.229144088 3.416009542 -0.5)
(0.2745854428 3.412082274 -0.5)
(0.3198169988 3.407463391 -0.5)
(0.3648050725 3.402164022 -0.5)
(0.4095165669 3.396196932 -0.5)
(0.4539190513 3.389576499 -0.5)
(0.4979808394 3.38231867 -0.5)
(0.5416710658 3.374440932 -0.5)
(0.5849597602 3.365962264 -0.5)
(0.6278179195 3.35690309 -0.5)
(0.6702175782 3.347285237 -0.5)
(-1.734723476e-17 3.6875 -0.5)
(0.04664192257 3.687198907 -0.5)
(0.09325429461 3.686296259 -0.5)
(0.1398076345 3.684794233 -0.5)
(0.1862726029 3.682696446 -0.5)
(0.2326200733 3.680007952 -0.5)
(0.2788212023 3.676735228 -0.5)
(0.324847499 3.672886159 -0.5)
(0.3706708938 3.668470018 -0.5)
(0.4162638058 3.663497444 -0.5)
(0.4615992094 3.657980416 -0.5)
(0.5066506995 3.651932225 -0.5)
(0.5513925548 3.645367444 -0.5)
(0.5957998001 3.638301886 -0.5)
(0.6398482663 3.630752575 -0.5)
(0.6835146485 3.622737698 -0.5)
(-1.387778781e-17 3.95 -0.5)
(0.04731353805 3.949759125 -0.5)
(0.09460343569 3.949037007 -0.5)
(0.1418461076 3.947835386 -0.5)
(0.1890180823 3.946157157 -0.5)
(0.2360960587 3.944006362 -0.5)
(0.2830569618 3.941388183 -0.5)
(0.3298779992 3.938308927 -0.5)
(0.376536715 3.934776014 -0.5)
(0.4230110446 3.930797955 -0.5)
(0.4692793675 3.926384332 -0.5)
(0.5153205596 3.92154578 -0.5)
(0.5611140439 3.916293955 -0.5)
(0.6066398401 3.910641509 -0.5)
(0.651878613 3.90460206 -0.5)
(0.6968117188 3.898190158 -0.5)
(-1.040834086e-17 4.2125 -0.5)
(0.04798515354 4.212319344 -0.5)
(0.09595257677 4.211777756 -0.5)
(0.1438845807 4.21087654 -0.5)
(0.1917635618 4.209617867 -0.5)
(0.239572044 4.208004771 -0.5)
(0.2872927214 4.206041137 -0.5)
(0.3349084994 4.203731696 -0.5)
(0.3824025363 4.201082011 -0.5)
(0.4297582835 4.198098466 -0.5)
(0.4769595257 4.194788249 -0.5)
(0.5239904197 4.191159335 -0.5)
(0.5708355329 4.187220466 -0.5)
(0.6174798801 4.182981132 -0.5)
(0.6639089598 4.178451545 -0.5)
(0.7101087891 4.173642619 -0.5)
(-6.938893904e-18 4.475 -0.5)
(0.04865676903 4.474879563 -0.5)
(0.09730171784 4.474518504 -0.5)
(0.1459230538 4.473917693 -0.5)
(0.1945090412 4.473078578 -0.5)
(0.2430480293 4.472003181 -0.5)
(0.2915284809 4.470694091 -0.5)
(0.3399389996 4.469154464 -0.5)
(0.3882683575 4.467388007 -0.5)
(0.4365055223 4.465398977 -0.5)
(0.4846396838 4.463192166 -0.5)
(0.5326602798 4.46077289 -0.5)
(0.5805570219 4.458146977 -0.5)
(0.6283199201 4.455320755 -0.5)
(0.6759393065 4.45230103 -0.5)
(0.7234058594 4.449095079 -0.5)
(-3.469446952e-18 4.7375 -0.5)
(0.04932838451 4.737439781 -0.5)
(0.09865085892 4.737259252 -0.5)
(0.1479615269 4.736958847 -0.5)
(0.1972545206 4.736539289 -0.5)
(0.2465240147 4.73600159 -0.5)
(0.2957642405 4.735347046 -0.5)
(0.3449694998 4.734577232 -0.5)
(0.3941341788 4.733694004 -0.5)
(0.4432527612 4.732699489 -0.5)
(0.4923198419 4.731596083 -0.5)
(0.5413301399 4.730386445 -0.5)
(0.590278511 4.729073489 -0.5)
(0.63915996 4.727660377 -0.5)
(0.6879696533 4.726150515 -0.5)
(0.7367029297 4.72454754 -0.5)
(0 5 -0.5)
(0.05 5 -0.5)
(0.1 5 -0.5)
(0.15 5 -0.5)
(0.2 5 -0.5)
(0.25 5 -0.5)
(0.3 5 -0.5)
(0.35 5 -0.5)
(0.4 5 -0.5)
(0.45 5 -0.5)
(0.5 5 -0.5)
(0.55 5 -0.5)
(0.6 5 -0.5)
(0.65 5 -0.5)
(0.7 5 -0.5)
(0.75 5 -0.5)
(-5.204170428e-17 1.0625 0.5)
(0.03992576771 1.06159672 0.5)
(0.07976288383 1.058888778 0.5)
(0.1194229036 1.054382699 0.5)
(0.1588178088 1.048089337 0.5)
(0.19786022 1.040023856 0.5)
(0.2364636069 1.030205685 0.5)
(0.274542497 1.018658478 0.5)
(0.3120126814 1.005410054 0.5)
(0.3487914173 0.9904923309 0.5)
(0.3847976283 0.9739412467 0.5)
(0.4199520985 0.9557966758 0.5)
(0.4541776645 0.936102331 0.5)
(0.4873994004 0.914905659 0.5)
(0.5195447989 0.8922577255 0.5)
(0.5505439455 0.8682130926 0.5)
(-4.857225733e-17 1.325 0.5)
(0.04059738319 1.324156938 0.5)
(0.08111202491 1.321629526 0.5)
(0.1214613767 1.317423852 0.5)
(0.1615632882 1.311550048 0.5)
(0.2013362053 1.304022265 0.5)
(0.2406993664 1.294858639 0.5)
(0.2795729972 1.284081246 0.5)
(0.3178785026 1.271716051 0.5)
(0.3555386562 1.257792842 0.5)
(0.3924777864 1.242345164 0.5)
(0.4286219586 1.225410231 0.5)
(0.4638991535 1.207028842 0.5)
(0.4982394404 1.187245282 0.5)
(0.5315751456 1.16610721 0.5)
(0.5638410158 1.143665553 0.5)
(-4.510281038e-17 1.5875 0.5)
(0.04126899868 1.586717157 0.5)
(0.08246116599 1.584370274 0.5)
(0.1234998498 1.580465005 0.5)
(0.1643087676 1.575010759 0.5)
(0.2048121906 1.568020675 0.5)
(0.244935126 1.559511594 0.5)
(0.2846034974 1.549504014 0.5)
(0.3237443238 1.538022047 0.5)
(0.362285895 1.525093353 0.5)
(0.4001579445 1.51074908 0.5)
(0.4372918187 1.495023786 0.5)
(0.4736206426 1.477955354 0.5)
(0.5090794804 1.459584904 0.5)
(0.5436054924 1.439956695 0.5)
(0.5771380861 1.419118014 0.5)
(-4.163336342e-17 1.85 0.5)
(0.04194061416 1.849277376 0.5)
(0.08381030707 1.847111022 0.5)
(0.1255383229 1.843506159 0.5)
(0.167054247 1.83847147 0.5)
(0.208288176 1.832019085 0.5)
(0.2491708855 1.824164548 0.5)
(0.2896339976 1.814926782 0.5)
(0.3296101451 1.804328043 0.5)
(0.3690331339 1.792393865 0.5)
(0.4078381026 1.779152997 0.5)
(0.4459616788 1.764637341 0.5)
(0.4833421316 1.748881865 0.5)
(0.5199195203 1.731924527 0.5)
(0.5556358391 1.71380618 0.5)
(0.5904351564 1.694570474 0.5)
(-3.816391647e-17 2.1125 0.5)
(0.04261222965 2.111837594 0.5)
(0.08515944814 2.10985177 0.5)
(0.127576796 2.106547312 0.5)
(0.1697997264 2.101932181 0.5)
(0.2117641613 2.096017494 0.5)
(0.2534066451 2.088817502 0.5)
(0.2946644978 2.080349551 0.5)
(0.3354759663 2.07063404 0.5)
(0.3757803727 2.059694376 0.5)
(0.4155182607 2.047556914 0.5)
(0.4546315389 2.034250896 0.5)
(0.4930636206 2.019808376 0.5)
(0.5307595603 2.00426415 0.5)
(0.5676661858 1.987655665 0.5)
(0.6037322267 1.970022935 0.5)
(-3.469446952e-17 2.375 0.5)
(0.04328384514 2.374397813 0.5)
(0.08650858922 2.372592519 0.5)
(0.129615269 2.369588466 0.5)
(0.1725452058 2.365392891 0.5)
(0.2152401466 2.360015904 0.5)
(0.2576424046 2.353470457 0.5)
(0.299694998 2.345772319 0.5)
(0.3413417876 2.336940036 0.5)
(0.3825276116 2.326994887 0.5)
(0.4231984188 2.315960831 0.5)
(0.463301399 2.303864451 0.5)
(0.5027851097 2.290734887 0.5)
(0.5415996003 2.276603773 0.5)
(0.5796965326 2.26150515 0.5)
(0.617029297 2.245475395 0.5)
(-3.122502257e-17 2.6375 0.5)
(0.04395546062 2.636958032 0.5)
(0.0878577303 2.635333267 0.5)
(0.1316537421 2.632629619 0.5)
(0.1752906853 2.628853602 0.5)
(0.218716132 2.624014313 0.5)
(0.2618781641 2.618123411 0.5)
(0.3047254982 2.611195087 0.5)
(0.3472076088 2.603246033 0.5)
(0.3892748504 2.594295399 0.5)
(0.430878577 2.584364748 0.5)
(0.4719712591 2.573478005 0.5)
(0.5125065987 2.561661399 0.5)
(0.5524396403 2.548943395 0.5)
(0.5917268793 2.535354635 0.5)
(0.6303263673 2.520927856 0.5)
(-2.775557562e-17 2.9 0.5)
(0.04462707611 2.899518251 0.5)
(0.08920687138 2.898074015 0.5)
(0.1336922152 2.895670773 0.5)
(0.1780361647 2.892314313 0.5)
(0.2221921173 2.888012723 0.5)
(0.2661139237 2.882776365 0.5)
(0.3097559984 2.876617855 0.5)
(0.3530734301 2.869552029 0.5)
(0.3960220892 2.86159591 0.5)
(0.4385587351 2.852768665 0.5)
(0.4806411192 2.84309156 0.5)
(0.5222280877 2.83258791 0.5)
(0.5632796802 2.821283018 0.5)
(0.6037572261 2.80920412 0.5)
(0.6436234376 2.796380316 0.5)
(-2.428612866e-17 3.1625 0.5)
(0.0452986916 3.162078469 0.5)
(0.09055601245 3.160814763 0.5)
(0.1357306883 3.158711926 0.5)
(0.1807816441 3.155775024 0.5)
(0.2256681026 3.152011133 0.5)
(0.2703496832 3.14742932 0.5)
(0.3147864986 3.142040623 0.5)
(0.3589392513 3.135858025 0.5)
(0.4027693281 3.128896421 0.5)
(0.4462388932 3.121172582 0.5)
(0.4893109793 3.112705115 0.5)
(0.5319495768 3.103514421 0.5)
(0.5741197202 3.093622641 0.5)
(0.6157875728 3.083053605 0.5)
(0.6569205079 3.071832777 0.5)
(-2.081668171e-17 3.425 0.5)
(0.04597030708 3.424638688 0.5)
(0.09190515353 3.423555511 0.5)
(0.1377691614 3.421753079 0.5)
(0.1835271235 3.419235735 0.5)
(0.229144088 3.416009542 0.5)
(0.2745854428 3.412082274 0.5)
(0.3198169988 3.407463391 0.5)
(0.3648050725 3.402164022 0.5)
(0.4095165669 3.396196932 0.5)
(0.4539190513 3.389576499 0.5)
(0.4979808394 3.38231867 0.5)
(0.5416710658 3.374440932 0.5)
(0.5849597602 3.365962264 0.5)
(0.6278179195 3.35690309 0.5)
(0.6702175782 3.347285237 0.5)
(-1.734723476e-17 3.6875 0.5)
(0.04664192257 3.687198907 0.5)
(0.09325429461 3.686296259 0.5)
(0.1398076345 3.684794233 0.5)
(0.1862726029 3.682696446 0.5)
(0.2326200733 3.680007952 0.5)
(0.2788212023 3.676735228 0.5)
(0.324847499 3.672886159 0.5)
(0.3706708938 3.668470018 0.5)
(0.4162638058 3.663497444 0.5)
(0.4615992094 3.657980416 0.5)
(0.5066506995 3.651932225 0.5)
(0.5513925548 3.645367444 0.5)
(0.5957998001 3.638301886 0.5)
(0.6398482663 3.630752575 0.5)
(0.6835146485 3.622737698 0.5)
(-1.387778781e-17 3.95 0.5)
(0.04731353805 3.949759125 0.5)
(0.09460343569 3.949037007 0.5)
(0.1418461076 3.947835386 0.5)
(0.1890180823 3.946157157 0.5)
(0.2360960587 3.944006362 0.5)
(0.2830569618 3.941388183 0.5)
(0.3298779992 3.938308927 0.5)
(0.376536715 3.934776014 0.5)
(0.4230110446 3.930797955 0.5)
(0.4692793675 3.926384332 0.5)
(0.5153205596 3.92154578 0.5)
(0.5611140439 3.916293955 0.5)
(0.6066398401 3.910641509 0.5)
(0.651878613 3.90460206 0.5)
(0.6968117188 3.898190158 0.5)
(-1.040834086e-17 4.2125 0.5)
(0.04798515354 4.212319344 0.5)
(0.09595257677 4.211777756 0.5)
(0.1438845807 4.21087654 0.5)
(0.1917635618 4.209617867 0.5)
(0.239572044 4.208004771 0.5)
(0.2872927214 4.206041137 0.5)
(0.3349084994 4.203731696 0.5)
(0.3824025363 4.201082011 0.5)
(0.4297582835 4.198098466 0.5)
(0.4769595257 4.194788249 0.5)
(0.5239904197 4.191159335 0.5)
(0.5708355329 4.187220466 0.5)
(0.6174798801 4.182981132 0.5)
(0.6639089598 4.178451545 0.5)
(0.7101087891 4.173642619 0.5)
(-6.938893904e-18 4.475 0.5)
(0.04865676903 4.474879563 0.5)
(0.09730171784 4.474518504 0.5)
(0.1459230538 4.473917693 0.5)
(0.1945090412 4.473078578 0.5)
(0.2430480293 4.472003181 0.5)
(0.2915284809 4.470694091 0.5)
(0.3399389996 4.469154464 0.5)
(0.3882683575 4.467388007 0.5)
(0.4365055223 4.465398977 0.5)
(0.4846396838 4.463192166 0.5)
(0.5326602798 4.46077289 0.5)
(0.5805570219 4.458146977 0.5)
(0.6283199201 4.455320755 0.5)
(0.6759393065 4.45230103 0.5)
(0.7234058594 4.449095079 0.5)
(-3.469446952e-18 4.7375 0.5)
(0.04932838451 4.737439781 0.5)
(0.09865085892 4.737259252 0.5)
(0.1479615269 4.736958847 0.5)
(0.1972545206 4.736539289 0.5)
(0.2465240147 4.73600159 0.5)
(0.2957642405 4.735347046 0.5)
(0.3449694998 4.734577232 0.5)
(0.3941341788 4.733694004 0.5)
(0.4432527612 4.732699489 0.5)
(0.4923198419 4.731596083 0.5)
(0.5413301399 4.730386445 0.5)
(0.590278511 4.729073489 0.5)
(0.63915996 4.727660377 0.5)
(0.6879696533 4.726150515 0.5)
(0.7367029297 4.72454754 0.5)
(0 5 0.5)
(0.05 5 0.5)
(0.1 5 0.5)
(0.15 5 0.5)
(0.2 5 0.5)
(0.25 5 0.5)
(0.3 5 0.5)
(0.35 5 0.5)
(0.4 5 0.5)
(0.45 5 0.5)
(0.5 5 0.5)
(0.55 5 0.5)
(0.6 5 0.5)
(0.65 5 0.5)
(0.7 5 0.5)
(0.75 5 0.5)
(-0.565685 0.565685 -0.5)
(-0.55242675 0.55242675 -0.5)
(-0.5391685 0.5391685 -0.5)
(-0.52591025 0.52591025 -0.5)
(-0.512652 0.512652 -0.5)
(-0.49939375 0.49939375 -0.5)
(-0.4861355 0.4861355 -0.5)
(-0.47287725 0.47287725 -0.5)
(-0.459619 0.459619 -0.5)
(-0.44636075 0.44636075 -0.5)
(-0.4331025 0.4331025 -0.5)
(-0.41984425 0.41984425 -0.5)
(-0.406586 0.406586 -0.5)
(-0.39332775 0.39332775 -0.5)
(-0.3800695 0.3800695 -0.5)
(-0.36681125 0.36681125 -0.5)
(-0.353553 0.353553 -0.5)
(-0.5372468752 0.5927606321 -0.5)
(-0.5246551456 0.5788677989 -0.5)
(-0.5120634159 0.5649749657 -0.5)
(-0.4994716863 0.5510821325 -0.5)
(-0.4868799566 0.5371892992 -0.5)
(-0.474288227 0.523296466 -0.5)
(-0.4616964973 0.5094036328 -0.5)
(-0.4491047677 0.4955107996 -0.5)
(-0.4365130381 0.4816179663 -0.5)
(-0.4239213084 0.4677251331 -0.5)
(-0.4113295788 0.4538322999 -0.5)
(-0.3987378491 0.4399394667 -0.5)
(-0.3861461195 0.4260466335 -0.5)
(-0.3735543898 0.4121538002 -0.5)
(-0.3609626602 0.398260967 -0.5)
(-0.3483709305 0.3843681338 -0.5)
(-0.3357792009 0.3704753006 -0.5)
(-0.5075144521 0.6184082405 -0.5)
(-0.4956195777 0.6039142932 -0.5)
(-0.4837247033 0.589420346 -0.5)
(-0.4718298288 0.5749263987 -0.5)
(-0.4599349544 0.5604324515 -0.5)
(-0.4480400799 0.5459385042 -0.5)
(-0.4361452055 0.531444557 -0.5)
(-0.424250331 0.5169506097 -0.5)
(-0.4123554566 0.5024566625 -0.5)
(-0.4004605822 0.4879627152 -0.5)
(-0.3885657077 0.473468768 -0.5)
(-0.3766708333 0.4589748207 -0.5)
(-0.3647759588 0.4444808735 -0.5)
(-0.3528810844 0.4299869262 -0.5)
(-0.34098621 0.415492979 -0.5)
(-0.3290913355 0.4009990317 -0.5)
(-0.3171964611 0.3865050844 -0.5)
(-0.4765593605 0.6425660362 -0.5)
(-0.4653899973 0.6275058923 -0.5)
(-0.4542206341 0.6124457484 -0.5)
(-0.4430512709 0.5973856044 -0.5)
(-0.4318819077 0.5823254605 -0.5)
(-0.4207125445 0.5672653166 -0.5)
(-0.4095431813 0.5522051727 -0.5)
(-0.3983738181 0.5371450287 -0.5)
(-0.3872044549 0.5220848848 -0.5)
(-0.3760350917 0.5070247409 -0.5)
(-0.3648657285 0.4919645969 -0.5)
(-0.3536963653 0.476904453 -0.5)
(-0.3425270021 0.4618443091 -0.5)
(-0.3313576389 0.4467841651 -0.5)
(-0.3201882758 0.4317240212 -0.5)
(-0.3090189126 0.4166638773 -0.5)
(-0.2978495494 0.4016037333 -0.5)
(-0.4444561755 0.6651758198 -0.5)
(-0.4340392317 0.6495857606 -0.5)
(-0.423622288 0.6339957013 -0.5)
(-0.4132053443 0.6184056421 -0.5)
(-0.4027884005 0.6028155829 -0.5)
(-0.3923714568 0.5872255236 -0.5)
(-0.381954513 0.5716354644 -0.5)
(-0.3715375693 0.5560454052 -0.5)
(-0.3611206255 0.5404553459 -0.5)
(-0.3507036818 0.5248652867 -0.5)
(-0.3402867381 0.5092752275 -0.5)
(-0.3298697943 0.4936851683 -0.5)
(-0.3194528506 0.478095109 -0.5)
(-0.3090359068 0.4625050498 -0.5)
(-0.2986189631 0.4469149906 -0.5)
(-0.2882020193 0.4313249313 -0.5)
(-0.2777850756 0.4157348721 -0.5)
(-0.4112822384 0.6861831208 -0.5)
(-0.4016428097 0.6701007043 -0.5)
(-0.3920033809 0.6540182878 -0.5)
(-0.3823639522 0.6379358713 -0.5)
(-0.3727245234 0.6218534548 -0.5)
(-0.3630850947 0.6057710383 -0.5)
(-0.3534456659 0.5896886218 -0.5)
(-0.3438062372 0.5736062052 -0.5)
(-0.3341668084 0.5575237887 -0.5)
(-0.3245273796 0.5414413722 -0.5)
(-0.3148879509 0.5253589557 -0.5)
(-0.3052485221 0.5092765392 -0.5)
(-0.2956090934 0.4931941227 -0.5)
(-0.2859696646 0.4771117061 -0.5)
(-0.2763302359 0.4610292896 -0.5)
(-0.2666908071 0.4449468731 -0.5)
(-0.2570513784 0.4288644566 -0.5)
(-0.3771174702 0.7055373298 -0.5)
(-0.3682787788 0.6890013002 -0.5)
(-0.3594400874 0.6724652705 -0.5)
(-0.3506013961 0.6559292409 -0.5)
(-0.3417627047 0.6393932112 -0.5)
(-0.3329240134 0.6228571816 -0.5)
(-0.324085322 0.6063211519 -0.5)
(-0.3152466307 0.5897851223 -0.5)
(-0.3064079393 0.5732490927 -0.5)
(-0.2975692479 0.556713063 -0.5)
(-0.2887305566 0.5401770334 -0.5)
(-0.2798918652 0.5236410037 -0.5)
(-0.2710531739 0.5071049741 -0.5)
(-0.2622144825 0.4905689444 -0.5)
(-0.2533757911 0.4740329148 -0.5)
(-0.2445370998 0.4574968851 -0.5)
(-0.2356984084 0.4409608555 -0.5)
(-0.3420441785 0.7231918196 -0.5)
(-0.3340275179 0.7062420138 -0.5)
(-0.3260108573 0.689292208 -0.5)
(-0.3179941966 0.6723424022 -0.5)
(-0.309977536 0.6553925963 -0.5)
(-0.3019608754 0.6384427905 -0.5)
(-0.2939442148 0.6214929847 -0.5)
(-0.2859275542 0.6045431789 -0.5)
(-0.2779108936 0.5875933731 -0.5)
(-0.2698942329 0.5706435673 -0.5)
(-0.2618775723 0.5536937615 -0.5)
(-0.2538609117 0.5367439557 -0.5)
(-0.2458442511 0.5197941499 -0.5)
(-0.2378275905 0.5028443441 -0.5)
(-0.2298109298 0.4858945383 -0.5)
(-0.2217942692 0.4689447324 -0.5)
(-0.2137776086 0.4519949266 -0.5)
(-0.3061468601 0.7391040579 -0.5)
(-0.2989715432 0.7217813098 -0.5)
(-0.2917962263 0.7044585616 -0.5)
(-0.2846209094 0.6871358134 -0.5)
(-0.2774455925 0.6698130652 -0.5)
(-0.2702702756 0.6524903171 -0.5)
(-0.2630949587 0.6351675689 -0.5)
(-0.2559196418 0.6178448207 -0.5)
(-0.2487443249 0.6005220725 -0.5)
(-0.241569008 0.5831993244 -0.5)
(-0.2343936911 0.5658765762 -0.5)
(-0.2272183742 0.548553828 -0.5)
(-0.2200430573 0.5312310798 -0.5)
(-0.2128677403 0.5139083317 -0.5)
(-0.2056924234 0.4965855835 -0.5)
(-0.1985171065 0.4792628353 -0.5)
(-0.1913417896 0.4619400871 -0.5)
(-0.2695119968 0.75323571 -0.5)
(-0.2631953097 0.7355817517 -0.5)
(-0.2568786226 0.7179277934 -0.5)
(-0.2505619355 0.7002738352 -0.5)
(-0.2442452484 0.6826198769 -0.5)
(-0.2379285613 0.6649659186 -0.5)
(-0.2316118742 0.6473119603 -0.5)
(-0.225295187 0.629658002 -0.5)
(-0.2189784999 0.6120040438 -0.5)
(-0.2126618128 0.5943500855 -0.5)
(-0.2063451257 0.5766961272 -0.5)
(-0.2000284386 0.5590421689 -0.5)
(-0.1937117515 0.5413882106 -0.5)
(-0.1873950644 0.5237342524 -0.5)
(-0.1810783772 0.5060802941 -0.5)
(-0.1747616901 0.4884263358 -0.5)
(-0.168445003 0.4707723775 -0.5)
(-0.2322278474 0.7655527305 -0.5)
(-0.2267850076 0.7476100923 -0.5)
(-0.2213421678 0.7296674541 -0.5)
(-0.215899328 0.7117248159 -0.5)
(-0.2104564882 0.6937821777 -0.5)
(-0.2050136484 0.6758395395 -0.5)
(-0.1995708087 0.6578969013 -0.5)
(-0.1941279689 0.6399542631 -0.5)
(-0.1886851291 0.6220116249 -0.5)
(-0.1832422893 0.6040689867 -0.5)
(-0.1777994495 0.5861263485 -0.5)
(-0.1723566097 0.5681837103 -0.5)
(-0.16691377 0.5502410721 -0.5)
(-0.1614709302 0.5322984339 -0.5)
(-0.1560280904 0.5143557957 -0.5)
(-0.1505852506 0.4964131575 -0.5)
(-0.1451424108 0.4784705193 -0.5)
(-0.1943842346 0.7760254461 -0.5)
(-0.1898283545 0.7578373536 -0.5)
(-0.1852724744 0.7396492612 -0.5)
(-0.1807165943 0.7214611687 -0.5)
(-0.1761607142 0.7032730762 -0.5)
(-0.171604834 0.6850849838 -0.5)
(-0.1670489539 0.6668968913 -0.5)
(-0.1624930738 0.6487087988 -0.5)
(-0.1579371937 0.6305207063 -0.5)
(-0.1533813136 0.6123326139 -0.5)
(-0.1488254335 0.5941445214 -0.5)
(-0.1442695533 0.5759564289 -0.5)
(-0.1397136732 0.5577683365 -0.5)
(-0.1351577931 0.539580244 -0.5)
(-0.130601913 0.5213921515 -0.5)
(-0.1260460329 0.503204059 -0.5)
(-0.1214901528 0.4850159666 -0.5)
(-0.1560723293 0.7846286264 -0.5)
(-0.1524143844 0.7662388966 -0.5)
(-0.1487564395 0.7478491669 -0.5)
(-0.1450984946 0.7294594371 -0.5)
(-0.1414405497 0.7110697073 -0.5)
(-0.1377826048 0.6926799776 -0.5)
(-0.1341246599 0.6742902478 -0.5)
(-0.130466715 0.655900518 -0.5)
(-0.1268087701 0.6375107883 -0.5)
(-0.1231508252 0.6191210585 -0.5)
(-0.1194928803 0.6007313287 -0.5)
(-0.1158349354 0.582341599 -0.5)
(-0.1121769905 0.5639518692 -0.5)
(-0.1085190456 0.5455621394 -0.5)
(-0.1048611007 0.5271724097 -0.5)
(-0.1012031558 0.5087826799 -0.5)
(-0.09754521095 0.4903929501 -0.5)
(-0.1173844305 0.7913415451 -0.5)
(-0.1146332331 0.7727944808 -0.5)
(-0.1118820357 0.7542474165 -0.5)
(-0.1091308384 0.7357003521 -0.5)
(-0.106379641 0.7171532878 -0.5)
(-0.1036284436 0.6986062235 -0.5)
(-0.1008772463 0.6800591592 -0.5)
(-0.09812604891 0.6615120949 -0.5)
(-0.09537485155 0.6429650306 -0.5)
(-0.09262365418 0.6244179662 -0.5)
(-0.08987245682 0.6058709019 -0.5)
(-0.08712125945 0.5873238376 -0.5)
(-0.08437006208 0.5687767733 -0.5)
(-0.08161886472 0.550229709 -0.5)
(-0.07886766735 0.5316826447 -0.5)
(-0.07611646999 0.5131355803 -0.5)
(-0.07336527262 0.494588516 -0.5)
(-0.07841374275 0.7961480298 -0.5)
(-0.07657592078 0.7774883127 -0.5)
(-0.0747380988 0.7588285956 -0.5)
(-0.07290027683 0.7401688785 -0.5)
(-0.07106245485 0.7215091615 -0.5)
(-0.06922463288 0.7028494444 -0.5)
(-0.06738681091 0.6841897273 -0.5)
(-0.06554898893 0.6655300102 -0.5)
(-0.06371116696 0.6468702931 -0.5)
(-0.06187334498 0.628210576 -0.5)
(-0.06003552301 0.609550859 -0.5)
(-0.05819770103 0.5908911419 -0.5)
(-0.05635987906 0.5722314248 -0.5)
(-0.05452205708 0.5535717077 -0.5)
(-0.05268423511 0.5349119906 -0.5)
(-0.05084641313 0.5162522735 -0.5)
(-0.04900859116 0.4975925564 -0.5)
(-0.03925415222 0.799036501 -0.5)
(-0.03833413307 0.7803090843 -0.5)
(-0.03741411391 0.7615816677 -0.5)
(-0.03649409476 0.742854251 -0.5)
(-0.0355740756 0.7241268343 -0.5)
(-0.03465405645 0.7053994176 -0.5)
(-0.03373403729 0.686672001 -0.5)
(-0.03281401814 0.6679445843 -0.5)
(-0.03189399898 0.6492171676 -0.5)
(-0.03097397983 0.6304897509 -0.5)
(-0.03005396067 0.6117623342 -0.5)
(-0.02913394152 0.5930349176 -0.5)
(-0.02821392236 0.5743075009 -0.5)
(-0.02729390321 0.5555800842 -0.5)
(-0.02637388405 0.5368526675 -0.5)
(-0.0254538649 0.5181252508 -0.5)
(-0.02453384574 0.4993978342 -0.5)
(-0.565685 0.565685 0.5)
(-0.55242675 0.55242675 0.5)
(-0.5391685 0.5391685 0.5)
(-0.52591025 0.52591025 0.5)
(-0.512652 0.512652 0.5)
(-0.49939375 0.49939375 0.5)
(-0.4861355 0.4861355 0.5)
(-0.47287725 0.47287725 0.5)
(-0.459619 0.459619 0.5)
(-0.44636075 0.44636075 0.5)
(-0.4331025 0.4331025 0.5)
(-0.41984425 0.41984425 0.5)
(-0.406586 0.406586 0.5)
(-0.39332775 0.39332775 0.5)
(-0.3800695 0.3800695 0.5)
(-0.36681125 0.36681125 0.5)
(-0.353553 0.353553 0.5)
(-0.5372468752 0.5927606321 0.5)
(-0.5246551456 0.5788677989 0.5)
(-0.5120634159 0.5649749657 0.5)
(-0.4994716863 0.5510821325 0.5)
(-0.4868799566 0.5371892992 0.5)
(-0.474288227 0.523296466 0.5)
(-0.4616964973 0.5094036328 0.5)
(-0.4491047677 0.4955107996 0.5)
(-0.4365130381 0.4816179663 0.5)
(-0.4239213084 0.4677251331 0.5)
(-0.4113295788 0.4538322999 0.5)
(-0.3987378491 0.4399394667 0.5)
(-0.3861461195 0.4260466335 0.5)
(-0.3735543898 0.4121538002 0.5)
(-0.3609626602 0.398260967 0.5)
(-0.3483709305 0.3843681338 0.5)
(-0.3357792009 0.3704753006 0.5)
(-0.5075144521 0.6184082405 0.5)
(-0.4956195777 0.6039142932 0.5)
(-0.4837247033 0.589420346 0.5)
(-0.4718298288 0.5749263987 0.5)
(-0.4599349544 0.5604324515 0.5)
(-0.4480400799 0.5459385042 0.5)
(-0.4361452055 0.531444557 0.5)
(-0.424250331 0.5169506097 0.5)
(-0.4123554566 0.5024566625 0.5)
(-0.4004605822 0.4879627152 0.5)
(-0.3885657077 0.473468768 0.5)
(-0.3766708333 0.4589748207 0.5)
(-0.3647759588 0.4444808735 0.5)
(-0.3528810844 0.4299869262 0.5)
(-0.34098621 0.415492979 0.5)
(-0.3290913355 0.4009990317 0.5)
(-0.3171964611 0.3865050844 0.5)
(-0.4765593605 0.6425660362 0.5)
(-0.4653899973 0.6275058923 0.5)
(-0.4542206341 0.6124457484 0.5)
(-0.4430512709 0.5973856044 0.5)
(-0.4318819077 0.5823254605 0.5)
(-0.4207125445 0.5672653166 0.5)
(-0.4095431813 0.5522051727 0.5)
(-0.3983738181 0.5371450287 0.5)
(-0.3872044549 0.5220848848 0.5)
(-0.3760350917 0.5070247409 0.5)
(-0.3648657285 0.4919645969 0.5)
(-0.3536963653 0.476904453 0.5)
(-0.3425270021 0.4618443091 0.5)
(-0.3313576389 0.4467841651 0.5)
(-0.3201882758 0.4317240212 0.5)
(-0.3090189126 0.4166638773 0.5)
(-0.2978495494 0.4016037333 0.5)
(-0.4444561755 0.6651758198 0.5)
(-0.4340392317 0.6495857606 0.5)
(-0.423622288 0.6339957013 0.5)
(-0.4132053443 0.6184056421 0.5)
(-0.4027884005 0.6028155829 0.5)
(-0.3923714568 0.5872255236 0.5)
(-0.381954513 0.5716354644 0.5)
(-0.3715375693 0.5560454052 0.5)
(-0.3611206255 0.5404553459 0.5)
(-0.3507036818 0.5248652867 0.5)
(-0.3402867381 0.5092752275 0.5)
(-0.3298697943 0.4936851683 0.5)
(-0.3194528506 0.478095109 0.5)
(-0.3090359068 0.4625050498 0.5)
(-0.2986189631 0.4469149906 0.5)
(-0.2882020193 0.4313249313 0.5)
(-0.2777850756 0.4157348721 0.5)
(-0.4112822384 0.6861831208 0.5)
(-0.4016428097 0.6701007043 0.5)
(-0.3920033809 0.6540182878 0.5)
(-0.3823639522 0.6379358713 0.5)
(-0.3727245234 0.6218534548 0.5)
(-0.3630850947 0.6057710383 0.5)
(-0.3534456659 0.5896886218 0.5)
(-0.3438062372 0.5736062052 0.5)
(-0.3341668084 0.5575237887 0.5)
(-0.3245273796 0.5414413722 0.5)
(-0.3148879509 0.5253589557 0.5)
(-0.3052485221 0.5092765392 0.5)
(-0.2956090934 0.4931941227 0.5)
(-0.2859696646 0.4771117061 0.5)
(-0.2763302359 0.4610292896 0.5)
(-0.2666908071 0.4449468731 0.5)
(-0.2570513784 0.4288644566 0.5)
(-0.3771174702 0.7055373298 0.5)
(-0.3682787788 0.6890013002 0.5)
(-0.3594400874 0.6724652705 0.5)
(-0.3506013961 0.6559292409 0.5)
(-0.3417627047 0.6393932112 0.5)
(-0.3329240134 0.6228571816 0.5)
(-0.324085322 0.6063211519 0.5)
(-0.3152466307 0.5897851223 0.5)
(-0.3064079393 0.5732490927 0.5)
(-0.2975692479 0.556713063 0.5)
(-0.2887305566 0.5401770334 0.5)
(-0.2798918652 0.5236410037 0.5)
(-0.2710531739 0.5071049741 0.5)
(-0.2622144825 0.4905689444 0.5)
(-0.2533757911 0.4740329148 0.5)
(-0.2445370998 0.4574968851 0.5)
(-0.2356984084 0.4409608555 0.5)
(-0.3420441785 0.7231918196 0.5)
(-0.3340275179 0.7062420138 0.5)
(-0.3260108573 0.689292208 0.5)
(-0.3179941966 0.6723424022 0.5)
(-0.309977536 0.6553925963 0.5)
(-0.3019608754 0.6384427905 0.5)
(-0.2939442148 0.6214929847 0.5)
(-0.2859275542 0.6045431789 0.5)
(-0.2779108936 0.5875933731 0.5)
(-0.2698942329 0.5706435673 0.5)
(-0.2618775723 0.5536937615 0.5)
(-0.2538609117 0.5367439557 0.5)
(-0.2458442511 0.5197941499 0.5)
(-0.2378275905 0.5028443441 0.5)
(-0.2298109298 0.4858945383 0.5)
(-0.2217942692 0.4689447324 0.5)
(-0.2137776086 0.4519949266 0.5)
(-0.3061468601 0.7391040579 0.5)
(-0.2989715432 0.7217813098 0.5)
(-0.2917962263 0.7044585616 0.5)
(-0.2846209094 0.6871358134 0.5)
(-0.2774455925 0.6698130652 0.5)
(-0.2702702756 0.6524903171 0.5)
(-0.2630949587 0.6351675689 0.5)
(-0.2559196418 0.6178448207 0.5)
(-0.2487443249 0.6005220725 0.5)
(-0.241569008 0.5831993244 0.5)
(-0.2343936911 0.5658765762 0.5)
(-0.2272183742 0.548553828 0.5)
(-0.2200430573 0.5312310798 0.5)
(-0.2128677403 0.5139083317 0.5)
(-0.2056924234 0.4965855835 0.5)
(-0.1985171065 0.4792628353 0.5)
(-0.1913417896 0.4619400871 0.5)
(-0.2695119968 0.75323571 0.5)
(-0.2631953097 0.7355817517 0.5)
(-0.2568786226 0.7179277934 0.5)
(-0.2505619355 0.7002738352 0.5)
(-0.2442452484 0.6826198769 0.5)
(-0.2379285613 0.6649659186 0.5)
(-0.2316118742 0.6473119603 0.5)
(-0.225295187 0.629658002 0.5)
(-0.2189784999 0.6120040438 0.5)
(-0.2126618128 0.5943500855 0.5)
(-0.2063451257 0.5766961272 0.5)
(-0.2000284386 0.5590421689 0.5)
(-0.1937117515 0.5413882106 0.5)
(-0.1873950644 0.5237342524 0.5)
(-0.1810783772 0.5060802941 0.5)
(-0.1747616901 0.4884263358 0.5)
(-0.168445003 0.4707723775 0.5)
(-0.2322278474 0.7655527305 0.5)
(-0.2267850076 0.7476100923 0.5)
(-0.2213421678 0.7296674541 0.5)
(-0.215899328 0.7117248159 0.5)
(-0.2104564882 0.6937821777 0.5)
(-0.2050136484 0.6758395395 0.5)
(-0.1995708087 0.6578969013 0.5)
(-0.1941279689 0.6399542631 0.5)
(-0.1886851291 0.6220116249 0.5)
(-0.1832422893 0.6040689867 0.5)
(-0.1777994495 0.5861263485 0.5)
(-0.1723566097 0.5681837103 0.5)
(-0.16691377 0.5502410721 0.5)
(-0.1614709302 0.5322984339 0.5)
(-0.1560280904 0.5143557957 0.5)
(-0.1505852506 0.4964131575 0.5)
(-0.1451424108 0.4784705193 0.5)
(-0.1943842346 0.7760254461 0.5)
(-0.1898283545 0.7578373536 0.5)
(-0.1852724744 0.7396492612 0.5)
(-0.1807165943 0.7214611687 0.5)
(-0.1761607142 0.7032730762 0.5)
(-0.171604834 0.6850849838 0.5)
(-0.1670489539 0.6668968913 0.5)
(-0.1624930738 0.6487087988 0.5)
(-0.1579371937 0.6305207063 0.5)
(-0.1533813136 0.6123326139 0.5)
(-0.1488254335 0.5941445214 0.5)
(-0.1442695533 0.5759564289 0.5)
(-0.1397136732 0.5577683365 0.5)
(-0.1351577931 0.539580244 0.5)
(-0.130601913 0.5213921515 0.5)
(-0.1260460329 0.503204059 0.5)
(-0.1214901528 0.4850159666 0.5)
(-0.1560723293 0.7846286264 0.5)
(-0.1524143844 0.7662388966 0.5)
(-0.1487564395 0.7478491669 0.5)
(-0.1450984946 0.7294594371 0.5)
(-0.1414405497 0.7110697073 0.5)
(-0.1377826048 0.6926799776 0.5)
(-0.1341246599 0.6742902478 0.5)
(-0.130466715 0.655900518 0.5)
(-0.1268087701 0.6375107883 0.5)
(-0.1231508252 0.6191210585 0.5)
(-0.1194928803 0.6007313287 0.5)
(-0.1158349354 0.582341599 0.5)
(-0.1121769905 0.5639518692 0.5)
(-0.1085190456 0.5455621394 0.5)
(-0.1048611007 0.5271724097 0.5)
(-0.1012031558 0.5087826799 0.5)
(-0.09754521095 0.4903929501 0.5)
(-0.1173844305 0.7913415451 0.5)
(-0.1146332331 0.7727944808 0.5)
(-0.1118820357 0.7542474165 0.5)
(-0.1091308384 0.7357003521 0.5)
(-0.106379641 0.7171532878 0.5)
(-0.1036284436 0.6986062235 0.5)
(-0.1008772463 0.6800591592 0.5)
(-0.09812604891 0.6615120949 0.5)
(-0.09537485155 0.6429650306 0.5)
(-0.09262365418 0.6244179662 0.5)
(-0.08987245682 0.6058709019 0.5)
(-0.08712125945 0.5873238376 0.5)
(-0.08437006208 0.5687767733 0.5)
(-0.08161886472 0.550229709 0.5)
(-0.07886766735 0.5316826447 0.5)
(-0.07611646999 0.5131355803 0.5)
(-0.07336527262 0.494588516 0.5)
(-0.07841374275 0.7961480298 0.5)
(-0.07657592078 0.7774883127 0.5)
(-0.0747380988 0.7588285956 0.5)
(-0.07290027683 0.7401688785 0.5)
(-0.07106245485 0.7215091615 0.5)
(-0.06922463288 0.7028494444 0.5)
(-0.06738681091 0.6841897273 0.5)
(-0.06554898893 0.6655300102 0.5)
(-0.06371116696 0.6468702931 0.5)
(-0.06187334498 0.628210576 0.5)
(-0.06003552301 0.609550859 0.5)
(-0.05819770103 0.5908911419 0.5)
(-0.05635987906 0.5722314248 0.5)
(-0.05452205708 0.5535717077 0.5)
(-0.05268423511 0.5349119906 0.5)
(-0.05084641313 0.5162522735 0.5)
(-0.04900859116 0.4975925564 0.5)
(-0.03925415222 0.799036501 0.5)
(-0.03833413307 0.7803090843 0.5)
(-0.03741411391 0.7615816677 0.5)
(-0.03649409476 0.742854251 0.5)
(-0.0355740756 0.7241268343 0.5)
(-0.03465405645 0.7053994176 0.5)
(-0.03373403729 0.686672001 0.5)
(-0.03281401814 0.6679445843 0.5)
(-0.03189399898 0.6492171676 0.5)
(-0.03097397983 0.6304897509 0.5)
(-0.03005396067 0.6117623342 0.5)
(-0.02913394152 0.5930349176 0.5)
(-0.02821392236 0.5743075009 0.5)
(-0.02729390321 0.5555800842 0.5)
(-0.02637388405 0.5368526675 0.5)
(-0.0254538649 0.5181252508 0.5)
(-0.02453384574 0.4993978342 0.5)
(-0.8 0 -0.5)
(-0.78125 0 -0.5)
(-0.7625 0 -0.5)
(-0.74375 0 -0.5)
(-0.725 0 -0.5)
(-0.70625 0 -0.5)
(-0.6875 0 -0.5)
(-0.66875 0 -0.5)
(-0.65 0 -0.5)
(-0.63125 0 -0.5)
(-0.6125 0 -0.5)
(-0.59375 0 -0.5)
(-0.575 0 -0.5)
(-0.55625 0 -0.5)
(-0.5375 0 -0.5)
(-0.51875 0 -0.5)
(-0.5 0 -0.5)
(-0.799036501 0.03925415222 -0.5)
(-0.7803090843 0.03833413307 -0.5)
(-0.7615816677 0.03741411391 -0.5)
(-0.742854251 0.03649409476 -0.5)
(-0.7241268343 0.0355740756 -0.5)
(-0.7053994176 0.03465405645 -0.5)
(-0.686672001 0.03373403729 -0.5)
(-0.6679445843 0.03281401814 -0.5)
(-0.6492171676 0.03189399898 -0.5)
(-0.6304897509 0.03097397983 -0.5)
(-0.6117623342 0.03005396067 -0.5)
(-0.5930349176 0.02913394152 -0.5)
(-0.5743075009 0.02821392236 -0.5)
(-0.5555800842 0.02729390321 -0.5)
(-0.5368526675 0.02637388405 -0.5)
(-0.5181252508 0.0254538649 -0.5)
(-0.4993978342 0.02453384574 -0.5)
(-0.7961480298 0.07841374275 -0.5)
(-0.7774883127 0.07657592078 -0.5)
(-0.7588285956 0.0747380988 -0.5)
(-0.7401688785 0.07290027683 -0.5)
(-0.7215091615 0.07106245485 -0.5)
(-0.7028494444 0.06922463288 -0.5)
(-0.6841897273 0.06738681091 -0.5)
(-0.6655300102 0.06554898893 -0.5)
(-0.6468702931 0.06371116696 -0.5)
(-0.628210576 0.06187334498 -0.5)
(-0.609550859 0.06003552301 -0.5)
(-0.5908911419 0.05819770103 -0.5)
(-0.5722314248 0.05635987906 -0.5)
(-0.5535717077 0.05452205708 -0.5)
(-0.5349119906 0.05268423511 -0.5)
(-0.5162522735 0.05084641313 -0.5)
(-0.4975925564 0.04900859116 -0.5)
(-0.7913415451 0.1173844305 -0.5)
(-0.7727944808 0.1146332331 -0.5)
(-0.7542474165 0.1118820357 -0.5)
(-0.7357003521 0.1091308384 -0.5)
(-0.7171532878 0.106379641 -0.5)
(-0.6986062235 0.1036284436 -0.5)
(-0.6800591592 0.1008772463 -0.5)
(-0.6615120949 0.09812604891 -0.5)
(-0.6429650306 0.09537485155 -0.5)
(-0.6244179662 0.09262365418 -0.5)
(-0.6058709019 0.08987245682 -0.5)
(-0.5873238376 0.08712125945 -0.5)
(-0.5687767733 0.08437006208 -0.5)
(-0.550229709 0.08161886472 -0.5)
(-0.5316826447 0.07886766735 -0.5)
(-0.5131355803 0.07611646999 -0.5)
(-0.494588516 0.07336527262 -0.5)
(-0.7846286264 0.1560723293 -0.5)
(-0.7662388966 0.1524143844 -0.5)
(-0.7478491669 0.1487564395 -0.5)
(-0.7294594371 0.1450984946 -0.5)
(-0.7110697073 0.1414405497 -0.5)
(-0.6926799776 0.1377826048 -0.5)
(-0.6742902478 0.1341246599 -0.5)
(-0.655900518 0.130466715 -0.5)
(-0.6375107883 0.1268087701 -0.5)
(-0.6191210585 0.1231508252 -0.5)
(-0.6007313287 0.1194928803 -0.5)
(-0.582341599 0.1158349354 -0.5)
(-0.5639518692 0.1121769905 -0.5)
(-0.5455621394 0.1085190456 -0.5)
(-0.5271724097 0.1048611007 -0.5)
(-0.5087826799 0.1012031558 -0.5)
(-0.4903929501 0.09754521095 -0.5)
(-0.7760254461 0.1943842346 -0.5)
(-0.7578373536 0.1898283545 -0.5)
(-0.7396492612 0.1852724744 -0.5)
(-0.7214611687 0.1807165943 -0.5)
(-0.7032730762 0.1761607142 -0.5)
(-0.6850849838 0.171604834 -0.5)
(-0.6668968913 0.1670489539 -0.5)
(-0.6487087988 0.1624930738 -0.5)
(-0.6305207063 0.1579371937 -0.5)
(-0.6123326139 0.1533813136 -0.5)
(-0.5941445214 0.1488254335 -0.5)
(-0.5759564289 0.1442695533 -0.5)
(-0.5577683365 0.1397136732 -0.5)
(-0.539580244 0.1351577931 -0.5)
(-0.5213921515 0.130601913 -0.5)
(-0.503204059 0.1260460329 -0.5)
(-0.4850159666 0.1214901528 -0.5)
(-0.7655527305 0.2322278474 -0.5)
(-0.7476100923 0.2267850076 -0.5)
(-0.7296674541 0.2213421678 -0.5)
(-0.7117248159 0.215899328 -0.5)
(-0.6937821777 0.2104564882 -0.5)
(-0.6758395395 0.2050136484 -0.5)
(-0.6578969013 0.1995708087 -0.5)
(-0.6399542631 0.1941279689 -0.5)
(-0.6220116249 0.1886851291 -0.5)
(-0.6040689867 0.1832422893 -0.5)
(-0.5861263485 0.1777994495 -0.5)
(-0.5681837103 0.1723566097 -0.5)
(-0.5502410721 0.16691377 -0.5)
(-0.5322984339 0.1614709302 -0.5)
(-0.5143557957 0.1560280904 -0.5)
(-0.4964131575 0.1505852506 -0.5)
(-0.4784705193 0.1451424108 -0.5)
(-0.75323571 0.2695119968 -0.5)
(-0.7355817517 0.2631953097 -0.5)
(-0.7179277934 0.2568786226 -0.5)
(-0.7002738352 0.2505619355 -0.5)
(-0.6826198769 0.2442452484 -0.5)
(-0.6649659186 0.2379285613 -0.5)
(-0.6473119603 0.2316118742 -0.5)
(-0.629658002 0.225295187 -0.5)
(-0.6120040438 0.2189784999 -0.5)
(-0.5943500855 0.2126618128 -0.5)
(-0.5766961272 0.2063451257 -0.5)
(-0.5590421689 0.2000284386 -0.5)
(-0.5413882106 0.1937117515 -0.5)
(-0.5237342524 0.1873950644 -0.5)
(-0.5060802941 0.1810783772 -0.5)
(-0.4884263358 0.1747616901 -0.5)
(-0.4707723775 0.168445003 -0.5)
(-0.7391040579 0.3061468601 -0.5)
(-0.7217813098 0.2989715432 -0.5)
(-0.7044585616 0.2917962263 -0.5)
(-0.6871358134 0.2846209094 -0.5)
(-0.6698130652 0.2774455925 -0.5)
(-0.6524903171 0.2702702756 -0.5)
(-0.6351675689 0.2630949587 -0.5)
(-0.6178448207 0.2559196418 -0.5)
(-0.6005220725 0.2487443249 -0.5)
(-0.5831993244 0.241569008 -0.5)
(-0.5658765762 0.2343936911 -0.5)
(-0.548553828 0.2272183742 -0.5)
(-0.5312310798 0.2200430573 -0.5)
(-0.5139083317 0.2128677403 -0.5)
(-0.4965855835 0.2056924234 -0.5)
(-0.4792628353 0.1985171065 -0.5)
(-0.4619400871 0.1913417896 -0.5)
(-0.7231918196 0.3420441785 -0.5)
(-0.7062420138 0.3340275179 -0.5)
(-0.689292208 0.3260108573 -0.5)
(-0.6723424022 0.3179941966 -0.5)
(-0.6553925963 0.309977536 -0.5)
(-0.6384427905 0.3019608754 -0.5)
(-0.6214929847 0.2939442148 -0.5)
(-0.6045431789 0.2859275542 -0.5)
(-0.5875933731 0.2779108936 -0.5)
(-0.5706435673 0.2698942329 -0.5)
(-0.5536937615 0.2618775723 -0.5)
(-0.5367439557 0.2538609117 -0.5)
(-0.5197941499 0.2458442511 -0.5)
(-0.5028443441 0.2378275905 -0.5)
(-0.4858945383 0.2298109298 -0.5)
(-0.4689447324 0.2217942692 -0.5)
(-0.4519949266 0.2137776086 -0.5)
(-0.7055373298 0.3771174702 -0.5)
(-0.6890013002 0.3682787788 -0.5)
(-0.6724652705 0.3594400874 -0.5)
(-0.6559292409 0.3506013961 -0.5)
(-0.6393932112 0.3417627047 -0.5)
(-0.6228571816 0.3329240134 -0.5)
(-0.6063211519 0.324085322 -0.5)
(-0.5897851223 0.3152466307 -0.5)
(-0.5732490927 0.3064079393 -0.5)
(-0.556713063 0.2975692479 -0.5)
(-0.5401770334 0.2887305566 -0.5)
(-0.5236410037 0.2798918652 -0.5)
(-0.5071049741 0.2710531739 -0.5)
(-0.4905689444 0.2622144825 -0.5)
(-0.4740329148 0.2533757911 -0.5)
(-0.4574968851 0.2445370998 -0.5)
(-0.4409608555 0.2356984084 -0.5)
(-0.6861831208 0.4112822384 -0.5)
(-0.6701007043 0.4016428097 -0.5)
(-0.6540182878 0.3920033809 -0.5)
(-0.6379358713 0.3823639522 -0.5)
(-0.6218534548 0.3727245234 -0.5)
(-0.6057710383 0.3630850947 -0.5)
(-0.5896886218 0.3534456659 -0.5)
(-0.5736062052 0.3438062372 -0.5)
(-0.5575237887 0.3341668084 -0.5)
(-0.5414413722 0.3245273796 -0.5)
(-0.5253589557 0.3148879509 -0.5)
(-0.5092765392 0.3052485221 -0.5)
(-0.4931941227 0.2956090934 -0.5)
(-0.4771117061 0.2859696646 -0.5)
(-0.4610292896 0.2763302359 -0.5)
(-0.4449468731 0.2666908071 -0.5)
(-0.4288644566 0.2570513784 -0.5)
(-0.6651758198 0.4444561755 -0.5)
(-0.6495857606 0.4340392317 -0.5)
(-0.6339957013 0.423622288 -0.5)
(-0.6184056421 0.4132053443 -0.5)
(-0.6028155829 0.4027884005 -0.5)
(-0.5872255236 0.3923714568 -0.5)
(-0.5716354644 0.381954513 -0.5)
(-0.5560454052 0.3715375693 -0.5)
(-0.5404553459 0.3611206255 -0.5)
(-0.5248652867 0.3507036818 -0.5)
(-0.5092752275 0.3402867381 -0.5)
(-0.4936851683 0.3298697943 -0.5)
(-0.478095109 0.3194528506 -0.5)
(-0.4625050498 0.3090359068 -0.5)
(-0.4469149906 0.2986189631 -0.5)
(-0.4313249313 0.2882020193 -0.5)
(-0.4157348721 0.2777850756 -0.5)
(-0.6425660362 0.4765593605 -0.5)
(-0.6275058923 0.4653899973 -0.5)
(-0.6124457484 0.4542206341 -0.5)
(-0.5973856044 0.4430512709 -0.5)
(-0.5823254605 0.4318819077 -0.5)
(-0.5672653166 0.4207125445 -0.5)
(-0.5522051727 0.4095431813 -0.5)
(-0.5371450287 0.3983738181 -0.5)
(-0.5220848848 0.3872044549 -0.5)
(-0.5070247409 0.3760350917 -0.5)
(-0.4919645969 0.3648657285 -0.5)
(-0.476904453 0.3536963653 -0.5)
(-0.4618443091 0.3425270021 -0.5)
(-0.4467841651 0.3313576389 -0.5)
(-0.4317240212 0.3201882758 -0.5)
(-0.4166638773 0.3090189126 -0.5)
(-0.4016037333 0.2978495494 -0.5)
(-0.6184082405 0.5075144521 -0.5)
(-0.6039142932 0.4956195777 -0.5)
(-0.589420346 0.4837247033 -0.5)
(-0.5749263987 0.4718298288 -0.5)
(-0.5604324515 0.4599349544 -0.5)
(-0.5459385042 0.4480400799 -0.5)
(-0.531444557 0.4361452055 -0.5)
(-0.5169506097 0.424250331 -0.5)
(-0.5024566625 0.4123554566 -0.5)
(-0.4879627152 0.4004605822 -0.5)
(-0.473468768 0.3885657077 -0.5)
(-0.4589748207 0.3766708333 -0.5)
(-0.4444808735 0.3647759588 -0.5)
(-0.4299869262 0.3528810844 -0.5)
(-0.415492979 0.34098621 -0.5)
(-0.4009990317 0.3290913355 -0.5)
(-0.3865050844 0.3171964611 -0.5)
(-0.5927606321 0.5372468752 -0.5)
(-0.5788677989 0.5246551456 -0.5)
(-0.5649749657 0.5120634159 -0.5)
(-0.5510821325 0.4994716863 -0.5)
(-0.5371892992 0.4868799566 -0.5)
(-0.523296466 0.474288227 -0.5)
(-0.5094036328 0.4616964973 -0.5)
(-0.4955107996 0.4491047677 -0.5)
(-0.4816179663 0.4365130381 -0.5)
(-0.4677251331 0.4239213084 -0.5)
(-0.4538322999 0.4113295788 -0.5)
(-0.4399394667 0.3987378491 -0.5)
(-0.4260466335 0.3861461195 -0.5)
(-0.4121538002 0.3735543898 -0.5)
(-0.398260967 0.3609626602 -0.5)
(-0.3843681338 0.3483709305 -0.5)
(-0.3704753006 0.3357792009 -0.5)
(-0.8 0 0.5)
(-0.78125 0 0.5)
(-0.7625 0 0.5)
(-0.74375 0 0.5)
(-0.725 0 0.5)
(-0.70625 0 0.5)
(-0.6875 0 0.5)
(-0.66875 0 0.5)
(-0.65 0 0.5)
(-0.63125 0 0.5)
(-0.6125 0 0.5)
(-0.59375 0 0.5)
(-0.575 0 0.5)
(-0.55625 0 0.5)
(-0.5375 0 0.5)
(-0.51875 0 0.5)
(-0.5 0 0.5)
(-0.799036501 0.03925415222 0.5)
(-0.7803090843 0.03833413307 0.5)
(-0.7615816677 0.03741411391 0.5)
(-0.742854251 0.03649409476 0.5)
(-0.7241268343 0.0355740756 0.5)
(-0.7053994176 0.03465405645 0.5)
(-0.686672001 0.03373403729 0.5)
(-0.6679445843 0.03281401814 0.5)
(-0.6492171676 0.03189399898 0.5)
(-0.6304897509 0.03097397983 0.5)
(-0.6117623342 0.03005396067 0.5)
(-0.5930349176 0.02913394152 0.5)
(-0.5743075009 0.02821392236 0.5)
(-0.5555800842 0.02729390321 0.5)
(-0.5368526675 0.02637388405 0.5)
(-0.5181252508 0.0254538649 0.5)
(-0.4993978342 0.02453384574 0.5)
(-0.7961480298 0.07841374275 0.5)
(-0.7774883127 0.07657592078 0.5)
(-0.7588285956 0.0747380988 0.5)
(-0.7401688785 0.07290027683 0.5)
(-0.7215091615 0.07106245485 0.5)
(-0.7028494444 0.06922463288 0.5)
(-0.6841897273 0.06738681091 0.5)
(-0.6655300102 0.06554898893 0.5)
(-0.6468702931 0.06371116696 0.5)
(-0.628210576 0.06187334498 0.5)
(-0.609550859 0.06003552301 0.5)
(-0.5908911419 0.05819770103 0.5)
(-0.5722314248 0.05635987906 0.5)
(-0.5535717077 0.05452205708 0.5)
(-0.5349119906 0.05268423511 0.5)
(-0.5162522735 0.05084641313 0.5)
(-0.4975925564 0.04900859116 0.5)
(-0.7913415451 0.1173844305 0.5)
(-0.7727944808 0.1146332331 0.5)
(-0.7542474165 0.1118820357 0.5)
(-0.7357003521 0.1091308384 0.5)
(-0.7171532878 0.106379641 0.5)
(-0.6986062235 0.1036284436 0.5)
(-0.6800591592 0.1008772463 0.5)
(-0.6615120949 0.09812604891 0.5)
(-0.6429650306 0.09537485155 0.5)
(-0.6244179662 0.09262365418 0.5)
(-0.6058709019 0.08987245682 0.5)
(-0.5873238376 0.08712125945 0.5)
(-0.5687767733 0.08437006208 0.5)
(-0.550229709 0.08161886472 0.5)
(-0.5316826447 0.07886766735 0.5)
(-0.5131355803 0.07611646999 0.5)
(-0.494588516 0.07336527262 0.5)
(-0.7846286264 0.1560723293 0.5)
(-0.7662388966 0.1524143844 0.5)
(-0.7478491669 0.1487564395 0.5)
(-0.7294594371 0.1450984946 0.5)
(-0.7110697073 0.1414405497 0.5)
(-0.6926799776 0.1377826048 0.5)
(-0.6742902478 0.1341246599 0.5)
(-0.655900518 0.130466715 0.5)
(-0.6375107883 0.1268087701 0.5)
(-0.6191210585 0.1231508252 0.5)
(-0.6007313287 0.1194928803 0.5)
(-0.582341599 0.1158349354 0.5)
(-0.5639518692 0.1121769905 0.5)
(-0.5455621394 0.1085190456 0.5)
(-0.5271724097 0.1048611007 0.5)
(-0.5087826799 0.1012031558 0.5)
(-0.4903929501 0.09754521095 0.5)
(-0.7760254461 0.1943842346 0.5)
(-0.7578373536 0.1898283545 0.5)
(-0.7396492612 0.1852724744 0.5)
(-0.7214611687 0.1807165943 0.5)
(-0.7032730762 0.1761607142 0.5)
(-0.6850849838 0.171604834 0.5)
(-0.6668968913 0.1670489539 0.5)
(-0.6487087988 0.1624930738 0.5)
(-0.6305207063 0.1579371937 0.5)
(-0.6123326139 0.1533813136 0.5)
(-0.5941445214 0.1488254335 0.5)
(-0.5759564289 0.1442695533 0.5)
(-0.5577683365 0.1397136732 0.5)
(-0.539580244 0.1351577931 0.5)
(-0.5213921515 0.130601913 0.5)
(-0.503204059 0.1260460329 0.5)
(-0.4850159666 0.1214901528 0.5)
(-0.7655527305 0.2322278474 0.5)
(-0.7476100923 0.2267850076 0.5)
(-0.7296674541 0.2213421678 0.5)
(-0.7117248159 0.215899328 0.5)
(-0.6937821777 0.2104564882 0.5)
(-0.6758395395 0.2050136484 0.5)
(-0.6578969013 0.1995708087 0.5)
(-0.6399542631 0.1941279689 0.5)
(-0.6220116249 0.1886851291 0.5)
(-0.6040689867 0.1832422893 0.5)
(-0.5861263485 0.1777994495 0.5)
(-0.5681837103 0.1723566097 0.5)
(-0.5502410721 0.16691377 0.5)
(-0.5322984339 0.1614709302 0.5)
(-0.5143557957 0.1560280904 0.5)
(-0.4964131575 0.1505852506 0.5)
(-0.4784705193 0.1451424108 0.5)
(-0.75323571 0.2695119968 0.5)
(-0.7355817517 0.2631953097 0.5)
(-0.7179277934 0.2568786226 0.5)
(-0.7002738352 0.2505619355 0.5)
(-0.6826198769 0.2442452484 0.5)
(-0.6649659186 0.2379285613 0.5)
(-0.6473119603 0.2316118742 0.5)
(-0.629658002 0.225295187 0.5)
(-0.6120040438 0.2189784999 0.5)
(-0.5943500855 0.2126618128 0.5)
(-0.5766961272 0.2063451257 0.5)
(-0.5590421689 0.2000284386 0.5)
(-0.5413882106 0.1937117515 0.5)
(-0.5237342524 0.1873950644 0.5)
(-0.5060802941 0.1810783772 0.5)
(-0.4884263358 0.1747616901 0.5)
(-0.4707723775 0.168445003 0.5)
(-0.7391040579 0.3061468601 0.5)
(-0.7217813098 0.2989715432 0.5)
(-0.7044585616 0.2917962263 0.5)
(-0.6871358134 0.2846209094 0.5)
(-0.6698130652 0.2774455925 0.5)
(-0.6524903171 0.2702702756 0.5)
(-0.6351675689 0.2630949587 0.5)
(-0.6178448207 0.2559196418 0.5)
(-0.6005220725 0.2487443249 0.5)
(-0.5831993244 0.241569008 0.5)
(-0.5658765762 0.2343936911 0.5)
(-0.548553828 0.2272183742 0.5)
(-0.5312310798 0.2200430573 0.5)
(-0.5139083317 0.2128677403 0.5)
(-0.4965855835 0.2056924234 0.5)
(-0.4792628353 0.1985171065 0.5)
(-0.4619400871 0.1913417896 0.5)
(-0.7231918196 0.3420441785 0.5)
(-0.7062420138 0.3340275179 0.5)
(-0.689292208 0.3260108573 0.5)
(-0.6723424022 0.3179941966 0.5)
(-0.6553925963 0.309977536 0.5)
(-0.6384427905 0.3019608754 0.5)
(-0.6214929847 0.2939442148 0.5)
(-0.6045431789 0.2859275542 0.5)
(-0.5875933731 0.2779108936 0.5)
(-0.5706435673 0.2698942329 0.5)
(-0.5536937615 0.2618775723 0.5)
(-0.5367439557 0.2538609117 0.5)
(-0.5197941499 0.2458442511 0.5)
(-0.5028443441 0.2378275905 0.5)
(-0.4858945383 0.2298109298 0.5)
(-0.4689447324 0.2217942692 0.5)
(-0.4519949266 0.2137776086 0.5)
(-0.7055373298 0.3771174702 0.5)
(-0.6890013002 0.3682787788 0.5)
(-0.6724652705 0.3594400874 0.5)
(-0.6559292409 0.3506013961 0.5)
(-0.6393932112 0.3417627047 0.5)
(-0.6228571816 0.3329240134 0.5)
(-0.6063211519 0.324085322 0.5)
(-0.5897851223 0.3152466307 0.5)
(-0.5732490927 0.3064079393 0.5)
(-0.556713063 0.2975692479 0.5)
(-0.5401770334 0.2887305566 0.5)
(-0.5236410037 0.2798918652 0.5)
(-0.5071049741 0.2710531739 0.5)
(-0.4905689444 0.2622144825 0.5)
(-0.4740329148 0.2533757911 0.5)
(-0.4574968851 0.2445370998 0.5)
(-0.4409608555 0.2356984084 0.5)
(-0.6861831208 0.4112822384 0.5)
(-0.6701007043 0.4016428097 0.5)
(-0.6540182878 0.3920033809 0.5)
(-0.6379358713 0.3823639522 0.5)
(-0.6218534548 0.3727245234 0.5)
(-0.6057710383 0.3630850947 0.5)
(-0.5896886218 0.3534456659 0.5)
(-0.5736062052 0.3438062372 0.5)
(-0.5575237887 0.3341668084 0.5)
(-0.5414413722 0.3245273796 0.5)
(-0.5253589557 0.3148879509 0.5)
(-0.5092765392 0.3052485221 0.5)
(-0.4931941227 0.2956090934 0.5)
(-0.4771117061 0.2859696646 0.5)
(-0.4610292896 0.2763302359 0.5)
(-0.4449468731 0.2666908071 0.5)
(-0.4288644566 0.2570513784 0.5)
(-0.6651758198 0.4444561755 0.5)
(-0.6495857606 0.4340392317 0.5)
(-0.6339957013 0.423622288 0.5)
(-0.6184056421 0.4132053443 0.5)
(-0.6028155829 0.4027884005 0.5)
(-0.5872255236 0.3923714568 0.5)
(-0.5716354644 0.381954513 0.5)
(-0.5560454052 0.3715375693 0.5)
(-0.5404553459 0.3611206255 0.5)
(-0.5248652867 0.3507036818 0.5)
(-0.5092752275 0.3402867381 0.5)
(-0.4936851683 0.3298697943 0.5)
(-0.478095109 0.3194528506 0.5)
(-0.4625050498 0.3090359068 0.5)
(-0.4469149906 0.2986189631 0.5)
(-0.4313249313 0.2882020193 0.5)
(-0.4157348721 0.2777850756 0.5)
(-0.6425660362 0.4765593605 0.5)
(-0.6275058923 0.4653899973 0.5)
(-0.6124457484 0.4542206341 0.5)
(-0.5973856044 0.4430512709 0.5)
(-0.5823254605 0.4318819077 0.5)
(-0.5672653166 0.4207125445 0.5)
(-0.5522051727 0.4095431813 0.5)
(-0.5371450287 0.3983738181 0.5)
(-0.5220848848 0.3872044549 0.5)
(-0.5070247409 0.3760350917 0.5)
(-0.4919645969 0.3648657285 0.5)
(-0.476904453 0.3536963653 0.5)
(-0.4618443091 0.3425270021 0.5)
(-0.4467841651 0.3313576389 0.5)
(-0.4317240212 0.3201882758 0.5)
(-0.4166638773 0.3090189126 0.5)
(-0.4016037333 0.2978495494 0.5)
(-0.6184082405 0.5075144521 0.5)
(-0.6039142932 0.4956195777 0.5)
(-0.589420346 0.4837247033 0.5)
(-0.5749263987 0.4718298288 0.5)
(-0.5604324515 0.4599349544 0.5)
(-0.5459385042 0.4480400799 0.5)
(-0.531444557 0.4361452055 0.5)
(-0.5169506097 0.424250331 0.5)
(-0.5024566625 0.4123554566 0.5)
(-0.4879627152 0.4004605822 0.5)
(-0.473468768 0.3885657077 0.5)
(-0.4589748207 0.3766708333 0.5)
(-0.4444808735 0.3647759588 0.5)
(-0.4299869262 0.3528810844 0.5)
(-0.415492979 0.34098621 0.5)
(-0.4009990317 0.3290913355 0.5)
(-0.3865050844 0.3171964611 0.5)
(-0.5927606321 0.5372468752 0.5)
(-0.5788677989 0.5246551456 0.5)
(-0.5649749657 0.5120634159 0.5)
(-0.5510821325 0.4994716863 0.5)
(-0.5371892992 0.4868799566 0.5)
(-0.523296466 0.474288227 0.5)
(-0.5094036328 0.4616964973 0.5)
(-0.4955107996 0.4491047677 0.5)
(-0.4816179663 0.4365130381 0.5)
(-0.4677251331 0.4239213084 0.5)
(-0.4538322999 0.4113295788 0.5)
(-0.4399394667 0.3987378491 0.5)
(-0.4260466335 0.3861461195 0.5)
(-0.4121538002 0.3735543898 0.5)
(-0.398260967 0.3609626602 0.5)
(-0.3843681338 0.3483709305 0.5)
(-0.3704753006 0.3357792009 0.5)
(-5 0 -0.5)
(-4.7375 0 -0.5)
(-4.475 0 -0.5)
(-4.2125 0 -0.5)
(-3.95 0 -0.5)
(-3.6875 0 -0.5)
(-3.425 0 -0.5)
(-3.1625 0 -0.5)
(-2.9 0 -0.5)
(-2.6375 0 -0.5)
(-2.375 0 -0.5)
(-2.1125 0 -0.5)
(-1.85 0 -0.5)
(-1.5875 0 -0.5)
(-1.325 0 -0.5)
(-1.0625 0 -0.5)
(-5 0.0353553125 -0.5)
(-4.737439781 0.03559898998 -0.5)
(-4.474879563 0.03584266746 -0.5)
(-4.212319344 0.03608634495 -0.5)
(-3.949759125 0.03633002243 -0.5)
(-3.687198907 0.03657369991 -0.5)
(-3.424638688 0.03681737739 -0.5)
(-3.162078469 0.03706105488 -0.5)
(-2.899518251 0.03730473236 -0.5)
(-2.636958032 0.03754840984 -0.5)
(-2.374397813 0.03779208732 -0.5)
(-2.111837594 0.03803576481 -0.5)
(-1.849277376 0.03827944229 -0.5)
(-1.586717157 0.03852311977 -0.5)
(-1.324156938 0.03876679725 -0.5)
(-1.06159672 0.03901047474 -0.5)
(-5 0.070710625 -0.5)
(-4.737259252 0.07119206986 -0.5)
(-4.474518504 0.07167351472 -0.5)
(-4.211777756 0.07215495958 -0.5)
(-3.949037007 0.07263640444 -0.5)
(-3.686296259 0.0731178493 -0.5)
(-3.423555511 0.07359929416 -0.5)
(-3.160814763 0.07408073902 -0.5)
(-2.898074015 0.07456218388 -0.5)
(-2.635333267 0.07504362874 -0.5)
(-2.372592519 0.0755250736 -0.5)
(-2.10985177 0.07600651846 -0.5)
(-1.847111022 0.07648796332 -0.5)
(-1.584370274 0.07696940818 -0.5)
(-1.321629526 0.07745085303 -0.5)
(-1.058888778 0.07793229789 -0.5)
(-5 0.1060659375 -0.5)
(-4.736958847 0.1067733433 -0.5)
(-4.473917693 0.1074807491 -0.5)
(-4.21087654 0.1081881549 -0.5)
(-3.947835386 0.1088955607 -0.5)
(-3.684794233 0.1096029666 -0.5)
(-3.421753079 0.1103103724 -0.5)
(-3.158711926 0.1110177782 -0.5)
(-2.895670773 0.111725184 -0.5)
(-2.632629619 0.1124325898 -0.5)
(-2.369588466 0.1131399956 -0.5)
(-2.106547312 0.1138474014 -0.5)
(-1.843506159 0.1145548072 -0.5)
(-1.580465005 0.115262213 -0.5)
(-1.317423852 0.1159696189 -0.5)
(-1.054382699 0.1166770247 -0.5)
(-5 0.14142125 -0.5)
(-4.736539289 0.1423369425 -0.5)
(-4.473078578 0.1432526349 -0.5)
(-4.209617867 0.1441683274 -0.5)
(-3.946157157 0.1450840198 -0.5)
(-3.682696446 0.1459997123 -0.5)
(-3.419235735 0.1469154048 -0.5)
(-3.155775024 0.1478310972 -0.5)
(-2.892314313 0.1487467897 -0.5)
(-2.628853602 0.1496624821 -0.5)
(-2.365392891 0.1505781746 -0.5)
(-2.101932181 0.1514938671 -0.5)
(-1.83847147 0.1524095595 -0.5)
(-1.575010759 0.153325252 -0.5)
(-1.311550048 0.1542409444 -0.5)
(-1.048089337 0.1551566369 -0.5)
(-5 0.1767765625 -0.5)
(-4.73600159 0.177877042 -0.5)
(-4.472003181 0.1789775215 -0.5)
(-4.208004771 0.180078001 -0.5)
(-3.944006362 0.1811784805 -0.5)
(-3.680007952 0.18227896 -0.5)
(-3.416009542 0.1833794395 -0.5)
(-3.152011133 0.1844799191 -0.5)
(-2.888012723 0.1855803986 -0.5)
(-2.624014313 0.1866808781 -0.5)
(-2.360015904 0.1877813576 -0.5)
(-2.096017494 0.1888818371 -0.5)
(-1.832019085 0.1899823166 -0.5)
(-1.568020675 0.1910827961 -0.5)
(-1.304022265 0.1921832756 -0.5)
(-1.040023856 0.1932837551 -0.5)
(-5 0.212131875 -0.5)
(-4.735347046 0.2133878733 -0.5)
(-4.470694091 0.2146438715 -0.5)
(-4.206041137 0.2158998698 -0.5)
(-3.941388183 0.2171558681 -0.5)
(-3.676735228 0.2184118664 -0.5)
(-3.412082274 0.2196678646 -0.5)
(-3.14742932 0.2209238629 -0.5)
(-2.882776365 0.2221798612 -0.5)
(-2.618123411 0.2234358595 -0.5)
(-2.353470457 0.2246918577 -0.5)
(-2.088817502 0.225947856 -0.5)
(-1.824164548 0.2272038543 -0.5)
(-1.559511594 0.2284598526 -0.5)
(-1.294858639 0.2297158508 -0.5)
(-1.030205685 0.2309718491 -0.5)
(-5 0.2474871875 -0.5)
(-4.734577232 0.2488637381 -0.5)
(-4.469154464 0.2502402887 -0.5)
(-4.203731696 0.2516168393 -0.5)
(-3.938308927 0.2529933898 -0.5)
(-3.672886159 0.2543699404 -0.5)
(-3.407463391 0.255746491 -0.5)
(-3.142040623 0.2571230416 -0.5)
(-2.876617855 0.2584995922 -0.5)
(-2.611195087 0.2598761428 -0.5)
(-2.345772319 0.2612526933 -0.5)
(-2.080349551 0.2626292439 -0.5)
(-1.814926782 0.2640057945 -0.5)
(-1.549504014 0.2653823451 -0.5)
(-1.284081246 0.2667588957 -0.5)
(-1.018658478 0.2681354463 -0.5)
(-5 0.2828425 -0.5)
(-4.733694004 0.2842990225 -0.5)
(-4.467388007 0.285755545 -0.5)
(-4.201082011 0.2872120675 -0.5)
(-3.934776014 0.28866859 -0.5)
(-3.668470018 0.2901251125 -0.5)
(-3.402164022 0.291581635 -0.5)
(-3.135858025 0.2930381575 -0.5)
(-2.869552029 0.2944946801 -0.5)
(-2.603246033 0.2959512026 -0.5)
(-2.336940036 0.2974077251 -0.5)
(-2.07063404 0.2988642476 -0.5)
(-1.804328043 0.3003207701 -0.5)
(-1.538022047 0.3017772926 -0.5)
(-1.271716051 0.3032338151 -0.5)
(-1.005410054 0.3046903376 -0.5)
(-5 0.3181978125 -0.5)
(-4.732699489 0.3196882104 -0.5)
(-4.465398977 0.3211786082 -0.5)
(-4.198098466 0.3226690061 -0.5)
(-3.930797955 0.324159404 -0.5)
(-3.663497444 0.3256498019 -0.5)
(-3.396196932 0.3271401997 -0.5)
(-3.128896421 0.3286305976 -0.5)
(-2.86159591 0.3301209955 -0.5)
(-2.594295399 0.3316113934 -0.5)
(-2.326994887 0.3331017912 -0.5)
(-2.059694376 0.3345921891 -0.5)
(-1.792393865 0.336082587 -0.5)
(-1.525093353 0.3375729849 -0.5)
(-1.257792842 0.3390633827 -0.5)
(-0.9904923309 0.3405537806 -0.5)
(-5 0.353553125 -0.5)
(-4.731596083 0.3550258966 -0.5)
(-4.463192166 0.3564986681 -0.5)
(-4.194788249 0.3579714397 -0.5)
(-3.926384332 0.3594442113 -0.5)
(-3.657980416 0.3609169829 -0.5)
(-3.389576499 0.3623897544 -0.5)
(-3.121172582 0.363862526 -0.5)
(-2.852768665 0.3653352976 -0.5)
(-2.584364748 0.3668080691 -0.5)
(-2.315960831 0.3682808407 -0.5)
(-2.047556914 0.3697536123 -0.5)
(-1.779152997 0.3712263839 -0.5)
(-1.51074908 0.3726991554 -0.5)
(-1.242345164 0.374171927 -0.5)
(-0.9739412467 0.3756446986 -0.5)
(-5 0.3889084375 -0.5)
(-4.730386445 0.3903068001 -0.5)
(-4.46077289 0.3917051626 -0.5)
(-4.191159335 0.3931035252 -0.5)
(-3.92154578 0.3945018877 -0.5)
(-3.651932225 0.3959002503 -0.5)
(-3.38231867 0.3972986129 -0.5)
(-3.112705115 0.3986969754 -0.5)
(-2.84309156 0.400095338 -0.5)
(-2.573478005 0.4014937005 -0.5)
(-2.303864451 0.4028920631 -0.5)
(-2.034250896 0.4042904256 -0.5)
(-1.764637341 0.4056887882 -0.5)
(-1.495023786 0.4070871508 -0.5)
(-1.225410231 0.4084855133 -0.5)
(-0.9557966758 0.4098838759 -0.5)
(-5 0.42426375 -0.5)
(-4.729073489 0.4255257766 -0.5)
(-4.458146977 0.4267878032 -0.5)
(-4.187220466 0.4280498298 -0.5)
(-3.916293955 0.4293118564 -0.5)
(-3.645367444 0.430573883 -0.5)
(-3.374440932 0.4318359096 -0.5)
(-3.103514421 0.4330979361 -0.5)
(-2.83258791 0.4343599627 -0.5)
(-2.561661399 0.4356219893 -0.5)
(-2.290734887 0.4368840159 -0.5)
(-2.019808376 0.4381460425 -0.5)
(-1.748881865 0.4394080691 -0.5)
(-1.477955354 0.4406700957 -0.5)
(-1.207028842 0.4419321223 -0.5)
(-0.936102331 0.4431941489 -0.5)
(-5 0.4596190625 -0.5)
(-4.727660377 0.4606778311 -0.5)
(-4.455320755 0.4617365997 -0.5)
(-4.182981132 0.4627953684 -0.5)
(-3.910641509 0.463854137 -0.5)
(-3.638301886 0.4649129056 -0.5)
(-3.365962264 0.4659716742 -0.5)
(-3.093622641 0.4670304429 -0.5)
(-2.821283018 0.4680892115 -0.5)
(-2.548943395 0.4691479801 -0.5)
(-2.276603773 0.4702067487 -0.5)
(-2.00426415 0.4712655173 -0.5)
(-1.731924527 0.472324286 -0.5)
(-1.459584904 0.4733830546 -0.5)
(-1.187245282 0.4744418232 -0.5)
(-0.914905659 0.4755005918 -0.5)
(-5 0.494974375 -0.5)
(-4.726150515 0.4957581298 -0.5)
(-4.45230103 0.4965418846 -0.5)
(-4.178451545 0.4973256395 -0.5)
(-3.90460206 0.4981093943 -0.5)
(-3.630752575 0.4988931491 -0.5)
(-3.35690309 0.4996769039 -0.5)
(-3.083053605 0.5004606587 -0.5)
(-2.80920412 0.5012444136 -0.5)
(-2.535354635 0.5020281684 -0.5)
(-2.26150515 0.5028119232 -0.5)
(-1.987655665 0.503595678 -0.5)
(-1.71380618 0.5043794328 -0.5)
(-1.439956695 0.5051631877 -0.5)
(-1.16610721 0.5059469425 -0.5)
(-0.8922577255 0.5067306973 -0.5)
(-5 0.5303296875 -0.5)
(-4.72454754 0.5307620117 -0.5)
(-4.449095079 0.531194336 -0.5)
(-4.173642619 0.5316266602 -0.5)
(-3.898190158 0.5320589844 -0.5)
(-3.622737698 0.5324913087 -0.5)
(-3.347285237 0.5329236329 -0.5)
(-3.071832777 0.5333559571 -0.5)
(-2.796380316 0.5337882814 -0.5)
(-2.520927856 0.5342206056 -0.5)
(-2.245475395 0.5346529298 -0.5)
(-1.970022935 0.5350852541 -0.5)
(-1.694570474 0.5355175783 -0.5)
(-1.419118014 0.5359499025 -0.5)
(-1.143665553 0.5363822268 -0.5)
(-0.8682130926 0.536814551 -0.5)
(-5 0.565685 -0.5)
(-4.722855313 0.565685 -0.5)
(-4.445710625 0.565685 -0.5)
(-4.168565938 0.565685 -0.5)
(-3.89142125 0.565685 -0.5)
(-3.614276563 0.565685 -0.5)
(-3.337131875 0.565685 -0.5)
(-3.059987188 0.565685 -0.5)
(-2.7828425 0.565685 -0.5)
(-2.505697813 0.565685 -0.5)
(-2.228553125 0.565685 -0.5)
(-1.951408437 0.565685 -0.5)
(-1.67426375 0.565685 -0.5)
(-1.397119063 0.565685 -0.5)
(-1.119974375 0.565685 -0.5)
(-0.8428296875 0.565685 -0.5)
(-5 0 0.5)
(-4.7375 0 0.5)
(-4.475 0 0.5)
(-4.2125 0 0.5)
(-3.95 0 0.5)
(-3.6875 0 0.5)
(-3.425 0 0.5)
(-3.1625 0 0.5)
(-2.9 0 0.5)
(-2.6375 0 0.5)
(-2.375 0 0.5)
(-2.1125 0 0.5)
(-1.85 0 0.5)
(-1.5875 0 0.5)
(-1.325 0 0.5)
(-1.0625 0 0.5)
(-5 0.0353553125 0.5)
(-4.737439781 0.03559898998 0.5)
(-4.474879563 0.03584266746 0.5)
(-4.212319344 0.03608634495 0.5)
(-3.949759125 0.03633002243 0.5)
(-3.687198907 0.03657369991 0.5)
(-3.424638688 0.03681737739 0.5)
(-3.162078469 0.03706105488 0.5)
(-2.899518251 0.03730473236 0.5)
(-2.636958032 0.03754840984 0.5)
(-2.374397813 0.03779208732 0.5)
(-2.111837594 0.03803576481 0.5)
(-1.849277376 0.03827944229 0.5)
(-1.586717157 0.03852311977 0.5)
(-1.324156938 0.03876679725 0.5)
(-1.06159672 0.03901047474 0.5)
(-5 0.070710625 0.5)
(-4.737259252 0.07119206986 0.5)
(-4.474518504 0.07167351472 0.5)
(-4.211777756 0.07215495958 0.5)
(-3.949037007 0.07263640444 0.5)
(-3.686296259 0.0731178493 0.5)
(-3.423555511 0.07359929416 0.5)
(-3.160814763 0.07408073902 0.5)
(-2.898074015 0.07456218388 0.5)
(-2.635333267 0.07504362874 0.5)
(-2.372592519 0.0755250736 0.5)
(-2.10985177 0.07600651846 0.5)
(-1.847111022 0.07648796332 0.5)
(-1.584370274 0.07696940818 0.5)
(-1.321629526 0.07745085303 0.5)
(-1.058888778 0.07793229789 0.5)
(-5 0.1060659375 0.5)
(-4.736958847 0.1067733433 0.5)
(-4.473917693 0.1074807491 0.5)
(-4.21087654 0.1081881549 0.5)
(-3.947835386 0.1088955607 0.5)
(-3.684794233 0.1096029666 0.5)
(-3.421753079 0.1103103724 0.5)
(-3.158711926 0.1110177782 0.5)
(-2.895670773 0.111725184 0.5)
(-2.632629619 0.1124325898 0.5)
(-2.369588466 0.1131399956 0.5)
(-2.106547312 0.1138474014 0.5)
(-1.843506159 0.1145548072 0.5)
(-1.580465005 0.115262213 0.5)
(-1.317423852 0.1159696189 0.5)
(-1.054382699 0.1166770247 0.5)
(-5 0.14142125 0.5)
(-4.736539289 0.1423369425 0.5)
(-4.473078578 0.1432526349 0.5)
(-4.209617867 0.1441683274 0.5)
(-3.946157157 0.1450840198 0.5)
(-3.682696446 0.1459997123 0.5)
(-3.419235735 0.1469154048 0.5)
(-3.155775024 0.1478310972 0.5)
(-2.892314313 0.1487467897 0.5)
(-2.628853602 0.1496624821 0.5)
(-2.365392891 0.1505781746 0.5)
(-2.101932181 0.1514938671 0.5)
(-1.83847147 0.1524095595 0.5)
(-1.575010759 0.153325252 0.5)
(-1.311550048 0.1542409444 0.5)
(-1.048089337 0.1551566369 0.5)
(-5 0.1767765625 0.5)
(-4.73600159 0.177877042 0.5)
(-4.472003181 0.1789775215 0.5)
(-4.208004771 0.180078001 0.5)
(-3.944006362 0.1811784805 0.5)
(-3.680007952 0.18227896 0.5)
(-3.416009542 0.1833794395 0.5)
(-3.152011133 0.1844799191 0.5)
(-2.888012723 0.1855803986 0.5)
(-2.624014313 0.1866808781 0.5)
(-2.360015904 0.1877813576 0.5)
(-2.096017494 0.1888818371 0.5)
(-1.832019085 0.1899823166 0.5)
(-1.568020675 0.1910827961 0.5)
(-1.304022265 0.1921832756 0.5)
(-1.040023856 0.1932837551 0.5)
(-5 0.212131875 0.5)
(-4.735347046 0.2133878733 0.5)
(-4.470694091 0.2146438715 0.5)
(-4.206041137 0.2158998698 0.5)
(-3.941388183 0.2171558681 0.5)
(-3.676735228 0.2184118664 0.5)
(-3.412082274 0.2196678646 0.5)
(-3.14742932 0.2209238629 0.5)
(-2.882776365 0.2221798612 0.5)
(-2.618123411 0.2234358595 0.5)
(-2.353470457 0.2246918577 0.5)
(-2.088817502 0.225947856 0.5)
(-1.824164548 0.2272038543 0.5)
(-1.559511594 0.2284598526 0.5)
(-1.294858639 0.2297158508 0.5)
(-1.030205685 0.2309718491 0.5)
(-5 0.2474871875 0.5)
(-4.734577232 0.2488637381 0.5)
(-4.469154464 0.2502402887 0.5)
(-4.203731696 0.2516168393 0.5)
(-3.938308927 0.2529933898 0.5)
(-3.672886159 0.2543699404 0.5)
(-3.407463391 0.255746491 0.5)
(-3.142040623 0.2571230416 0.5)
(-2.876617855 0.2584995922 0.5)
(-2.611195087 0.2598761428 0.5)
(-2.345772319 0.2612526933 0.5)
(-2.080349551 0.2626292439 0.5)
(-1.814926782 0.2640057945 0.5)
(-1.549504014 0.2653823451 0.5)
(-1.284081246 0.2667588957 0.5)
(-1.018658478 0.2681354463 0.5)
(-5 0.2828425 0.5)
(-4.733694004 0.2842990225 0.5)
(-4.467388007 0.285755545 0.5)
(-4.201082011 0.2872120675 0.5)
(-3.934776014 0.28866859 0.5)
(-3.668470018 0.2901251125 0.5)
(-3.402164022 0.291581635 0.5)
(-3.135858025 0.2930381575 0.5)
(-2.869552029 0.2944946801 0.5)
(-2.603246033 0.2959512026 0.5)
(-2.336940036 0.2974077251 0.5)
(-2.07063404 0.2988642476 0.5)
(-1.804328043 0.3003207701 0.5)
(-1.538022047 0.3017772926 0.5)
(-1.271716051 0.3032338151 0.5)
(-1.005410054 0.3046903376 0.5)
(-5 0.3181978125 0.5)
(-4.732699489 0.3196882104 0.5)
(-4.465398977 0.3211786082 0.5)
(-4.198098466 0.3226690061 0.5)
(-3.930797955 0.324159404 0.5)
(-3.663497444 0.3256498019 0.5)
(-3.396196932 0.3271401997 0.5)
(-3.128896421 0.3286305976 0.5)
(-2.86159591 0.3301209955 0.5)
(-2.594295399 0.3316113934 0.5)
(-2.326994887 0.3331017912 0.5)
(-2.059694376 0.3345921891 0.5)
(-1.792393865 0.336082587 0.5)
(-1.525093353 0.3375729849 0.5)
(-1.257792842 0.3390633827 0.5)
(-0.9904923309 0.3405537806 0.5)
(-5 0.353553125 0.5)
(-4.731596083 0.3550258966 0.5)
(-4.463192166 0.3564986681 0.5)
(-4.194788249 0.3579714397 0.5)
(-3.926384332 0.3594442113 0.5)
(-3.657980416 0.3609169829 0.5)
(-3.389576499 0.3623897544 0.5)
(-3.121172582 0.363862526 0.5)
(-2.852768665 0.3653352976 0.5)
(-2.584364748 0.3668080691 0.5)
(-2.315960831 0.3682808407 0.5)
(-2.047556914 0.3697536123 0.5)
(-1.779152997 0.3712263839 0.5)
(-1.51074908 0.3726991554 0.5)
(-1.242345164 0.374171927 0.5)
(-0.9739412467 0.3756446986 0.5)
(-5 0.3889084375 0.5)
(-4.730386445 0.3903068001 0.5)
(-4.46077289 0.3917051626 0.5)
(-4.191159335 0.3931035252 0.5)
(-3.92154578 0.3945018877 0.5)
(-3.651932225 0.3959002503 0.5)
(-3.38231867 0.3972986129 0.5)
(-3.112705115 0.3986969754 0.5)
(-2.84309156 0.400095338 0.5)
(-2.573478005 0.4014937005 0.5)
(-2.303864451 0.4028920631 0.5)
(-2.034250896 0.4042904256 0.5)
(-1.764637341 0.4056887882 0.5)
(-1.495023786 0.4070871508 0.5)
(-1.225410231 0.4084855133 0.5)
(-0.9557966758 0.4098838759 0.5)
(-5 0.42426375 0.5)
(-4.729073489 0.4255257766 0.5)
(-4.458146977 0.4267878032 0.5)
(-4.187220466 0.4280498298 0.5)
(-3.916293955 0.4293118564 0.5)
(-3.645367444 0.430573883 0.5)
(-3.374440932 0.4318359096 0.5)
(-3.103514421 0.4330979361 0.5)
(-2.83258791 0.4343599627 0.5)
(-2.561661399 0.4356219893 0.5)
(-2.290734887 0.4368840159 0.5)
(-2.019808376 0.4381460425 0.5)
(-1.748881865 0.4394080691 0.5)
(-1.477955354 0.4406700957 0.5)
(-1.207028842 0.4419321223 0.5)
(-0.936102331 0.4431941489 0.5)
(-5 0.4596190625 0.5)
(-4.727660377 0.4606778311 0.5)
(-4.455320755 0.4617365997 0.5)
(-4.182981132 0.4627953684 0.5)
(-3.910641509 0.463854137 0.5)
(-3.638301886 0.4649129056 0.5)
(-3.365962264 0.4659716742 0.5)
(-3.093622641 0.4670304429 0.5)
(-2.821283018 0.4680892115 0.5)
(-2.548943395 0.4691479801 0.5)
(-2.276603773 0.4702067487 0.5)
(-2.00426415 0.4712655173 0.5)
(-1.731924527 0.472324286 0.5)
(-1.459584904 0.4733830546 0.5)
(-1.187245282 0.4744418232 0.5)
(-0.914905659 0.4755005918 0.5)
(-5 0.494974375 0.5)
(-4.726150515 0.4957581298 0.5)
(-4.45230103 0.4965418846 0.5)
(-4.178451545 0.4973256395 0.5)
(-3.90460206 0.4981093943 0.5)
(-3.630752575 0.4988931491 0.5)
(-3.35690309 0.4996769039 0.5)
(-3.083053605 0.5004606587 0.5)
(-2.80920412 0.5012444136 0.5)
(-2.535354635 0.5020281684 0.5)
(-2.26150515 0.5028119232 0.5)
(-1.987655665 0.503595678 0.5)
(-1.71380618 0.5043794328 0.5)
(-1.439956695 0.5051631877 0.5)
(-1.16610721 0.5059469425 0.5)
(-0.8922577255 0.5067306973 0.5)
(-5 0.5303296875 0.5)
(-4.72454754 0.5307620117 0.5)
(-4.449095079 0.531194336 0.5)
(-4.173642619 0.5316266602 0.5)
(-3.898190158 0.5320589844 0.5)
(-3.622737698 0.5324913087 0.5)
(-3.347285237 0.5329236329 0.5)
(-3.071832777 0.5333559571 0.5)
(-2.796380316 0.5337882814 0.5)
(-2.520927856 0.5342206056 0.5)
(-2.245475395 0.5346529298 0.5)
(-1.970022935 0.5350852541 0.5)
(-1.694570474 0.5355175783 0.5)
(-1.419118014 0.5359499025 0.5)
(-1.143665553 0.5363822268 0.5)
(-0.8682130926 0.536814551 0.5)
(-5 0.565685 0.5)
(-4.722855313 0.565685 0.5)
(-4.445710625 0.565685 0.5)
(-4.168565938 0.565685 0.5)
(-3.89142125 0.565685 0.5)
(-3.614276563 0.565685 0.5)
(-3.337131875 0.565685 0.5)
(-3.059987188 0.565685 0.5)
(-2.7828425 0.565685 0.5)
(-2.505697813 0.565685 0.5)
(-2.228553125 0.565685 0.5)
(-1.951408437 0.565685 0.5)
(-1.67426375 0.565685 0.5)
(-1.397119063 0.565685 0.5)
(-1.119974375 0.565685 0.5)
(-0.8428296875 0.565685 0.5)
(-5 0.8428296875 -0.5)
(-4.723770605 0.8428296875 -0.5)
(-4.447541211 0.8428296875 -0.5)
(-4.171311816 0.8428296875 -0.5)
(-3.895082422 0.8428296875 -0.5)
(-3.618853027 0.8428296875 -0.5)
(-3.342623633 0.8428296875 -0.5)
(-3.066394238 0.8428296875 -0.5)
(-2.790164844 0.8428296875 -0.5)
(-2.513935449 0.8428296875 -0.5)
(-2.237706055 0.8428296875 -0.5)
(-1.96147666 0.8428296875 -0.5)
(-1.685247266 0.8428296875 -0.5)
(-1.409017871 0.8428296875 -0.5)
(-1.132788477 0.8428296875 -0.5)
(-0.856559082 0.8428296875 -0.5)
(-0.5803296875 0.8428296875 -0.5)
(-5 1.119974375 -0.5)
(-4.724685898 1.119974375 -0.5)
(-4.449371797 1.119974375 -0.5)
(-4.174057695 1.119974375 -0.5)
(-3.898743594 1.119974375 -0.5)
(-3.623429492 1.119974375 -0.5)
(-3.348115391 1.119974375 -0.5)
(-3.072801289 1.119974375 -0.5)
(-2.797487187 1.119974375 -0.5)
(-2.522173086 1.119974375 -0.5)
(-2.246858984 1.119974375 -0.5)
(-1.971544883 1.119974375 -0.5)
(-1.696230781 1.119974375 -0.5)
(-1.42091668 1.119974375 -0.5)
(-1.145602578 1.119974375 -0.5)
(-0.8702884766 1.119974375 -0.5)
(-0.594974375 1.119974375 -0.5)
(-5 1.397119062 -0.5)
(-4.725601191 1.397119062 -0.5)
(-4.451202383 1.397119062 -0.5)
(-4.176803574 1.397119062 -0.5)
(-3.902404766 1.397119062 -0.5)
(-3.628005957 1.397119062 -0.5)
(-3.353607148 1.397119062 -0.5)
(-3.07920834 1.397119062 -0.5)
(-2.804809531 1.397119062 -0.5)
(-2.530410723 1.397119062 -0.5)
(-2.256011914 1.397119062 -0.5)
(-1.981613105 1.397119062 -0.5)
(-1.707214297 1.397119062 -0.5)
(-1.432815488 1.397119062 -0.5)
(-1.15841668 1.397119062 -0.5)
(-0.8840178711 1.397119062 -0.5)
(-0.6096190625 1.397119062 -0.5)
(-5 1.67426375 -0.5)
(-4.726516484 1.67426375 -0.5)
(-4.453032969 1.67426375 -0.5)
(-4.179549453 1.67426375 -0.5)
(-3.906065938 1.67426375 -0.5)
(-3.632582422 1.67426375 -0.5)
(-3.359098906 1.67426375 -0.5)
(-3.085615391 1.67426375 -0.5)
(-2.812131875 1.67426375 -0.5)
(-2.538648359 1.67426375 -0.5)
(-2.265164844 1.67426375 -0.5)
(-1.991681328 1.67426375 -0.5)
(-1.718197813 1.67426375 -0.5)
(-1.444714297 1.67426375 -0.5)
(-1.171230781 1.67426375 -0.5)
(-0.8977472656 1.67426375 -0.5)
(-0.62426375 1.67426375 -0.5)
(-5 1.951408437 -0.5)
(-4.727431777 1.951408437 -0.5)
(-4.454863555 1.951408437 -0.5)
(-4.182295332 1.951408437 -0.5)
(-3.909727109 1.951408437 -0.5)
(-3.637158887 1.951408437 -0.5)
(-3.364590664 1.951408437 -0.5)
(-3.092022441 1.951408437 -0.5)
(-2.819454219 1.951408437 -0.5)
(-2.546885996 1.951408438 -0.5)
(-2.274317773 1.951408437 -0.5)
(-2.001749551 1.951408438 -0.5)
(-1.729181328 1.951408437 -0.5)
(-1.456613105 1.951408437 -0.5)
(-1.184044883 1.951408437 -0.5)
(-0.9114766602 1.951408437 -0.5)
(-0.6389084375 1.951408437 -0.5)
(-5 2.228553125 -0.5)
(-4.72834707 2.228553125 -0.5)
(-4.456694141 2.228553125 -0.5)
(-4.185041211 2.228553125 -0.5)
(-3.913388281 2.228553125 -0.5)
(-3.641735352 2.228553125 -0.5)
(-3.370082422 2.228553125 -0.5)
(-3.098429492 2.228553125 -0.5)
(-2.826776562 2.228553125 -0.5)
(-2.555123633 2.228553125 -0.5)
(-2.283470703 2.228553125 -0.5)
(-2.011817773 2.228553125 -0.5)
(-1.740164844 2.228553125 -0.5)
(-1.468511914 2.228553125 -0.5)
(-1.196858984 2.228553125 -0.5)
(-0.9252060547 2.228553125 -0.5)
(-0.653553125 2.228553125 -0.5)
(-5 2.505697813 -0.5)
(-4.729262363 2.505697813 -0.5)
(-4.458524727 2.505697813 -0.5)
(-4.18778709 2.505697812 -0.5)
(-3.917049453 2.505697813 -0.5)
(-3.646311816 2.505697813 -0.5)
(-3.37557418 2.505697813 -0.5)
(-3.104836543 2.505697813 -0.5)
(-2.834098906 2.505697812 -0.5)
(-2.56336127 2.505697813 -0.5)
(-2.292623633 2.505697813 -0.5)
(-2.021885996 2.505697813 -0.5)
(-1.751148359 2.505697813 -0.5)
(-1.480410723 2.505697812 -0.5)
(-1.209673086 2.505697813 -0.5)
(-0.9389354492 2.505697813 -0.5)
(-0.6681978125 2.505697813 -0.5)
(-5 2.7828425 -0.5)
(-4.730177656 2.7828425 -0.5)
(-4.460355312 2.7828425 -0.5)
(-4.190532969 2.7828425 -0.5)
(-3.920710625 2.7828425 -0.5)
(-3.650888281 2.7828425 -0.5)
(-3.381065938 2.7828425 -0.5)
(-3.111243594 2.7828425 -0.5)
(-2.84142125 2.7828425 -0.5)
(-2.571598906 2.7828425 -0.5)
(-2.301776563 2.7828425 -0.5)
(-2.031954219 2.7828425 -0.5)
(-1.762131875 2.7828425 -0.5)
(-1.492309531 2.7828425 -0.5)
(-1.222487188 2.7828425 -0.5)
(-0.9526648438 2.7828425 -0.5)
(-0.6828425 2.7828425 -0.5)
(-5 3.059987188 -0.5)
(-4.731092949 3.059987188 -0.5)
(-4.462185898 3.059987188 -0.5)
(-4.193278848 3.059987188 -0.5)
(-3.924371797 3.059987188 -0.5)
(-3.655464746 3.059987187 -0.5)
(-3.386557695 3.059987188 -0.5)
(-3.117650645 3.059987188 -0.5)
(-2.848743594 3.059987187 -0.5)
(-2.579836543 3.059987188 -0.5)
(-2.310929492 3.059987188 -0.5)
(-2.042022441 3.059987188 -0.5)
(-1.773115391 3.059987188 -0.5)
(-1.50420834 3.059987188 -0.5)
(-1.235301289 3.059987188 -0.5)
(-0.9663942383 3.059987188 -0.5)
(-0.6974871875 3.059987188 -0.5)
(-5 3.337131875 -0.5)
(-4.732008242 3.337131875 -0.5)
(-4.464016484 3.337131875 -0.5)
(-4.196024727 3.337131875 -0.5)
(-3.928032969 3.337131875 -0.5)
(-3.660041211 3.337131875 -0.5)
(-3.392049453 3.337131875 -0.5)
(-3.124057695 3.337131875 -0.5)
(-2.856065938 3.337131875 -0.5)
(-2.58807418 3.337131875 -0.5)
(-2.320082422 3.337131875 -0.5)
(-2.052090664 3.337131875 -0.5)
(-1.784098906 3.337131875 -0.5)
(-1.516107148 3.337131875 -0.5)
(-1.248115391 3.337131875 -0.5)
(-0.9801236328 3.337131875 -0.5)
(-0.712131875 3.337131875 -0.5)
(-5 3.614276563 -0.5)
(-4.732923535 3.614276563 -0.5)
(-4.46584707 3.614276563 -0.5)
(-4.198770605 3.614276563 -0.5)
(-3.931694141 3.614276563 -0.5)
(-3.664617676 3.614276563 -0.5)
(-3.397541211 3.614276563 -0.5)
(-3.130464746 3.614276563 -0.5)
(-2.863388281 3.614276563 -0.5)
(-2.596311816 3.614276563 -0.5)
(-2.329235352 3.614276563 -0.5)
(-2.062158887 3.614276563 -0.5)
(-1.795082422 3.614276563 -0.5)
(-1.528005957 3.614276563 -0.5)
(-1.260929492 3.614276563 -0.5)
(-0.9938530273 3.614276563 -0.5)
(-0.7267765625 3.614276563 -0.5)
(-5 3.89142125 -0.5)
(-4.733838828 3.89142125 -0.5)
(-4.467677656 3.89142125 -0.5)
(-4.201516484 3.89142125 -0.5)
(-3.935355313 3.89142125 -0.5)
(-3.669194141 3.89142125 -0.5)
(-3.403032969 3.89142125 -0.5)
(-3.136871797 3.89142125 -0.5)
(-2.870710625 3.89142125 -0.5)
(-2.604549453 3.89142125 -0.5)
(-2.338388281 3.89142125 -0.5)
(-2.072227109 3.89142125 -0.5)
(-1.806065937 3.89142125 -0.5)
(-1.539904766 3.89142125 -0.5)
(-1.273743594 3.89142125 -0.5)
(-1.007582422 3.89142125 -0.5)
(-0.74142125 3.89142125 -0.5)
(-5 4.168565938 -0.5)
(-4.734754121 4.168565938 -0.5)
(-4.469508242 4.168565938 -0.5)
(-4.204262363 4.168565937 -0.5)
(-3.939016484 4.168565938 -0.5)
(-3.673770605 4.168565937 -0.5)
(-3.408524727 4.168565938 -0.5)
(-3.143278848 4.168565938 -0.5)
(-2.878032969 4.168565937 -0.5)
(-2.61278709 4.168565938 -0.5)
(-2.347541211 4.168565938 -0.5)
(-2.082295332 4.168565938 -0.5)
(-1.817049453 4.168565938 -0.5)
(-1.551803574 4.168565937 -0.5)
(-1.286557695 4.168565938 -0.5)
(-1.021311816 4.168565938 -0.5)
(-0.7560659375 4.168565938 -0.5)
(-5 4.445710625 -0.5)
(-4.735669414 4.445710625 -0.5)
(-4.471338828 4.445710625 -0.5)
(-4.207008242 4.445710625 -0.5)
(-3.942677656 4.445710625 -0.5)
(-3.67834707 4.445710625 -0.5)
(-3.414016484 4.445710625 -0.5)
(-3.149685898 4.445710625 -0.5)
(-2.885355312 4.445710625 -0.5)
(-2.621024727 4.445710625 -0.5)
(-2.356694141 4.445710625 -0.5)
(-2.092363555 4.445710625 -0.5)
(-1.828032969 4.445710625 -0.5)
(-1.563702383 4.445710625 -0.5)
(-1.299371797 4.445710625 -0.5)
(-1.035041211 4.445710625 -0.5)
(-0.770710625 4.445710625 -0.5)
(-5 4.722855313 -0.5)
(-4.736584707 4.722855313 -0.5)
(-4.473169414 4.722855313 -0.5)
(-4.209754121 4.722855313 -0.5)
(-3.946338828 4.722855313 -0.5)
(-3.682923535 4.722855313 -0.5)
(-3.419508242 4.722855313 -0.5)
(-3.156092949 4.722855313 -0.5)
(-2.892677656 4.722855312 -0.5)
(-2.629262363 4.722855313 -0.5)
(-2.36584707 4.722855313 -0.5)
(-2.102431777 4.722855313 -0.5)
(-1.839016484 4.722855313 -0.5)
(-1.575601191 4.722855313 -0.5)
(-1.312185898 4.722855313 -0.5)
(-1.048770605 4.722855313 -0.5)
(-0.7853553125 4.722855313 -0.5)
(-5 5 -0.5)
(-4.7375 5 -0.5)
(-4.475 5 -0.5)
(-4.2125 5 -0.5)
(-3.95 5 -0.5)
(-3.6875 5 -0.5)
(-3.425 5 -0.5)
(-3.1625 5 -0.5)
(-2.9 5 -0.5)
(-2.6375 5 -0.5)
(-2.375 5 -0.5)
(-2.1125 5 -0.5)
(-1.85 5 -0.5)
(-1.5875 5 -0.5)
(-1.325 5 -0.5)
(-1.0625 5 -0.5)
(-0.8 5 -0.5)
(-5 0.8428296875 0.5)
(-4.723770605 0.8428296875 0.5)
(-4.447541211 0.8428296875 0.5)
(-4.171311816 0.8428296875 0.5)
(-3.895082422 0.8428296875 0.5)
(-3.618853027 0.8428296875 0.5)
(-3.342623633 0.8428296875 0.5)
(-3.066394238 0.8428296875 0.5)
(-2.790164844 0.8428296875 0.5)
(-2.513935449 0.8428296875 0.5)
(-2.237706055 0.8428296875 0.5)
(-1.96147666 0.8428296875 0.5)
(-1.685247266 0.8428296875 0.5)
(-1.409017871 0.8428296875 0.5)
(-1.132788477 0.8428296875 0.5)
(-0.856559082 0.8428296875 0.5)
(-0.5803296875 0.8428296875 0.5)
(-5 1.119974375 0.5)
(-4.724685898 1.119974375 0.5)
(-4.449371797 1.119974375 0.5)
(-4.174057695 1.119974375 0.5)
(-3.898743594 1.119974375 0.5)
(-3.623429492 1.119974375 0.5)
(-3.348115391 1.119974375 0.5)
(-3.072801289 1.119974375 0.5)
(-2.797487187 1.119974375 0.5)
(-2.522173086 1.119974375 0.5)
(-2.246858984 1.119974375 0.5)
(-1.971544883 1.119974375 0.5)
(-1.696230781 1.119974375 0.5)
(-1.42091668 1.119974375 0.5)
(-1.145602578 1.119974375 0.5)
(-0.8702884766 1.119974375 0.5)
(-0.594974375 1.119974375 0.5)
(-5 1.397119062 0.5)
(-4.725601191 1.397119062 0.5)
(-4.451202383 1.397119062 0.5)
(-4.176803574 1.397119062 0.5)
(-3.902404766 1.397119062 0.5)
(-3.628005957 1.397119062 0.5)
(-3.353607148 1.397119062 0.5)
(-3.07920834 1.397119062 0.5)
(-2.804809531 1.397119062 0.5)
(-2.530410723 1.397119062 0.5)
(-2.256011914 1.397119062 0.5)
(-1.981613105 1.397119062 0.5)
(-1.707214297 1.397119062 0.5)
(-1.432815488 1.397119062 0.5)
(-1.15841668 1.397119062 0.5)
(-0.8840178711 1.397119062 0.5)
(-0.6096190625 1.397119062 0.5)
(-5 1.67426375 0.5)
(-4.726516484 1.67426375 0.5)
(-4.453032969 1.67426375 0.5)
(-4.179549453 1.67426375 0.5)
(-3.906065938 1.67426375 0.5)
(-3.632582422 1.67426375 0.5)
(-3.359098906 1.67426375 0.5)
(-3.085615391 1.67426375 0.5)
(-2.812131875 1.67426375 0.5)
(-2.538648359 1.67426375 0.5)
(-2.265164844 1.67426375 0.5)
(-1.991681328 1.67426375 0.5)
(-1.718197813 1.67426375 0.5)
(-1.444714297 1.67426375 0.5)
(-1.171230781 1.67426375 0.5)
(-0.8977472656 1.67426375 0.5)
(-0.62426375 1.67426375 0.5)
(-5 1.951408437 0.5)
(-4.727431777 1.951408438 0.5)
(-4.454863555 1.951408437 0.5)
(-4.182295332 1.951408438 0.5)
(-3.909727109 1.951408437 0.5)
(-3.637158887 1.951408438 0.5)
(-3.364590664 1.951408437 0.5)
(-3.092022441 1.951408438 0.5)
(-2.819454219 1.951408437 0.5)
(-2.546885996 1.951408437 0.5)
(-2.274317773 1.951408437 0.5)
(-2.001749551 1.951408437 0.5)
(-1.729181328 1.951408437 0.5)
(-1.456613105 1.951408437 0.5)
(-1.184044883 1.951408437 0.5)
(-0.9114766602 1.951408437 0.5)
(-0.6389084375 1.951408437 0.5)
(-5 2.228553125 0.5)
(-4.72834707 2.228553125 0.5)
(-4.456694141 2.228553125 0.5)
(-4.185041211 2.228553125 0.5)
(-3.913388281 2.228553125 0.5)
(-3.641735352 2.228553125 0.5)
(-3.370082422 2.228553125 0.5)
(-3.098429492 2.228553125 0.5)
(-2.826776562 2.228553125 0.5)
(-2.555123633 2.228553125 0.5)
(-2.283470703 2.228553125 0.5)
(-2.011817773 2.228553125 0.5)
(-1.740164844 2.228553125 0.5)
(-1.468511914 2.228553125 0.5)
(-1.196858984 2.228553125 0.5)
(-0.9252060547 2.228553125 0.5)
(-0.653553125 2.228553125 0.5)
(-5 2.505697813 0.5)
(-4.729262363 2.505697813 0.5)
(-4.458524727 2.505697813 0.5)
(-4.18778709 2.505697812 0.5)
(-3.917049453 2.505697813 0.5)
(-3.646311816 2.505697813 0.5)
(-3.37557418 2.505697813 0.5)
(-3.104836543 2.505697813 0.5)
(-2.834098906 2.505697812 0.5)
(-2.56336127 2.505697813 0.5)
(-2.292623633 2.505697813 0.5)
(-2.021885996 2.505697813 0.5)
(-1.751148359 2.505697813 0.5)
(-1.480410723 2.505697812 0.5)
(-1.209673086 2.505697813 0.5)
(-0.9389354492 2.505697813 0.5)
(-0.6681978125 2.505697813 0.5)
(-5 2.7828425 0.5)
(-4.730177656 2.7828425 0.5)
(-4.460355312 2.7828425 0.5)
(-4.190532969 2.7828425 0.5)
(-3.920710625 2.7828425 0.5)
(-3.650888281 2.7828425 0.5)
(-3.381065938 2.7828425 0.5)
(-3.111243594 2.7828425 0.5)
(-2.84142125 2.7828425 0.5)
(-2.571598906 2.7828425 0.5)
(-2.301776563 2.7828425 0.5)
(-2.031954219 2.7828425 0.5)
(-1.762131875 2.7828425 0.5)
(-1.492309531 2.7828425 0.5)
(-1.222487188 2.7828425 0.5)
(-0.9526648438 2.7828425 0.5)
(-0.6828425 2.7828425 0.5)
(-5 3.059987188 0.5)
(-4.731092949 3.059987188 0.5)
(-4.462185898 3.059987188 0.5)
(-4.193278848 3.059987188 0.5)
(-3.924371797 3.059987188 0.5)
(-3.655464746 3.059987188 0.5)
(-3.386557695 3.059987188 0.5)
(-3.117650645 3.059987188 0.5)
(-2.848743594 3.059987187 0.5)
(-2.579836543 3.059987188 0.5)
(-2.310929492 3.059987188 0.5)
(-2.042022441 3.059987187 0.5)
(-1.773115391 3.059987188 0.5)
(-1.50420834 3.059987188 0.5)
(-1.235301289 3.059987188 0.5)
(-0.9663942383 3.059987188 0.5)
(-0.6974871875 3.059987188 0.5)
(-5 3.337131875 0.5)
(-4.732008242 3.337131875 0.5)
(-4.464016484 3.337131875 0.5)
(-4.196024727 3.337131875 0.5)
(-3.928032969 3.337131875 0.5)
(-3.660041211 3.337131875 0.5)
(-3.392049453 3.337131875 0.5)
(-3.124057695 3.337131875 0.5)
(-2.856065937 3.337131875 0.5)
(-2.58807418 3.337131875 0.5)
(-2.320082422 3.337131875 0.5)
(-2.052090664 3.337131875 0.5)
(-1.784098906 3.337131875 0.5)
(-1.516107148 3.337131875 0.5)
(-1.248115391 3.337131875 0.5)
(-0.9801236328 3.337131875 0.5)
(-0.712131875 3.337131875 0.5)
(-5 3.614276563 0.5)
(-4.732923535 3.614276563 0.5)
(-4.46584707 3.614276563 0.5)
(-4.198770605 3.614276563 0.5)
(-3.931694141 3.614276563 0.5)
(-3.664617676 3.614276563 0.5)
(-3.397541211 3.614276563 0.5)
(-3.130464746 3.614276563 0.5)
(-2.863388281 3.614276563 0.5)
(-2.596311816 3.614276563 0.5)
(-2.329235352 3.614276563 0.5)
(-2.062158887 3.614276563 0.5)
(-1.795082422 3.614276563 0.5)
(-1.528005957 3.614276563 0.5)
(-1.260929492 3.614276563 0.5)
(-0.9938530273 3.614276563 0.5)
(-0.7267765625 3.614276563 0.5)
(-5 3.89142125 0.5)
(-4.733838828 3.89142125 0.5)
(-4.467677656 3.89142125 0.5)
(-4.201516484 3.89142125 0.5)
(-3.935355313 3.89142125 0.5)
(-3.669194141 3.89142125 0.5)
(-3.403032969 3.89142125 0.5)
(-3.136871797 3.89142125 0.5)
(-2.870710625 3.89142125 0.5)
(-2.604549453 3.89142125 0.5)
(-2.338388281 3.89142125 0.5)
(-2.072227109 3.89142125 0.5)
(-1.806065937 3.89142125 0.5)
(-1.539904766 3.89142125 0.5)
(-1.273743594 3.89142125 0.5)
(-1.007582422 3.89142125 0.5)
(-0.74142125 3.89142125 0.5)
(-5 4.168565938 0.5)
(-4.734754121 4.168565938 0.5)
(-4.469508242 4.168565938 0.5)
(-4.204262363 4.168565937 0.5)
(-3.939016484 4.168565938 0.5)
(-3.673770605 4.168565938 0.5)
(-3.408524727 4.168565938 0.5)
(-3.143278848 4.168565938 0.5)
(-2.878032969 4.168565937 0.5)
(-2.61278709 4.168565938 0.5)
(-2.347541211 4.168565938 0.5)
(-2.082295332 4.168565937 0.5)
(-1.817049453 4.168565938 0.5)
(-1.551803574 4.168565937 0.5)
(-1.286557695 4.168565938 0.5)
(-1.021311816 4.168565938 0.5)
(-0.7560659375 4.168565938 0.5)
(-5 4.445710625 0.5)
(-4.735669414 4.445710625 0.5)
(-4.471338828 4.445710625 0.5)
(-4.207008242 4.445710625 0.5)
(-3.942677656 4.445710625 0.5)
(-3.67834707 4.445710625 0.5)
(-3.414016484 4.445710625 0.5)
(-3.149685898 4.445710625 0.5)
(-2.885355312 4.445710625 0.5)
(-2.621024727 4.445710625 0.5)
(-2.356694141 4.445710625 0.5)
(-2.092363555 4.445710625 0.5)
(-1.828032969 4.445710625 0.5)
(-1.563702383 4.445710625 0.5)
(-1.299371797 4.445710625 0.5)
(-1.035041211 4.445710625 0.5)
(-0.770710625 4.445710625 0.5)
(-5 4.722855313 0.5)
(-4.736584707 4.722855313 0.5)
(-4.473169414 4.722855313 0.5)
(-4.209754121 4.722855313 0.5)
(-3.946338828 4.722855313 0.5)
(-3.682923535 4.722855313 0.5)
(-3.419508242 4.722855313 0.5)
(-3.156092949 4.722855313 0.5)
(-2.892677656 4.722855312 0.5)
(-2.629262363 4.722855313 0.5)
(-2.36584707 4.722855313 0.5)
(-2.102431777 4.722855313 0.5)
(-1.839016484 4.722855313 0.5)
(-1.575601191 4.722855313 0.5)
(-1.312185898 4.722855313 0.5)
(-1.048770605 4.722855313 0.5)
(-0.7853553125 4.722855313 0.5)
(-5 5 0.5)
(-4.7375 5 0.5)
(-4.475 5 0.5)
(-4.2125 5 0.5)
(-3.95 5 0.5)
(-3.6875 5 0.5)
(-3.425 5 0.5)
(-3.1625 5 0.5)
(-2.9 5 0.5)
(-2.6375 5 0.5)
(-2.375 5 0.5)
(-2.1125 5 0.5)
(-1.85 5 0.5)
(-1.5875 5 0.5)
(-1.325 5 0.5)
(-1.0625 5 0.5)
(-0.8 5 0.5)
(-0.5505439455 0.8682130926 -0.5)
(-0.5195447989 0.8922577255 -0.5)
(-0.4873994004 0.914905659 -0.5)
(-0.4541776645 0.936102331 -0.5)
(-0.4199520985 0.9557966758 -0.5)
(-0.3847976283 0.9739412467 -0.5)
(-0.3487914173 0.9904923309 -0.5)
(-0.3120126814 1.005410054 -0.5)
(-0.274542497 1.018658478 -0.5)
(-0.2364636069 1.030205685 -0.5)
(-0.19786022 1.040023856 -0.5)
(-0.1588178088 1.048089337 -0.5)
(-0.1194229036 1.054382699 -0.5)
(-0.07976288383 1.058888778 -0.5)
(-0.03992576771 1.06159672 -0.5)
(-0.5638410158 1.143665553 -0.5)
(-0.5315751456 1.16610721 -0.5)
(-0.4982394404 1.187245282 -0.5)
(-0.4638991535 1.207028842 -0.5)
(-0.4286219586 1.225410231 -0.5)
(-0.3924777864 1.242345164 -0.5)
(-0.3555386562 1.257792842 -0.5)
(-0.3178785026 1.271716051 -0.5)
(-0.2795729972 1.284081246 -0.5)
(-0.2406993664 1.294858639 -0.5)
(-0.2013362053 1.304022265 -0.5)
(-0.1615632882 1.311550048 -0.5)
(-0.1214613767 1.317423852 -0.5)
(-0.08111202491 1.321629526 -0.5)
(-0.04059738319 1.324156938 -0.5)
(-0.5771380861 1.419118014 -0.5)
(-0.5436054924 1.439956695 -0.5)
(-0.5090794804 1.459584904 -0.5)
(-0.4736206426 1.477955354 -0.5)
(-0.4372918187 1.495023786 -0.5)
(-0.4001579445 1.51074908 -0.5)
(-0.362285895 1.525093353 -0.5)
(-0.3237443238 1.538022047 -0.5)
(-0.2846034974 1.549504014 -0.5)
(-0.244935126 1.559511594 -0.5)
(-0.2048121906 1.568020675 -0.5)
(-0.1643087676 1.575010759 -0.5)
(-0.1234998498 1.580465005 -0.5)
(-0.08246116599 1.584370274 -0.5)
(-0.04126899868 1.586717157 -0.5)
(-0.5904351564 1.694570474 -0.5)
(-0.5556358391 1.71380618 -0.5)
(-0.5199195203 1.731924527 -0.5)
(-0.4833421316 1.748881865 -0.5)
(-0.4459616788 1.764637341 -0.5)
(-0.4078381026 1.779152997 -0.5)
(-0.3690331339 1.792393865 -0.5)
(-0.3296101451 1.804328043 -0.5)
(-0.2896339976 1.814926782 -0.5)
(-0.2491708855 1.824164548 -0.5)
(-0.208288176 1.832019085 -0.5)
(-0.167054247 1.83847147 -0.5)
(-0.1255383229 1.843506159 -0.5)
(-0.08381030707 1.847111022 -0.5)
(-0.04194061416 1.849277376 -0.5)
(-0.6037322267 1.970022935 -0.5)
(-0.5676661858 1.987655665 -0.5)
(-0.5307595603 2.00426415 -0.5)
(-0.4930636206 2.019808376 -0.5)
(-0.4546315389 2.034250896 -0.5)
(-0.4155182607 2.047556914 -0.5)
(-0.3757803727 2.059694376 -0.5)
(-0.3354759663 2.07063404 -0.5)
(-0.2946644978 2.080349551 -0.5)
(-0.2534066451 2.088817502 -0.5)
(-0.2117641613 2.096017494 -0.5)
(-0.1697997264 2.101932181 -0.5)
(-0.127576796 2.106547312 -0.5)
(-0.08515944814 2.10985177 -0.5)
(-0.04261222965 2.111837594 -0.5)
(-0.617029297 2.245475395 -0.5)
(-0.5796965326 2.26150515 -0.5)
(-0.5415996003 2.276603773 -0.5)
(-0.5027851097 2.290734887 -0.5)
(-0.463301399 2.303864451 -0.5)
(-0.4231984188 2.315960831 -0.5)
(-0.3825276116 2.326994887 -0.5)
(-0.3413417876 2.336940036 -0.5)
(-0.299694998 2.345772319 -0.5)
(-0.2576424046 2.353470457 -0.5)
(-0.2152401466 2.360015904 -0.5)
(-0.1725452058 2.365392891 -0.5)
(-0.129615269 2.369588466 -0.5)
(-0.08650858922 2.372592519 -0.5)
(-0.04328384514 2.374397813 -0.5)
(-0.6303263673 2.520927856 -0.5)
(-0.5917268793 2.535354635 -0.5)
(-0.5524396403 2.548943395 -0.5)
(-0.5125065987 2.561661399 -0.5)
(-0.4719712591 2.573478005 -0.5)
(-0.430878577 2.584364748 -0.5)
(-0.3892748504 2.594295399 -0.5)
(-0.3472076088 2.603246033 -0.5)
(-0.3047254982 2.611195087 -0.5)
(-0.2618781641 2.618123411 -0.5)
(-0.218716132 2.624014313 -0.5)
(-0.1752906853 2.628853602 -0.5)
(-0.1316537421 2.632629619 -0.5)
(-0.0878577303 2.635333267 -0.5)
(-0.04395546062 2.636958032 -0.5)
(-0.6436234376 2.796380316 -0.5)
(-0.6037572261 2.80920412 -0.5)
(-0.5632796802 2.821283018 -0.5)
(-0.5222280877 2.83258791 -0.5)
(-0.4806411192 2.84309156 -0.5)
(-0.4385587351 2.852768665 -0.5)
(-0.3960220892 2.86159591 -0.5)
(-0.3530734301 2.869552029 -0.5)
(-0.3097559984 2.876617855 -0.5)
(-0.2661139237 2.882776365 -0.5)
(-0.2221921173 2.888012723 -0.5)
(-0.1780361647 2.892314313 -0.5)
(-0.1336922152 2.895670773 -0.5)
(-0.08920687138 2.898074015 -0.5)
(-0.04462707611 2.899518251 -0.5)
(-0.6569205079 3.071832777 -0.5)
(-0.6157875728 3.083053605 -0.5)
(-0.5741197202 3.093622641 -0.5)
(-0.5319495768 3.103514421 -0.5)
(-0.4893109793 3.112705115 -0.5)
(-0.4462388932 3.121172582 -0.5)
(-0.4027693281 3.128896421 -0.5)
(-0.3589392513 3.135858025 -0.5)
(-0.3147864986 3.142040623 -0.5)
(-0.2703496832 3.14742932 -0.5)
(-0.2256681026 3.152011133 -0.5)
(-0.1807816441 3.155775024 -0.5)
(-0.1357306883 3.158711926 -0.5)
(-0.09055601245 3.160814763 -0.5)
(-0.0452986916 3.162078469 -0.5)
(-0.6702175782 3.347285237 -0.5)
(-0.6278179195 3.35690309 -0.5)
(-0.5849597602 3.365962264 -0.5)
(-0.5416710658 3.374440932 -0.5)
(-0.4979808394 3.38231867 -0.5)
(-0.4539190513 3.389576499 -0.5)
(-0.4095165669 3.396196932 -0.5)
(-0.3648050725 3.402164022 -0.5)
(-0.3198169988 3.407463391 -0.5)
(-0.2745854428 3.412082274 -0.5)
(-0.229144088 3.416009542 -0.5)
(-0.1835271235 3.419235735 -0.5)
(-0.1377691614 3.421753079 -0.5)
(-0.09190515353 3.423555511 -0.5)
(-0.04597030708 3.424638688 -0.5)
(-0.6835146485 3.622737698 -0.5)
(-0.6398482663 3.630752575 -0.5)
(-0.5957998001 3.638301886 -0.5)
(-0.5513925548 3.645367444 -0.5)
(-0.5066506995 3.651932225 -0.5)
(-0.4615992094 3.657980416 -0.5)
(-0.4162638058 3.663497444 -0.5)
(-0.3706708938 3.668470018 -0.5)
(-0.324847499 3.672886159 -0.5)
(-0.2788212023 3.676735228 -0.5)
(-0.2326200733 3.680007952 -0.5)
(-0.1862726029 3.682696446 -0.5)
(-0.1398076345 3.684794233 -0.5)
(-0.09325429461 3.686296259 -0.5)
(-0.04664192257 3.687198907 -0.5)
(-0.6968117188 3.898190158 -0.5)
(-0.651878613 3.90460206 -0.5)
(-0.6066398401 3.910641509 -0.5)
(-0.5611140439 3.916293955 -0.5)
(-0.5153205596 3.92154578 -0.5)
(-0.4692793675 3.926384332 -0.5)
(-0.4230110446 3.930797955 -0.5)
(-0.376536715 3.934776014 -0.5)
(-0.3298779992 3.938308927 -0.5)
(-0.2830569618 3.941388183 -0.5)
(-0.2360960587 3.944006362 -0.5)
(-0.1890180823 3.946157157 -0.5)
(-0.1418461076 3.947835386 -0.5)
(-0.09460343569 3.949037007 -0.5)
(-0.04731353805 3.949759125 -0.5)
(-0.7101087891 4.173642619 -0.5)
(-0.6639089598 4.178451545 -0.5)
(-0.6174798801 4.182981132 -0.5)
(-0.5708355329 4.187220466 -0.5)
(-0.5239904197 4.191159335 -0.5)
(-0.4769595257 4.194788249 -0.5)
(-0.4297582835 4.198098466 -0.5)
(-0.3824025363 4.201082011 -0.5)
(-0.3349084994 4.203731696 -0.5)
(-0.2872927214 4.206041137 -0.5)
(-0.239572044 4.208004771 -0.5)
(-0.1917635618 4.209617867 -0.5)
(-0.1438845807 4.21087654 -0.5)
(-0.09595257677 4.211777756 -0.5)
(-0.04798515354 4.212319344 -0.5)
(-0.7234058594 4.449095079 -0.5)
(-0.6759393065 4.45230103 -0.5)
(-0.6283199201 4.455320755 -0.5)
(-0.5805570219 4.458146977 -0.5)
(-0.5326602798 4.46077289 -0.5)
(-0.4846396838 4.463192166 -0.5)
(-0.4365055223 4.465398977 -0.5)
(-0.3882683575 4.467388007 -0.5)
(-0.3399389996 4.469154464 -0.5)
(-0.2915284809 4.470694091 -0.5)
(-0.2430480293 4.472003181 -0.5)
(-0.1945090412 4.473078578 -0.5)
(-0.1459230538 4.473917693 -0.5)
(-0.09730171784 4.474518504 -0.5)
(-0.04865676903 4.474879563 -0.5)
(-0.7367029297 4.72454754 -0.5)
(-0.6879696533 4.726150515 -0.5)
(-0.63915996 4.727660377 -0.5)
(-0.590278511 4.729073489 -0.5)
(-0.5413301399 4.730386445 -0.5)
(-0.4923198419 4.731596083 -0.5)
(-0.4432527612 4.732699489 -0.5)
(-0.3941341788 4.733694004 -0.5)
(-0.3449694998 4.734577232 -0.5)
(-0.2957642405 4.735347046 -0.5)
(-0.2465240147 4.73600159 -0.5)
(-0.1972545206 4.736539289 -0.5)
(-0.1479615269 4.736958847 -0.5)
(-0.09865085892 4.737259252 -0.5)
(-0.04932838451 4.737439781 -0.5)
(-0.75 5 -0.5)
(-0.7 5 -0.5)
(-0.65 5 -0.5)
(-0.6 5 -0.5)
(-0.55 5 -0.5)
(-0.5 5 -0.5)
(-0.45 5 -0.5)
(-0.4 5 -0.5)
(-0.35 5 -0.5)
(-0.3 5 -0.5)
(-0.25 5 -0.5)
(-0.2 5 -0.5)
(-0.15 5 -0.5)
(-0.1 5 -0.5)
(-0.05 5 -0.5)
(-0.5505439455 0.8682130926 0.5)
(-0.5195447989 0.8922577255 0.5)
(-0.4873994004 0.914905659 0.5)
(-0.4541776645 0.936102331 0.5)
(-0.4199520985 0.9557966758 0.5)
(-0.3847976283 0.9739412467 0.5)
(-0.3487914173 0.9904923309 0.5)
(-0.3120126814 1.005410054 0.5)
(-0.274542497 1.018658478 0.5)
(-0.2364636069 1.030205685 0.5)
(-0.19786022 1.040023856 0.5)
(-0.1588178088 1.048089337 0.5)
(-0.1194229036 1.054382699 0.5)
(-0.07976288383 1.058888778 0.5)
(-0.03992576771 1.06159672 0.5)
(-0.5638410158 1.143665553 0.5)
(-0.5315751456 1.16610721 0.5)
(-0.4982394404 1.187245282 0.5)
(-0.4638991535 1.207028842 0.5)
(-0.4286219586 1.225410231 0.5)
(-0.3924777864 1.242345164 0.5)
(-0.3555386562 1.257792842 0.5)
(-0.3178785026 1.271716051 0.5)
(-0.2795729972 1.284081246 0.5)
(-0.2406993664 1.294858639 0.5)
(-0.2013362053 1.304022265 0.5)
(-0.1615632882 1.311550048 0.5)
(-0.1214613767 1.317423852 0.5)
(-0.08111202491 1.321629526 0.5)
(-0.04059738319 1.324156938 0.5)
(-0.5771380861 1.419118014 0.5)
(-0.5436054924 1.439956695 0.5)
(-0.5090794804 1.459584904 0.5)
(-0.4736206426 1.477955354 0.5)
(-0.4372918187 1.495023786 0.5)
(-0.4001579445 1.51074908 0.5)
(-0.362285895 1.525093353 0.5)
(-0.3237443238 1.538022047 0.5)
(-0.2846034974 1.549504014 0.5)
(-0.244935126 1.559511594 0.5)
(-0.2048121906 1.568020675 0.5)
(-0.1643087676 1.575010759 0.5)
(-0.1234998498 1.580465005 0.5)
(-0.08246116599 1.584370274 0.5)
(-0.04126899868 1.586717157 0.5)
(-0.5904351564 1.694570474 0.5)
(-0.5556358391 1.71380618 0.5)
(-0.5199195203 1.731924527 0.5)
(-0.4833421316 1.748881865 0.5)
(-0.4459616788 1.764637341 0.5)
(-0.4078381026 1.779152997 0.5)
(-0.3690331339 1.792393865 0.5)
(-0.3296101451 1.804328043 0.5)
(-0.2896339976 1.814926782 0.5)
(-0.2491708855 1.824164548 0.5)
(-0.208288176 1.832019085 0.5)
(-0.167054247 1.83847147 0.5)
(-0.1255383229 1.843506159 0.5)
(-0.08381030707 1.847111022 0.5)
(-0.04194061416 1.849277376 0.5)
(-0.6037322267 1.970022935 0.5)
(-0.5676661858 1.987655665 0.5)
(-0.5307595603 2.00426415 0.5)
(-0.4930636206 2.019808376 0.5)
(-0.4546315389 2.034250896 0.5)
(-0.4155182607 2.047556914 0.5)
(-0.3757803727 2.059694376 0.5)
(-0.3354759663 2.07063404 0.5)
(-0.2946644978 2.080349551 0.5)
(-0.2534066451 2.088817502 0.5)
(-0.2117641613 2.096017494 0.5)
(-0.1697997264 2.101932181 0.5)
(-0.127576796 2.106547312 0.5)
(-0.08515944814 2.10985177 0.5)
(-0.04261222965 2.111837594 0.5)
(-0.617029297 2.245475395 0.5)
(-0.5796965326 2.26150515 0.5)
(-0.5415996003 2.276603773 0.5)
(-0.5027851097 2.290734887 0.5)
(-0.463301399 2.303864451 0.5)
(-0.4231984188 2.315960831 0.5)
(-0.3825276116 2.326994887 0.5)
(-0.3413417876 2.336940036 0.5)
(-0.299694998 2.345772319 0.5)
(-0.2576424046 2.353470457 0.5)
(-0.2152401466 2.360015904 0.5)
(-0.1725452058 2.365392891 0.5)
(-0.129615269 2.369588466 0.5)
(-0.08650858922 2.372592519 0.5)
(-0.04328384514 2.374397813 0.5)
(-0.6303263673 2.520927856 0.5)
(-0.5917268793 2.535354635 0.5)
(-0.5524396403 2.548943395 0.5)
(-0.5125065987 2.561661399 0.5)
(-0.4719712591 2.573478005 0.5)
(-0.430878577 2.584364748 0.5)
(-0.3892748504 2.594295399 0.5)
(-0.3472076088 2.603246033 0.5)
(-0.3047254982 2.611195087 0.5)
(-0.2618781641 2.618123411 0.5)
(-0.218716132 2.624014313 0.5)
(-0.1752906853 2.628853602 0.5)
(-0.1316537421 2.632629619 0.5)
(-0.0878577303 2.635333267 0.5)
(-0.04395546062 2.636958032 0.5)
(-0.6436234376 2.796380316 0.5)
(-0.6037572261 2.80920412 0.5)
(-0.5632796802 2.821283018 0.5)
(-0.5222280877 2.83258791 0.5)
(-0.4806411192 2.84309156 0.5)
(-0.4385587351 2.852768665 0.5)
(-0.3960220892 2.86159591 0.5)
(-0.3530734301 2.869552029 0.5)
(-0.3097559984 2.876617855 0.5)
(-0.2661139237 2.882776365 0.5)
(-0.2221921173 2.888012723 0.5)
(-0.1780361647 2.892314313 0.5)
(-0.1336922152 2.895670773 0.5)
(-0.08920687138 2.898074015 0.5)
(-0.04462707611 2.899518251 0.5)
(-0.6569205079 3.071832777 0.5)
(-0.6157875728 3.083053605 0.5)
(-0.5741197202 3.093622641 0.5)
(-0.5319495768 3.103514421 0.5)
(-0.4893109793 3.112705115 0.5)
(-0.4462388932 3.121172582 0.5)
(-0.4027693281 3.128896421 0.5)
(-0.3589392513 3.135858025 0.5)
(-0.3147864986 3.142040623 0.5)
(-0.2703496832 3.14742932 0.5)
(-0.2256681026 3.152011133 0.5)
(-0.1807816441 3.155775024 0.5)
(-0.1357306883 3.158711926 0.5)
(-0.09055601245 3.160814763 0.5)
(-0.0452986916 3.162078469 0.5)
(-0.6702175782 3.347285237 0.5)
(-0.6278179195 3.35690309 0.5)
(-0.5849597602 3.365962264 0.5)
(-0.5416710658 3.374440932 0.5)
(-0.4979808394 3.38231867 0.5)
(-0.4539190513 3.389576499 0.5)
(-0.4095165669 3.396196932 0.5)
(-0.3648050725 3.402164022 0.5)
(-0.3198169988 3.407463391 0.5)
(-0.2745854428 3.412082274 0.5)
(-0.229144088 3.416009542 0.5)
(-0.1835271235 3.419235735 0.5)
(-0.1377691614 3.421753079 0.5)
(-0.09190515353 3.423555511 0.5)
(-0.04597030708 3.424638688 0.5)
(-0.6835146485 3.622737698 0.5)
(-0.6398482663 3.630752575 0.5)
(-0.5957998001 3.638301886 0.5)
(-0.5513925548 3.645367444 0.5)
(-0.5066506995 3.651932225 0.5)
(-0.4615992094 3.657980416 0.5)
(-0.4162638058 3.663497444 0.5)
(-0.3706708938 3.668470018 0.5)
(-0.324847499 3.672886159 0.5)
(-0.2788212023 3.676735228 0.5)
(-0.2326200733 3.680007952 0.5)
(-0.1862726029 3.682696446 0.5)
(-0.1398076345 3.684794233 0.5)
(-0.09325429461 3.686296259 0.5)
(-0.04664192257 3.687198907 0.5)
(-0.6968117188 3.898190158 0.5)
(-0.651878613 3.90460206 0.5)
(-0.6066398401 3.910641509 0.5)
(-0.5611140439 3.916293955 0.5)
(-0.5153205596 3.92154578 0.5)
(-0.4692793675 3.926384332 0.5)
(-0.4230110446 3.930797955 0.5)
(-0.376536715 3.934776014 0.5)
(-0.3298779992 3.938308927 0.5)
(-0.2830569618 3.941388183 0.5)
(-0.2360960587 3.944006362 0.5)
(-0.1890180823 3.946157157 0.5)
(-0.1418461076 3.947835386 0.5)
(-0.09460343569 3.949037007 0.5)
(-0.04731353805 3.949759125 0.5)
(-0.7101087891 4.173642619 0.5)
(-0.6639089598 4.178451545 0.5)
(-0.6174798801 4.182981132 0.5)
(-0.5708355329 4.187220466 0.5)
(-0.5239904197 4.191159335 0.5)
(-0.4769595257 4.194788249 0.5)
(-0.4297582835 4.198098466 0.5)
(-0.3824025363 4.201082011 0.5)
(-0.3349084994 4.203731696 0.5)
(-0.2872927214 4.206041137 0.5)
(-0.239572044 4.208004771 0.5)
(-0.1917635618 4.209617867 0.5)
(-0.1438845807 4.21087654 0.5)
(-0.09595257677 4.211777756 0.5)
(-0.04798515354 4.212319344 0.5)
(-0.7234058594 4.449095079 0.5)
(-0.6759393065 4.45230103 0.5)
(-0.6283199201 4.455320755 0.5)
(-0.5805570219 4.458146977 0.5)
(-0.5326602798 4.46077289 0.5)
(-0.4846396838 4.463192166 0.5)
(-0.4365055223 4.465398977 0.5)
(-0.3882683575 4.467388007 0.5)
(-0.3399389996 4.469154464 0.5)
(-0.2915284809 4.470694091 0.5)
(-0.2430480293 4.472003181 0.5)
(-0.1945090412 4.473078578 0.5)
(-0.1459230538 4.473917693 0.5)
(-0.09730171784 4.474518504 0.5)
(-0.04865676903 4.474879563 0.5)
(-0.7367029297 4.72454754 0.5)
(-0.6879696533 4.726150515 0.5)
(-0.63915996 4.727660377 0.5)
(-0.590278511 4.729073489 0.5)
(-0.5413301399 4.730386445 0.5)
(-0.4923198419 4.731596083 0.5)
(-0.4432527612 4.732699489 0.5)
(-0.3941341788 4.733694004 0.5)
(-0.3449694998 4.734577232 0.5)
(-0.2957642405 4.735347046 0.5)
(-0.2465240147 4.73600159 0.5)
(-0.1972545206 4.736539289 0.5)
(-0.1479615269 4.736958847 0.5)
(-0.09865085892 4.737259252 0.5)
(-0.04932838451 4.737439781 0.5)
(-0.75 5 0.5)
(-0.7 5 0.5)
(-0.65 5 0.5)
(-0.6 5 0.5)
(-0.55 5 0.5)
(-0.5 5 0.5)
(-0.45 5 0.5)
(-0.4 5 0.5)
(-0.35 5 0.5)
(-0.3 5 0.5)
(-0.25 5 0.5)
(-0.2 5 0.5)
(-0.15 5 0.5)
(-0.1 5 0.5)
(-0.05 5 0.5)
(0 -0.5 -0.5)
(-3.469446952e-18 -0.51875 -0.5)
(-6.938893904e-18 -0.5375 -0.5)
(-1.040834086e-17 -0.55625 -0.5)
(-1.387778781e-17 -0.575 -0.5)
(-1.734723476e-17 -0.59375 -0.5)
(-2.081668171e-17 -0.6125 -0.5)
(-2.428612866e-17 -0.63125 -0.5)
(-2.775557562e-17 -0.65 -0.5)
(-3.122502257e-17 -0.66875 -0.5)
(-3.469446952e-17 -0.6875 -0.5)
(-3.816391647e-17 -0.70625 -0.5)
(-4.163336342e-17 -0.725 -0.5)
(-4.510281038e-17 -0.74375 -0.5)
(-4.857225733e-17 -0.7625 -0.5)
(-5.204170428e-17 -0.78125 -0.5)
(0 -0.8 -0.5)
(0.02453384574 -0.4993978342 -0.5)
(0.0254538649 -0.5181252508 -0.5)
(0.02637388405 -0.5368526675 -0.5)
(0.02729390321 -0.5555800842 -0.5)
(0.02821392236 -0.5743075009 -0.5)
(0.02913394152 -0.5930349176 -0.5)
(0.03005396067 -0.6117623342 -0.5)
(0.03097397983 -0.6304897509 -0.5)
(0.03189399898 -0.6492171676 -0.5)
(0.03281401814 -0.6679445843 -0.5)
(0.03373403729 -0.686672001 -0.5)
(0.03465405645 -0.7053994176 -0.5)
(0.0355740756 -0.7241268343 -0.5)
(0.03649409476 -0.742854251 -0.5)
(0.03741411391 -0.7615816677 -0.5)
(0.03833413307 -0.7803090843 -0.5)
(0.03925415222 -0.799036501 -0.5)
(0.04900859116 -0.4975925564 -0.5)
(0.05084641313 -0.5162522735 -0.5)
(0.05268423511 -0.5349119906 -0.5)
(0.05452205708 -0.5535717077 -0.5)
(0.05635987906 -0.5722314248 -0.5)
(0.05819770103 -0.5908911419 -0.5)
(0.06003552301 -0.609550859 -0.5)
(0.06187334498 -0.628210576 -0.5)
(0.06371116696 -0.6468702931 -0.5)
(0.06554898893 -0.6655300102 -0.5)
(0.06738681091 -0.6841897273 -0.5)
(0.06922463288 -0.7028494444 -0.5)
(0.07106245485 -0.7215091615 -0.5)
(0.07290027683 -0.7401688785 -0.5)
(0.0747380988 -0.7588285956 -0.5)
(0.07657592078 -0.7774883127 -0.5)
(0.07841374275 -0.7961480298 -0.5)
(0.07336527262 -0.494588516 -0.5)
(0.07611646999 -0.5131355803 -0.5)
(0.07886766735 -0.5316826447 -0.5)
(0.08161886472 -0.550229709 -0.5)
(0.08437006208 -0.5687767733 -0.5)
(0.08712125945 -0.5873238376 -0.5)
(0.08987245682 -0.6058709019 -0.5)
(0.09262365418 -0.6244179662 -0.5)
(0.09537485155 -0.6429650306 -0.5)
(0.09812604891 -0.6615120949 -0.5)
(0.1008772463 -0.6800591592 -0.5)
(0.1036284436 -0.6986062235 -0.5)
(0.106379641 -0.7171532878 -0.5)
(0.1091308384 -0.7357003521 -0.5)
(0.1118820357 -0.7542474165 -0.5)
(0.1146332331 -0.7727944808 -0.5)
(0.1173844305 -0.7913415451 -0.5)
(0.09754521095 -0.4903929501 -0.5)
(0.1012031558 -0.5087826799 -0.5)
(0.1048611007 -0.5271724097 -0.5)
(0.1085190456 -0.5455621394 -0.5)
(0.1121769905 -0.5639518692 -0.5)
(0.1158349354 -0.582341599 -0.5)
(0.1194928803 -0.6007313287 -0.5)
(0.1231508252 -0.6191210585 -0.5)
(0.1268087701 -0.6375107883 -0.5)
(0.130466715 -0.655900518 -0.5)
(0.1341246599 -0.6742902478 -0.5)
(0.1377826048 -0.6926799776 -0.5)
(0.1414405497 -0.7110697073 -0.5)
(0.1450984946 -0.7294594371 -0.5)
(0.1487564395 -0.7478491669 -0.5)
(0.1524143844 -0.7662388966 -0.5)
(0.1560723293 -0.7846286264 -0.5)
(0.1214901528 -0.4850159666 -0.5)
(0.1260460329 -0.503204059 -0.5)
(0.130601913 -0.5213921515 -0.5)
(0.1351577931 -0.539580244 -0.5)
(0.1397136732 -0.5577683365 -0.5)
(0.1442695533 -0.5759564289 -0.5)
(0.1488254335 -0.5941445214 -0.5)
(0.1533813136 -0.6123326139 -0.5)
(0.1579371937 -0.6305207063 -0.5)
(0.1624930738 -0.6487087988 -0.5)
(0.1670489539 -0.6668968913 -0.5)
(0.171604834 -0.6850849838 -0.5)
(0.1761607142 -0.7032730762 -0.5)
(0.1807165943 -0.7214611687 -0.5)
(0.1852724744 -0.7396492612 -0.5)
(0.1898283545 -0.7578373536 -0.5)
(0.1943842346 -0.7760254461 -0.5)
(0.1451424108 -0.4784705193 -0.5)
(0.1505852506 -0.4964131575 -0.5)
(0.1560280904 -0.5143557957 -0.5)
(0.1614709302 -0.5322984339 -0.5)
(0.16691377 -0.5502410721 -0.5)
(0.1723566097 -0.5681837103 -0.5)
(0.1777994495 -0.5861263485 -0.5)
(0.1832422893 -0.6040689867 -0.5)
(0.1886851291 -0.6220116249 -0.5)
(0.1941279689 -0.6399542631 -0.5)
(0.1995708087 -0.6578969013 -0.5)
(0.2050136484 -0.6758395395 -0.5)
(0.2104564882 -0.6937821777 -0.5)
(0.215899328 -0.7117248159 -0.5)
(0.2213421678 -0.7296674541 -0.5)
(0.2267850076 -0.7476100923 -0.5)
(0.2322278474 -0.7655527305 -0.5)
(0.168445003 -0.4707723775 -0.5)
(0.1747616901 -0.4884263358 -0.5)
(0.1810783772 -0.5060802941 -0.5)
(0.1873950644 -0.5237342524 -0.5)
(0.1937117515 -0.5413882106 -0.5)
(0.2000284386 -0.5590421689 -0.5)
(0.2063451257 -0.5766961272 -0.5)
(0.2126618128 -0.5943500855 -0.5)
(0.2189784999 -0.6120040438 -0.5)
(0.225295187 -0.629658002 -0.5)
(0.2316118742 -0.6473119603 -0.5)
(0.2379285613 -0.6649659186 -0.5)
(0.2442452484 -0.6826198769 -0.5)
(0.2505619355 -0.7002738352 -0.5)
(0.2568786226 -0.7179277934 -0.5)
(0.2631953097 -0.7355817517 -0.5)
(0.2695119968 -0.75323571 -0.5)
(0.1913417896 -0.4619400871 -0.5)
(0.1985171065 -0.4792628353 -0.5)
(0.2056924234 -0.4965855835 -0.5)
(0.2128677403 -0.5139083317 -0.5)
(0.2200430573 -0.5312310798 -0.5)
(0.2272183742 -0.548553828 -0.5)
(0.2343936911 -0.5658765762 -0.5)
(0.241569008 -0.5831993244 -0.5)
(0.2487443249 -0.6005220725 -0.5)
(0.2559196418 -0.6178448207 -0.5)
(0.2630949587 -0.6351675689 -0.5)
(0.2702702756 -0.6524903171 -0.5)
(0.2774455925 -0.6698130652 -0.5)
(0.2846209094 -0.6871358134 -0.5)
(0.2917962263 -0.7044585616 -0.5)
(0.2989715432 -0.7217813098 -0.5)
(0.3061468601 -0.7391040579 -0.5)
(0.2137776086 -0.4519949266 -0.5)
(0.2217942692 -0.4689447324 -0.5)
(0.2298109298 -0.4858945383 -0.5)
(0.2378275905 -0.5028443441 -0.5)
(0.2458442511 -0.5197941499 -0.5)
(0.2538609117 -0.5367439557 -0.5)
(0.2618775723 -0.5536937615 -0.5)
(0.2698942329 -0.5706435673 -0.5)
(0.2779108936 -0.5875933731 -0.5)
(0.2859275542 -0.6045431789 -0.5)
(0.2939442148 -0.6214929847 -0.5)
(0.3019608754 -0.6384427905 -0.5)
(0.309977536 -0.6553925963 -0.5)
(0.3179941966 -0.6723424022 -0.5)
(0.3260108573 -0.689292208 -0.5)
(0.3340275179 -0.7062420138 -0.5)
(0.3420441785 -0.7231918196 -0.5)
(0.2356984084 -0.4409608555 -0.5)
(0.2445370998 -0.4574968851 -0.5)
(0.2533757911 -0.4740329148 -0.5)
(0.2622144825 -0.4905689444 -0.5)
(0.2710531739 -0.5071049741 -0.5)
(0.2798918652 -0.5236410037 -0.5)
(0.2887305566 -0.5401770334 -0.5)
(0.2975692479 -0.556713063 -0.5)
(0.3064079393 -0.5732490927 -0.5)
(0.3152466307 -0.5897851223 -0.5)
(0.324085322 -0.6063211519 -0.5)
(0.3329240134 -0.6228571816 -0.5)
(0.3417627047 -0.6393932112 -0.5)
(0.3506013961 -0.6559292409 -0.5)
(0.3594400874 -0.6724652705 -0.5)
(0.3682787788 -0.6890013002 -0.5)
(0.3771174702 -0.7055373298 -0.5)
(0.2570513784 -0.4288644566 -0.5)
(0.2666908071 -0.4449468731 -0.5)
(0.2763302359 -0.4610292896 -0.5)
(0.2859696646 -0.4771117061 -0.5)
(0.2956090934 -0.4931941227 -0.5)
(0.3052485221 -0.5092765392 -0.5)
(0.3148879509 -0.5253589557 -0.5)
(0.3245273796 -0.5414413722 -0.5)
(0.3341668084 -0.5575237887 -0.5)
(0.3438062372 -0.5736062052 -0.5)
(0.3534456659 -0.5896886218 -0.5)
(0.3630850947 -0.6057710383 -0.5)
(0.3727245234 -0.6218534548 -0.5)
(0.3823639522 -0.6379358713 -0.5)
(0.3920033809 -0.6540182878 -0.5)
(0.4016428097 -0.6701007043 -0.5)
(0.4112822384 -0.6861831208 -0.5)
(0.2777850756 -0.4157348721 -0.5)
(0.2882020193 -0.4313249313 -0.5)
(0.2986189631 -0.4469149906 -0.5)
(0.3090359068 -0.4625050498 -0.5)
(0.3194528506 -0.478095109 -0.5)
(0.3298697943 -0.4936851683 -0.5)
(0.3402867381 -0.5092752275 -0.5)
(0.3507036818 -0.5248652867 -0.5)
(0.3611206255 -0.5404553459 -0.5)
(0.3715375693 -0.5560454052 -0.5)
(0.381954513 -0.5716354644 -0.5)
(0.3923714568 -0.5872255236 -0.5)
(0.4027884005 -0.6028155829 -0.5)
(0.4132053443 -0.6184056421 -0.5)
(0.423622288 -0.6339957013 -0.5)
(0.4340392317 -0.6495857606 -0.5)
(0.4444561755 -0.6651758198 -0.5)
(0.2978495494 -0.4016037333 -0.5)
(0.3090189126 -0.4166638773 -0.5)
(0.3201882758 -0.4317240212 -0.5)
(0.3313576389 -0.4467841651 -0.5)
(0.3425270021 -0.4618443091 -0.5)
(0.3536963653 -0.476904453 -0.5)
(0.3648657285 -0.4919645969 -0.5)
(0.3760350917 -0.5070247409 -0.5)
(0.3872044549 -0.5220848848 -0.5)
(0.3983738181 -0.5371450287 -0.5)
(0.4095431813 -0.5522051727 -0.5)
(0.4207125445 -0.5672653166 -0.5)
(0.4318819077 -0.5823254605 -0.5)
(0.4430512709 -0.5973856044 -0.5)
(0.4542206341 -0.6124457484 -0.5)
(0.4653899973 -0.6275058923 -0.5)
(0.4765593605 -0.6425660362 -0.5)
(0.3171964611 -0.3865050844 -0.5)
(0.3290913355 -0.4009990317 -0.5)
(0.34098621 -0.415492979 -0.5)
(0.3528810844 -0.4299869262 -0.5)
(0.3647759588 -0.4444808735 -0.5)
(0.3766708333 -0.4589748207 -0.5)
(0.3885657077 -0.473468768 -0.5)
(0.4004605822 -0.4879627152 -0.5)
(0.4123554566 -0.5024566625 -0.5)
(0.424250331 -0.5169506097 -0.5)
(0.4361452055 -0.531444557 -0.5)
(0.4480400799 -0.5459385042 -0.5)
(0.4599349544 -0.5604324515 -0.5)
(0.4718298288 -0.5749263987 -0.5)
(0.4837247033 -0.589420346 -0.5)
(0.4956195777 -0.6039142932 -0.5)
(0.5075144521 -0.6184082405 -0.5)
(0.3357792009 -0.3704753006 -0.5)
(0.3483709305 -0.3843681338 -0.5)
(0.3609626602 -0.398260967 -0.5)
(0.3735543898 -0.4121538002 -0.5)
(0.3861461195 -0.4260466335 -0.5)
(0.3987378491 -0.4399394667 -0.5)
(0.4113295788 -0.4538322999 -0.5)
(0.4239213084 -0.4677251331 -0.5)
(0.4365130381 -0.4816179663 -0.5)
(0.4491047677 -0.4955107996 -0.5)
(0.4616964973 -0.5094036328 -0.5)
(0.474288227 -0.523296466 -0.5)
(0.4868799566 -0.5371892992 -0.5)
(0.4994716863 -0.5510821325 -0.5)
(0.5120634159 -0.5649749657 -0.5)
(0.5246551456 -0.5788677989 -0.5)
(0.5372468752 -0.5927606321 -0.5)
(0.353553 -0.353553 -0.5)
(0.36681125 -0.36681125 -0.5)
(0.3800695 -0.3800695 -0.5)
(0.39332775 -0.39332775 -0.5)
(0.406586 -0.406586 -0.5)
(0.41984425 -0.41984425 -0.5)
(0.4331025 -0.4331025 -0.5)
(0.44636075 -0.44636075 -0.5)
(0.459619 -0.459619 -0.5)
(0.47287725 -0.47287725 -0.5)
(0.4861355 -0.4861355 -0.5)
(0.49939375 -0.49939375 -0.5)
(0.512652 -0.512652 -0.5)
(0.52591025 -0.52591025 -0.5)
(0.5391685 -0.5391685 -0.5)
(0.55242675 -0.55242675 -0.5)
(0.565685 -0.565685 -0.5)
(0 -0.5 0.5)
(-3.469446952e-18 -0.51875 0.5)
(-6.938893904e-18 -0.5375 0.5)
(-1.040834086e-17 -0.55625 0.5)
(-1.387778781e-17 -0.575 0.5)
(-1.734723476e-17 -0.59375 0.5)
(-2.081668171e-17 -0.6125 0.5)
(-2.428612866e-17 -0.63125 0.5)
(-2.775557562e-17 -0.65 0.5)
(-3.122502257e-17 -0.66875 0.5)
(-3.469446952e-17 -0.6875 0.5)
(-3.816391647e-17 -0.70625 0.5)
(-4.163336342e-17 -0.725 0.5)
(-4.510281038e-17 -0.74375 0.5)
(-4.857225733e-17 -0.7625 0.5)
(-5.204170428e-17 -0.78125 0.5)
(0 -0.8 0.5)
(0.02453384574 -0.4993978342 0.5)
(0.0254538649 -0.5181252508 0.5)
(0.02637388405 -0.5368526675 0.5)
(0.02729390321 -0.5555800842 0.5)
(0.02821392236 -0.5743075009 0.5)
(0.02913394152 -0.5930349176 0.5)
(0.03005396067 -0.6117623342 0.5)
(0.03097397983 -0.6304897509 0.5)
(0.03189399898 -0.6492171676 0.5)
(0.03281401814 -0.6679445843 0.5)
(0.03373403729 -0.686672001 0.5)
(0.03465405645 -0.7053994176 0.5)
(0.0355740756 -0.7241268343 0.5)
(0.03649409476 -0.742854251 0.5)
(0.03741411391 -0.7615816677 0.5)
(0.03833413307 -0.7803090843 0.5)
(0.03925415222 -0.799036501 0.5)
(0.04900859116 -0.4975925564 0.5)
(0.05084641313 -0.5162522735 0.5)
(0.05268423511 -0.5349119906 0.5)
(0.05452205708 -0.5535717077 0.5)
(0.05635987906 -0.5722314248 0.5)
(0.05819770103 -0.5908911419 0.5)
(0.06003552301 -0.609550859 0.5)
(0.06187334498 -0.628210576 0.5)
(0.06371116696 -0.6468702931 0.5)
(0.06554898893 -0.6655300102 0.5)
(0.06738681091 -0.6841897273 0.5)
(0.06922463288 -0.7028494444 0.5)
(0.07106245485 -0.7215091615 0.5)
(0.07290027683 -0.7401688785 0.5)
(0.0747380988 -0.7588285956 0.5)
(0.07657592078 -0.7774883127 0.5)
(0.07841374275 -0.7961480298 0.5)
(0.07336527262 -0.494588516 0.5)
(0.07611646999 -0.5131355803 0.5)
(0.07886766735 -0.5316826447 0.5)
(0.08161886472 -0.550229709 0.5)
(0.08437006208 -0.5687767733 0.5)
(0.08712125945 -0.5873238376 0.5)
(0.08987245682 -0.6058709019 0.5)
(0.09262365418 -0.6244179662 0.5)
(0.09537485155 -0.6429650306 0.5)
(0.09812604891 -0.6615120949 0.5)
(0.1008772463 -0.6800591592 0.5)
(0.1036284436 -0.6986062235 0.5)
(0.106379641 -0.7171532878 0.5)
(0.1091308384 -0.7357003521 0.5)
(0.1118820357 -0.7542474165 0.5)
(0.1146332331 -0.7727944808 0.5)
(0.1173844305 -0.7913415451 0.5)
(0.09754521095 -0.4903929501 0.5)
(0.1012031558 -0.5087826799 0.5)
(0.1048611007 -0.5271724097 0.5)
(0.1085190456 -0.5455621394 0.5)
(0.1121769905 -0.5639518692 0.5)
(0.1158349354 -0.582341599 0.5)
(0.1194928803 -0.6007313287 0.5)
(0.1231508252 -0.6191210585 0.5)
(0.1268087701 -0.6375107883 0.5)
(0.130466715 -0.655900518 0.5)
(0.1341246599 -0.6742902478 0.5)
(0.1377826048 -0.6926799776 0.5)
(0.1414405497 -0.7110697073 0.5)
(0.1450984946 -0.7294594371 0.5)
(0.1487564395 -0.7478491669 0.5)
(0.1524143844 -0.7662388966 0.5)
(0.1560723293 -0.7846286264 0.5)
(0.1214901528 -0.4850159666 0.5)
(0.1260460329 -0.503204059 0.5)
(0.130601913 -0.5213921515 0.5)
(0.1351577931 -0.539580244 0.5)
(0.1397136732 -0.5577683365 0.5)
(0.1442695533 -0.5759564289 0.5)
(0.1488254335 -0.5941445214 0.5)
(0.1533813136 -0.6123326139 0.5)
(0.1579371937 -0.6305207063 0.5)
(0.1624930738 -0.6487087988 0.5)
(0.1670489539 -0.6668968913 0.5)
(0.171604834 -0.6850849838 0.5)
(0.1761607142 -0.7032730762 0.5)
(0.1807165943 -0.7214611687 0.5)
(0.1852724744 -0.7396492612 0.5)
(0.1898283545 -0.7578373536 0.5)
(0.1943842346 -0.7760254461 0.5)
(0.1451424108 -0.4784705193 0.5)
(0.1505852506 -0.4964131575 0.5)
(0.1560280904 -0.5143557957 0.5)
(0.1614709302 -0.5322984339 0.5)
(0.16691377 -0.5502410721 0.5)
(0.1723566097 -0.5681837103 0.5)
(0.1777994495 -0.5861263485 0.5)
(0.1832422893 -0.6040689867 0.5)
(0.1886851291 -0.6220116249 0.5)
(0.1941279689 -0.6399542631 0.5)
(0.1995708087 -0.6578969013 0.5)
(0.2050136484 -0.6758395395 0.5)
(0.2104564882 -0.6937821777 0.5)
(0.215899328 -0.7117248159 0.5)
(0.2213421678 -0.7296674541 0.5)
(0.2267850076 -0.7476100923 0.5)
(0.2322278474 -0.7655527305 0.5)
(0.168445003 -0.4707723775 0.5)
(0.1747616901 -0.4884263358 0.5)
(0.1810783772 -0.5060802941 0.5)
(0.1873950644 -0.5237342524 0.5)
(0.1937117515 -0.5413882106 0.5)
(0.2000284386 -0.5590421689 0.5)
(0.2063451257 -0.5766961272 0.5)
(0.2126618128 -0.5943500855 0.5)
(0.2189784999 -0.6120040438 0.5)
(0.225295187 -0.629658002 0.5)
(0.2316118742 -0.6473119603 0.5)
(0.2379285613 -0.6649659186 0.5)
(0.2442452484 -0.6826198769 0.5)
(0.2505619355 -0.7002738352 0.5)
(0.2568786226 -0.7179277934 0.5)
(0.2631953097 -0.7355817517 0.5)
(0.2695119968 -0.75323571 0.5)
(0.1913417896 -0.4619400871 0.5)
(0.1985171065 -0.4792628353 0.5)
(0.2056924234 -0.4965855835 0.5)
(0.2128677403 -0.5139083317 0.5)
(0.2200430573 -0.5312310798 0.5)
(0.2272183742 -0.548553828 0.5)
(0.2343936911 -0.5658765762 0.5)
(0.241569008 -0.5831993244 0.5)
(0.2487443249 -0.6005220725 0.5)
(0.2559196418 -0.6178448207 0.5)
(0.2630949587 -0.6351675689 0.5)
(0.2702702756 -0.6524903171 0.5)
(0.2774455925 -0.6698130652 0.5)
(0.2846209094 -0.6871358134 0.5)
(0.2917962263 -0.7044585616 0.5)
(0.2989715432 -0.7217813098 0.5)
(0.3061468601 -0.7391040579 0.5)
(0.2137776086 -0.4519949266 0.5)
(0.2217942692 -0.4689447324 0.5)
(0.2298109298 -0.4858945383 0.5)
(0.2378275905 -0.5028443441 0.5)
(0.2458442511 -0.5197941499 0.5)
(0.2538609117 -0.5367439557 0.5)
(0.2618775723 -0.5536937615 0.5)
(0.2698942329 -0.5706435673 0.5)
(0.2779108936 -0.5875933731 0.5)
(0.2859275542 -0.6045431789 0.5)
(0.2939442148 -0.6214929847 0.5)
(0.3019608754 -0.6384427905 0.5)
(0.309977536 -0.6553925963 0.5)
(0.3179941966 -0.6723424022 0.5)
(0.3260108573 -0.689292208 0.5)
(0.3340275179 -0.7062420138 0.5)
(0.3420441785 -0.7231918196 0.5)
(0.2356984084 -0.4409608555 0.5)
(0.2445370998 -0.4574968851 0.5)
(0.2533757911 -0.4740329148 0.5)
(0.2622144825 -0.4905689444 0.5)
(0.2710531739 -0.5071049741 0.5)
(0.2798918652 -0.5236410037 0.5)
(0.2887305566 -0.5401770334 0.5)
(0.2975692479 -0.556713063 0.5)
(0.3064079393 -0.5732490927 0.5)
(0.3152466307 -0.5897851223 0.5)
(0.324085322 -0.6063211519 0.5)
(0.3329240134 -0.6228571816 0.5)
(0.3417627047 -0.6393932112 0.5)
(0.3506013961 -0.6559292409 0.5)
(0.3594400874 -0.6724652705 0.5)
(0.3682787788 -0.6890013002 0.5)
(0.3771174702 -0.7055373298 0.5)
(0.2570513784 -0.4288644566 0.5)
(0.2666908071 -0.4449468731 0.5)
(0.2763302359 -0.4610292896 0.5)
(0.2859696646 -0.4771117061 0.5)
(0.2956090934 -0.4931941227 0.5)
(0.3052485221 -0.5092765392 0.5)
(0.3148879509 -0.5253589557 0.5)
(0.3245273796 -0.5414413722 0.5)
(0.3341668084 -0.5575237887 0.5)
(0.3438062372 -0.5736062052 0.5)
(0.3534456659 -0.5896886218 0.5)
(0.3630850947 -0.6057710383 0.5)
(0.3727245234 -0.6218534548 0.5)
(0.3823639522 -0.6379358713 0.5)
(0.3920033809 -0.6540182878 0.5)
(0.4016428097 -0.6701007043 0.5)
(0.4112822384 -0.6861831208 0.5)
(0.2777850756 -0.4157348721 0.5)
(0.2882020193 -0.4313249313 0.5)
(0.2986189631 -0.4469149906 0.5)
(0.3090359068 -0.4625050498 0.5)
(0.3194528506 -0.478095109 0.5)
(0.3298697943 -0.4936851683 0.5)
(0.3402867381 -0.5092752275 0.5)
(0.3507036818 -0.5248652867 0.5)
(0.3611206255 -0.5404553459 0.5)
(0.3715375693 -0.5560454052 0.5)
(0.381954513 -0.5716354644 0.5)
(0.3923714568 -0.5872255236 0.5)
(0.4027884005 -0.6028155829 0.5)
(0.4132053443 -0.6184056421 0.5)
(0.423622288 -0.6339957013 0.5)
(0.4340392317 -0.6495857606 0.5)
(0.4444561755 -0.6651758198 0.5)
(0.2978495494 -0.4016037333 0.5)
(0.3090189126 -0.4166638773 0.5)
(0.3201882758 -0.4317240212 0.5)
(0.3313576389 -0.4467841651 0.5)
(0.3425270021 -0.4618443091 0.5)
(0.3536963653 -0.476904453 0.5)
(0.3648657285 -0.4919645969 0.5)
(0.3760350917 -0.5070247409 0.5)
(0.3872044549 -0.5220848848 0.5)
(0.3983738181 -0.5371450287 0.5)
(0.4095431813 -0.5522051727 0.5)
(0.4207125445 -0.5672653166 0.5)
(0.4318819077 -0.5823254605 0.5)
(0.4430512709 -0.5973856044 0.5)
(0.4542206341 -0.6124457484 0.5)
(0.4653899973 -0.6275058923 0.5)
(0.4765593605 -0.6425660362 0.5)
(0.3171964611 -0.3865050844 0.5)
(0.3290913355 -0.4009990317 0.5)
(0.34098621 -0.415492979 0.5)
(0.3528810844 -0.4299869262 0.5)
(0.3647759588 -0.4444808735 0.5)
(0.3766708333 -0.4589748207 0.5)
(0.3885657077 -0.473468768 0.5)
(0.4004605822 -0.4879627152 0.5)
(0.4123554566 -0.5024566625 0.5)
(0.424250331 -0.5169506097 0.5)
(0.4361452055 -0.531444557 0.5)
(0.4480400799 -0.5459385042 0.5)
(0.4599349544 -0.5604324515 0.5)
(0.4718298288 -0.5749263987 0.5)
(0.4837247033 -0.589420346 0.5)
(0.4956195777 -0.6039142932 0.5)
(0.5075144521 -0.6184082405 0.5)
(0.3357792009 -0.3704753006 0.5)
(0.3483709305 -0.3843681338 0.5)
(0.3609626602 -0.398260967 0.5)
(0.3735543898 -0.4121538002 0.5)
(0.3861461195 -0.4260466335 0.5)
(0.3987378491 -0.4399394667 0.5)
(0.4113295788 -0.4538322999 0.5)
(0.4239213084 -0.4677251331 0.5)
(0.4365130381 -0.4816179663 0.5)
(0.4491047677 -0.4955107996 0.5)
(0.4616964973 -0.5094036328 0.5)
(0.474288227 -0.523296466 0.5)
(0.4868799566 -0.5371892992 0.5)
(0.4994716863 -0.5510821325 0.5)
(0.5120634159 -0.5649749657 0.5)
(0.5246551456 -0.5788677989 0.5)
(0.5372468752 -0.5927606321 0.5)
(0.353553 -0.353553 0.5)
(0.36681125 -0.36681125 0.5)
(0.3800695 -0.3800695 0.5)
(0.39332775 -0.39332775 0.5)
(0.406586 -0.406586 0.5)
(0.41984425 -0.41984425 0.5)
(0.4331025 -0.4331025 0.5)
(0.44636075 -0.44636075 0.5)
(0.459619 -0.459619 0.5)
(0.47287725 -0.47287725 0.5)
(0.4861355 -0.4861355 0.5)
(0.49939375 -0.49939375 0.5)
(0.512652 -0.512652 0.5)
(0.52591025 -0.52591025 0.5)
(0.5391685 -0.5391685 0.5)
(0.55242675 -0.55242675 0.5)
(0.565685 -0.565685 0.5)
(0.3704753006 -0.3357792009 -0.5)
(0.3843681338 -0.3483709305 -0.5)
(0.398260967 -0.3609626602 -0.5)
(0.4121538002 -0.3735543898 -0.5)
(0.4260466335 -0.3861461195 -0.5)
(0.4399394667 -0.3987378491 -0.5)
(0.4538322999 -0.4113295788 -0.5)
(0.4677251331 -0.4239213084 -0.5)
(0.4816179663 -0.4365130381 -0.5)
(0.4955107996 -0.4491047677 -0.5)
(0.5094036328 -0.4616964973 -0.5)
(0.523296466 -0.474288227 -0.5)
(0.5371892992 -0.4868799566 -0.5)
(0.5510821325 -0.4994716863 -0.5)
(0.5649749657 -0.5120634159 -0.5)
(0.5788677989 -0.5246551456 -0.5)
(0.5927606321 -0.5372468752 -0.5)
(0.3865050844 -0.3171964611 -0.5)
(0.4009990317 -0.3290913355 -0.5)
(0.415492979 -0.34098621 -0.5)
(0.4299869262 -0.3528810844 -0.5)
(0.4444808735 -0.3647759588 -0.5)
(0.4589748207 -0.3766708333 -0.5)
(0.473468768 -0.3885657077 -0.5)
(0.4879627152 -0.4004605822 -0.5)
(0.5024566625 -0.4123554566 -0.5)
(0.5169506097 -0.424250331 -0.5)
(0.531444557 -0.4361452055 -0.5)
(0.5459385042 -0.4480400799 -0.5)
(0.5604324515 -0.4599349544 -0.5)
(0.5749263987 -0.4718298288 -0.5)
(0.589420346 -0.4837247033 -0.5)
(0.6039142932 -0.4956195777 -0.5)
(0.6184082405 -0.5075144521 -0.5)
(0.4016037333 -0.2978495494 -0.5)
(0.4166638773 -0.3090189126 -0.5)
(0.4317240212 -0.3201882758 -0.5)
(0.4467841651 -0.3313576389 -0.5)
(0.4618443091 -0.3425270021 -0.5)
(0.476904453 -0.3536963653 -0.5)
(0.4919645969 -0.3648657285 -0.5)
(0.5070247409 -0.3760350917 -0.5)
(0.5220848848 -0.3872044549 -0.5)
(0.5371450287 -0.3983738181 -0.5)
(0.5522051727 -0.4095431813 -0.5)
(0.5672653166 -0.4207125445 -0.5)
(0.5823254605 -0.4318819077 -0.5)
(0.5973856044 -0.4430512709 -0.5)
(0.6124457484 -0.4542206341 -0.5)
(0.6275058923 -0.4653899973 -0.5)
(0.6425660362 -0.4765593605 -0.5)
(0.4157348721 -0.2777850756 -0.5)
(0.4313249313 -0.2882020193 -0.5)
(0.4469149906 -0.2986189631 -0.5)
(0.4625050498 -0.3090359068 -0.5)
(0.478095109 -0.3194528506 -0.5)
(0.4936851683 -0.3298697943 -0.5)
(0.5092752275 -0.3402867381 -0.5)
(0.5248652867 -0.3507036818 -0.5)
(0.5404553459 -0.3611206255 -0.5)
(0.5560454052 -0.3715375693 -0.5)
(0.5716354644 -0.381954513 -0.5)
(0.5872255236 -0.3923714568 -0.5)
(0.6028155829 -0.4027884005 -0.5)
(0.6184056421 -0.4132053443 -0.5)
(0.6339957013 -0.423622288 -0.5)
(0.6495857606 -0.4340392317 -0.5)
(0.6651758198 -0.4444561755 -0.5)
(0.4288644566 -0.2570513784 -0.5)
(0.4449468731 -0.2666908071 -0.5)
(0.4610292896 -0.2763302359 -0.5)
(0.4771117061 -0.2859696646 -0.5)
(0.4931941227 -0.2956090934 -0.5)
(0.5092765392 -0.3052485221 -0.5)
(0.5253589557 -0.3148879509 -0.5)
(0.5414413722 -0.3245273796 -0.5)
(0.5575237887 -0.3341668084 -0.5)
(0.5736062052 -0.3438062372 -0.5)
(0.5896886218 -0.3534456659 -0.5)
(0.6057710383 -0.3630850947 -0.5)
(0.6218534548 -0.3727245234 -0.5)
(0.6379358713 -0.3823639522 -0.5)
(0.6540182878 -0.3920033809 -0.5)
(0.6701007043 -0.4016428097 -0.5)
(0.6861831208 -0.4112822384 -0.5)
(0.4409608555 -0.2356984084 -0.5)
(0.4574968851 -0.2445370998 -0.5)
(0.4740329148 -0.2533757911 -0.5)
(0.4905689444 -0.2622144825 -0.5)
(0.5071049741 -0.2710531739 -0.5)
(0.5236410037 -0.2798918652 -0.5)
(0.5401770334 -0.2887305566 -0.5)
(0.556713063 -0.2975692479 -0.5)
(0.5732490927 -0.3064079393 -0.5)
(0.5897851223 -0.3152466307 -0.5)
(0.6063211519 -0.324085322 -0.5)
(0.6228571816 -0.3329240134 -0.5)
(0.6393932112 -0.3417627047 -0.5)
(0.6559292409 -0.3506013961 -0.5)
(0.6724652705 -0.3594400874 -0.5)
(0.6890013002 -0.3682787788 -0.5)
(0.7055373298 -0.3771174702 -0.5)
(0.4519949266 -0.2137776086 -0.5)
(0.4689447324 -0.2217942692 -0.5)
(0.4858945383 -0.2298109298 -0.5)
(0.5028443441 -0.2378275905 -0.5)
(0.5197941499 -0.2458442511 -0.5)
(0.5367439557 -0.2538609117 -0.5)
(0.5536937615 -0.2618775723 -0.5)
(0.5706435673 -0.2698942329 -0.5)
(0.5875933731 -0.2779108936 -0.5)
(0.6045431789 -0.2859275542 -0.5)
(0.6214929847 -0.2939442148 -0.5)
(0.6384427905 -0.3019608754 -0.5)
(0.6553925963 -0.309977536 -0.5)
(0.6723424022 -0.3179941966 -0.5)
(0.689292208 -0.3260108573 -0.5)
(0.7062420138 -0.3340275179 -0.5)
(0.7231918196 -0.3420441785 -0.5)
(0.4619400871 -0.1913417896 -0.5)
(0.4792628353 -0.1985171065 -0.5)
(0.4965855835 -0.2056924234 -0.5)
(0.5139083317 -0.2128677403 -0.5)
(0.5312310798 -0.2200430573 -0.5)
(0.548553828 -0.2272183742 -0.5)
(0.5658765762 -0.2343936911 -0.5)
(0.5831993244 -0.241569008 -0.5)
(0.6005220725 -0.2487443249 -0.5)
(0.6178448207 -0.2559196418 -0.5)
(0.6351675689 -0.2630949587 -0.5)
(0.6524903171 -0.2702702756 -0.5)
(0.6698130652 -0.2774455925 -0.5)
(0.6871358134 -0.2846209094 -0.5)
(0.7044585616 -0.2917962263 -0.5)
(0.7217813098 -0.2989715432 -0.5)
(0.7391040579 -0.3061468601 -0.5)
(0.4707723775 -0.168445003 -0.5)
(0.4884263358 -0.1747616901 -0.5)
(0.5060802941 -0.1810783772 -0.5)
(0.5237342524 -0.1873950644 -0.5)
(0.5413882106 -0.1937117515 -0.5)
(0.5590421689 -0.2000284386 -0.5)
(0.5766961272 -0.2063451257 -0.5)
(0.5943500855 -0.2126618128 -0.5)
(0.6120040438 -0.2189784999 -0.5)
(0.629658002 -0.225295187 -0.5)
(0.6473119603 -0.2316118742 -0.5)
(0.6649659186 -0.2379285613 -0.5)
(0.6826198769 -0.2442452484 -0.5)
(0.7002738352 -0.2505619355 -0.5)
(0.7179277934 -0.2568786226 -0.5)
(0.7355817517 -0.2631953097 -0.5)
(0.75323571 -0.2695119968 -0.5)
(0.4784705193 -0.1451424108 -0.5)
(0.4964131575 -0.1505852506 -0.5)
(0.5143557957 -0.1560280904 -0.5)
(0.5322984339 -0.1614709302 -0.5)
(0.5502410721 -0.16691377 -0.5)
(0.5681837103 -0.1723566097 -0.5)
(0.5861263485 -0.1777994495 -0.5)
(0.6040689867 -0.1832422893 -0.5)
(0.6220116249 -0.1886851291 -0.5)
(0.6399542631 -0.1941279689 -0.5)
(0.6578969013 -0.1995708087 -0.5)
(0.6758395395 -0.2050136484 -0.5)
(0.6937821777 -0.2104564882 -0.5)
(0.7117248159 -0.215899328 -0.5)
(0.7296674541 -0.2213421678 -0.5)
(0.7476100923 -0.2267850076 -0.5)
(0.7655527305 -0.2322278474 -0.5)
(0.4850159666 -0.1214901528 -0.5)
(0.503204059 -0.1260460329 -0.5)
(0.5213921515 -0.130601913 -0.5)
(0.539580244 -0.1351577931 -0.5)
(0.5577683365 -0.1397136732 -0.5)
(0.5759564289 -0.1442695533 -0.5)
(0.5941445214 -0.1488254335 -0.5)
(0.6123326139 -0.1533813136 -0.5)
(0.6305207063 -0.1579371937 -0.5)
(0.6487087988 -0.1624930738 -0.5)
(0.6668968913 -0.1670489539 -0.5)
(0.6850849838 -0.171604834 -0.5)
(0.7032730762 -0.1761607142 -0.5)
(0.7214611687 -0.1807165943 -0.5)
(0.7396492612 -0.1852724744 -0.5)
(0.7578373536 -0.1898283545 -0.5)
(0.7760254461 -0.1943842346 -0.5)
(0.4903929501 -0.09754521095 -0.5)
(0.5087826799 -0.1012031558 -0.5)
(0.5271724097 -0.1048611007 -0.5)
(0.5455621394 -0.1085190456 -0.5)
(0.5639518692 -0.1121769905 -0.5)
(0.582341599 -0.1158349354 -0.5)
(0.6007313287 -0.1194928803 -0.5)
(0.6191210585 -0.1231508252 -0.5)
(0.6375107883 -0.1268087701 -0.5)
(0.655900518 -0.130466715 -0.5)
(0.6742902478 -0.1341246599 -0.5)
(0.6926799776 -0.1377826048 -0.5)
(0.7110697073 -0.1414405497 -0.5)
(0.7294594371 -0.1450984946 -0.5)
(0.7478491669 -0.1487564395 -0.5)
(0.7662388966 -0.1524143844 -0.5)
(0.7846286264 -0.1560723293 -0.5)
(0.494588516 -0.07336527262 -0.5)
(0.5131355803 -0.07611646999 -0.5)
(0.5316826447 -0.07886766735 -0.5)
(0.550229709 -0.08161886472 -0.5)
(0.5687767733 -0.08437006208 -0.5)
(0.5873238376 -0.08712125945 -0.5)
(0.6058709019 -0.08987245682 -0.5)
(0.6244179662 -0.09262365418 -0.5)
(0.6429650306 -0.09537485155 -0.5)
(0.6615120949 -0.09812604891 -0.5)
(0.6800591592 -0.1008772463 -0.5)
(0.6986062235 -0.1036284436 -0.5)
(0.7171532878 -0.106379641 -0.5)
(0.7357003521 -0.1091308384 -0.5)
(0.7542474165 -0.1118820357 -0.5)
(0.7727944808 -0.1146332331 -0.5)
(0.7913415451 -0.1173844305 -0.5)
(0.4975925564 -0.04900859116 -0.5)
(0.5162522735 -0.05084641313 -0.5)
(0.5349119906 -0.05268423511 -0.5)
(0.5535717077 -0.05452205708 -0.5)
(0.5722314248 -0.05635987906 -0.5)
(0.5908911419 -0.05819770103 -0.5)
(0.609550859 -0.06003552301 -0.5)
(0.628210576 -0.06187334498 -0.5)
(0.6468702931 -0.06371116696 -0.5)
(0.6655300102 -0.06554898893 -0.5)
(0.6841897273 -0.06738681091 -0.5)
(0.7028494444 -0.06922463288 -0.5)
(0.7215091615 -0.07106245485 -0.5)
(0.7401688785 -0.07290027683 -0.5)
(0.7588285956 -0.0747380988 -0.5)
(0.7774883127 -0.07657592078 -0.5)
(0.7961480298 -0.07841374275 -0.5)
(0.4993978342 -0.02453384574 -0.5)
(0.5181252508 -0.0254538649 -0.5)
(0.5368526675 -0.02637388405 -0.5)
(0.5555800842 -0.02729390321 -0.5)
(0.5743075009 -0.02821392236 -0.5)
(0.5930349176 -0.02913394152 -0.5)
(0.6117623342 -0.03005396067 -0.5)
(0.6304897509 -0.03097397983 -0.5)
(0.6492171676 -0.03189399898 -0.5)
(0.6679445843 -0.03281401814 -0.5)
(0.686672001 -0.03373403729 -0.5)
(0.7053994176 -0.03465405645 -0.5)
(0.7241268343 -0.0355740756 -0.5)
(0.742854251 -0.03649409476 -0.5)
(0.7615816677 -0.03741411391 -0.5)
(0.7803090843 -0.03833413307 -0.5)
(0.799036501 -0.03925415222 -0.5)
(0.3704753006 -0.3357792009 0.5)
(0.3843681338 -0.3483709305 0.5)
(0.398260967 -0.3609626602 0.5)
(0.4121538002 -0.3735543898 0.5)
(0.4260466335 -0.3861461195 0.5)
(0.4399394667 -0.3987378491 0.5)
(0.4538322999 -0.4113295788 0.5)
(0.4677251331 -0.4239213084 0.5)
(0.4816179663 -0.4365130381 0.5)
(0.4955107996 -0.4491047677 0.5)
(0.5094036328 -0.4616964973 0.5)
(0.523296466 -0.474288227 0.5)
(0.5371892992 -0.4868799566 0.5)
(0.5510821325 -0.4994716863 0.5)
(0.5649749657 -0.5120634159 0.5)
(0.5788677989 -0.5246551456 0.5)
(0.5927606321 -0.5372468752 0.5)
(0.3865050844 -0.3171964611 0.5)
(0.4009990317 -0.3290913355 0.5)
(0.415492979 -0.34098621 0.5)
(0.4299869262 -0.3528810844 0.5)
(0.4444808735 -0.3647759588 0.5)
(0.4589748207 -0.3766708333 0.5)
(0.473468768 -0.3885657077 0.5)
(0.4879627152 -0.4004605822 0.5)
(0.5024566625 -0.4123554566 0.5)
(0.5169506097 -0.424250331 0.5)
(0.531444557 -0.4361452055 0.5)
(0.5459385042 -0.4480400799 0.5)
(0.5604324515 -0.4599349544 0.5)
(0.5749263987 -0.4718298288 0.5)
(0.589420346 -0.4837247033 0.5)
(0.6039142932 -0.4956195777 0.5)
(0.6184082405 -0.5075144521 0.5)
(0.4016037333 -0.2978495494 0.5)
(0.4166638773 -0.3090189126 0.5)
(0.4317240212 -0.3201882758 0.5)
(0.4467841651 -0.3313576389 0.5)
(0.4618443091 -0.3425270021 0.5)
(0.476904453 -0.3536963653 0.5)
(0.4919645969 -0.3648657285 0.5)
(0.5070247409 -0.3760350917 0.5)
(0.5220848848 -0.3872044549 0.5)
(0.5371450287 -0.3983738181 0.5)
(0.5522051727 -0.4095431813 0.5)
(0.5672653166 -0.4207125445 0.5)
(0.5823254605 -0.4318819077 0.5)
(0.5973856044 -0.4430512709 0.5)
(0.6124457484 -0.4542206341 0.5)
(0.6275058923 -0.4653899973 0.5)
(0.6425660362 -0.4765593605 0.5)
(0.4157348721 -0.2777850756 0.5)
(0.4313249313 -0.2882020193 0.5)
(0.4469149906 -0.2986189631 0.5)
(0.4625050498 -0.3090359068 0.5)
(0.478095109 -0.3194528506 0.5)
(0.4936851683 -0.3298697943 0.5)
(0.5092752275 -0.3402867381 0.5)
(0.5248652867 -0.3507036818 0.5)
(0.5404553459 -0.3611206255 0.5)
(0.5560454052 -0.3715375693 0.5)
(0.5716354644 -0.381954513 0.5)
(0.5872255236 -0.3923714568 0.5)
(0.6028155829 -0.4027884005 0.5)
(0.6184056421 -0.4132053443 0.5)
(0.6339957013 -0.423622288 0.5)
(0.6495857606 -0.4340392317 0.5)
(0.6651758198 -0.4444561755 0.5)
(0.4288644566 -0.2570513784 0.5)
(0.4449468731 -0.2666908071 0.5)
(0.4610292896 -0.2763302359 0.5)
(0.4771117061 -0.2859696646 0.5)
(0.4931941227 -0.2956090934 0.5)
(0.5092765392 -0.3052485221 0.5)
(0.5253589557 -0.3148879509 0.5)
(0.5414413722 -0.3245273796 0.5)
(0.5575237887 -0.3341668084 0.5)
(0.5736062052 -0.3438062372 0.5)
(0.5896886218 -0.3534456659 0.5)
(0.6057710383 -0.3630850947 0.5)
(0.6218534548 -0.3727245234 0.5)
(0.6379358713 -0.3823639522 0.5)
(0.6540182878 -0.3920033809 0.5)
(0.6701007043 -0.4016428097 0.5)
(0.6861831208 -0.4112822384 0.5)
(0.4409608555 -0.2356984084 0.5)
(0.4574968851 -0.2445370998 0.5)
(0.4740329148 -0.2533757911 0.5)
(0.4905689444 -0.2622144825 0.5)
(0.5071049741 -0.2710531739 0.5)
(0.5236410037 -0.2798918652 0.5)
(0.5401770334 -0.2887305566 0.5)
(0.556713063 -0.2975692479 0.5)
(0.5732490927 -0.3064079393 0.5)
(0.5897851223 -0.3152466307 0.5)
(0.6063211519 -0.324085322 0.5)
(0.6228571816 -0.3329240134 0.5)
(0.6393932112 -0.3417627047 0.5)
(0.6559292409 -0.3506013961 0.5)
(0.6724652705 -0.3594400874 0.5)
(0.6890013002 -0.3682787788 0.5)
(0.7055373298 -0.3771174702 0.5)
(0.4519949266 -0.2137776086 0.5)
(0.4689447324 -0.2217942692 0.5)
(0.4858945383 -0.2298109298 0.5)
(0.5028443441 -0.2378275905 0.5)
(0.5197941499 -0.2458442511 0.5)
(0.5367439557 -0.2538609117 0.5)
(0.5536937615 -0.2618775723 0.5)
(0.5706435673 -0.2698942329 0.5)
(0.5875933731 -0.2779108936 0.5)
(0.6045431789 -0.2859275542 0.5)
(0.6214929847 -0.2939442148 0.5)
(0.6384427905 -0.3019608754 0.5)
(0.6553925963 -0.309977536 0.5)
(0.6723424022 -0.3179941966 0.5)
(0.689292208 -0.3260108573 0.5)
(0.7062420138 -0.3340275179 0.5)
(0.7231918196 -0.3420441785 0.5)
(0.4619400871 -0.1913417896 0.5)
(0.4792628353 -0.1985171065 0.5)
(0.4965855835 -0.2056924234 0.5)
(0.5139083317 -0.2128677403 0.5)
(0.5312310798 -0.2200430573 0.5)
(0.548553828 -0.2272183742 0.5)
(0.5658765762 -0.2343936911 0.5)
(0.5831993244 -0.241569008 0.5)
(0.6005220725 -0.2487443249 0.5)
(0.6178448207 -0.2559196418 0.5)
(0.6351675689 -0.2630949587 0.5)
(0.6524903171 -0.2702702756 0.5)
(0.6698130652 -0.2774455925 0.5)
(0.6871358134 -0.2846209094 0.5)
(0.7044585616 -0.2917962263 0.5)
(0.7217813098 -0.2989715432 0.5)
(0.7391040579 -0.3061468601 0.5)
(0.4707723775 -0.168445003 0.5)
(0.4884263358 -0.1747616901 0.5)
(0.5060802941 -0.1810783772 0.5)
(0.5237342524 -0.1873950644 0.5)
(0.5413882106 -0.1937117515 0.5)
(0.5590421689 -0.2000284386 0.5)
(0.5766961272 -0.2063451257 0.5)
(0.5943500855 -0.2126618128 0.5)
(0.6120040438 -0.2189784999 0.5)
(0.629658002 -0.225295187 0.5)
(0.6473119603 -0.2316118742 0.5)
(0.6649659186 -0.2379285613 0.5)
(0.6826198769 -0.2442452484 0.5)
(0.7002738352 -0.2505619355 0.5)
(0.7179277934 -0.2568786226 0.5)
(0.7355817517 -0.2631953097 0.5)
(0.75323571 -0.2695119968 0.5)
(0.4784705193 -0.1451424108 0.5)
(0.4964131575 -0.1505852506 0.5)
(0.5143557957 -0.1560280904 0.5)
(0.5322984339 -0.1614709302 0.5)
(0.5502410721 -0.16691377 0.5)
(0.5681837103 -0.1723566097 0.5)
(0.5861263485 -0.1777994495 0.5)
(0.6040689867 -0.1832422893 0.5)
(0.6220116249 -0.1886851291 0.5)
(0.6399542631 -0.1941279689 0.5)
(0.6578969013 -0.1995708087 0.5)
(0.6758395395 -0.2050136484 0.5)
(0.6937821777 -0.2104564882 0.5)
(0.7117248159 -0.215899328 0.5)
(0.7296674541 -0.2213421678 0.5)
(0.7476100923 -0.2267850076 0.5)
(0.7655527305 -0.2322278474 0.5)
(0.4850159666 -0.1214901528 0.5)
(0.503204059 -0.1260460329 0.5)
(0.5213921515 -0.130601913 0.5)
(0.539580244 -0.1351577931 0.5)
(0.5577683365 -0.1397136732 0.5)
(0.5759564289 -0.1442695533 0.5)
(0.5941445214 -0.1488254335 0.5)
(0.6123326139 -0.1533813136 0.5)
(0.6305207063 -0.1579371937 0.5)
(0.6487087988 -0.1624930738 0.5)
(0.6668968913 -0.1670489539 0.5)
(0.6850849838 -0.171604834 0.5)
(0.7032730762 -0.1761607142 0.5)
(0.7214611687 -0.1807165943 0.5)
(0.7396492612 -0.1852724744 0.5)
(0.7578373536 -0.1898283545 0.5)
(0.7760254461 -0.1943842346 0.5)
(0.4903929501 -0.09754521095 0.5)
(0.5087826799 -0.1012031558 0.5)
(0.5271724097 -0.1048611007 0.5)
(0.5455621394 -0.1085190456 0.5)
(0.5639518692 -0.1121769905 0.5)
(0.582341599 -0.1158349354 0.5)
(0.6007313287 -0.1194928803 0.5)
(0.6191210585 -0.1231508252 0.5)
(0.6375107883 -0.1268087701 0.5)
(0.655900518 -0.130466715 0.5)
(0.6742902478 -0.1341246599 0.5)
(0.6926799776 -0.1377826048 0.5)
(0.7110697073 -0.1414405497 0.5)
(0.7294594371 -0.1450984946 0.5)
(0.7478491669 -0.1487564395 0.5)
(0.7662388966 -0.1524143844 0.5)
(0.7846286264 -0.1560723293 0.5)
(0.494588516 -0.07336527262 0.5)
(0.5131355803 -0.07611646999 0.5)
(0.5316826447 -0.07886766735 0.5)
(0.550229709 -0.08161886472 0.5)
(0.5687767733 -0.08437006208 0.5)
(0.5873238376 -0.08712125945 0.5)
(0.6058709019 -0.08987245682 0.5)
(0.6244179662 -0.09262365418 0.5)
(0.6429650306 -0.09537485155 0.5)
(0.6615120949 -0.09812604891 0.5)
(0.6800591592 -0.1008772463 0.5)
(0.6986062235 -0.1036284436 0.5)
(0.7171532878 -0.106379641 0.5)
(0.7357003521 -0.1091308384 0.5)
(0.7542474165 -0.1118820357 0.5)
(0.7727944808 -0.1146332331 0.5)
(0.7913415451 -0.1173844305 0.5)
(0.4975925564 -0.04900859116 0.5)
(0.5162522735 -0.05084641313 0.5)
(0.5349119906 -0.05268423511 0.5)
(0.5535717077 -0.05452205708 0.5)
(0.5722314248 -0.05635987906 0.5)
(0.5908911419 -0.05819770103 0.5)
(0.609550859 -0.06003552301 0.5)
(0.628210576 -0.06187334498 0.5)
(0.6468702931 -0.06371116696 0.5)
(0.6655300102 -0.06554898893 0.5)
(0.6841897273 -0.06738681091 0.5)
(0.7028494444 -0.06922463288 0.5)
(0.7215091615 -0.07106245485 0.5)
(0.7401688785 -0.07290027683 0.5)
(0.7588285956 -0.0747380988 0.5)
(0.7774883127 -0.07657592078 0.5)
(0.7961480298 -0.07841374275 0.5)
(0.4993978342 -0.02453384574 0.5)
(0.5181252508 -0.0254538649 0.5)
(0.5368526675 -0.02637388405 0.5)
(0.5555800842 -0.02729390321 0.5)
(0.5743075009 -0.02821392236 0.5)
(0.5930349176 -0.02913394152 0.5)
(0.6117623342 -0.03005396067 0.5)
(0.6304897509 -0.03097397983 0.5)
(0.6492171676 -0.03189399898 0.5)
(0.6679445843 -0.03281401814 0.5)
(0.686672001 -0.03373403729 0.5)
(0.7053994176 -0.03465405645 0.5)
(0.7241268343 -0.0355740756 0.5)
(0.742854251 -0.03649409476 0.5)
(0.7615816677 -0.03741411391 0.5)
(0.7803090843 -0.03833413307 0.5)
(0.799036501 -0.03925415222 0.5)
(1.155329688 -0.565685 -0.5)
(1.744974375 -0.565685 -0.5)
(2.334619062 -0.565685 -0.5)
(2.92426375 -0.565685 -0.5)
(3.513908437 -0.565685 -0.5)
(4.103553125 -0.565685 -0.5)
(4.693197813 -0.565685 -0.5)
(5.2828425 -0.565685 -0.5)
(5.872487187 -0.565685 -0.5)
(6.462131875 -0.565685 -0.5)
(7.051776562 -0.565685 -0.5)
(7.64142125 -0.565685 -0.5)
(8.231065938 -0.565685 -0.5)
(8.820710625 -0.565685 -0.5)
(9.410355313 -0.565685 -0.5)
(10 -0.565685 -0.5)
(1.180713093 -0.536814551 -0.5)
(1.768665553 -0.5363822268 -0.5)
(2.356618014 -0.5359499025 -0.5)
(2.944570474 -0.5355175783 -0.5)
(3.532522935 -0.5350852541 -0.5)
(4.120475395 -0.5346529298 -0.5)
(4.708427856 -0.5342206056 -0.5)
(5.296380316 -0.5337882814 -0.5)
(5.884332777 -0.5333559571 -0.5)
(6.472285237 -0.5329236329 -0.5)
(7.060237698 -0.5324913087 -0.5)
(7.648190158 -0.5320589844 -0.5)
(8.236142619 -0.5316266602 -0.5)
(8.824095079 -0.531194336 -0.5)
(9.41204754 -0.5307620117 -0.5)
(10 -0.5303296875 -0.5)
(1.204757725 -0.5067306973 -0.5)
(1.79110721 -0.5059469425 -0.5)
(2.377456695 -0.5051631877 -0.5)
(2.96380618 -0.5043794328 -0.5)
(3.550155665 -0.503595678 -0.5)
(4.13650515 -0.5028119232 -0.5)
(4.722854635 -0.5020281684 -0.5)
(5.30920412 -0.5012444136 -0.5)
(5.895553605 -0.5004606587 -0.5)
(6.48190309 -0.4996769039 -0.5)
(7.068252575 -0.4988931491 -0.5)
(7.65460206 -0.4981093943 -0.5)
(8.240951545 -0.4973256395 -0.5)
(8.82730103 -0.4965418846 -0.5)
(9.413650515 -0.4957581298 -0.5)
(10 -0.494974375 -0.5)
(1.227405659 -0.4755005918 -0.5)
(1.812245282 -0.4744418232 -0.5)
(2.397084904 -0.4733830546 -0.5)
(2.981924527 -0.472324286 -0.5)
(3.56676415 -0.4712655173 -0.5)
(4.151603773 -0.4702067487 -0.5)
(4.736443395 -0.4691479801 -0.5)
(5.321283018 -0.4680892115 -0.5)
(5.906122641 -0.4670304429 -0.5)
(6.490962264 -0.4659716742 -0.5)
(7.075801886 -0.4649129056 -0.5)
(7.660641509 -0.463854137 -0.5)
(8.245481132 -0.4627953684 -0.5)
(8.830320755 -0.4617365997 -0.5)
(9.415160377 -0.4606778311 -0.5)
(10 -0.4596190625 -0.5)
(1.248602331 -0.4431941489 -0.5)
(1.832028842 -0.4419321223 -0.5)
(2.415455354 -0.4406700957 -0.5)
(2.998881865 -0.4394080691 -0.5)
(3.582308376 -0.4381460425 -0.5)
(4.165734887 -0.4368840159 -0.5)
(4.749161399 -0.4356219893 -0.5)
(5.33258791 -0.4343599627 -0.5)
(5.916014421 -0.4330979361 -0.5)
(6.499440932 -0.4318359096 -0.5)
(7.082867444 -0.430573883 -0.5)
(7.666293955 -0.4293118564 -0.5)
(8.249720466 -0.4280498298 -0.5)
(8.833146977 -0.4267878032 -0.5)
(9.416573489 -0.4255257766 -0.5)
(10 -0.42426375 -0.5)
(1.268296676 -0.4098838759 -0.5)
(1.850410231 -0.4084855133 -0.5)
(2.432523786 -0.4070871508 -0.5)
(3.014637341 -0.4056887882 -0.5)
(3.596750896 -0.4042904256 -0.5)
(4.178864451 -0.4028920631 -0.5)
(4.760978005 -0.4014937005 -0.5)
(5.34309156 -0.400095338 -0.5)
(5.925205115 -0.3986969754 -0.5)
(6.50731867 -0.3972986129 -0.5)
(7.089432225 -0.3959002503 -0.5)
(7.67154578 -0.3945018877 -0.5)
(8.253659335 -0.3931035252 -0.5)
(8.83577289 -0.3917051626 -0.5)
(9.417886445 -0.3903068001 -0.5)
(10 -0.3889084375 -0.5)
(1.286441247 -0.3756446986 -0.5)
(1.867345164 -0.374171927 -0.5)
(2.44824908 -0.3726991554 -0.5)
(3.029152997 -0.3712263839 -0.5)
(3.610056914 -0.3697536123 -0.5)
(4.190960831 -0.3682808407 -0.5)
(4.771864748 -0.3668080691 -0.5)
(5.352768665 -0.3653352976 -0.5)
(5.933672582 -0.363862526 -0.5)
(6.514576499 -0.3623897544 -0.5)
(7.095480416 -0.3609169829 -0.5)
(7.676384332 -0.3594442113 -0.5)
(8.257288249 -0.3579714397 -0.5)
(8.838192166 -0.3564986681 -0.5)
(9.419096083 -0.3550258966 -0.5)
(10 -0.353553125 -0.5)
(1.302992331 -0.3405537806 -0.5)
(1.882792842 -0.3390633827 -0.5)
(2.462593353 -0.3375729849 -0.5)
(3.042393865 -0.336082587 -0.5)
(3.622194376 -0.3345921891 -0.5)
(4.201994887 -0.3331017912 -0.5)
(4.781795399 -0.3316113934 -0.5)
(5.36159591 -0.3301209955 -0.5)
(5.941396421 -0.3286305976 -0.5)
(6.521196932 -0.3271401997 -0.5)
(7.100997444 -0.3256498019 -0.5)
(7.680797955 -0.324159404 -0.5)
(8.260598466 -0.3226690061 -0.5)
(8.840398977 -0.3211786082 -0.5)
(9.420199489 -0.3196882104 -0.5)
(10 -0.3181978125 -0.5)
(1.317910054 -0.3046903376 -0.5)
(1.896716051 -0.3032338151 -0.5)
(2.475522047 -0.3017772926 -0.5)
(3.054328043 -0.3003207701 -0.5)
(3.63313404 -0.2988642476 -0.5)
(4.211940036 -0.2974077251 -0.5)
(4.790746033 -0.2959512026 -0.5)
(5.369552029 -0.2944946801 -0.5)
(5.948358025 -0.2930381575 -0.5)
(6.527164022 -0.291581635 -0.5)
(7.105970018 -0.2901251125 -0.5)
(7.684776014 -0.28866859 -0.5)
(8.263582011 -0.2872120675 -0.5)
(8.842388007 -0.285755545 -0.5)
(9.421194004 -0.2842990225 -0.5)
(10 -0.2828425 -0.5)
(1.331158478 -0.2681354463 -0.5)
(1.909081246 -0.2667588957 -0.5)
(2.487004014 -0.2653823451 -0.5)
(3.064926782 -0.2640057945 -0.5)
(3.642849551 -0.2626292439 -0.5)
(4.220772319 -0.2612526933 -0.5)
(4.798695087 -0.2598761428 -0.5)
(5.376617855 -0.2584995922 -0.5)
(5.954540623 -0.2571230416 -0.5)
(6.532463391 -0.255746491 -0.5)
(7.110386159 -0.2543699404 -0.5)
(7.688308927 -0.2529933898 -0.5)
(8.266231696 -0.2516168393 -0.5)
(8.844154464 -0.2502402887 -0.5)
(9.422077232 -0.2488637381 -0.5)
(10 -0.2474871875 -0.5)
(1.342705685 -0.2309718491 -0.5)
(1.919858639 -0.2297158508 -0.5)
(2.497011594 -0.2284598526 -0.5)
(3.074164548 -0.2272038543 -0.5)
(3.651317502 -0.225947856 -0.5)
(4.228470457 -0.2246918577 -0.5)
(4.805623411 -0.2234358595 -0.5)
(5.382776365 -0.2221798612 -0.5)
(5.95992932 -0.2209238629 -0.5)
(6.537082274 -0.2196678646 -0.5)
(7.114235228 -0.2184118664 -0.5)
(7.691388183 -0.2171558681 -0.5)
(8.268541137 -0.2158998698 -0.5)
(8.845694091 -0.2146438715 -0.5)
(9.422847046 -0.2133878733 -0.5)
(10 -0.212131875 -0.5)
(1.352523856 -0.1932837551 -0.5)
(1.929022265 -0.1921832756 -0.5)
(2.505520675 -0.1910827961 -0.5)
(3.082019085 -0.1899823166 -0.5)
(3.658517494 -0.1888818371 -0.5)
(4.235015904 -0.1877813576 -0.5)
(4.811514313 -0.1866808781 -0.5)
(5.388012723 -0.1855803986 -0.5)
(5.964511133 -0.1844799191 -0.5)
(6.541009542 -0.1833794395 -0.5)
(7.117507952 -0.18227896 -0.5)
(7.694006362 -0.1811784805 -0.5)
(8.270504771 -0.180078001 -0.5)
(8.847003181 -0.1789775215 -0.5)
(9.42350159 -0.177877042 -0.5)
(10 -0.1767765625 -0.5)
(1.360589337 -0.1551566369 -0.5)
(1.936550048 -0.1542409444 -0.5)
(2.512510759 -0.153325252 -0.5)
(3.08847147 -0.1524095595 -0.5)
(3.664432181 -0.1514938671 -0.5)
(4.240392891 -0.1505781746 -0.5)
(4.816353602 -0.1496624821 -0.5)
(5.392314313 -0.1487467897 -0.5)
(5.968275024 -0.1478310972 -0.5)
(6.544235735 -0.1469154048 -0.5)
(7.120196446 -0.1459997123 -0.5)
(7.696157157 -0.1450840198 -0.5)
(8.272117867 -0.1441683274 -0.5)
(8.848078578 -0.1432526349 -0.5)
(9.424039289 -0.1423369425 -0.5)
(10 -0.14142125 -0.5)
(1.366882699 -0.1166770247 -0.5)
(1.942423852 -0.1159696189 -0.5)
(2.517965005 -0.115262213 -0.5)
(3.093506159 -0.1145548072 -0.5)
(3.669047312 -0.1138474014 -0.5)
(4.244588466 -0.1131399956 -0.5)
(4.820129619 -0.1124325898 -0.5)
(5.395670773 -0.111725184 -0.5)
(5.971211926 -0.1110177782 -0.5)
(6.546753079 -0.1103103724 -0.5)
(7.122294233 -0.1096029666 -0.5)
(7.697835386 -0.1088955607 -0.5)
(8.27337654 -0.1081881549 -0.5)
(8.848917693 -0.1074807491 -0.5)
(9.424458847 -0.1067733433 -0.5)
(10 -0.1060659375 -0.5)
(1.371388778 -0.07793229789 -0.5)
(1.946629526 -0.07745085303 -0.5)
(2.521870274 -0.07696940818 -0.5)
(3.097111022 -0.07648796332 -0.5)
(3.67235177 -0.07600651846 -0.5)
(4.247592519 -0.0755250736 -0.5)
(4.822833267 -0.07504362874 -0.5)
(5.398074015 -0.07456218388 -0.5)
(5.973314763 -0.07408073902 -0.5)
(6.548555511 -0.07359929416 -0.5)
(7.123796259 -0.0731178493 -0.5)
(7.699037007 -0.07263640444 -0.5)
(8.274277756 -0.07215495958 -0.5)
(8.849518504 -0.07167351472 -0.5)
(9.424759252 -0.07119206986 -0.5)
(10 -0.070710625 -0.5)
(1.37409672 -0.03901047474 -0.5)
(1.949156938 -0.03876679725 -0.5)
(2.524217157 -0.03852311977 -0.5)
(3.099277376 -0.03827944229 -0.5)
(3.674337594 -0.03803576481 -0.5)
(4.249397813 -0.03779208732 -0.5)
(4.824458032 -0.03754840984 -0.5)
(5.399518251 -0.03730473236 -0.5)
(5.974578469 -0.03706105488 -0.5)
(6.549638688 -0.03681737739 -0.5)
(7.124698907 -0.03657369991 -0.5)
(7.699759125 -0.03633002243 -0.5)
(8.274819344 -0.03608634495 -0.5)
(8.849879563 -0.03584266746 -0.5)
(9.424939781 -0.03559898998 -0.5)
(10 -0.0353553125 -0.5)
(1.155329688 -0.565685 0.5)
(1.744974375 -0.565685 0.5)
(2.334619062 -0.565685 0.5)
(2.92426375 -0.565685 0.5)
(3.513908437 -0.565685 0.5)
(4.103553125 -0.565685 0.5)
(4.693197812 -0.565685 0.5)
(5.2828425 -0.565685 0.5)
(5.872487187 -0.565685 0.5)
(6.462131875 -0.565685 0.5)
(7.051776562 -0.565685 0.5)
(7.64142125 -0.565685 0.5)
(8.231065937 -0.565685 0.5)
(8.820710625 -0.565685 0.5)
(9.410355313 -0.565685 0.5)
(10 -0.565685 0.5)
(1.180713093 -0.536814551 0.5)
(1.768665553 -0.5363822268 0.5)
(2.356618014 -0.5359499025 0.5)
(2.944570474 -0.5355175783 0.5)
(3.532522935 -0.5350852541 0.5)
(4.120475395 -0.5346529298 0.5)
(4.708427856 -0.5342206056 0.5)
(5.296380316 -0.5337882814 0.5)
(5.884332777 -0.5333559571 0.5)
(6.472285237 -0.5329236329 0.5)
(7.060237698 -0.5324913087 0.5)
(7.648190158 -0.5320589844 0.5)
(8.236142619 -0.5316266602 0.5)
(8.824095079 -0.531194336 0.5)
(9.41204754 -0.5307620117 0.5)
(10 -0.5303296875 0.5)
(1.204757725 -0.5067306973 0.5)
(1.79110721 -0.5059469425 0.5)
(2.377456695 -0.5051631877 0.5)
(2.96380618 -0.5043794328 0.5)
(3.550155665 -0.503595678 0.5)
(4.13650515 -0.5028119232 0.5)
(4.722854635 -0.5020281684 0.5)
(5.30920412 -0.5012444136 0.5)
(5.895553605 -0.5004606587 0.5)
(6.48190309 -0.4996769039 0.5)
(7.068252575 -0.4988931491 0.5)
(7.65460206 -0.4981093943 0.5)
(8.240951545 -0.4973256395 0.5)
(8.82730103 -0.4965418846 0.5)
(9.413650515 -0.4957581298 0.5)
(10 -0.494974375 0.5)
(1.227405659 -0.4755005918 0.5)
(1.812245282 -0.4744418232 0.5)
(2.397084904 -0.4733830546 0.5)
(2.981924527 -0.472324286 0.5)
(3.56676415 -0.4712655173 0.5)
(4.151603773 -0.4702067487 0.5)
(4.736443395 -0.4691479801 0.5)
(5.321283018 -0.4680892115 0.5)
(5.906122641 -0.4670304429 0.5)
(6.490962264 -0.4659716742 0.5)
(7.075801886 -0.4649129056 0.5)
(7.660641509 -0.463854137 0.5)
(8.245481132 -0.4627953684 0.5)
(8.830320755 -0.4617365997 0.5)
(9.415160377 -0.4606778311 0.5)
(10 -0.4596190625 0.5)
(1.248602331 -0.4431941489 0.5)
(1.832028842 -0.4419321223 0.5)
(2.415455354 -0.4406700957 0.5)
(2.998881865 -0.4394080691 0.5)
(3.582308376 -0.4381460425 0.5)
(4.165734887 -0.4368840159 0.5)
(4.749161399 -0.4356219893 0.5)
(5.33258791 -0.4343599627 0.5)
(5.916014421 -0.4330979361 0.5)
(6.499440932 -0.4318359096 0.5)
(7.082867444 -0.430573883 0.5)
(7.666293955 -0.4293118564 0.5)
(8.249720466 -0.4280498298 0.5)
(8.833146977 -0.4267878032 0.5)
(9.416573489 -0.4255257766 0.5)
(10 -0.42426375 0.5)
(1.268296676 -0.4098838759 0.5)
(1.850410231 -0.4084855133 0.5)
(2.432523786 -0.4070871508 0.5)
(3.014637341 -0.4056887882 0.5)
(3.596750896 -0.4042904256 0.5)
(4.178864451 -0.4028920631 0.5)
(4.760978005 -0.4014937005 0.5)
(5.34309156 -0.400095338 0.5)
(5.925205115 -0.3986969754 0.5)
(6.50731867 -0.3972986129 0.5)
(7.089432225 -0.3959002503 0.5)
(7.67154578 -0.3945018877 0.5)
(8.253659335 -0.3931035252 0.5)
(8.83577289 -0.3917051626 0.5)
(9.417886445 -0.3903068001 0.5)
(10 -0.3889084375 0.5)
(1.286441247 -0.3756446986 0.5)
(1.867345164 -0.374171927 0.5)
(2.44824908 -0.3726991554 0.5)
(3.029152997 -0.3712263839 0.5)
(3.610056914 -0.3697536123 0.5)
(4.190960831 -0.3682808407 0.5)
(4.771864748 -0.3668080691 0.5)
(5.352768665 -0.3653352976 0.5)
(5.933672582 -0.363862526 0.5)
(6.514576499 -0.3623897544 0.5)
(7.095480416 -0.3609169829 0.5)
(7.676384332 -0.3594442113 0.5)
(8.257288249 -0.3579714397 0.5)
(8.838192166 -0.3564986681 0.5)
(9.419096083 -0.3550258966 0.5)
(10 -0.353553125 0.5)
(1.302992331 -0.3405537806 0.5)
(1.882792842 -0.3390633827 0.5)
(2.462593353 -0.3375729849 0.5)
(3.042393865 -0.336082587 0.5)
(3.622194376 -0.3345921891 0.5)
(4.201994887 -0.3331017912 0.5)
(4.781795399 -0.3316113934 0.5)
(5.36159591 -0.3301209955 0.5)
(5.941396421 -0.3286305976 0.5)
(6.521196932 -0.3271401997 0.5)
(7.100997444 -0.3256498019 0.5)
(7.680797955 -0.324159404 0.5)
(8.260598466 -0.3226690061 0.5)
(8.840398977 -0.3211786082 0.5)
(9.420199489 -0.3196882104 0.5)
(10 -0.3181978125 0.5)
(1.317910054 -0.3046903376 0.5)
(1.896716051 -0.3032338151 0.5)
(2.475522047 -0.3017772926 0.5)
(3.054328043 -0.3003207701 0.5)
(3.63313404 -0.2988642476 0.5)
(4.211940036 -0.2974077251 0.5)
(4.790746033 -0.2959512026 0.5)
(5.369552029 -0.2944946801 0.5)
(5.948358025 -0.2930381575 0.5)
(6.527164022 -0.291581635 0.5)
(7.105970018 -0.2901251125 0.5)
(7.684776014 -0.28866859 0.5)
(8.263582011 -0.2872120675 0.5)
(8.842388007 -0.285755545 0.5)
(9.421194004 -0.2842990225 0.5)
(10 -0.2828425 0.5)
(1.331158478 -0.2681354463 0.5)
(1.909081246 -0.2667588957 0.5)
(2.487004014 -0.2653823451 0.5)
(3.064926782 -0.2640057945 0.5)
(3.642849551 -0.2626292439 0.5)
(4.220772319 -0.2612526933 0.5)
(4.798695087 -0.2598761428 0.5)
(5.376617855 -0.2584995922 0.5)
(5.954540623 -0.2571230416 0.5)
(6.532463391 -0.255746491 0.5)
(7.110386159 -0.2543699404 0.5)
(7.688308927 -0.2529933898 0.5)
(8.266231696 -0.2516168393 0.5)
(8.844154464 -0.2502402887 0.5)
(9.422077232 -0.2488637381 0.5)
(10 -0.2474871875 0.5)
(1.342705685 -0.2309718491 0.5)
(1.919858639 -0.2297158508 0.5)
(2.497011594 -0.2284598526 0.5)
(3.074164548 -0.2272038543 0.5)
(3.651317502 -0.225947856 0.5)
(4.228470457 -0.2246918577 0.5)
(4.805623411 -0.2234358595 0.5)
(5.382776365 -0.2221798612 0.5)
(5.95992932 -0.2209238629 0.5)
(6.537082274 -0.2196678646 0.5)
(7.114235228 -0.2184118664 0.5)
(7.691388183 -0.2171558681 0.5)
(8.268541137 -0.2158998698 0.5)
(8.845694091 -0.2146438715 0.5)
(9.422847046 -0.2133878733 0.5)
(10 -0.212131875 0.5)
(1.352523856 -0.1932837551 0.5)
(1.929022265 -0.1921832756 0.5)
(2.505520675 -0.1910827961 0.5)
(3.082019085 -0.1899823166 0.5)
(3.658517494 -0.1888818371 0.5)
(4.235015904 -0.1877813576 0.5)
(4.811514313 -0.1866808781 0.5)
(5.388012723 -0.1855803986 0.5)
(5.964511133 -0.1844799191 0.5)
(6.541009542 -0.1833794395 0.5)
(7.117507952 -0.18227896 0.5)
(7.694006362 -0.1811784805 0.5)
(8.270504771 -0.180078001 0.5)
(8.847003181 -0.1789775215 0.5)
(9.42350159 -0.177877042 0.5)
(10 -0.1767765625 0.5)
(1.360589337 -0.1551566369 0.5)
(1.936550048 -0.1542409444 0.5)
(2.512510759 -0.153325252 0.5)
(3.08847147 -0.1524095595 0.5)
(3.664432181 -0.1514938671 0.5)
(4.240392891 -0.1505781746 0.5)
(4.816353602 -0.1496624821 0.5)
(5.392314313 -0.1487467897 0.5)
(5.968275024 -0.1478310972 0.5)
(6.544235735 -0.1469154048 0.5)
(7.120196446 -0.1459997123 0.5)
(7.696157157 -0.1450840198 0.5)
(8.272117867 -0.1441683274 0.5)
(8.848078578 -0.1432526349 0.5)
(9.424039289 -0.1423369425 0.5)
(10 -0.14142125 0.5)
(1.366882699 -0.1166770247 0.5)
(1.942423852 -0.1159696189 0.5)
(2.517965005 -0.115262213 0.5)
(3.093506159 -0.1145548072 0.5)
(3.669047312 -0.1138474014 0.5)
(4.244588466 -0.1131399956 0.5)
(4.820129619 -0.1124325898 0.5)
(5.395670773 -0.111725184 0.5)
(5.971211926 -0.1110177782 0.5)
(6.546753079 -0.1103103724 0.5)
(7.122294233 -0.1096029666 0.5)
(7.697835386 -0.1088955607 0.5)
(8.27337654 -0.1081881549 0.5)
(8.848917693 -0.1074807491 0.5)
(9.424458847 -0.1067733433 0.5)
(10 -0.1060659375 0.5)
(1.371388778 -0.07793229789 0.5)
(1.946629526 -0.07745085303 0.5)
(2.521870274 -0.07696940818 0.5)
(3.097111022 -0.07648796332 0.5)
(3.67235177 -0.07600651846 0.5)
(4.247592519 -0.0755250736 0.5)
(4.822833267 -0.07504362874 0.5)
(5.398074015 -0.07456218388 0.5)
(5.973314763 -0.07408073902 0.5)
(6.548555511 -0.07359929416 0.5)
(7.123796259 -0.0731178493 0.5)
(7.699037007 -0.07263640444 0.5)
(8.274277756 -0.07215495958 0.5)
(8.849518504 -0.07167351472 0.5)
(9.424759252 -0.07119206986 0.5)
(10 -0.070710625 0.5)
(1.37409672 -0.03901047474 0.5)
(1.949156938 -0.03876679725 0.5)
(2.524217157 -0.03852311977 0.5)
(3.099277376 -0.03827944229 0.5)
(3.674337594 -0.03803576481 0.5)
(4.249397813 -0.03779208732 0.5)
(4.824458032 -0.03754840984 0.5)
(5.399518251 -0.03730473236 0.5)
(5.974578469 -0.03706105488 0.5)
(6.549638688 -0.03681737739 0.5)
(7.124698907 -0.03657369991 0.5)
(7.699759125 -0.03633002243 0.5)
(8.274819344 -0.03608634495 0.5)
(8.849879563 -0.03584266746 0.5)
(9.424939781 -0.03559898998 0.5)
(10 -0.0353553125 0.5)
(0.8 -5 -0.5)
(1.375 -5 -0.5)
(1.95 -5 -0.5)
(2.525 -5 -0.5)
(3.1 -5 -0.5)
(3.675 -5 -0.5)
(4.25 -5 -0.5)
(4.825 -5 -0.5)
(5.4 -5 -0.5)
(5.975 -5 -0.5)
(6.55 -5 -0.5)
(7.125 -5 -0.5)
(7.7 -5 -0.5)
(8.275 -5 -0.5)
(8.85 -5 -0.5)
(9.425 -5 -0.5)
(10 -5 -0.5)
(0.7853553125 -4.722855313 -0.5)
(1.361270605 -4.722855313 -0.5)
(1.937185898 -4.722855313 -0.5)
(2.513101191 -4.722855313 -0.5)
(3.089016484 -4.722855313 -0.5)
(3.664931777 -4.722855313 -0.5)
(4.24084707 -4.722855313 -0.5)
(4.816762363 -4.722855313 -0.5)
(5.392677656 -4.722855312 -0.5)
(5.968592949 -4.722855313 -0.5)
(6.544508242 -4.722855313 -0.5)
(7.120423535 -4.722855313 -0.5)
(7.696338828 -4.722855313 -0.5)
(8.272254121 -4.722855313 -0.5)
(8.848169414 -4.722855313 -0.5)
(9.424084707 -4.722855313 -0.5)
(10 -4.722855313 -0.5)
(0.770710625 -4.445710625 -0.5)
(1.347541211 -4.445710625 -0.5)
(1.924371797 -4.445710625 -0.5)
(2.501202383 -4.445710625 -0.5)
(3.078032969 -4.445710625 -0.5)
(3.654863555 -4.445710625 -0.5)
(4.231694141 -4.445710625 -0.5)
(4.808524727 -4.445710625 -0.5)
(5.385355312 -4.445710625 -0.5)
(5.962185898 -4.445710625 -0.5)
(6.539016484 -4.445710625 -0.5)
(7.11584707 -4.445710625 -0.5)
(7.692677656 -4.445710625 -0.5)
(8.269508242 -4.445710625 -0.5)
(8.846338828 -4.445710625 -0.5)
(9.423169414 -4.445710625 -0.5)
(10 -4.445710625 -0.5)
(0.7560659375 -4.168565938 -0.5)
(1.333811816 -4.168565938 -0.5)
(1.911557695 -4.168565938 -0.5)
(2.489303574 -4.168565937 -0.5)
(3.067049453 -4.168565938 -0.5)
(3.644795332 -4.168565938 -0.5)
(4.222541211 -4.168565938 -0.5)
(4.80028709 -4.168565938 -0.5)
(5.378032969 -4.168565937 -0.5)
(5.955778848 -4.168565938 -0.5)
(6.533524727 -4.168565938 -0.5)
(7.111270605 -4.168565938 -0.5)
(7.689016484 -4.168565938 -0.5)
(8.266762363 -4.168565937 -0.5)
(8.844508242 -4.168565938 -0.5)
(9.422254121 -4.168565938 -0.5)
(10 -4.168565938 -0.5)
(0.74142125 -3.89142125 -0.5)
(1.320082422 -3.89142125 -0.5)
(1.898743594 -3.89142125 -0.5)
(2.477404766 -3.89142125 -0.5)
(3.056065937 -3.89142125 -0.5)
(3.634727109 -3.89142125 -0.5)
(4.213388281 -3.89142125 -0.5)
(4.792049453 -3.89142125 -0.5)
(5.370710625 -3.89142125 -0.5)
(5.949371797 -3.89142125 -0.5)
(6.528032969 -3.89142125 -0.5)
(7.106694141 -3.89142125 -0.5)
(7.685355312 -3.89142125 -0.5)
(8.264016484 -3.89142125 -0.5)
(8.842677656 -3.89142125 -0.5)
(9.421338828 -3.89142125 -0.5)
(10 -3.89142125 -0.5)
(0.7267765625 -3.614276563 -0.5)
(1.306353027 -3.614276563 -0.5)
(1.885929492 -3.614276563 -0.5)
(2.465505957 -3.614276563 -0.5)
(3.045082422 -3.614276563 -0.5)
(3.624658887 -3.614276563 -0.5)
(4.204235352 -3.614276563 -0.5)
(4.783811816 -3.614276563 -0.5)
(5.363388281 -3.614276563 -0.5)
(5.942964746 -3.614276563 -0.5)
(6.522541211 -3.614276563 -0.5)
(7.102117676 -3.614276563 -0.5)
(7.681694141 -3.614276563 -0.5)
(8.261270605 -3.614276563 -0.5)
(8.84084707 -3.614276563 -0.5)
(9.420423535 -3.614276563 -0.5)
(10 -3.614276563 -0.5)
(0.712131875 -3.337131875 -0.5)
(1.292623633 -3.337131875 -0.5)
(1.873115391 -3.337131875 -0.5)
(2.453607148 -3.337131875 -0.5)
(3.034098906 -3.337131875 -0.5)
(3.614590664 -3.337131875 -0.5)
(4.195082422 -3.337131875 -0.5)
(4.77557418 -3.337131875 -0.5)
(5.356065937 -3.337131875 -0.5)
(5.936557695 -3.337131875 -0.5)
(6.517049453 -3.337131875 -0.5)
(7.097541211 -3.337131875 -0.5)
(7.678032969 -3.337131875 -0.5)
(8.258524727 -3.337131875 -0.5)
(8.839016484 -3.337131875 -0.5)
(9.419508242 -3.337131875 -0.5)
(10 -3.337131875 -0.5)
(0.6974871875 -3.059987188 -0.5)
(1.278894238 -3.059987188 -0.5)
(1.860301289 -3.059987187 -0.5)
(2.44170834 -3.059987188 -0.5)
(3.023115391 -3.059987187 -0.5)
(3.604522441 -3.059987187 -0.5)
(4.185929492 -3.059987187 -0.5)
(4.767336543 -3.059987188 -0.5)
(5.348743594 -3.059987187 -0.5)
(5.930150645 -3.059987188 -0.5)
(6.511557695 -3.059987187 -0.5)
(7.092964746 -3.059987188 -0.5)
(7.674371797 -3.059987187 -0.5)
(8.255778848 -3.059987188 -0.5)
(8.837185898 -3.059987187 -0.5)
(9.418592949 -3.059987188 -0.5)
(10 -3.059987188 -0.5)
(0.6828425 -2.7828425 -0.5)
(1.265164844 -2.7828425 -0.5)
(1.847487187 -2.7828425 -0.5)
(2.429809531 -2.7828425 -0.5)
(3.012131875 -2.7828425 -0.5)
(3.594454219 -2.7828425 -0.5)
(4.176776563 -2.7828425 -0.5)
(4.759098906 -2.7828425 -0.5)
(5.34142125 -2.7828425 -0.5)
(5.923743594 -2.7828425 -0.5)
(6.506065937 -2.7828425 -0.5)
(7.088388281 -2.7828425 -0.5)
(7.670710625 -2.7828425 -0.5)
(8.253032969 -2.7828425 -0.5)
(8.835355312 -2.7828425 -0.5)
(9.417677656 -2.7828425 -0.5)
(10 -2.7828425 -0.5)
(0.6681978125 -2.505697813 -0.5)
(1.251435449 -2.505697813 -0.5)
(1.834673086 -2.505697813 -0.5)
(2.417910723 -2.505697812 -0.5)
(3.001148359 -2.505697813 -0.5)
(3.584385996 -2.505697813 -0.5)
(4.167623633 -2.505697813 -0.5)
(4.75086127 -2.505697813 -0.5)
(5.334098906 -2.505697812 -0.5)
(5.917336543 -2.505697813 -0.5)
(6.50057418 -2.505697813 -0.5)
(7.083811816 -2.505697813 -0.5)
(7.667049453 -2.505697813 -0.5)
(8.25028709 -2.505697812 -0.5)
(8.833524727 -2.505697813 -0.5)
(9.416762363 -2.505697813 -0.5)
(10 -2.505697813 -0.5)
(0.653553125 -2.228553125 -0.5)
(1.237706055 -2.228553125 -0.5)
(1.821858984 -2.228553125 -0.5)
(2.406011914 -2.228553125 -0.5)
(2.990164844 -2.228553125 -0.5)
(3.574317773 -2.228553125 -0.5)
(4.158470703 -2.228553125 -0.5)
(4.742623633 -2.228553125 -0.5)
(5.326776563 -2.228553125 -0.5)
(5.910929492 -2.228553125 -0.5)
(6.495082422 -2.228553125 -0.5)
(7.079235352 -2.228553125 -0.5)
(7.663388281 -2.228553125 -0.5)
(8.247541211 -2.228553125 -0.5)
(8.831694141 -2.228553125 -0.5)
(9.41584707 -2.228553125 -0.5)
(10 -2.228553125 -0.5)
(0.6389084375 -1.951408437 -0.5)
(1.22397666 -1.951408438 -0.5)
(1.809044883 -1.951408437 -0.5)
(2.394113105 -1.951408438 -0.5)
(2.979181328 -1.951408437 -0.5)
(3.564249551 -1.951408437 -0.5)
(4.149317773 -1.951408437 -0.5)
(4.734385996 -1.951408438 -0.5)
(5.319454219 -1.951408437 -0.5)
(5.904522441 -1.951408438 -0.5)
(6.489590664 -1.951408437 -0.5)
(7.074658887 -1.951408438 -0.5)
(7.659727109 -1.951408437 -0.5)
(8.244795332 -1.951408438 -0.5)
(8.829863555 -1.951408437 -0.5)
(9.414931777 -1.951408438 -0.5)
(10 -1.951408437 -0.5)
(0.62426375 -1.67426375 -0.5)
(1.210247266 -1.67426375 -0.5)
(1.796230781 -1.67426375 -0.5)
(2.382214297 -1.67426375 -0.5)
(2.968197812 -1.67426375 -0.5)
(3.554181328 -1.67426375 -0.5)
(4.140164844 -1.67426375 -0.5)
(4.726148359 -1.67426375 -0.5)
(5.312131875 -1.67426375 -0.5)
(5.898115391 -1.67426375 -0.5)
(6.484098906 -1.67426375 -0.5)
(7.070082422 -1.67426375 -0.5)
(7.656065938 -1.67426375 -0.5)
(8.242049453 -1.67426375 -0.5)
(8.828032969 -1.67426375 -0.5)
(9.414016484 -1.67426375 -0.5)
(10 -1.67426375 -0.5)
(0.6096190625 -1.397119063 -0.5)
(1.196517871 -1.397119063 -0.5)
(1.78341668 -1.397119063 -0.5)
(2.370315488 -1.397119063 -0.5)
(2.957214297 -1.397119063 -0.5)
(3.544113105 -1.397119063 -0.5)
(4.131011914 -1.397119063 -0.5)
(4.717910723 -1.397119063 -0.5)
(5.304809531 -1.397119063 -0.5)
(5.89170834 -1.397119063 -0.5)
(6.478607148 -1.397119063 -0.5)
(7.065505957 -1.397119062 -0.5)
(7.652404766 -1.397119063 -0.5)
(8.239303574 -1.397119063 -0.5)
(8.826202383 -1.397119063 -0.5)
(9.413101191 -1.397119063 -0.5)
(10 -1.397119063 -0.5)
(0.594974375 -1.119974375 -0.5)
(1.182788477 -1.119974375 -0.5)
(1.770602578 -1.119974375 -0.5)
(2.35841668 -1.119974375 -0.5)
(2.946230781 -1.119974375 -0.5)
(3.534044883 -1.119974375 -0.5)
(4.121858984 -1.119974375 -0.5)
(4.709673086 -1.119974375 -0.5)
(5.297487187 -1.119974375 -0.5)
(5.885301289 -1.119974375 -0.5)
(6.473115391 -1.119974375 -0.5)
(7.060929492 -1.119974375 -0.5)
(7.648743594 -1.119974375 -0.5)
(8.236557695 -1.119974375 -0.5)
(8.824371797 -1.119974375 -0.5)
(9.412185898 -1.119974375 -0.5)
(10 -1.119974375 -0.5)
(0.5803296875 -0.8428296875 -0.5)
(1.169059082 -0.8428296875 -0.5)
(1.757788477 -0.8428296875 -0.5)
(2.346517871 -0.8428296875 -0.5)
(2.935247266 -0.8428296875 -0.5)
(3.52397666 -0.8428296875 -0.5)
(4.112706055 -0.8428296875 -0.5)
(4.701435449 -0.8428296875 -0.5)
(5.290164844 -0.8428296875 -0.5)
(5.878894238 -0.8428296875 -0.5)
(6.467623633 -0.8428296875 -0.5)
(7.056353027 -0.8428296875 -0.5)
(7.645082422 -0.8428296875 -0.5)
(8.233811816 -0.8428296875 -0.5)
(8.822541211 -0.8428296875 -0.5)
(9.411270605 -0.8428296875 -0.5)
(10 -0.8428296875 -0.5)
(0.8 -5 0.5)
(1.375 -5 0.5)
(1.95 -5 0.5)
(2.525 -5 0.5)
(3.1 -5 0.5)
(3.675 -5 0.5)
(4.25 -5 0.5)
(4.825 -5 0.5)
(5.4 -5 0.5)
(5.975 -5 0.5)
(6.55 -5 0.5)
(7.125 -5 0.5)
(7.7 -5 0.5)
(8.275 -5 0.5)
(8.85 -5 0.5)
(9.425 -5 0.5)
(10 -5 0.5)
(0.7853553125 -4.722855313 0.5)
(1.361270605 -4.722855313 0.5)
(1.937185898 -4.722855313 0.5)
(2.513101191 -4.722855313 0.5)
(3.089016484 -4.722855313 0.5)
(3.664931777 -4.722855313 0.5)
(4.24084707 -4.722855313 0.5)
(4.816762363 -4.722855313 0.5)
(5.392677656 -4.722855312 0.5)
(5.968592949 -4.722855313 0.5)
(6.544508242 -4.722855313 0.5)
(7.120423535 -4.722855313 0.5)
(7.696338828 -4.722855313 0.5)
(8.272254121 -4.722855313 0.5)
(8.848169414 -4.722855313 0.5)
(9.424084707 -4.722855313 0.5)
(10 -4.722855313 0.5)
(0.770710625 -4.445710625 0.5)
(1.347541211 -4.445710625 0.5)
(1.924371797 -4.445710625 0.5)
(2.501202383 -4.445710625 0.5)
(3.078032969 -4.445710625 0.5)
(3.654863555 -4.445710625 0.5)
(4.231694141 -4.445710625 0.5)
(4.808524727 -4.445710625 0.5)
(5.385355312 -4.445710625 0.5)
(5.962185898 -4.445710625 0.5)
(6.539016484 -4.445710625 0.5)
(7.11584707 -4.445710625 0.5)
(7.692677656 -4.445710625 0.5)
(8.269508242 -4.445710625 0.5)
(8.846338828 -4.445710625 0.5)
(9.423169414 -4.445710625 0.5)
(10 -4.445710625 0.5)
(0.7560659375 -4.168565938 0.5)
(1.333811816 -4.168565938 0.5)
(1.911557695 -4.168565938 0.5)
(2.489303574 -4.168565937 0.5)
(3.067049453 -4.168565938 0.5)
(3.644795332 -4.168565938 0.5)
(4.222541211 -4.168565938 0.5)
(4.80028709 -4.168565938 0.5)
(5.378032969 -4.168565937 0.5)
(5.955778848 -4.168565938 0.5)
(6.533524727 -4.168565938 0.5)
(7.111270605 -4.168565938 0.5)
(7.689016484 -4.168565938 0.5)
(8.266762363 -4.168565937 0.5)
(8.844508242 -4.168565938 0.5)
(9.422254121 -4.168565938 0.5)
(10 -4.168565938 0.5)
(0.74142125 -3.89142125 0.5)
(1.320082422 -3.89142125 0.5)
(1.898743594 -3.89142125 0.5)
(2.477404766 -3.89142125 0.5)
(3.056065937 -3.89142125 0.5)
(3.634727109 -3.89142125 0.5)
(4.213388281 -3.89142125 0.5)
(4.792049453 -3.89142125 0.5)
(5.370710625 -3.89142125 0.5)
(5.949371797 -3.89142125 0.5)
(6.528032969 -3.89142125 0.5)
(7.106694141 -3.89142125 0.5)
(7.685355312 -3.89142125 0.5)
(8.264016484 -3.89142125 0.5)
(8.842677656 -3.89142125 0.5)
(9.421338828 -3.89142125 0.5)
(10 -3.89142125 0.5)
(0.7267765625 -3.614276563 0.5)
(1.306353027 -3.614276563 0.5)
(1.885929492 -3.614276563 0.5)
(2.465505957 -3.614276563 0.5)
(3.045082422 -3.614276563 0.5)
(3.624658887 -3.614276563 0.5)
(4.204235352 -3.614276563 0.5)
(4.783811816 -3.614276563 0.5)
(5.363388281 -3.614276563 0.5)
(5.942964746 -3.614276563 0.5)
(6.522541211 -3.614276563 0.5)
(7.102117676 -3.614276563 0.5)
(7.681694141 -3.614276563 0.5)
(8.261270605 -3.614276563 0.5)
(8.84084707 -3.614276563 0.5)
(9.420423535 -3.614276563 0.5)
(10 -3.614276563 0.5)
(0.712131875 -3.337131875 0.5)
(1.292623633 -3.337131875 0.5)
(1.873115391 -3.337131875 0.5)
(2.453607148 -3.337131875 0.5)
(3.034098906 -3.337131875 0.5)
(3.614590664 -3.337131875 0.5)
(4.195082422 -3.337131875 0.5)
(4.77557418 -3.337131875 0.5)
(5.356065937 -3.337131875 0.5)
(5.936557695 -3.337131875 0.5)
(6.517049453 -3.337131875 0.5)
(7.097541211 -3.337131875 0.5)
(7.678032969 -3.337131875 0.5)
(8.258524727 -3.337131875 0.5)
(8.839016484 -3.337131875 0.5)
(9.419508242 -3.337131875 0.5)
(10 -3.337131875 0.5)
(0.6974871875 -3.059987188 0.5)
(1.278894238 -3.059987188 0.5)
(1.860301289 -3.059987187 0.5)
(2.44170834 -3.059987188 0.5)
(3.023115391 -3.059987187 0.5)
(3.604522441 -3.059987188 0.5)
(4.185929492 -3.059987187 0.5)
(4.767336543 -3.059987188 0.5)
(5.348743594 -3.059987187 0.5)
(5.930150645 -3.059987188 0.5)
(6.511557695 -3.059987187 0.5)
(7.092964746 -3.059987187 0.5)
(7.674371797 -3.059987187 0.5)
(8.255778848 -3.059987188 0.5)
(8.837185898 -3.059987187 0.5)
(9.418592949 -3.059987188 0.5)
(10 -3.059987188 0.5)
(0.6828425 -2.7828425 0.5)
(1.265164844 -2.7828425 0.5)
(1.847487187 -2.7828425 0.5)
(2.429809531 -2.7828425 0.5)
(3.012131875 -2.7828425 0.5)
(3.594454219 -2.7828425 0.5)
(4.176776563 -2.7828425 0.5)
(4.759098906 -2.7828425 0.5)
(5.34142125 -2.7828425 0.5)
(5.923743594 -2.7828425 0.5)
(6.506065937 -2.7828425 0.5)
(7.088388281 -2.7828425 0.5)
(7.670710625 -2.7828425 0.5)
(8.253032969 -2.7828425 0.5)
(8.835355312 -2.7828425 0.5)
(9.417677656 -2.7828425 0.5)
(10 -2.7828425 0.5)
(0.6681978125 -2.505697813 0.5)
(1.251435449 -2.505697813 0.5)
(1.834673086 -2.505697813 0.5)
(2.417910723 -2.505697812 0.5)
(3.001148359 -2.505697813 0.5)
(3.584385996 -2.505697813 0.5)
(4.167623633 -2.505697813 0.5)
(4.75086127 -2.505697813 0.5)
(5.334098906 -2.505697812 0.5)
(5.917336543 -2.505697813 0.5)
(6.50057418 -2.505697813 0.5)
(7.083811816 -2.505697813 0.5)
(7.667049453 -2.505697813 0.5)
(8.25028709 -2.505697812 0.5)
(8.833524727 -2.505697813 0.5)
(9.416762363 -2.505697813 0.5)
(10 -2.505697813 0.5)
(0.653553125 -2.228553125 0.5)
(1.237706055 -2.228553125 0.5)
(1.821858984 -2.228553125 0.5)
(2.406011914 -2.228553125 0.5)
(2.990164844 -2.228553125 0.5)
(3.574317773 -2.228553125 0.5)
(4.158470703 -2.228553125 0.5)
(4.742623633 -2.228553125 0.5)
(5.326776563 -2.228553125 0.5)
(5.910929492 -2.228553125 0.5)
(6.495082422 -2.228553125 0.5)
(7.079235352 -2.228553125 0.5)
(7.663388281 -2.228553125 0.5)
(8.247541211 -2.228553125 0.5)
(8.831694141 -2.228553125 0.5)
(9.41584707 -2.228553125 0.5)
(10 -2.228553125 0.5)
(0.6389084375 -1.951408437 0.5)
(1.22397666 -1.951408438 0.5)
(1.809044883 -1.951408437 0.5)
(2.394113105 -1.951408438 0.5)
(2.979181328 -1.951408437 0.5)
(3.564249551 -1.951408438 0.5)
(4.149317773 -1.951408437 0.5)
(4.734385996 -1.951408438 0.5)
(5.319454219 -1.951408437 0.5)
(5.904522441 -1.951408438 0.5)
(6.489590664 -1.951408437 0.5)
(7.074658887 -1.951408437 0.5)
(7.659727109 -1.951408437 0.5)
(8.244795332 -1.951408438 0.5)
(8.829863555 -1.951408437 0.5)
(9.414931777 -1.951408438 0.5)
(10 -1.951408437 0.5)
(0.62426375 -1.67426375 0.5)
(1.210247266 -1.67426375 0.5)
(1.796230781 -1.67426375 0.5)
(2.382214297 -1.67426375 0.5)
(2.968197812 -1.67426375 0.5)
(3.554181328 -1.67426375 0.5)
(4.140164844 -1.67426375 0.5)
(4.726148359 -1.67426375 0.5)
(5.312131875 -1.67426375 0.5)
(5.898115391 -1.67426375 0.5)
(6.484098906 -1.67426375 0.5)
(7.070082422 -1.67426375 0.5)
(7.656065937 -1.67426375 0.5)
(8.242049453 -1.67426375 0.5)
(8.828032969 -1.67426375 0.5)
(9.414016484 -1.67426375 0.5)
(10 -1.67426375 0.5)
(0.6096190625 -1.397119063 0.5)
(1.196517871 -1.397119063 0.5)
(1.78341668 -1.397119063 0.5)
(2.370315488 -1.397119063 0.5)
(2.957214297 -1.397119063 0.5)
(3.544113105 -1.397119063 0.5)
(4.131011914 -1.397119063 0.5)
(4.717910723 -1.397119063 0.5)
(5.304809531 -1.397119063 0.5)
(5.89170834 -1.397119063 0.5)
(6.478607148 -1.397119063 0.5)
(7.065505957 -1.397119063 0.5)
(7.652404766 -1.397119063 0.5)
(8.239303574 -1.397119063 0.5)
(8.826202383 -1.397119063 0.5)
(9.413101191 -1.397119063 0.5)
(10 -1.397119063 0.5)
(0.594974375 -1.119974375 0.5)
(1.182788477 -1.119974375 0.5)
(1.770602578 -1.119974375 0.5)
(2.35841668 -1.119974375 0.5)
(2.946230781 -1.119974375 0.5)
(3.534044883 -1.119974375 0.5)
(4.121858984 -1.119974375 0.5)
(4.709673086 -1.119974375 0.5)
(5.297487187 -1.119974375 0.5)
(5.885301289 -1.119974375 0.5)
(6.473115391 -1.119974375 0.5)
(7.060929492 -1.119974375 0.5)
(7.648743594 -1.119974375 0.5)
(8.236557695 -1.119974375 0.5)
(8.824371797 -1.119974375 0.5)
(9.412185898 -1.119974375 0.5)
(10 -1.119974375 0.5)
(0.5803296875 -0.8428296875 0.5)
(1.169059082 -0.8428296875 0.5)
(1.757788477 -0.8428296875 0.5)
(2.346517871 -0.8428296875 0.5)
(2.935247266 -0.8428296875 0.5)
(3.52397666 -0.8428296875 0.5)
(4.112706055 -0.8428296875 0.5)
(4.701435449 -0.8428296875 0.5)
(5.290164844 -0.8428296875 0.5)
(5.878894238 -0.8428296875 0.5)
(6.467623633 -0.8428296875 0.5)
(7.056353027 -0.8428296875 0.5)
(7.645082422 -0.8428296875 0.5)
(8.233811816 -0.8428296875 0.5)
(8.822541211 -0.8428296875 0.5)
(9.411270605 -0.8428296875 0.5)
(10 -0.8428296875 0.5)
(0 -5 -0.5)
(0.05 -5 -0.5)
(0.1 -5 -0.5)
(0.15 -5 -0.5)
(0.2 -5 -0.5)
(0.25 -5 -0.5)
(0.3 -5 -0.5)
(0.35 -5 -0.5)
(0.4 -5 -0.5)
(0.45 -5 -0.5)
(0.5 -5 -0.5)
(0.55 -5 -0.5)
(0.6 -5 -0.5)
(0.65 -5 -0.5)
(0.7 -5 -0.5)
(0.75 -5 -0.5)
(-3.469446952e-18 -4.7375 -0.5)
(0.04932838451 -4.737439781 -0.5)
(0.09865085892 -4.737259252 -0.5)
(0.1479615269 -4.736958847 -0.5)
(0.1972545206 -4.736539289 -0.5)
(0.2465240147 -4.73600159 -0.5)
(0.2957642405 -4.735347046 -0.5)
(0.3449694998 -4.734577232 -0.5)
(0.3941341788 -4.733694004 -0.5)
(0.4432527612 -4.732699489 -0.5)
(0.4923198419 -4.731596083 -0.5)
(0.5413301399 -4.730386445 -0.5)
(0.590278511 -4.729073489 -0.5)
(0.63915996 -4.727660377 -0.5)
(0.6879696533 -4.726150515 -0.5)
(0.7367029297 -4.72454754 -0.5)
(-6.938893904e-18 -4.475 -0.5)
(0.04865676903 -4.474879563 -0.5)
(0.09730171784 -4.474518504 -0.5)
(0.1459230538 -4.473917693 -0.5)
(0.1945090412 -4.473078578 -0.5)
(0.2430480293 -4.472003181 -0.5)
(0.2915284809 -4.470694091 -0.5)
(0.3399389996 -4.469154464 -0.5)
(0.3882683575 -4.467388007 -0.5)
(0.4365055223 -4.465398977 -0.5)
(0.4846396838 -4.463192166 -0.5)
(0.5326602798 -4.46077289 -0.5)
(0.5805570219 -4.458146977 -0.5)
(0.6283199201 -4.455320755 -0.5)
(0.6759393065 -4.45230103 -0.5)
(0.7234058594 -4.449095079 -0.5)
(-1.040834086e-17 -4.2125 -0.5)
(0.04798515354 -4.212319344 -0.5)
(0.09595257677 -4.211777756 -0.5)
(0.1438845807 -4.21087654 -0.5)
(0.1917635618 -4.209617867 -0.5)
(0.239572044 -4.208004771 -0.5)
(0.2872927214 -4.206041137 -0.5)
(0.3349084994 -4.203731696 -0.5)
(0.3824025363 -4.201082011 -0.5)
(0.4297582835 -4.198098466 -0.5)
(0.4769595257 -4.194788249 -0.5)
(0.5239904197 -4.191159335 -0.5)
(0.5708355329 -4.187220466 -0.5)
(0.6174798801 -4.182981132 -0.5)
(0.6639089598 -4.178451545 -0.5)
(0.7101087891 -4.173642619 -0.5)
(-1.387778781e-17 -3.95 -0.5)
(0.04731353805 -3.949759125 -0.5)
(0.09460343569 -3.949037007 -0.5)
(0.1418461076 -3.947835386 -0.5)
(0.1890180823 -3.946157157 -0.5)
(0.2360960587 -3.944006362 -0.5)
(0.2830569618 -3.941388183 -0.5)
(0.3298779992 -3.938308927 -0.5)
(0.376536715 -3.934776014 -0.5)
(0.4230110446 -3.930797955 -0.5)
(0.4692793675 -3.926384332 -0.5)
(0.5153205596 -3.92154578 -0.5)
(0.5611140439 -3.916293955 -0.5)
(0.6066398401 -3.910641509 -0.5)
(0.651878613 -3.90460206 -0.5)
(0.6968117188 -3.898190158 -0.5)
(-1.734723476e-17 -3.6875 -0.5)
(0.04664192257 -3.687198907 -0.5)
(0.09325429461 -3.686296259 -0.5)
(0.1398076345 -3.684794233 -0.5)
(0.1862726029 -3.682696446 -0.5)
(0.2326200733 -3.680007952 -0.5)
(0.2788212023 -3.676735228 -0.5)
(0.324847499 -3.672886159 -0.5)
(0.3706708938 -3.668470018 -0.5)
(0.4162638058 -3.663497444 -0.5)
(0.4615992094 -3.657980416 -0.5)
(0.5066506995 -3.651932225 -0.5)
(0.5513925548 -3.645367444 -0.5)
(0.5957998001 -3.638301886 -0.5)
(0.6398482663 -3.630752575 -0.5)
(0.6835146485 -3.622737698 -0.5)
(-2.081668171e-17 -3.425 -0.5)
(0.04597030708 -3.424638688 -0.5)
(0.09190515353 -3.423555511 -0.5)
(0.1377691614 -3.421753079 -0.5)
(0.1835271235 -3.419235735 -0.5)
(0.229144088 -3.416009542 -0.5)
(0.2745854428 -3.412082274 -0.5)
(0.3198169988 -3.407463391 -0.5)
(0.3648050725 -3.402164022 -0.5)
(0.4095165669 -3.396196932 -0.5)
(0.4539190513 -3.389576499 -0.5)
(0.4979808394 -3.38231867 -0.5)
(0.5416710658 -3.374440932 -0.5)
(0.5849597602 -3.365962264 -0.5)
(0.6278179195 -3.35690309 -0.5)
(0.6702175782 -3.347285237 -0.5)
(-2.428612866e-17 -3.1625 -0.5)
(0.0452986916 -3.162078469 -0.5)
(0.09055601245 -3.160814763 -0.5)
(0.1357306883 -3.158711926 -0.5)
(0.1807816441 -3.155775024 -0.5)
(0.2256681026 -3.152011133 -0.5)
(0.2703496832 -3.14742932 -0.5)
(0.3147864986 -3.142040623 -0.5)
(0.3589392513 -3.135858025 -0.5)
(0.4027693281 -3.128896421 -0.5)
(0.4462388932 -3.121172582 -0.5)
(0.4893109793 -3.112705115 -0.5)
(0.5319495768 -3.103514421 -0.5)
(0.5741197202 -3.093622641 -0.5)
(0.6157875728 -3.083053605 -0.5)
(0.6569205079 -3.071832777 -0.5)
(-2.775557562e-17 -2.9 -0.5)
(0.04462707611 -2.899518251 -0.5)
(0.08920687138 -2.898074015 -0.5)
(0.1336922152 -2.895670773 -0.5)
(0.1780361647 -2.892314313 -0.5)
(0.2221921173 -2.888012723 -0.5)
(0.2661139237 -2.882776365 -0.5)
(0.3097559984 -2.876617855 -0.5)
(0.3530734301 -2.869552029 -0.5)
(0.3960220892 -2.86159591 -0.5)
(0.4385587351 -2.852768665 -0.5)
(0.4806411192 -2.84309156 -0.5)
(0.5222280877 -2.83258791 -0.5)
(0.5632796802 -2.821283018 -0.5)
(0.6037572261 -2.80920412 -0.5)
(0.6436234376 -2.796380316 -0.5)
(-3.122502257e-17 -2.6375 -0.5)
(0.04395546062 -2.636958032 -0.5)
(0.0878577303 -2.635333267 -0.5)
(0.1316537421 -2.632629619 -0.5)
(0.1752906853 -2.628853602 -0.5)
(0.218716132 -2.624014313 -0.5)
(0.2618781641 -2.618123411 -0.5)
(0.3047254982 -2.611195087 -0.5)
(0.3472076088 -2.603246033 -0.5)
(0.3892748504 -2.594295399 -0.5)
(0.430878577 -2.584364748 -0.5)
(0.4719712591 -2.573478005 -0.5)
(0.5125065987 -2.561661399 -0.5)
(0.5524396403 -2.548943395 -0.5)
(0.5917268793 -2.535354635 -0.5)
(0.6303263673 -2.520927856 -0.5)
(-3.469446952e-17 -2.375 -0.5)
(0.04328384514 -2.374397813 -0.5)
(0.08650858922 -2.372592519 -0.5)
(0.129615269 -2.369588466 -0.5)
(0.1725452058 -2.365392891 -0.5)
(0.2152401466 -2.360015904 -0.5)
(0.2576424046 -2.353470457 -0.5)
(0.299694998 -2.345772319 -0.5)
(0.3413417876 -2.336940036 -0.5)
(0.3825276116 -2.326994887 -0.5)
(0.4231984188 -2.315960831 -0.5)
(0.463301399 -2.303864451 -0.5)
(0.5027851097 -2.290734887 -0.5)
(0.5415996003 -2.276603773 -0.5)
(0.5796965326 -2.26150515 -0.5)
(0.617029297 -2.245475395 -0.5)
(-3.816391647e-17 -2.1125 -0.5)
(0.04261222965 -2.111837594 -0.5)
(0.08515944814 -2.10985177 -0.5)
(0.127576796 -2.106547312 -0.5)
(0.1697997264 -2.101932181 -0.5)
(0.2117641613 -2.096017494 -0.5)
(0.2534066451 -2.088817502 -0.5)
(0.2946644978 -2.080349551 -0.5)
(0.3354759663 -2.07063404 -0.5)
(0.3757803727 -2.059694376 -0.5)
(0.4155182607 -2.047556914 -0.5)
(0.4546315389 -2.034250896 -0.5)
(0.4930636206 -2.019808376 -0.5)
(0.5307595603 -2.00426415 -0.5)
(0.5676661858 -1.987655665 -0.5)
(0.6037322267 -1.970022935 -0.5)
(-4.163336342e-17 -1.85 -0.5)
(0.04194061416 -1.849277376 -0.5)
(0.08381030707 -1.847111022 -0.5)
(0.1255383229 -1.843506159 -0.5)
(0.167054247 -1.83847147 -0.5)
(0.208288176 -1.832019085 -0.5)
(0.2491708855 -1.824164548 -0.5)
(0.2896339976 -1.814926782 -0.5)
(0.3296101451 -1.804328043 -0.5)
(0.3690331339 -1.792393865 -0.5)
(0.4078381026 -1.779152997 -0.5)
(0.4459616788 -1.764637341 -0.5)
(0.4833421316 -1.748881865 -0.5)
(0.5199195203 -1.731924527 -0.5)
(0.5556358391 -1.71380618 -0.5)
(0.5904351564 -1.694570474 -0.5)
(-4.510281038e-17 -1.5875 -0.5)
(0.04126899868 -1.586717157 -0.5)
(0.08246116599 -1.584370274 -0.5)
(0.1234998498 -1.580465005 -0.5)
(0.1643087676 -1.575010759 -0.5)
(0.2048121906 -1.568020675 -0.5)
(0.244935126 -1.559511594 -0.5)
(0.2846034974 -1.549504014 -0.5)
(0.3237443238 -1.538022047 -0.5)
(0.362285895 -1.525093353 -0.5)
(0.4001579445 -1.51074908 -0.5)
(0.4372918187 -1.495023786 -0.5)
(0.4736206426 -1.477955354 -0.5)
(0.5090794804 -1.459584904 -0.5)
(0.5436054924 -1.439956695 -0.5)
(0.5771380861 -1.419118014 -0.5)
(-4.857225733e-17 -1.325 -0.5)
(0.04059738319 -1.324156938 -0.5)
(0.08111202491 -1.321629526 -0.5)
(0.1214613767 -1.317423852 -0.5)
(0.1615632882 -1.311550048 -0.5)
(0.2013362053 -1.304022265 -0.5)
(0.2406993664 -1.294858639 -0.5)
(0.2795729972 -1.284081246 -0.5)
(0.3178785026 -1.271716051 -0.5)
(0.3555386562 -1.257792842 -0.5)
(0.3924777864 -1.242345164 -0.5)
(0.4286219586 -1.225410231 -0.5)
(0.4638991535 -1.207028842 -0.5)
(0.4982394404 -1.187245282 -0.5)
(0.5315751456 -1.16610721 -0.5)
(0.5638410158 -1.143665553 -0.5)
(-5.204170428e-17 -1.0625 -0.5)
(0.03992576771 -1.06159672 -0.5)
(0.07976288383 -1.058888778 -0.5)
(0.1194229036 -1.054382699 -0.5)
(0.1588178088 -1.048089337 -0.5)
(0.19786022 -1.040023856 -0.5)
(0.2364636069 -1.030205685 -0.5)
(0.274542497 -1.018658478 -0.5)
(0.3120126814 -1.005410054 -0.5)
(0.3487914173 -0.9904923309 -0.5)
(0.3847976283 -0.9739412467 -0.5)
(0.4199520985 -0.9557966758 -0.5)
(0.4541776645 -0.936102331 -0.5)
(0.4873994004 -0.914905659 -0.5)
(0.5195447989 -0.8922577255 -0.5)
(0.5505439455 -0.8682130926 -0.5)
(0 -5 0.5)
(0.05 -5 0.5)
(0.1 -5 0.5)
(0.15 -5 0.5)
(0.2 -5 0.5)
(0.25 -5 0.5)
(0.3 -5 0.5)
(0.35 -5 0.5)
(0.4 -5 0.5)
(0.45 -5 0.5)
(0.5 -5 0.5)
(0.55 -5 0.5)
(0.6 -5 0.5)
(0.65 -5 0.5)
(0.7 -5 0.5)
(0.75 -5 0.5)
(-3.469446952e-18 -4.7375 0.5)
(0.04932838451 -4.737439781 0.5)
(0.09865085892 -4.737259252 0.5)
(0.1479615269 -4.736958847 0.5)
(0.1972545206 -4.736539289 0.5)
(0.2465240147 -4.73600159 0.5)
(0.2957642405 -4.735347046 0.5)
(0.3449694998 -4.734577232 0.5)
(0.3941341788 -4.733694004 0.5)
(0.4432527612 -4.732699489 0.5)
(0.4923198419 -4.731596083 0.5)
(0.5413301399 -4.730386445 0.5)
(0.590278511 -4.729073489 0.5)
(0.63915996 -4.727660377 0.5)
(0.6879696533 -4.726150515 0.5)
(0.7367029297 -4.72454754 0.5)
(-6.938893904e-18 -4.475 0.5)
(0.04865676903 -4.474879563 0.5)
(0.09730171784 -4.474518504 0.5)
(0.1459230538 -4.473917693 0.5)
(0.1945090412 -4.473078578 0.5)
(0.2430480293 -4.472003181 0.5)
(0.2915284809 -4.470694091 0.5)
(0.3399389996 -4.469154464 0.5)
(0.3882683575 -4.467388007 0.5)
(0.4365055223 -4.465398977 0.5)
(0.4846396838 -4.463192166 0.5)
(0.5326602798 -4.46077289 0.5)
(0.5805570219 -4.458146977 0.5)
(0.6283199201 -4.455320755 0.5)
(0.6759393065 -4.45230103 0.5)
(0.7234058594 -4.449095079 0.5)
(-1.040834086e-17 -4.2125 0.5)
(0.04798515354 -4.212319344 0.5)
(0.09595257677 -4.211777756 0.5)
(0.1438845807 -4.21087654 0.5)
(0.1917635618 -4.209617867 0.5)
(0.239572044 -4.208004771 0.5)
(0.2872927214 -4.206041137 0.5)
(0.3349084994 -4.203731696 0.5)
(0.3824025363 -4.201082011 0.5)
(0.4297582835 -4.198098466 0.5)
(0.4769595257 -4.194788249 0.5)
(0.5239904197 -4.191159335 0.5)
(0.5708355329 -4.187220466 0.5)
(0.6174798801 -4.182981132 0.5)
(0.6639089598 -4.178451545 0.5)
(0.7101087891 -4.173642619 0.5)
(-1.387778781e-17 -3.95 0.5)
(0.04731353805 -3.949759125 0.5)
(0.09460343569 -3.949037007 0.5)
(0.1418461076 -3.947835386 0.5)
(0.1890180823 -3.946157157 0.5)
(0.2360960587 -3.944006362 0.5)
(0.2830569618 -3.941388183 0.5)
(0.3298779992 -3.938308927 0.5)
(0.376536715 -3.934776014 0.5)
(0.4230110446 -3.930797955 0.5)
(0.4692793675 -3.926384332 0.5)
(0.5153205596 -3.92154578 0.5)
(0.5611140439 -3.916293955 0.5)
(0.6066398401 -3.910641509 0.5)
(0.651878613 -3.90460206 0.5)
(0.6968117188 -3.898190158 0.5)
(-1.734723476e-17 -3.6875 0.5)
(0.04664192257 -3.687198907 0.5)
(0.09325429461 -3.686296259 0.5)
(0.1398076345 -3.684794233 0.5)
(0.1862726029 -3.682696446 0.5)
(0.2326200733 -3.680007952 0.5)
(0.2788212023 -3.676735228 0.5)
(0.324847499 -3.672886159 0.5)
(0.3706708938 -3.668470018 0.5)
(0.4162638058 -3.663497444 0.5)
(0.4615992094 -3.657980416 0.5)
(0.5066506995 -3.651932225 0.5)
(0.5513925548 -3.645367444 0.5)
(0.5957998001 -3.638301886 0.5)
(0.6398482663 -3.630752575 0.5)
(0.6835146485 -3.622737698 0.5)
(-2.081668171e-17 -3.425 0.5)
(0.04597030708 -3.424638688 0.5)
(0.09190515353 -3.423555511 0.5)
(0.1377691614 -3.421753079 0.5)
(0.1835271235 -3.419235735 0.5)
(0.229144088 -3.416009542 0.5)
(0.2745854428 -3.412082274 0.5)
(0.3198169988 -3.407463391 0.5)
(0.3648050725 -3.402164022 0.5)
(0.4095165669 -3.396196932 0.5)
(0.4539190513 -3.389576499 0.5)
(0.4979808394 -3.38231867 0.5)
(0.5416710658 -3.374440932 0.5)
(0.5849597602 -3.365962264 0.5)
(0.6278179195 -3.35690309 0.5)
(0.6702175782 -3.347285237 0.5)
(-2.428612866e-17 -3.1625 0.5)
(0.0452986916 -3.162078469 0.5)
(0.09055601245 -3.160814763 0.5)
(0.1357306883 -3.158711926 0.5)
(0.1807816441 -3.155775024 0.5)
(0.2256681026 -3.152011133 0.5)
(0.2703496832 -3.14742932 0.5)
(0.3147864986 -3.142040623 0.5)
(0.3589392513 -3.135858025 0.5)
(0.4027693281 -3.128896421 0.5)
(0.4462388932 -3.121172582 0.5)
(0.4893109793 -3.112705115 0.5)
(0.5319495768 -3.103514421 0.5)
(0.5741197202 -3.093622641 0.5)
(0.6157875728 -3.083053605 0.5)
(0.6569205079 -3.071832777 0.5)
(-2.775557562e-17 -2.9 0.5)
(0.04462707611 -2.899518251 0.5)
(0.08920687138 -2.898074015 0.5)
(0.1336922152 -2.895670773 0.5)
(0.1780361647 -2.892314313 0.5)
(0.2221921173 -2.888012723 0.5)
(0.2661139237 -2.882776365 0.5)
(0.3097559984 -2.876617855 0.5)
(0.3530734301 -2.869552029 0.5)
(0.3960220892 -2.86159591 0.5)
(0.4385587351 -2.852768665 0.5)
(0.4806411192 -2.84309156 0.5)
(0.5222280877 -2.83258791 0.5)
(0.5632796802 -2.821283018 0.5)
(0.6037572261 -2.80920412 0.5)
(0.6436234376 -2.796380316 0.5)
(-3.122502257e-17 -2.6375 0.5)
(0.04395546062 -2.636958032 0.5)
(0.0878577303 -2.635333267 0.5)
(0.1316537421 -2.632629619 0.5)
(0.1752906853 -2.628853602 0.5)
(0.218716132 -2.624014313 0.5)
(0.2618781641 -2.618123411 0.5)
(0.3047254982 -2.611195087 0.5)
(0.3472076088 -2.603246033 0.5)
(0.3892748504 -2.594295399 0.5)
(0.430878577 -2.584364748 0.5)
(0.4719712591 -2.573478005 0.5)
(0.5125065987 -2.561661399 0.5)
(0.5524396403 -2.548943395 0.5)
(0.5917268793 -2.535354635 0.5)
(0.6303263673 -2.520927856 0.5)
(-3.469446952e-17 -2.375 0.5)
(0.04328384514 -2.374397813 0.5)
(0.08650858922 -2.372592519 0.5)
(0.129615269 -2.369588466 0.5)
(0.1725452058 -2.365392891 0.5)
(0.2152401466 -2.360015904 0.5)
(0.2576424046 -2.353470457 0.5)
(0.299694998 -2.345772319 0.5)
(0.3413417876 -2.336940036 0.5)
(0.3825276116 -2.326994887 0.5)
(0.4231984188 -2.315960831 0.5)
(0.463301399 -2.303864451 0.5)
(0.5027851097 -2.290734887 0.5)
(0.5415996003 -2.276603773 0.5)
(0.5796965326 -2.26150515 0.5)
(0.617029297 -2.245475395 0.5)
(-3.816391647e-17 -2.1125 0.5)
(0.04261222965 -2.111837594 0.5)
(0.08515944814 -2.10985177 0.5)
(0.127576796 -2.106547312 0.5)
(0.1697997264 -2.101932181 0.5)
(0.2117641613 -2.096017494 0.5)
(0.2534066451 -2.088817502 0.5)
(0.2946644978 -2.080349551 0.5)
(0.3354759663 -2.07063404 0.5)
(0.3757803727 -2.059694376 0.5)
(0.4155182607 -2.047556914 0.5)
(0.4546315389 -2.034250896 0.5)
(0.4930636206 -2.019808376 0.5)
(0.5307595603 -2.00426415 0.5)
(0.5676661858 -1.987655665 0.5)
(0.6037322267 -1.970022935 0.5)
(-4.163336342e-17 -1.85 0.5)
(0.04194061416 -1.849277376 0.5)
(0.08381030707 -1.847111022 0.5)
(0.1255383229 -1.843506159 0.5)
(0.167054247 -1.83847147 0.5)
(0.208288176 -1.832019085 0.5)
(0.2491708855 -1.824164548 0.5)
(0.2896339976 -1.814926782 0.5)
(0.3296101451 -1.804328043 0.5)
(0.3690331339 -1.792393865 0.5)
(0.4078381026 -1.779152997 0.5)
(0.4459616788 -1.764637341 0.5)
(0.4833421316 -1.748881865 0.5)
(0.5199195203 -1.731924527 0.5)
(0.5556358391 -1.71380618 0.5)
(0.5904351564 -1.694570474 0.5)
(-4.510281038e-17 -1.5875 0.5)
(0.04126899868 -1.586717157 0.5)
(0.08246116599 -1.584370274 0.5)
(0.1234998498 -1.580465005 0.5)
(0.1643087676 -1.575010759 0.5)
(0.2048121906 -1.568020675 0.5)
(0.244935126 -1.559511594 0.5)
(0.2846034974 -1.549504014 0.5)
(0.3237443238 -1.538022047 0.5)
(0.362285895 -1.525093353 0.5)
(0.4001579445 -1.51074908 0.5)
(0.4372918187 -1.495023786 0.5)
(0.4736206426 -1.477955354 0.5)
(0.5090794804 -1.459584904 0.5)
(0.5436054924 -1.439956695 0.5)
(0.5771380861 -1.419118014 0.5)
(-4.857225733e-17 -1.325 0.5)
(0.04059738319 -1.324156938 0.5)
(0.08111202491 -1.321629526 0.5)
(0.1214613767 -1.317423852 0.5)
(0.1615632882 -1.311550048 0.5)
(0.2013362053 -1.304022265 0.5)
(0.2406993664 -1.294858639 0.5)
(0.2795729972 -1.284081246 0.5)
(0.3178785026 -1.271716051 0.5)
(0.3555386562 -1.257792842 0.5)
(0.3924777864 -1.242345164 0.5)
(0.4286219586 -1.225410231 0.5)
(0.4638991535 -1.207028842 0.5)
(0.4982394404 -1.187245282 0.5)
(0.5315751456 -1.16610721 0.5)
(0.5638410158 -1.143665553 0.5)
(-5.204170428e-17 -1.0625 0.5)
(0.03992576771 -1.06159672 0.5)
(0.07976288383 -1.058888778 0.5)
(0.1194229036 -1.054382699 0.5)
(0.1588178088 -1.048089337 0.5)
(0.19786022 -1.040023856 0.5)
(0.2364636069 -1.030205685 0.5)
(0.274542497 -1.018658478 0.5)
(0.3120126814 -1.005410054 0.5)
(0.3487914173 -0.9904923309 0.5)
(0.3847976283 -0.9739412467 0.5)
(0.4199520985 -0.9557966758 0.5)
(0.4541776645 -0.936102331 0.5)
(0.4873994004 -0.914905659 0.5)
(0.5195447989 -0.8922577255 0.5)
(0.5505439455 -0.8682130926 0.5)
(-0.565685 -0.565685 -0.5)
(-0.55242675 -0.55242675 -0.5)
(-0.5391685 -0.5391685 -0.5)
(-0.52591025 -0.52591025 -0.5)
(-0.512652 -0.512652 -0.5)
(-0.49939375 -0.49939375 -0.5)
(-0.4861355 -0.4861355 -0.5)
(-0.47287725 -0.47287725 -0.5)
(-0.459619 -0.459619 -0.5)
(-0.44636075 -0.44636075 -0.5)
(-0.4331025 -0.4331025 -0.5)
(-0.41984425 -0.41984425 -0.5)
(-0.406586 -0.406586 -0.5)
(-0.39332775 -0.39332775 -0.5)
(-0.3800695 -0.3800695 -0.5)
(-0.36681125 -0.36681125 -0.5)
(-0.353553 -0.353553 -0.5)
(-0.5927606321 -0.5372468752 -0.5)
(-0.5788677989 -0.5246551456 -0.5)
(-0.5649749657 -0.5120634159 -0.5)
(-0.5510821325 -0.4994716863 -0.5)
(-0.5371892992 -0.4868799566 -0.5)
(-0.523296466 -0.474288227 -0.5)
(-0.5094036328 -0.4616964973 -0.5)
(-0.4955107996 -0.4491047677 -0.5)
(-0.4816179663 -0.4365130381 -0.5)
(-0.4677251331 -0.4239213084 -0.5)
(-0.4538322999 -0.4113295788 -0.5)
(-0.4399394667 -0.3987378491 -0.5)
(-0.4260466335 -0.3861461195 -0.5)
(-0.4121538002 -0.3735543898 -0.5)
(-0.398260967 -0.3609626602 -0.5)
(-0.3843681338 -0.3483709305 -0.5)
(-0.3704753006 -0.3357792009 -0.5)
(-0.6184082405 -0.5075144521 -0.5)
(-0.6039142932 -0.4956195777 -0.5)
(-0.589420346 -0.4837247033 -0.5)
(-0.5749263987 -0.4718298288 -0.5)
(-0.5604324515 -0.4599349544 -0.5)
(-0.5459385042 -0.4480400799 -0.5)
(-0.531444557 -0.4361452055 -0.5)
(-0.5169506097 -0.424250331 -0.5)
(-0.5024566625 -0.4123554566 -0.5)
(-0.4879627152 -0.4004605822 -0.5)
(-0.473468768 -0.3885657077 -0.5)
(-0.4589748207 -0.3766708333 -0.5)
(-0.4444808735 -0.3647759588 -0.5)
(-0.4299869262 -0.3528810844 -0.5)
(-0.415492979 -0.34098621 -0.5)
(-0.4009990317 -0.3290913355 -0.5)
(-0.3865050844 -0.3171964611 -0.5)
(-0.6425660362 -0.4765593605 -0.5)
(-0.6275058923 -0.4653899973 -0.5)
(-0.6124457484 -0.4542206341 -0.5)
(-0.5973856044 -0.4430512709 -0.5)
(-0.5823254605 -0.4318819077 -0.5)
(-0.5672653166 -0.4207125445 -0.5)
(-0.5522051727 -0.4095431813 -0.5)
(-0.5371450287 -0.3983738181 -0.5)
(-0.5220848848 -0.3872044549 -0.5)
(-0.5070247409 -0.3760350917 -0.5)
(-0.4919645969 -0.3648657285 -0.5)
(-0.476904453 -0.3536963653 -0.5)
(-0.4618443091 -0.3425270021 -0.5)
(-0.4467841651 -0.3313576389 -0.5)
(-0.4317240212 -0.3201882758 -0.5)
(-0.4166638773 -0.3090189126 -0.5)
(-0.4016037333 -0.2978495494 -0.5)
(-0.6651758198 -0.4444561755 -0.5)
(-0.6495857606 -0.4340392317 -0.5)
(-0.6339957013 -0.423622288 -0.5)
(-0.6184056421 -0.4132053443 -0.5)
(-0.6028155829 -0.4027884005 -0.5)
(-0.5872255236 -0.3923714568 -0.5)
(-0.5716354644 -0.381954513 -0.5)
(-0.5560454052 -0.3715375693 -0.5)
(-0.5404553459 -0.3611206255 -0.5)
(-0.5248652867 -0.3507036818 -0.5)
(-0.5092752275 -0.3402867381 -0.5)
(-0.4936851683 -0.3298697943 -0.5)
(-0.478095109 -0.3194528506 -0.5)
(-0.4625050498 -0.3090359068 -0.5)
(-0.4469149906 -0.2986189631 -0.5)
(-0.4313249313 -0.2882020193 -0.5)
(-0.4157348721 -0.2777850756 -0.5)
(-0.6861831208 -0.4112822384 -0.5)
(-0.6701007043 -0.4016428097 -0.5)
(-0.6540182878 -0.3920033809 -0.5)
(-0.6379358713 -0.3823639522 -0.5)
(-0.6218534548 -0.3727245234 -0.5)
(-0.6057710383 -0.3630850947 -0.5)
(-0.5896886218 -0.3534456659 -0.5)
(-0.5736062052 -0.3438062372 -0.5)
(-0.5575237887 -0.3341668084 -0.5)
(-0.5414413722 -0.3245273796 -0.5)
(-0.5253589557 -0.3148879509 -0.5)
(-0.5092765392 -0.3052485221 -0.5)
(-0.4931941227 -0.2956090934 -0.5)
(-0.4771117061 -0.2859696646 -0.5)
(-0.4610292896 -0.2763302359 -0.5)
(-0.4449468731 -0.2666908071 -0.5)
(-0.4288644566 -0.2570513784 -0.5)
(-0.7055373298 -0.3771174702 -0.5)
(-0.6890013002 -0.3682787788 -0.5)
(-0.6724652705 -0.3594400874 -0.5)
(-0.6559292409 -0.3506013961 -0.5)
(-0.6393932112 -0.3417627047 -0.5)
(-0.6228571816 -0.3329240134 -0.5)
(-0.6063211519 -0.324085322 -0.5)
(-0.5897851223 -0.3152466307 -0.5)
(-0.5732490927 -0.3064079393 -0.5)
(-0.556713063 -0.2975692479 -0.5)
(-0.5401770334 -0.2887305566 -0.5)
(-0.5236410037 -0.2798918652 -0.5)
(-0.5071049741 -0.2710531739 -0.5)
(-0.4905689444 -0.2622144825 -0.5)
(-0.4740329148 -0.2533757911 -0.5)
(-0.4574968851 -0.2445370998 -0.5)
(-0.4409608555 -0.2356984084 -0.5)
(-0.7231918196 -0.3420441785 -0.5)
(-0.7062420138 -0.3340275179 -0.5)
(-0.689292208 -0.3260108573 -0.5)
(-0.6723424022 -0.3179941966 -0.5)
(-0.6553925963 -0.309977536 -0.5)
(-0.6384427905 -0.3019608754 -0.5)
(-0.6214929847 -0.2939442148 -0.5)
(-0.6045431789 -0.2859275542 -0.5)
(-0.5875933731 -0.2779108936 -0.5)
(-0.5706435673 -0.2698942329 -0.5)
(-0.5536937615 -0.2618775723 -0.5)
(-0.5367439557 -0.2538609117 -0.5)
(-0.5197941499 -0.2458442511 -0.5)
(-0.5028443441 -0.2378275905 -0.5)
(-0.4858945383 -0.2298109298 -0.5)
(-0.4689447324 -0.2217942692 -0.5)
(-0.4519949266 -0.2137776086 -0.5)
(-0.7391040579 -0.3061468601 -0.5)
(-0.7217813098 -0.2989715432 -0.5)
(-0.7044585616 -0.2917962263 -0.5)
(-0.6871358134 -0.2846209094 -0.5)
(-0.6698130652 -0.2774455925 -0.5)
(-0.6524903171 -0.2702702756 -0.5)
(-0.6351675689 -0.2630949587 -0.5)
(-0.6178448207 -0.2559196418 -0.5)
(-0.6005220725 -0.2487443249 -0.5)
(-0.5831993244 -0.241569008 -0.5)
(-0.5658765762 -0.2343936911 -0.5)
(-0.548553828 -0.2272183742 -0.5)
(-0.5312310798 -0.2200430573 -0.5)
(-0.5139083317 -0.2128677403 -0.5)
(-0.4965855835 -0.2056924234 -0.5)
(-0.4792628353 -0.1985171065 -0.5)
(-0.4619400871 -0.1913417896 -0.5)
(-0.75323571 -0.2695119968 -0.5)
(-0.7355817517 -0.2631953097 -0.5)
(-0.7179277934 -0.2568786226 -0.5)
(-0.7002738352 -0.2505619355 -0.5)
(-0.6826198769 -0.2442452484 -0.5)
(-0.6649659186 -0.2379285613 -0.5)
(-0.6473119603 -0.2316118742 -0.5)
(-0.629658002 -0.225295187 -0.5)
(-0.6120040438 -0.2189784999 -0.5)
(-0.5943500855 -0.2126618128 -0.5)
(-0.5766961272 -0.2063451257 -0.5)
(-0.5590421689 -0.2000284386 -0.5)
(-0.5413882106 -0.1937117515 -0.5)
(-0.5237342524 -0.1873950644 -0.5)
(-0.5060802941 -0.1810783772 -0.5)
(-0.4884263358 -0.1747616901 -0.5)
(-0.4707723775 -0.168445003 -0.5)
(-0.7655527305 -0.2322278474 -0.5)
(-0.7476100923 -0.2267850076 -0.5)
(-0.7296674541 -0.2213421678 -0.5)
(-0.7117248159 -0.215899328 -0.5)
(-0.6937821777 -0.2104564882 -0.5)
(-0.6758395395 -0.2050136484 -0.5)
(-0.6578969013 -0.1995708087 -0.5)
(-0.6399542631 -0.1941279689 -0.5)
(-0.6220116249 -0.1886851291 -0.5)
(-0.6040689867 -0.1832422893 -0.5)
(-0.5861263485 -0.1777994495 -0.5)
(-0.5681837103 -0.1723566097 -0.5)
(-0.5502410721 -0.16691377 -0.5)
(-0.5322984339 -0.1614709302 -0.5)
(-0.5143557957 -0.1560280904 -0.5)
(-0.4964131575 -0.1505852506 -0.5)
(-0.4784705193 -0.1451424108 -0.5)
(-0.7760254461 -0.1943842346 -0.5)
(-0.7578373536 -0.1898283545 -0.5)
(-0.7396492612 -0.1852724744 -0.5)
(-0.7214611687 -0.1807165943 -0.5)
(-0.7032730762 -0.1761607142 -0.5)
(-0.6850849838 -0.171604834 -0.5)
(-0.6668968913 -0.1670489539 -0.5)
(-0.6487087988 -0.1624930738 -0.5)
(-0.6305207063 -0.1579371937 -0.5)
(-0.6123326139 -0.1533813136 -0.5)
(-0.5941445214 -0.1488254335 -0.5)
(-0.5759564289 -0.1442695533 -0.5)
(-0.5577683365 -0.1397136732 -0.5)
(-0.539580244 -0.1351577931 -0.5)
(-0.5213921515 -0.130601913 -0.5)
(-0.503204059 -0.1260460329 -0.5)
(-0.4850159666 -0.1214901528 -0.5)
(-0.7846286264 -0.1560723293 -0.5)
(-0.7662388966 -0.1524143844 -0.5)
(-0.7478491669 -0.1487564395 -0.5)
(-0.7294594371 -0.1450984946 -0.5)
(-0.7110697073 -0.1414405497 -0.5)
(-0.6926799776 -0.1377826048 -0.5)
(-0.6742902478 -0.1341246599 -0.5)
(-0.655900518 -0.130466715 -0.5)
(-0.6375107883 -0.1268087701 -0.5)
(-0.6191210585 -0.1231508252 -0.5)
(-0.6007313287 -0.1194928803 -0.5)
(-0.582341599 -0.1158349354 -0.5)
(-0.5639518692 -0.1121769905 -0.5)
(-0.5455621394 -0.1085190456 -0.5)
(-0.5271724097 -0.1048611007 -0.5)
(-0.5087826799 -0.1012031558 -0.5)
(-0.4903929501 -0.09754521095 -0.5)
(-0.7913415451 -0.1173844305 -0.5)
(-0.7727944808 -0.1146332331 -0.5)
(-0.7542474165 -0.1118820357 -0.5)
(-0.7357003521 -0.1091308384 -0.5)
(-0.7171532878 -0.106379641 -0.5)
(-0.6986062235 -0.1036284436 -0.5)
(-0.6800591592 -0.1008772463 -0.5)
(-0.6615120949 -0.09812604891 -0.5)
(-0.6429650306 -0.09537485155 -0.5)
(-0.6244179662 -0.09262365418 -0.5)
(-0.6058709019 -0.08987245682 -0.5)
(-0.5873238376 -0.08712125945 -0.5)
(-0.5687767733 -0.08437006208 -0.5)
(-0.550229709 -0.08161886472 -0.5)
(-0.5316826447 -0.07886766735 -0.5)
(-0.5131355803 -0.07611646999 -0.5)
(-0.494588516 -0.07336527262 -0.5)
(-0.7961480298 -0.07841374275 -0.5)
(-0.7774883127 -0.07657592078 -0.5)
(-0.7588285956 -0.0747380988 -0.5)
(-0.7401688785 -0.07290027683 -0.5)
(-0.7215091615 -0.07106245485 -0.5)
(-0.7028494444 -0.06922463288 -0.5)
(-0.6841897273 -0.06738681091 -0.5)
(-0.6655300102 -0.06554898893 -0.5)
(-0.6468702931 -0.06371116696 -0.5)
(-0.628210576 -0.06187334498 -0.5)
(-0.609550859 -0.06003552301 -0.5)
(-0.5908911419 -0.05819770103 -0.5)
(-0.5722314248 -0.05635987906 -0.5)
(-0.5535717077 -0.05452205708 -0.5)
(-0.5349119906 -0.05268423511 -0.5)
(-0.5162522735 -0.05084641313 -0.5)
(-0.4975925564 -0.04900859116 -0.5)
(-0.799036501 -0.03925415222 -0.5)
(-0.7803090843 -0.03833413307 -0.5)
(-0.7615816677 -0.03741411391 -0.5)
(-0.742854251 -0.03649409476 -0.5)
(-0.7241268343 -0.0355740756 -0.5)
(-0.7053994176 -0.03465405645 -0.5)
(-0.686672001 -0.03373403729 -0.5)
(-0.6679445843 -0.03281401814 -0.5)
(-0.6492171676 -0.03189399898 -0.5)
(-0.6304897509 -0.03097397983 -0.5)
(-0.6117623342 -0.03005396067 -0.5)
(-0.5930349176 -0.02913394152 -0.5)
(-0.5743075009 -0.02821392236 -0.5)
(-0.5555800842 -0.02729390321 -0.5)
(-0.5368526675 -0.02637388405 -0.5)
(-0.5181252508 -0.0254538649 -0.5)
(-0.4993978342 -0.02453384574 -0.5)
(-0.565685 -0.565685 0.5)
(-0.55242675 -0.55242675 0.5)
(-0.5391685 -0.5391685 0.5)
(-0.52591025 -0.52591025 0.5)
(-0.512652 -0.512652 0.5)
(-0.49939375 -0.49939375 0.5)
(-0.4861355 -0.4861355 0.5)
(-0.47287725 -0.47287725 0.5)
(-0.459619 -0.459619 0.5)
(-0.44636075 -0.44636075 0.5)
(-0.4331025 -0.4331025 0.5)
(-0.41984425 -0.41984425 0.5)
(-0.406586 -0.406586 0.5)
(-0.39332775 -0.39332775 0.5)
(-0.3800695 -0.3800695 0.5)
(-0.36681125 -0.36681125 0.5)
(-0.353553 -0.353553 0.5)
(-0.5927606321 -0.5372468752 0.5)
(-0.5788677989 -0.5246551456 0.5)
(-0.5649749657 -0.5120634159 0.5)
(-0.5510821325 -0.4994716863 0.5)
(-0.5371892992 -0.4868799566 0.5)
(-0.523296466 -0.474288227 0.5)
(-0.5094036328 -0.4616964973 0.5)
(-0.4955107996 -0.4491047677 0.5)
(-0.4816179663 -0.4365130381 0.5)
(-0.4677251331 -0.4239213084 0.5)
(-0.4538322999 -0.4113295788 0.5)
(-0.4399394667 -0.3987378491 0.5)
(-0.4260466335 -0.3861461195 0.5)
(-0.4121538002 -0.3735543898 0.5)
(-0.398260967 -0.3609626602 0.5)
(-0.3843681338 -0.3483709305 0.5)
(-0.3704753006 -0.3357792009 0.5)
(-0.6184082405 -0.5075144521 0.5)
(-0.6039142932 -0.4956195777 0.5)
(-0.589420346 -0.4837247033 0.5)
(-0.5749263987 -0.4718298288 0.5)
(-0.5604324515 -0.4599349544 0.5)
(-0.5459385042 -0.4480400799 0.5)
(-0.531444557 -0.4361452055 0.5)
(-0.5169506097 -0.424250331 0.5)
(-0.5024566625 -0.4123554566 0.5)
(-0.4879627152 -0.4004605822 0.5)
(-0.473468768 -0.3885657077 0.5)
(-0.4589748207 -0.3766708333 0.5)
(-0.4444808735 -0.3647759588 0.5)
(-0.4299869262 -0.3528810844 0.5)
(-0.415492979 -0.34098621 0.5)
(-0.4009990317 -0.3290913355 0.5)
(-0.3865050844 -0.3171964611 0.5)
(-0.6425660362 -0.4765593605 0.5)
(-0.6275058923 -0.4653899973 0.5)
(-0.6124457484 -0.4542206341 0.5)
(-0.5973856044 -0.4430512709 0.5)
(-0.5823254605 -0.4318819077 0.5)
(-0.5672653166 -0.4207125445 0.5)
(-0.5522051727 -0.4095431813 0.5)
(-0.5371450287 -0.3983738181 0.5)
(-0.5220848848 -0.3872044549 0.5)
(-0.5070247409 -0.3760350917 0.5)
(-0.4919645969 -0.3648657285 0.5)
(-0.476904453 -0.3536963653 0.5)
(-0.4618443091 -0.3425270021 0.5)
(-0.4467841651 -0.3313576389 0.5)
(-0.4317240212 -0.3201882758 0.5)
(-0.4166638773 -0.3090189126 0.5)
(-0.4016037333 -0.2978495494 0.5)
(-0.6651758198 -0.4444561755 0.5)
(-0.6495857606 -0.4340392317 0.5)
(-0.6339957013 -0.423622288 0.5)
(-0.6184056421 -0.4132053443 0.5)
(-0.6028155829 -0.4027884005 0.5)
(-0.5872255236 -0.3923714568 0.5)
(-0.5716354644 -0.381954513 0.5)
(-0.5560454052 -0.3715375693 0.5)
(-0.5404553459 -0.3611206255 0.5)
(-0.5248652867 -0.3507036818 0.5)
(-0.5092752275 -0.3402867381 0.5)
(-0.4936851683 -0.3298697943 0.5)
(-0.478095109 -0.3194528506 0.5)
(-0.4625050498 -0.3090359068 0.5)
(-0.4469149906 -0.2986189631 0.5)
(-0.4313249313 -0.2882020193 0.5)
(-0.4157348721 -0.2777850756 0.5)
(-0.6861831208 -0.4112822384 0.5)
(-0.6701007043 -0.4016428097 0.5)
(-0.6540182878 -0.3920033809 0.5)
(-0.6379358713 -0.3823639522 0.5)
(-0.6218534548 -0.3727245234 0.5)
(-0.6057710383 -0.3630850947 0.5)
(-0.5896886218 -0.3534456659 0.5)
(-0.5736062052 -0.3438062372 0.5)
(-0.5575237887 -0.3341668084 0.5)
(-0.5414413722 -0.3245273796 0.5)
(-0.5253589557 -0.3148879509 0.5)
(-0.5092765392 -0.3052485221 0.5)
(-0.4931941227 -0.2956090934 0.5)
(-0.4771117061 -0.2859696646 0.5)
(-0.4610292896 -0.2763302359 0.5)
(-0.4449468731 -0.2666908071 0.5)
(-0.4288644566 -0.2570513784 0.5)
(-0.7055373298 -0.3771174702 0.5)
(-0.6890013002 -0.3682787788 0.5)
(-0.6724652705 -0.3594400874 0.5)
(-0.6559292409 -0.3506013961 0.5)
(-0.6393932112 -0.3417627047 0.5)
(-0.6228571816 -0.3329240134 0.5)
(-0.6063211519 -0.324085322 0.5)
(-0.5897851223 -0.3152466307 0.5)
(-0.5732490927 -0.3064079393 0.5)
(-0.556713063 -0.2975692479 0.5)
(-0.5401770334 -0.2887305566 0.5)
(-0.5236410037 -0.2798918652 0.5)
(-0.5071049741 -0.2710531739 0.5)
(-0.4905689444 -0.2622144825 0.5)
(-0.4740329148 -0.2533757911 0.5)
(-0.4574968851 -0.2445370998 0.5)
(-0.4409608555 -0.2356984084 0.5)
(-0.7231918196 -0.3420441785 0.5)
(-0.7062420138 -0.3340275179 0.5)
(-0.689292208 -0.3260108573 0.5)
(-0.6723424022 -0.3179941966 0.5)
(-0.6553925963 -0.309977536 0.5)
(-0.6384427905 -0.3019608754 0.5)
(-0.6214929847 -0.2939442148 0.5)
(-0.6045431789 -0.2859275542 0.5)
(-0.5875933731 -0.2779108936 0.5)
(-0.5706435673 -0.2698942329 0.5)
(-0.5536937615 -0.2618775723 0.5)
(-0.5367439557 -0.2538609117 0.5)
(-0.5197941499 -0.2458442511 0.5)
(-0.5028443441 -0.2378275905 0.5)
(-0.4858945383 -0.2298109298 0.5)
(-0.4689447324 -0.2217942692 0.5)
(-0.4519949266 -0.2137776086 0.5)
(-0.7391040579 -0.3061468601 0.5)
(-0.7217813098 -0.2989715432 0.5)
(-0.7044585616 -0.2917962263 0.5)
(-0.6871358134 -0.2846209094 0.5)
(-0.6698130652 -0.2774455925 0.5)
(-0.6524903171 -0.2702702756 0.5)
(-0.6351675689 -0.2630949587 0.5)
(-0.6178448207 -0.2559196418 0.5)
(-0.6005220725 -0.2487443249 0.5)
(-0.5831993244 -0.241569008 0.5)
(-0.5658765762 -0.2343936911 0.5)
(-0.548553828 -0.2272183742 0.5)
(-0.5312310798 -0.2200430573 0.5)
(-0.5139083317 -0.2128677403 0.5)
(-0.4965855835 -0.2056924234 0.5)
(-0.4792628353 -0.1985171065 0.5)
(-0.4619400871 -0.1913417896 0.5)
(-0.75323571 -0.2695119968 0.5)
(-0.7355817517 -0.2631953097 0.5)
(-0.7179277934 -0.2568786226 0.5)
(-0.7002738352 -0.2505619355 0.5)
(-0.6826198769 -0.2442452484 0.5)
(-0.6649659186 -0.2379285613 0.5)
(-0.6473119603 -0.2316118742 0.5)
(-0.629658002 -0.225295187 0.5)
(-0.6120040438 -0.2189784999 0.5)
(-0.5943500855 -0.2126618128 0.5)
(-0.5766961272 -0.2063451257 0.5)
(-0.5590421689 -0.2000284386 0.5)
(-0.5413882106 -0.1937117515 0.5)
(-0.5237342524 -0.1873950644 0.5)
(-0.5060802941 -0.1810783772 0.5)
(-0.4884263358 -0.1747616901 0.5)
(-0.4707723775 -0.168445003 0.5)
(-0.7655527305 -0.2322278474 0.5)
(-0.7476100923 -0.2267850076 0.5)
(-0.7296674541 -0.2213421678 0.5)
(-0.7117248159 -0.215899328 0.5)
(-0.6937821777 -0.2104564882 0.5)
(-0.6758395395 -0.2050136484 0.5)
(-0.6578969013 -0.1995708087 0.5)
(-0.6399542631 -0.1941279689 0.5)
(-0.6220116249 -0.1886851291 0.5)
(-0.6040689867 -0.1832422893 0.5)
(-0.5861263485 -0.1777994495 0.5)
(-0.5681837103 -0.1723566097 0.5)
(-0.5502410721 -0.16691377 0.5)
(-0.5322984339 -0.1614709302 0.5)
(-0.5143557957 -0.1560280904 0.5)
(-0.4964131575 -0.1505852506 0.5)
(-0.4784705193 -0.1451424108 0.5)
(-0.7760254461 -0.1943842346 0.5)
(-0.7578373536 -0.1898283545 0.5)
(-0.7396492612 -0.1852724744 0.5)
(-0.7214611687 -0.1807165943 0.5)
(-0.7032730762 -0.1761607142 0.5)
(-0.6850849838 -0.171604834 0.5)
(-0.6668968913 -0.1670489539 0.5)
(-0.6487087988 -0.1624930738 0.5)
(-0.6305207063 -0.1579371937 0.5)
(-0.6123326139 -0.1533813136 0.5)
(-0.5941445214 -0.1488254335 0.5)
(-0.5759564289 -0.1442695533 0.5)
(-0.5577683365 -0.1397136732 0.5)
(-0.539580244 -0.1351577931 0.5)
(-0.5213921515 -0.130601913 0.5)
(-0.503204059 -0.1260460329 0.5)
(-0.4850159666 -0.1214901528 0.5)
(-0.7846286264 -0.1560723293 0.5)
(-0.7662388966 -0.1524143844 0.5)
(-0.7478491669 -0.1487564395 0.5)
(-0.7294594371 -0.1450984946 0.5)
(-0.7110697073 -0.1414405497 0.5)
(-0.6926799776 -0.1377826048 0.5)
(-0.6742902478 -0.1341246599 0.5)
(-0.655900518 -0.130466715 0.5)
(-0.6375107883 -0.1268087701 0.5)
(-0.6191210585 -0.1231508252 0.5)
(-0.6007313287 -0.1194928803 0.5)
(-0.582341599 -0.1158349354 0.5)
(-0.5639518692 -0.1121769905 0.5)
(-0.5455621394 -0.1085190456 0.5)
(-0.5271724097 -0.1048611007 0.5)
(-0.5087826799 -0.1012031558 0.5)
(-0.4903929501 -0.09754521095 0.5)
(-0.7913415451 -0.1173844305 0.5)
(-0.7727944808 -0.1146332331 0.5)
(-0.7542474165 -0.1118820357 0.5)
(-0.7357003521 -0.1091308384 0.5)
(-0.7171532878 -0.106379641 0.5)
(-0.6986062235 -0.1036284436 0.5)
(-0.6800591592 -0.1008772463 0.5)
(-0.6615120949 -0.09812604891 0.5)
(-0.6429650306 -0.09537485155 0.5)
(-0.6244179662 -0.09262365418 0.5)
(-0.6058709019 -0.08987245682 0.5)
(-0.5873238376 -0.08712125945 0.5)
(-0.5687767733 -0.08437006208 0.5)
(-0.550229709 -0.08161886472 0.5)
(-0.5316826447 -0.07886766735 0.5)
(-0.5131355803 -0.07611646999 0.5)
(-0.494588516 -0.07336527262 0.5)
(-0.7961480298 -0.07841374275 0.5)
(-0.7774883127 -0.07657592078 0.5)
(-0.7588285956 -0.0747380988 0.5)
(-0.7401688785 -0.07290027683 0.5)
(-0.7215091615 -0.07106245485 0.5)
(-0.7028494444 -0.06922463288 0.5)
(-0.6841897273 -0.06738681091 0.5)
(-0.6655300102 -0.06554898893 0.5)
(-0.6468702931 -0.06371116696 0.5)
(-0.628210576 -0.06187334498 0.5)
(-0.609550859 -0.06003552301 0.5)
(-0.5908911419 -0.05819770103 0.5)
(-0.5722314248 -0.05635987906 0.5)
(-0.5535717077 -0.05452205708 0.5)
(-0.5349119906 -0.05268423511 0.5)
(-0.5162522735 -0.05084641313 0.5)
(-0.4975925564 -0.04900859116 0.5)
(-0.799036501 -0.03925415222 0.5)
(-0.7803090843 -0.03833413307 0.5)
(-0.7615816677 -0.03741411391 0.5)
(-0.742854251 -0.03649409476 0.5)
(-0.7241268343 -0.0355740756 0.5)
(-0.7053994176 -0.03465405645 0.5)
(-0.686672001 -0.03373403729 0.5)
(-0.6679445843 -0.03281401814 0.5)
(-0.6492171676 -0.03189399898 0.5)
(-0.6304897509 -0.03097397983 0.5)
(-0.6117623342 -0.03005396067 0.5)
(-0.5930349176 -0.02913394152 0.5)
(-0.5743075009 -0.02821392236 0.5)
(-0.5555800842 -0.02729390321 0.5)
(-0.5368526675 -0.02637388405 0.5)
(-0.5181252508 -0.0254538649 0.5)
(-0.4993978342 -0.02453384574 0.5)
(-0.03925415222 -0.799036501 -0.5)
(-0.03833413307 -0.7803090843 -0.5)
(-0.03741411391 -0.7615816677 -0.5)
(-0.03649409476 -0.742854251 -0.5)
(-0.0355740756 -0.7241268343 -0.5)
(-0.03465405645 -0.7053994176 -0.5)
(-0.03373403729 -0.686672001 -0.5)
(-0.03281401814 -0.6679445843 -0.5)
(-0.03189399898 -0.6492171676 -0.5)
(-0.03097397983 -0.6304897509 -0.5)
(-0.03005396067 -0.6117623342 -0.5)
(-0.02913394152 -0.5930349176 -0.5)
(-0.02821392236 -0.5743075009 -0.5)
(-0.02729390321 -0.5555800842 -0.5)
(-0.02637388405 -0.5368526675 -0.5)
(-0.0254538649 -0.5181252508 -0.5)
(-0.02453384574 -0.4993978342 -0.5)
(-0.07841374275 -0.7961480298 -0.5)
(-0.07657592078 -0.7774883127 -0.5)
(-0.0747380988 -0.7588285956 -0.5)
(-0.07290027683 -0.7401688785 -0.5)
(-0.07106245485 -0.7215091615 -0.5)
(-0.06922463288 -0.7028494444 -0.5)
(-0.06738681091 -0.6841897273 -0.5)
(-0.06554898893 -0.6655300102 -0.5)
(-0.06371116696 -0.6468702931 -0.5)
(-0.06187334498 -0.628210576 -0.5)
(-0.06003552301 -0.609550859 -0.5)
(-0.05819770103 -0.5908911419 -0.5)
(-0.05635987906 -0.5722314248 -0.5)
(-0.05452205708 -0.5535717077 -0.5)
(-0.05268423511 -0.5349119906 -0.5)
(-0.05084641313 -0.5162522735 -0.5)
(-0.04900859116 -0.4975925564 -0.5)
(-0.1173844305 -0.7913415451 -0.5)
(-0.1146332331 -0.7727944808 -0.5)
(-0.1118820357 -0.7542474165 -0.5)
(-0.1091308384 -0.7357003521 -0.5)
(-0.106379641 -0.7171532878 -0.5)
(-0.1036284436 -0.6986062235 -0.5)
(-0.1008772463 -0.6800591592 -0.5)
(-0.09812604891 -0.6615120949 -0.5)
(-0.09537485155 -0.6429650306 -0.5)
(-0.09262365418 -0.6244179662 -0.5)
(-0.08987245682 -0.6058709019 -0.5)
(-0.08712125945 -0.5873238376 -0.5)
(-0.08437006208 -0.5687767733 -0.5)
(-0.08161886472 -0.550229709 -0.5)
(-0.07886766735 -0.5316826447 -0.5)
(-0.07611646999 -0.5131355803 -0.5)
(-0.07336527262 -0.494588516 -0.5)
(-0.1560723293 -0.7846286264 -0.5)
(-0.1524143844 -0.7662388966 -0.5)
(-0.1487564395 -0.7478491669 -0.5)
(-0.1450984946 -0.7294594371 -0.5)
(-0.1414405497 -0.7110697073 -0.5)
(-0.1377826048 -0.6926799776 -0.5)
(-0.1341246599 -0.6742902478 -0.5)
(-0.130466715 -0.655900518 -0.5)
(-0.1268087701 -0.6375107883 -0.5)
(-0.1231508252 -0.6191210585 -0.5)
(-0.1194928803 -0.6007313287 -0.5)
(-0.1158349354 -0.582341599 -0.5)
(-0.1121769905 -0.5639518692 -0.5)
(-0.1085190456 -0.5455621394 -0.5)
(-0.1048611007 -0.5271724097 -0.5)
(-0.1012031558 -0.5087826799 -0.5)
(-0.09754521095 -0.4903929501 -0.5)
(-0.1943842346 -0.7760254461 -0.5)
(-0.1898283545 -0.7578373536 -0.5)
(-0.1852724744 -0.7396492612 -0.5)
(-0.1807165943 -0.7214611687 -0.5)
(-0.1761607142 -0.7032730762 -0.5)
(-0.171604834 -0.6850849838 -0.5)
(-0.1670489539 -0.6668968913 -0.5)
(-0.1624930738 -0.6487087988 -0.5)
(-0.1579371937 -0.6305207063 -0.5)
(-0.1533813136 -0.6123326139 -0.5)
(-0.1488254335 -0.5941445214 -0.5)
(-0.1442695533 -0.5759564289 -0.5)
(-0.1397136732 -0.5577683365 -0.5)
(-0.1351577931 -0.539580244 -0.5)
(-0.130601913 -0.5213921515 -0.5)
(-0.1260460329 -0.503204059 -0.5)
(-0.1214901528 -0.4850159666 -0.5)
(-0.2322278474 -0.7655527305 -0.5)
(-0.2267850076 -0.7476100923 -0.5)
(-0.2213421678 -0.7296674541 -0.5)
(-0.215899328 -0.7117248159 -0.5)
(-0.2104564882 -0.6937821777 -0.5)
(-0.2050136484 -0.6758395395 -0.5)
(-0.1995708087 -0.6578969013 -0.5)
(-0.1941279689 -0.6399542631 -0.5)
(-0.1886851291 -0.6220116249 -0.5)
(-0.1832422893 -0.6040689867 -0.5)
(-0.1777994495 -0.5861263485 -0.5)
(-0.1723566097 -0.5681837103 -0.5)
(-0.16691377 -0.5502410721 -0.5)
(-0.1614709302 -0.5322984339 -0.5)
(-0.1560280904 -0.5143557957 -0.5)
(-0.1505852506 -0.4964131575 -0.5)
(-0.1451424108 -0.4784705193 -0.5)
(-0.2695119968 -0.75323571 -0.5)
(-0.2631953097 -0.7355817517 -0.5)
(-0.2568786226 -0.7179277934 -0.5)
(-0.2505619355 -0.7002738352 -0.5)
(-0.2442452484 -0.6826198769 -0.5)
(-0.2379285613 -0.6649659186 -0.5)
(-0.2316118742 -0.6473119603 -0.5)
(-0.225295187 -0.629658002 -0.5)
(-0.2189784999 -0.6120040438 -0.5)
(-0.2126618128 -0.5943500855 -0.5)
(-0.2063451257 -0.5766961272 -0.5)
(-0.2000284386 -0.5590421689 -0.5)
(-0.1937117515 -0.5413882106 -0.5)
(-0.1873950644 -0.5237342524 -0.5)
(-0.1810783772 -0.5060802941 -0.5)
(-0.1747616901 -0.4884263358 -0.5)
(-0.168445003 -0.4707723775 -0.5)
(-0.3061468601 -0.7391040579 -0.5)
(-0.2989715432 -0.7217813098 -0.5)
(-0.2917962263 -0.7044585616 -0.5)
(-0.2846209094 -0.6871358134 -0.5)
(-0.2774455925 -0.6698130652 -0.5)
(-0.2702702756 -0.6524903171 -0.5)
(-0.2630949587 -0.6351675689 -0.5)
(-0.2559196418 -0.6178448207 -0.5)
(-0.2487443249 -0.6005220725 -0.5)
(-0.241569008 -0.5831993244 -0.5)
(-0.2343936911 -0.5658765762 -0.5)
(-0.2272183742 -0.548553828 -0.5)
(-0.2200430573 -0.5312310798 -0.5)
(-0.2128677403 -0.5139083317 -0.5)
(-0.2056924234 -0.4965855835 -0.5)
(-0.1985171065 -0.4792628353 -0.5)
(-0.1913417896 -0.4619400871 -0.5)
(-0.3420441785 -0.7231918196 -0.5)
(-0.3340275179 -0.7062420138 -0.5)
(-0.3260108573 -0.689292208 -0.5)
(-0.3179941966 -0.6723424022 -0.5)
(-0.309977536 -0.6553925963 -0.5)
(-0.3019608754 -0.6384427905 -0.5)
(-0.2939442148 -0.6214929847 -0.5)
(-0.2859275542 -0.6045431789 -0.5)
(-0.2779108936 -0.5875933731 -0.5)
(-0.2698942329 -0.5706435673 -0.5)
(-0.2618775723 -0.5536937615 -0.5)
(-0.2538609117 -0.5367439557 -0.5)
(-0.2458442511 -0.5197941499 -0.5)
(-0.2378275905 -0.5028443441 -0.5)
(-0.2298109298 -0.4858945383 -0.5)
(-0.2217942692 -0.4689447324 -0.5)
(-0.2137776086 -0.4519949266 -0.5)
(-0.3771174702 -0.7055373298 -0.5)
(-0.3682787788 -0.6890013002 -0.5)
(-0.3594400874 -0.6724652705 -0.5)
(-0.3506013961 -0.6559292409 -0.5)
(-0.3417627047 -0.6393932112 -0.5)
(-0.3329240134 -0.6228571816 -0.5)
(-0.324085322 -0.6063211519 -0.5)
(-0.3152466307 -0.5897851223 -0.5)
(-0.3064079393 -0.5732490927 -0.5)
(-0.2975692479 -0.556713063 -0.5)
(-0.2887305566 -0.5401770334 -0.5)
(-0.2798918652 -0.5236410037 -0.5)
(-0.2710531739 -0.5071049741 -0.5)
(-0.2622144825 -0.4905689444 -0.5)
(-0.2533757911 -0.4740329148 -0.5)
(-0.2445370998 -0.4574968851 -0.5)
(-0.2356984084 -0.4409608555 -0.5)
(-0.4112822384 -0.6861831208 -0.5)
(-0.4016428097 -0.6701007043 -0.5)
(-0.3920033809 -0.6540182878 -0.5)
(-0.3823639522 -0.6379358713 -0.5)
(-0.3727245234 -0.6218534548 -0.5)
(-0.3630850947 -0.6057710383 -0.5)
(-0.3534456659 -0.5896886218 -0.5)
(-0.3438062372 -0.5736062052 -0.5)
(-0.3341668084 -0.5575237887 -0.5)
(-0.3245273796 -0.5414413722 -0.5)
(-0.3148879509 -0.5253589557 -0.5)
(-0.3052485221 -0.5092765392 -0.5)
(-0.2956090934 -0.4931941227 -0.5)
(-0.2859696646 -0.4771117061 -0.5)
(-0.2763302359 -0.4610292896 -0.5)
(-0.2666908071 -0.4449468731 -0.5)
(-0.2570513784 -0.4288644566 -0.5)
(-0.4444561755 -0.6651758198 -0.5)
(-0.4340392317 -0.6495857606 -0.5)
(-0.423622288 -0.6339957013 -0.5)
(-0.4132053443 -0.6184056421 -0.5)
(-0.4027884005 -0.6028155829 -0.5)
(-0.3923714568 -0.5872255236 -0.5)
(-0.381954513 -0.5716354644 -0.5)
(-0.3715375693 -0.5560454052 -0.5)
(-0.3611206255 -0.5404553459 -0.5)
(-0.3507036818 -0.5248652867 -0.5)
(-0.3402867381 -0.5092752275 -0.5)
(-0.3298697943 -0.4936851683 -0.5)
(-0.3194528506 -0.478095109 -0.5)
(-0.3090359068 -0.4625050498 -0.5)
(-0.2986189631 -0.4469149906 -0.5)
(-0.2882020193 -0.4313249313 -0.5)
(-0.2777850756 -0.4157348721 -0.5)
(-0.4765593605 -0.6425660362 -0.5)
(-0.4653899973 -0.6275058923 -0.5)
(-0.4542206341 -0.6124457484 -0.5)
(-0.4430512709 -0.5973856044 -0.5)
(-0.4318819077 -0.5823254605 -0.5)
(-0.4207125445 -0.5672653166 -0.5)
(-0.4095431813 -0.5522051727 -0.5)
(-0.3983738181 -0.5371450287 -0.5)
(-0.3872044549 -0.5220848848 -0.5)
(-0.3760350917 -0.5070247409 -0.5)
(-0.3648657285 -0.4919645969 -0.5)
(-0.3536963653 -0.476904453 -0.5)
(-0.3425270021 -0.4618443091 -0.5)
(-0.3313576389 -0.4467841651 -0.5)
(-0.3201882758 -0.4317240212 -0.5)
(-0.3090189126 -0.4166638773 -0.5)
(-0.2978495494 -0.4016037333 -0.5)
(-0.5075144521 -0.6184082405 -0.5)
(-0.4956195777 -0.6039142932 -0.5)
(-0.4837247033 -0.589420346 -0.5)
(-0.4718298288 -0.5749263987 -0.5)
(-0.4599349544 -0.5604324515 -0.5)
(-0.4480400799 -0.5459385042 -0.5)
(-0.4361452055 -0.531444557 -0.5)
(-0.424250331 -0.5169506097 -0.5)
(-0.4123554566 -0.5024566625 -0.5)
(-0.4004605822 -0.4879627152 -0.5)
(-0.3885657077 -0.473468768 -0.5)
(-0.3766708333 -0.4589748207 -0.5)
(-0.3647759588 -0.4444808735 -0.5)
(-0.3528810844 -0.4299869262 -0.5)
(-0.34098621 -0.415492979 -0.5)
(-0.3290913355 -0.4009990317 -0.5)
(-0.3171964611 -0.3865050844 -0.5)
(-0.5372468752 -0.5927606321 -0.5)
(-0.5246551456 -0.5788677989 -0.5)
(-0.5120634159 -0.5649749657 -0.5)
(-0.4994716863 -0.5510821325 -0.5)
(-0.4868799566 -0.5371892992 -0.5)
(-0.474288227 -0.523296466 -0.5)
(-0.4616964973 -0.5094036328 -0.5)
(-0.4491047677 -0.4955107996 -0.5)
(-0.4365130381 -0.4816179663 -0.5)
(-0.4239213084 -0.4677251331 -0.5)
(-0.4113295788 -0.4538322999 -0.5)
(-0.3987378491 -0.4399394667 -0.5)
(-0.3861461195 -0.4260466335 -0.5)
(-0.3735543898 -0.4121538002 -0.5)
(-0.3609626602 -0.398260967 -0.5)
(-0.3483709305 -0.3843681338 -0.5)
(-0.3357792009 -0.3704753006 -0.5)
(-0.03925415222 -0.799036501 0.5)
(-0.03833413307 -0.7803090843 0.5)
(-0.03741411391 -0.7615816677 0.5)
(-0.03649409476 -0.742854251 0.5)
(-0.0355740756 -0.7241268343 0.5)
(-0.03465405645 -0.7053994176 0.5)
(-0.03373403729 -0.686672001 0.5)
(-0.03281401814 -0.6679445843 0.5)
(-0.03189399898 -0.6492171676 0.5)
(-0.03097397983 -0.6304897509 0.5)
(-0.03005396067 -0.6117623342 0.5)
(-0.02913394152 -0.5930349176 0.5)
(-0.02821392236 -0.5743075009 0.5)
(-0.02729390321 -0.5555800842 0.5)
(-0.02637388405 -0.5368526675 0.5)
(-0.0254538649 -0.5181252508 0.5)
(-0.02453384574 -0.4993978342 0.5)
(-0.07841374275 -0.7961480298 0.5)
(-0.07657592078 -0.7774883127 0.5)
(-0.0747380988 -0.7588285956 0.5)
(-0.07290027683 -0.7401688785 0.5)
(-0.07106245485 -0.7215091615 0.5)
(-0.06922463288 -0.7028494444 0.5)
(-0.06738681091 -0.6841897273 0.5)
(-0.06554898893 -0.6655300102 0.5)
(-0.06371116696 -0.6468702931 0.5)
(-0.06187334498 -0.628210576 0.5)
(-0.06003552301 -0.609550859 0.5)
(-0.05819770103 -0.5908911419 0.5)
(-0.05635987906 -0.5722314248 0.5)
(-0.05452205708 -0.5535717077 0.5)
(-0.05268423511 -0.5349119906 0.5)
(-0.05084641313 -0.5162522735 0.5)
(-0.04900859116 -0.4975925564 0.5)
(-0.1173844305 -0.7913415451 0.5)
(-0.1146332331 -0.7727944808 0.5)
(-0.1118820357 -0.7542474165 0.5)
(-0.1091308384 -0.7357003521 0.5)
(-0.106379641 -0.7171532878 0.5)
(-0.1036284436 -0.6986062235 0.5)
(-0.1008772463 -0.6800591592 0.5)
(-0.09812604891 -0.6615120949 0.5)
(-0.09537485155 -0.6429650306 0.5)
(-0.09262365418 -0.6244179662 0.5)
(-0.08987245682 -0.6058709019 0.5)
(-0.08712125945 -0.5873238376 0.5)
(-0.08437006208 -0.5687767733 0.5)
(-0.08161886472 -0.550229709 0.5)
(-0.07886766735 -0.5316826447 0.5)
(-0.07611646999 -0.5131355803 0.5)
(-0.07336527262 -0.494588516 0.5)
(-0.1560723293 -0.7846286264 0.5)
(-0.1524143844 -0.7662388966 0.5)
(-0.1487564395 -0.7478491669 0.5)
(-0.1450984946 -0.7294594371 0.5)
(-0.1414405497 -0.7110697073 0.5)
(-0.1377826048 -0.6926799776 0.5)
(-0.1341246599 -0.6742902478 0.5)
(-0.130466715 -0.655900518 0.5)
(-0.1268087701 -0.6375107883 0.5)
(-0.1231508252 -0.6191210585 0.5)
(-0.1194928803 -0.6007313287 0.5)
(-0.1158349354 -0.582341599 0.5)
(-0.1121769905 -0.5639518692 0.5)
(-0.1085190456 -0.5455621394 0.5)
(-0.1048611007 -0.5271724097 0.5)
(-0.1012031558 -0.5087826799 0.5)
(-0.09754521095 -0.4903929501 0.5)
(-0.1943842346 -0.7760254461 0.5)
(-0.1898283545 -0.7578373536 0.5)
(-0.1852724744 -0.7396492612 0.5)
(-0.1807165943 -0.7214611687 0.5)
(-0.1761607142 -0.7032730762 0.5)
(-0.171604834 -0.6850849838 0.5)
(-0.1670489539 -0.6668968913 0.5)
(-0.1624930738 -0.6487087988 0.5)
(-0.1579371937 -0.6305207063 0.5)
(-0.1533813136 -0.6123326139 0.5)
(-0.1488254335 -0.5941445214 0.5)
(-0.1442695533 -0.5759564289 0.5)
(-0.1397136732 -0.5577683365 0.5)
(-0.1351577931 -0.539580244 0.5)
(-0.130601913 -0.5213921515 0.5)
(-0.1260460329 -0.503204059 0.5)
(-0.1214901528 -0.4850159666 0.5)
(-0.2322278474 -0.7655527305 0.5)
(-0.2267850076 -0.7476100923 0.5)
(-0.2213421678 -0.7296674541 0.5)
(-0.215899328 -0.7117248159 0.5)
(-0.2104564882 -0.6937821777 0.5)
(-0.2050136484 -0.6758395395 0.5)
(-0.1995708087 -0.6578969013 0.5)
(-0.1941279689 -0.6399542631 0.5)
(-0.1886851291 -0.6220116249 0.5)
(-0.1832422893 -0.6040689867 0.5)
(-0.1777994495 -0.5861263485 0.5)
(-0.1723566097 -0.5681837103 0.5)
(-0.16691377 -0.5502410721 0.5)
(-0.1614709302 -0.5322984339 0.5)
(-0.1560280904 -0.5143557957 0.5)
(-0.1505852506 -0.4964131575 0.5)
(-0.1451424108 -0.4784705193 0.5)
(-0.2695119968 -0.75323571 0.5)
(-0.2631953097 -0.7355817517 0.5)
(-0.2568786226 -0.7179277934 0.5)
(-0.2505619355 -0.7002738352 0.5)
(-0.2442452484 -0.6826198769 0.5)
(-0.2379285613 -0.6649659186 0.5)
(-0.2316118742 -0.6473119603 0.5)
(-0.225295187 -0.629658002 0.5)
(-0.2189784999 -0.6120040438 0.5)
(-0.2126618128 -0.5943500855 0.5)
(-0.2063451257 -0.5766961272 0.5)
(-0.2000284386 -0.5590421689 0.5)
(-0.1937117515 -0.5413882106 0.5)
(-0.1873950644 -0.5237342524 0.5)
(-0.1810783772 -0.5060802941 0.5)
(-0.1747616901 -0.4884263358 0.5)
(-0.168445003 -0.4707723775 0.5)
(-0.3061468601 -0.7391040579 0.5)
(-0.2989715432 -0.7217813098 0.5)
(-0.2917962263 -0.7044585616 0.5)
(-0.2846209094 -0.6871358134 0.5)
(-0.2774455925 -0.6698130652 0.5)
(-0.2702702756 -0.6524903171 0.5)
(-0.2630949587 -0.6351675689 0.5)
(-0.2559196418 -0.6178448207 0.5)
(-0.2487443249 -0.6005220725 0.5)
(-0.241569008 -0.5831993244 0.5)
(-0.2343936911 -0.5658765762 0.5)
(-0.2272183742 -0.548553828 0.5)
(-0.2200430573 -0.5312310798 0.5)
(-0.2128677403 -0.5139083317 0.5)
(-0.2056924234 -0.4965855835 0.5)
(-0.1985171065 -0.4792628353 0.5)
(-0.1913417896 -0.4619400871 0.5)
(-0.3420441785 -0.7231918196 0.5)
(-0.3340275179 -0.7062420138 0.5)
(-0.3260108573 -0.689292208 0.5)
(-0.3179941966 -0.6723424022 0.5)
(-0.309977536 -0.6553925963 0.5)
(-0.3019608754 -0.6384427905 0.5)
(-0.2939442148 -0.6214929847 0.5)
(-0.2859275542 -0.6045431789 0.5)
(-0.2779108936 -0.5875933731 0.5)
(-0.2698942329 -0.5706435673 0.5)
(-0.2618775723 -0.5536937615 0.5)
(-0.2538609117 -0.5367439557 0.5)
(-0.2458442511 -0.5197941499 0.5)
(-0.2378275905 -0.5028443441 0.5)
(-0.2298109298 -0.4858945383 0.5)
(-0.2217942692 -0.4689447324 0.5)
(-0.2137776086 -0.4519949266 0.5)
(-0.3771174702 -0.7055373298 0.5)
(-0.3682787788 -0.6890013002 0.5)
(-0.3594400874 -0.6724652705 0.5)
(-0.3506013961 -0.6559292409 0.5)
(-0.3417627047 -0.6393932112 0.5)
(-0.3329240134 -0.6228571816 0.5)
(-0.324085322 -0.6063211519 0.5)
(-0.3152466307 -0.5897851223 0.5)
(-0.3064079393 -0.5732490927 0.5)
(-0.2975692479 -0.556713063 0.5)
(-0.2887305566 -0.5401770334 0.5)
(-0.2798918652 -0.5236410037 0.5)
(-0.2710531739 -0.5071049741 0.5)
(-0.2622144825 -0.4905689444 0.5)
(-0.2533757911 -0.4740329148 0.5)
(-0.2445370998 -0.4574968851 0.5)
(-0.2356984084 -0.4409608555 0.5)
(-0.4112822384 -0.6861831208 0.5)
(-0.4016428097 -0.6701007043 0.5)
(-0.3920033809 -0.6540182878 0.5)
(-0.3823639522 -0.6379358713 0.5)
(-0.3727245234 -0.6218534548 0.5)
(-0.3630850947 -0.6057710383 0.5)
(-0.3534456659 -0.5896886218 0.5)
(-0.3438062372 -0.5736062052 0.5)
(-0.3341668084 -0.5575237887 0.5)
(-0.3245273796 -0.5414413722 0.5)
(-0.3148879509 -0.5253589557 0.5)
(-0.3052485221 -0.5092765392 0.5)
(-0.2956090934 -0.4931941227 0.5)
(-0.2859696646 -0.4771117061 0.5)
(-0.2763302359 -0.4610292896 0.5)
(-0.2666908071 -0.4449468731 0.5)
(-0.2570513784 -0.4288644566 0.5)
(-0.4444561755 -0.6651758198 0.5)
(-0.4340392317 -0.6495857606 0.5)
(-0.423622288 -0.6339957013 0.5)
(-0.4132053443 -0.6184056421 0.5)
(-0.4027884005 -0.6028155829 0.5)
(-0.3923714568 -0.5872255236 0.5)
(-0.381954513 -0.5716354644 0.5)
(-0.3715375693 -0.5560454052 0.5)
(-0.3611206255 -0.5404553459 0.5)
(-0.3507036818 -0.5248652867 0.5)
(-0.3402867381 -0.5092752275 0.5)
(-0.3298697943 -0.4936851683 0.5)
(-0.3194528506 -0.478095109 0.5)
(-0.3090359068 -0.4625050498 0.5)
(-0.2986189631 -0.4469149906 0.5)
(-0.2882020193 -0.4313249313 0.5)
(-0.2777850756 -0.4157348721 0.5)
(-0.4765593605 -0.6425660362 0.5)
(-0.4653899973 -0.6275058923 0.5)
(-0.4542206341 -0.6124457484 0.5)
(-0.4430512709 -0.5973856044 0.5)
(-0.4318819077 -0.5823254605 0.5)
(-0.4207125445 -0.5672653166 0.5)
(-0.4095431813 -0.5522051727 0.5)
(-0.3983738181 -0.5371450287 0.5)
(-0.3872044549 -0.5220848848 0.5)
(-0.3760350917 -0.5070247409 0.5)
(-0.3648657285 -0.4919645969 0.5)
(-0.3536963653 -0.476904453 0.5)
(-0.3425270021 -0.4618443091 0.5)
(-0.3313576389 -0.4467841651 0.5)
(-0.3201882758 -0.4317240212 0.5)
(-0.3090189126 -0.4166638773 0.5)
(-0.2978495494 -0.4016037333 0.5)
(-0.5075144521 -0.6184082405 0.5)
(-0.4956195777 -0.6039142932 0.5)
(-0.4837247033 -0.589420346 0.5)
(-0.4718298288 -0.5749263987 0.5)
(-0.4599349544 -0.5604324515 0.5)
(-0.4480400799 -0.5459385042 0.5)
(-0.4361452055 -0.531444557 0.5)
(-0.424250331 -0.5169506097 0.5)
(-0.4123554566 -0.5024566625 0.5)
(-0.4004605822 -0.4879627152 0.5)
(-0.3885657077 -0.473468768 0.5)
(-0.3766708333 -0.4589748207 0.5)
(-0.3647759588 -0.4444808735 0.5)
(-0.3528810844 -0.4299869262 0.5)
(-0.34098621 -0.415492979 0.5)
(-0.3290913355 -0.4009990317 0.5)
(-0.3171964611 -0.3865050844 0.5)
(-0.5372468752 -0.5927606321 0.5)
(-0.5246551456 -0.5788677989 0.5)
(-0.5120634159 -0.5649749657 0.5)
(-0.4994716863 -0.5510821325 0.5)
(-0.4868799566 -0.5371892992 0.5)
(-0.474288227 -0.523296466 0.5)
(-0.4616964973 -0.5094036328 0.5)
(-0.4491047677 -0.4955107996 0.5)
(-0.4365130381 -0.4816179663 0.5)
(-0.4239213084 -0.4677251331 0.5)
(-0.4113295788 -0.4538322999 0.5)
(-0.3987378491 -0.4399394667 0.5)
(-0.3861461195 -0.4260466335 0.5)
(-0.3735543898 -0.4121538002 0.5)
(-0.3609626602 -0.398260967 0.5)
(-0.3483709305 -0.3843681338 0.5)
(-0.3357792009 -0.3704753006 0.5)
(-5 -0.565685 -0.5)
(-4.722855313 -0.565685 -0.5)
(-4.445710625 -0.565685 -0.5)
(-4.168565938 -0.565685 -0.5)
(-3.89142125 -0.565685 -0.5)
(-3.614276563 -0.565685 -0.5)
(-3.337131875 -0.565685 -0.5)
(-3.059987188 -0.565685 -0.5)
(-2.7828425 -0.565685 -0.5)
(-2.505697813 -0.565685 -0.5)
(-2.228553125 -0.565685 -0.5)
(-1.951408437 -0.565685 -0.5)
(-1.67426375 -0.565685 -0.5)
(-1.397119062 -0.565685 -0.5)
(-1.119974375 -0.565685 -0.5)
(-0.8428296875 -0.565685 -0.5)
(-5 -0.5303296875 -0.5)
(-4.72454754 -0.5307620117 -0.5)
(-4.449095079 -0.531194336 -0.5)
(-4.173642619 -0.5316266602 -0.5)
(-3.898190158 -0.5320589844 -0.5)
(-3.622737698 -0.5324913087 -0.5)
(-3.347285237 -0.5329236329 -0.5)
(-3.071832777 -0.5333559571 -0.5)
(-2.796380316 -0.5337882814 -0.5)
(-2.520927856 -0.5342206056 -0.5)
(-2.245475395 -0.5346529298 -0.5)
(-1.970022935 -0.5350852541 -0.5)
(-1.694570474 -0.5355175783 -0.5)
(-1.419118014 -0.5359499025 -0.5)
(-1.143665553 -0.5363822268 -0.5)
(-0.8682130926 -0.536814551 -0.5)
(-5 -0.494974375 -0.5)
(-4.726150515 -0.4957581298 -0.5)
(-4.45230103 -0.4965418846 -0.5)
(-4.178451545 -0.4973256395 -0.5)
(-3.90460206 -0.4981093943 -0.5)
(-3.630752575 -0.4988931491 -0.5)
(-3.35690309 -0.4996769039 -0.5)
(-3.083053605 -0.5004606587 -0.5)
(-2.80920412 -0.5012444136 -0.5)
(-2.535354635 -0.5020281684 -0.5)
(-2.26150515 -0.5028119232 -0.5)
(-1.987655665 -0.503595678 -0.5)
(-1.71380618 -0.5043794328 -0.5)
(-1.439956695 -0.5051631877 -0.5)
(-1.16610721 -0.5059469425 -0.5)
(-0.8922577255 -0.5067306973 -0.5)
(-5 -0.4596190625 -0.5)
(-4.727660377 -0.4606778311 -0.5)
(-4.455320755 -0.4617365997 -0.5)
(-4.182981132 -0.4627953684 -0.5)
(-3.910641509 -0.463854137 -0.5)
(-3.638301886 -0.4649129056 -0.5)
(-3.365962264 -0.4659716742 -0.5)
(-3.093622641 -0.4670304429 -0.5)
(-2.821283018 -0.4680892115 -0.5)
(-2.548943395 -0.4691479801 -0.5)
(-2.276603773 -0.4702067487 -0.5)
(-2.00426415 -0.4712655173 -0.5)
(-1.731924527 -0.472324286 -0.5)
(-1.459584904 -0.4733830546 -0.5)
(-1.187245282 -0.4744418232 -0.5)
(-0.914905659 -0.4755005918 -0.5)
(-5 -0.42426375 -0.5)
(-4.729073489 -0.4255257766 -0.5)
(-4.458146977 -0.4267878032 -0.5)
(-4.187220466 -0.4280498298 -0.5)
(-3.916293955 -0.4293118564 -0.5)
(-3.645367444 -0.430573883 -0.5)
(-3.374440932 -0.4318359096 -0.5)
(-3.103514421 -0.4330979361 -0.5)
(-2.83258791 -0.4343599627 -0.5)
(-2.561661399 -0.4356219893 -0.5)
(-2.290734887 -0.4368840159 -0.5)
(-2.019808376 -0.4381460425 -0.5)
(-1.748881865 -0.4394080691 -0.5)
(-1.477955354 -0.4406700957 -0.5)
(-1.207028842 -0.4419321223 -0.5)
(-0.936102331 -0.4431941489 -0.5)
(-5 -0.3889084375 -0.5)
(-4.730386445 -0.3903068001 -0.5)
(-4.46077289 -0.3917051626 -0.5)
(-4.191159335 -0.3931035252 -0.5)
(-3.92154578 -0.3945018877 -0.5)
(-3.651932225 -0.3959002503 -0.5)
(-3.38231867 -0.3972986129 -0.5)
(-3.112705115 -0.3986969754 -0.5)
(-2.84309156 -0.400095338 -0.5)
(-2.573478005 -0.4014937005 -0.5)
(-2.303864451 -0.4028920631 -0.5)
(-2.034250896 -0.4042904256 -0.5)
(-1.764637341 -0.4056887882 -0.5)
(-1.495023786 -0.4070871508 -0.5)
(-1.225410231 -0.4084855133 -0.5)
(-0.9557966758 -0.4098838759 -0.5)
(-5 -0.353553125 -0.5)
(-4.731596083 -0.3550258966 -0.5)
(-4.463192166 -0.3564986681 -0.5)
(-4.194788249 -0.3579714397 -0.5)
(-3.926384332 -0.3594442113 -0.5)
(-3.657980416 -0.3609169829 -0.5)
(-3.389576499 -0.3623897544 -0.5)
(-3.121172582 -0.363862526 -0.5)
(-2.852768665 -0.3653352976 -0.5)
(-2.584364748 -0.3668080691 -0.5)
(-2.315960831 -0.3682808407 -0.5)
(-2.047556914 -0.3697536123 -0.5)
(-1.779152997 -0.3712263839 -0.5)
(-1.51074908 -0.3726991554 -0.5)
(-1.242345164 -0.374171927 -0.5)
(-0.9739412467 -0.3756446986 -0.5)
(-5 -0.3181978125 -0.5)
(-4.732699489 -0.3196882104 -0.5)
(-4.465398977 -0.3211786082 -0.5)
(-4.198098466 -0.3226690061 -0.5)
(-3.930797955 -0.324159404 -0.5)
(-3.663497444 -0.3256498019 -0.5)
(-3.396196932 -0.3271401997 -0.5)
(-3.128896421 -0.3286305976 -0.5)
(-2.86159591 -0.3301209955 -0.5)
(-2.594295399 -0.3316113934 -0.5)
(-2.326994887 -0.3331017912 -0.5)
(-2.059694376 -0.3345921891 -0.5)
(-1.792393865 -0.336082587 -0.5)
(-1.525093353 -0.3375729849 -0.5)
(-1.257792842 -0.3390633827 -0.5)
(-0.9904923309 -0.3405537806 -0.5)
(-5 -0.2828425 -0.5)
(-4.733694004 -0.2842990225 -0.5)
(-4.467388007 -0.285755545 -0.5)
(-4.201082011 -0.2872120675 -0.5)
(-3.934776014 -0.28866859 -0.5)
(-3.668470018 -0.2901251125 -0.5)
(-3.402164022 -0.291581635 -0.5)
(-3.135858025 -0.2930381575 -0.5)
(-2.869552029 -0.2944946801 -0.5)
(-2.603246033 -0.2959512026 -0.5)
(-2.336940036 -0.2974077251 -0.5)
(-2.07063404 -0.2988642476 -0.5)
(-1.804328043 -0.3003207701 -0.5)
(-1.538022047 -0.3017772926 -0.5)
(-1.271716051 -0.3032338151 -0.5)
(-1.005410054 -0.3046903376 -0.5)
(-5 -0.2474871875 -0.5)
(-4.734577232 -0.2488637381 -0.5)
(-4.469154464 -0.2502402887 -0.5)
(-4.203731696 -0.2516168393 -0.5)
(-3.938308927 -0.2529933898 -0.5)
(-3.672886159 -0.2543699404 -0.5)
(-3.407463391 -0.255746491 -0.5)
(-3.142040623 -0.2571230416 -0.5)
(-2.876617855 -0.2584995922 -0.5)
(-2.611195087 -0.2598761428 -0.5)
(-2.345772319 -0.2612526933 -0.5)
(-2.080349551 -0.2626292439 -0.5)
(-1.814926782 -0.2640057945 -0.5)
(-1.549504014 -0.2653823451 -0.5)
(-1.284081246 -0.2667588957 -0.5)
(-1.018658478 -0.2681354463 -0.5)
(-5 -0.212131875 -0.5)
(-4.735347046 -0.2133878733 -0.5)
(-4.470694091 -0.2146438715 -0.5)
(-4.206041137 -0.2158998698 -0.5)
(-3.941388183 -0.2171558681 -0.5)
(-3.676735228 -0.2184118664 -0.5)
(-3.412082274 -0.2196678646 -0.5)
(-3.14742932 -0.2209238629 -0.5)
(-2.882776365 -0.2221798612 -0.5)
(-2.618123411 -0.2234358595 -0.5)
(-2.353470457 -0.2246918577 -0.5)
(-2.088817502 -0.225947856 -0.5)
(-1.824164548 -0.2272038543 -0.5)
(-1.559511594 -0.2284598526 -0.5)
(-1.294858639 -0.2297158508 -0.5)
(-1.030205685 -0.2309718491 -0.5)
(-5 -0.1767765625 -0.5)
(-4.73600159 -0.177877042 -0.5)
(-4.472003181 -0.1789775215 -0.5)
(-4.208004771 -0.180078001 -0.5)
(-3.944006362 -0.1811784805 -0.5)
(-3.680007952 -0.18227896 -0.5)
(-3.416009542 -0.1833794395 -0.5)
(-3.152011133 -0.1844799191 -0.5)
(-2.888012723 -0.1855803986 -0.5)
(-2.624014313 -0.1866808781 -0.5)
(-2.360015904 -0.1877813576 -0.5)
(-2.096017494 -0.1888818371 -0.5)
(-1.832019085 -0.1899823166 -0.5)
(-1.568020675 -0.1910827961 -0.5)
(-1.304022265 -0.1921832756 -0.5)
(-1.040023856 -0.1932837551 -0.5)
(-5 -0.14142125 -0.5)
(-4.736539289 -0.1423369425 -0.5)
(-4.473078578 -0.1432526349 -0.5)
(-4.209617867 -0.1441683274 -0.5)
(-3.946157157 -0.1450840198 -0.5)
(-3.682696446 -0.1459997123 -0.5)
(-3.419235735 -0.1469154048 -0.5)
(-3.155775024 -0.1478310972 -0.5)
(-2.892314313 -0.1487467897 -0.5)
(-2.628853602 -0.1496624821 -0.5)
(-2.365392891 -0.1505781746 -0.5)
(-2.101932181 -0.1514938671 -0.5)
(-1.83847147 -0.1524095595 -0.5)
(-1.575010759 -0.153325252 -0.5)
(-1.311550048 -0.1542409444 -0.5)
(-1.048089337 -0.1551566369 -0.5)
(-5 -0.1060659375 -0.5)
(-4.736958847 -0.1067733433 -0.5)
(-4.473917693 -0.1074807491 -0.5)
(-4.21087654 -0.1081881549 -0.5)
(-3.947835386 -0.1088955607 -0.5)
(-3.684794233 -0.1096029666 -0.5)
(-3.421753079 -0.1103103724 -0.5)
(-3.158711926 -0.1110177782 -0.5)
(-2.895670773 -0.111725184 -0.5)
(-2.632629619 -0.1124325898 -0.5)
(-2.369588466 -0.1131399956 -0.5)
(-2.106547312 -0.1138474014 -0.5)
(-1.843506159 -0.1145548072 -0.5)
(-1.580465005 -0.115262213 -0.5)
(-1.317423852 -0.1159696189 -0.5)
(-1.054382699 -0.1166770247 -0.5)
(-5 -0.070710625 -0.5)
(-4.737259252 -0.07119206986 -0.5)
(-4.474518504 -0.07167351472 -0.5)
(-4.211777756 -0.07215495958 -0.5)
(-3.949037007 -0.07263640444 -0.5)
(-3.686296259 -0.0731178493 -0.5)
(-3.423555511 -0.07359929416 -0.5)
(-3.160814763 -0.07408073902 -0.5)
(-2.898074015 -0.07456218388 -0.5)
(-2.635333267 -0.07504362874 -0.5)
(-2.372592519 -0.0755250736 -0.5)
(-2.10985177 -0.07600651846 -0.5)
(-1.847111022 -0.07648796332 -0.5)
(-1.584370274 -0.07696940818 -0.5)
(-1.321629526 -0.07745085303 -0.5)
(-1.058888778 -0.07793229789 -0.5)
(-5 -0.0353553125 -0.5)
(-4.737439781 -0.03559898998 -0.5)
(-4.474879563 -0.03584266746 -0.5)
(-4.212319344 -0.03608634495 -0.5)
(-3.949759125 -0.03633002243 -0.5)
(-3.687198907 -0.03657369991 -0.5)
(-3.424638688 -0.03681737739 -0.5)
(-3.162078469 -0.03706105488 -0.5)
(-2.899518251 -0.03730473236 -0.5)
(-2.636958032 -0.03754840984 -0.5)
(-2.374397813 -0.03779208732 -0.5)
(-2.111837594 -0.03803576481 -0.5)
(-1.849277376 -0.03827944229 -0.5)
(-1.586717157 -0.03852311977 -0.5)
(-1.324156938 -0.03876679725 -0.5)
(-1.06159672 -0.03901047474 -0.5)
(-5 -0.565685 0.5)
(-4.722855313 -0.565685 0.5)
(-4.445710625 -0.565685 0.5)
(-4.168565938 -0.565685 0.5)
(-3.89142125 -0.565685 0.5)
(-3.614276563 -0.565685 0.5)
(-3.337131875 -0.565685 0.5)
(-3.059987188 -0.565685 0.5)
(-2.7828425 -0.565685 0.5)
(-2.505697813 -0.565685 0.5)
(-2.228553125 -0.565685 0.5)
(-1.951408437 -0.565685 0.5)
(-1.67426375 -0.565685 0.5)
(-1.397119063 -0.565685 0.5)
(-1.119974375 -0.565685 0.5)
(-0.8428296875 -0.565685 0.5)
(-5 -0.5303296875 0.5)
(-4.72454754 -0.5307620117 0.5)
(-4.449095079 -0.531194336 0.5)
(-4.173642619 -0.5316266602 0.5)
(-3.898190158 -0.5320589844 0.5)
(-3.622737698 -0.5324913087 0.5)
(-3.347285237 -0.5329236329 0.5)
(-3.071832777 -0.5333559571 0.5)
(-2.796380316 -0.5337882814 0.5)
(-2.520927856 -0.5342206056 0.5)
(-2.245475395 -0.5346529298 0.5)
(-1.970022935 -0.5350852541 0.5)
(-1.694570474 -0.5355175783 0.5)
(-1.419118014 -0.5359499025 0.5)
(-1.143665553 -0.5363822268 0.5)
(-0.8682130926 -0.536814551 0.5)
(-5 -0.494974375 0.5)
(-4.726150515 -0.4957581298 0.5)
(-4.45230103 -0.4965418846 0.5)
(-4.178451545 -0.4973256395 0.5)
(-3.90460206 -0.4981093943 0.5)
(-3.630752575 -0.4988931491 0.5)
(-3.35690309 -0.4996769039 0.5)
(-3.083053605 -0.5004606587 0.5)
(-2.80920412 -0.5012444136 0.5)
(-2.535354635 -0.5020281684 0.5)
(-2.26150515 -0.5028119232 0.5)
(-1.987655665 -0.503595678 0.5)
(-1.71380618 -0.5043794328 0.5)
(-1.439956695 -0.5051631877 0.5)
(-1.16610721 -0.5059469425 0.5)
(-0.8922577255 -0.5067306973 0.5)
(-5 -0.4596190625 0.5)
(-4.727660377 -0.4606778311 0.5)
(-4.455320755 -0.4617365997 0.5)
(-4.182981132 -0.4627953684 0.5)
(-3.910641509 -0.463854137 0.5)
(-3.638301886 -0.4649129056 0.5)
(-3.365962264 -0.4659716742 0.5)
(-3.093622641 -0.4670304429 0.5)
(-2.821283018 -0.4680892115 0.5)
(-2.548943395 -0.4691479801 0.5)
(-2.276603773 -0.4702067487 0.5)
(-2.00426415 -0.4712655173 0.5)
(-1.731924527 -0.472324286 0.5)
(-1.459584904 -0.4733830546 0.5)
(-1.187245282 -0.4744418232 0.5)
(-0.914905659 -0.4755005918 0.5)
(-5 -0.42426375 0.5)
(-4.729073489 -0.4255257766 0.5)
(-4.458146977 -0.4267878032 0.5)
(-4.187220466 -0.4280498298 0.5)
(-3.916293955 -0.4293118564 0.5)
(-3.645367444 -0.430573883 0.5)
(-3.374440932 -0.4318359096 0.5)
(-3.103514421 -0.4330979361 0.5)
(-2.83258791 -0.4343599627 0.5)
(-2.561661399 -0.4356219893 0.5)
(-2.290734887 -0.4368840159 0.5)
(-2.019808376 -0.4381460425 0.5)
(-1.748881865 -0.4394080691 0.5)
(-1.477955354 -0.4406700957 0.5)
(-1.207028842 -0.4419321223 0.5)
(-0.936102331 -0.4431941489 0.5)
(-5 -0.3889084375 0.5)
(-4.730386445 -0.3903068001 0.5)
(-4.46077289 -0.3917051626 0.5)
(-4.191159335 -0.3931035252 0.5)
(-3.92154578 -0.3945018877 0.5)
(-3.651932225 -0.3959002503 0.5)
(-3.38231867 -0.3972986129 0.5)
(-3.112705115 -0.3986969754 0.5)
(-2.84309156 -0.400095338 0.5)
(-2.573478005 -0.4014937005 0.5)
(-2.303864451 -0.4028920631 0.5)
(-2.034250896 -0.4042904256 0.5)
(-1.764637341 -0.4056887882 0.5)
(-1.495023786 -0.4070871508 0.5)
(-1.225410231 -0.4084855133 0.5)
(-0.9557966758 -0.4098838759 0.5)
(-5 -0.353553125 0.5)
(-4.731596083 -0.3550258966 0.5)
(-4.463192166 -0.3564986681 0.5)
(-4.194788249 -0.3579714397 0.5)
(-3.926384332 -0.3594442113 0.5)
(-3.657980416 -0.3609169829 0.5)
(-3.389576499 -0.3623897544 0.5)
(-3.121172582 -0.363862526 0.5)
(-2.852768665 -0.3653352976 0.5)
(-2.584364748 -0.3668080691 0.5)
(-2.315960831 -0.3682808407 0.5)
(-2.047556914 -0.3697536123 0.5)
(-1.779152997 -0.3712263839 0.5)
(-1.51074908 -0.3726991554 0.5)
(-1.242345164 -0.374171927 0.5)
(-0.9739412467 -0.3756446986 0.5)
(-5 -0.3181978125 0.5)
(-4.732699489 -0.3196882104 0.5)
(-4.465398977 -0.3211786082 0.5)
(-4.198098466 -0.3226690061 0.5)
(-3.930797955 -0.324159404 0.5)
(-3.663497444 -0.3256498019 0.5)
(-3.396196932 -0.3271401997 0.5)
(-3.128896421 -0.3286305976 0.5)
(-2.86159591 -0.3301209955 0.5)
(-2.594295399 -0.3316113934 0.5)
(-2.326994887 -0.3331017912 0.5)
(-2.059694376 -0.3345921891 0.5)
(-1.792393865 -0.336082587 0.5)
(-1.525093353 -0.3375729849 0.5)
(-1.257792842 -0.3390633827 0.5)
(-0.9904923309 -0.3405537806 0.5)
(-5 -0.2828425 0.5)
(-4.733694004 -0.2842990225 0.5)
(-4.467388007 -0.285755545 0.5)
(-4.201082011 -0.2872120675 0.5)
(-3.934776014 -0.28866859 0.5)
(-3.668470018 -0.2901251125 0.5)
(-3.402164022 -0.291581635 0.5)
(-3.135858025 -0.2930381575 0.5)
(-2.869552029 -0.2944946801 0.5)
(-2.603246033 -0.2959512026 0.5)
(-2.336940036 -0.2974077251 0.5)
(-2.07063404 -0.2988642476 0.5)
(-1.804328043 -0.3003207701 0.5)
(-1.538022047 -0.3017772926 0.5)
(-1.271716051 -0.3032338151 0.5)
(-1.005410054 -0.3046903376 0.5)
(-5 -0.2474871875 0.5)
(-4.734577232 -0.2488637381 0.5)
(-4.469154464 -0.2502402887 0.5)
(-4.203731696 -0.2516168393 0.5)
(-3.938308927 -0.2529933898 0.5)
(-3.672886159 -0.2543699404 0.5)
(-3.407463391 -0.255746491 0.5)
(-3.142040623 -0.2571230416 0.5)
(-2.876617855 -0.2584995922 0.5)
(-2.611195087 -0.2598761428 0.5)
(-2.345772319 -0.2612526933 0.5)
(-2.080349551 -0.2626292439 0.5)
(-1.814926782 -0.2640057945 0.5)
(-1.549504014 -0.2653823451 0.5)
(-1.284081246 -0.2667588957 0.5)
(-1.018658478 -0.2681354463 0.5)
(-5 -0.212131875 0.5)
(-4.735347046 -0.2133878733 0.5)
(-4.470694091 -0.2146438715 0.5)
(-4.206041137 -0.2158998698 0.5)
(-3.941388183 -0.2171558681 0.5)
(-3.676735228 -0.2184118664 0.5)
(-3.412082274 -0.2196678646 0.5)
(-3.14742932 -0.2209238629 0.5)
(-2.882776365 -0.2221798612 0.5)
(-2.618123411 -0.2234358595 0.5)
(-2.353470457 -0.2246918577 0.5)
(-2.088817502 -0.225947856 0.5)
(-1.824164548 -0.2272038543 0.5)
(-1.559511594 -0.2284598526 0.5)
(-1.294858639 -0.2297158508 0.5)
(-1.030205685 -0.2309718491 0.5)
(-5 -0.1767765625 0.5)
(-4.73600159 -0.177877042 0.5)
(-4.472003181 -0.1789775215 0.5)
(-4.208004771 -0.180078001 0.5)
(-3.944006362 -0.1811784805 0.5)
(-3.680007952 -0.18227896 0.5)
(-3.416009542 -0.1833794395 0.5)
(-3.152011133 -0.1844799191 0.5)
(-2.888012723 -0.1855803986 0.5)
(-2.624014313 -0.1866808781 0.5)
(-2.360015904 -0.1877813576 0.5)
(-2.096017494 -0.1888818371 0.5)
(-1.832019085 -0.1899823166 0.5)
(-1.568020675 -0.1910827961 0.5)
(-1.304022265 -0.1921832756 0.5)
(-1.040023856 -0.1932837551 0.5)
(-5 -0.14142125 0.5)
(-4.736539289 -0.1423369425 0.5)
(-4.473078578 -0.1432526349 0.5)
(-4.209617867 -0.1441683274 0.5)
(-3.946157157 -0.1450840198 0.5)
(-3.682696446 -0.1459997123 0.5)
(-3.419235735 -0.1469154048 0.5)
(-3.155775024 -0.1478310972 0.5)
(-2.892314313 -0.1487467897 0.5)
(-2.628853602 -0.1496624821 0.5)
(-2.365392891 -0.1505781746 0.5)
(-2.101932181 -0.1514938671 0.5)
(-1.83847147 -0.1524095595 0.5)
(-1.575010759 -0.153325252 0.5)
(-1.311550048 -0.1542409444 0.5)
(-1.048089337 -0.1551566369 0.5)
(-5 -0.1060659375 0.5)
(-4.736958847 -0.1067733433 0.5)
(-4.473917693 -0.1074807491 0.5)
(-4.21087654 -0.1081881549 0.5)
(-3.947835386 -0.1088955607 0.5)
(-3.684794233 -0.1096029666 0.5)
(-3.421753079 -0.1103103724 0.5)
(-3.158711926 -0.1110177782 0.5)
(-2.895670773 -0.111725184 0.5)
(-2.632629619 -0.1124325898 0.5)
(-2.369588466 -0.1131399956 0.5)
(-2.106547312 -0.1138474014 0.5)
(-1.843506159 -0.1145548072 0.5)
(-1.580465005 -0.115262213 0.5)
(-1.317423852 -0.1159696189 0.5)
(-1.054382699 -0.1166770247 0.5)
(-5 -0.070710625 0.5)
(-4.737259252 -0.07119206986 0.5)
(-4.474518504 -0.07167351472 0.5)
(-4.211777756 -0.07215495958 0.5)
(-3.949037007 -0.07263640444 0.5)
(-3.686296259 -0.0731178493 0.5)
(-3.423555511 -0.07359929416 0.5)
(-3.160814763 -0.07408073902 0.5)
(-2.898074015 -0.07456218388 0.5)
(-2.635333267 -0.07504362874 0.5)
(-2.372592519 -0.0755250736 0.5)
(-2.10985177 -0.07600651846 0.5)
(-1.847111022 -0.07648796332 0.5)
(-1.584370274 -0.07696940818 0.5)
(-1.321629526 -0.07745085303 0.5)
(-1.058888778 -0.07793229789 0.5)
(-5 -0.0353553125 0.5)
(-4.737439781 -0.03559898998 0.5)
(-4.474879563 -0.03584266746 0.5)
(-4.212319344 -0.03608634495 0.5)
(-3.949759125 -0.03633002243 0.5)
(-3.687198907 -0.03657369991 0.5)
(-3.424638688 -0.03681737739 0.5)
(-3.162078469 -0.03706105488 0.5)
(-2.899518251 -0.03730473236 0.5)
(-2.636958032 -0.03754840984 0.5)
(-2.374397813 -0.03779208732 0.5)
(-2.111837594 -0.03803576481 0.5)
(-1.849277376 -0.03827944229 0.5)
(-1.586717157 -0.03852311977 0.5)
(-1.324156938 -0.03876679725 0.5)
(-1.06159672 -0.03901047474 0.5)
(-5 -5 -0.5)
(-4.7375 -5 -0.5)
(-4.475 -5 -0.5)
(-4.2125 -5 -0.5)
(-3.95 -5 -0.5)
(-3.6875 -5 -0.5)
(-3.425 -5 -0.5)
(-3.1625 -5 -0.5)
(-2.9 -5 -0.5)
(-2.6375 -5 -0.5)
(-2.375 -5 -0.5)
(-2.1125 -5 -0.5)
(-1.85 -5 -0.5)
(-1.5875 -5 -0.5)
(-1.325 -5 -0.5)
(-1.0625 -5 -0.5)
(-0.8 -5 -0.5)
(-5 -4.722855313 -0.5)
(-4.736584707 -4.722855313 -0.5)
(-4.473169414 -4.722855313 -0.5)
(-4.209754121 -4.722855313 -0.5)
(-3.946338828 -4.722855313 -0.5)
(-3.682923535 -4.722855313 -0.5)
(-3.419508242 -4.722855313 -0.5)
(-3.156092949 -4.722855313 -0.5)
(-2.892677656 -4.722855312 -0.5)
(-2.629262363 -4.722855313 -0.5)
(-2.36584707 -4.722855313 -0.5)
(-2.102431777 -4.722855313 -0.5)
(-1.839016484 -4.722855313 -0.5)
(-1.575601191 -4.722855313 -0.5)
(-1.312185898 -4.722855313 -0.5)
(-1.048770605 -4.722855313 -0.5)
(-0.7853553125 -4.722855313 -0.5)
(-5 -4.445710625 -0.5)
(-4.735669414 -4.445710625 -0.5)
(-4.471338828 -4.445710625 -0.5)
(-4.207008242 -4.445710625 -0.5)
(-3.942677656 -4.445710625 -0.5)
(-3.67834707 -4.445710625 -0.5)
(-3.414016484 -4.445710625 -0.5)
(-3.149685898 -4.445710625 -0.5)
(-2.885355312 -4.445710625 -0.5)
(-2.621024727 -4.445710625 -0.5)
(-2.356694141 -4.445710625 -0.5)
(-2.092363555 -4.445710625 -0.5)
(-1.828032969 -4.445710625 -0.5)
(-1.563702383 -4.445710625 -0.5)
(-1.299371797 -4.445710625 -0.5)
(-1.035041211 -4.445710625 -0.5)
(-0.770710625 -4.445710625 -0.5)
(-5 -4.168565938 -0.5)
(-4.734754121 -4.168565938 -0.5)
(-4.469508242 -4.168565938 -0.5)
(-4.204262363 -4.168565937 -0.5)
(-3.939016484 -4.168565938 -0.5)
(-3.673770605 -4.168565938 -0.5)
(-3.408524727 -4.168565938 -0.5)
(-3.143278848 -4.168565938 -0.5)
(-2.878032969 -4.168565937 -0.5)
(-2.61278709 -4.168565938 -0.5)
(-2.347541211 -4.168565938 -0.5)
(-2.082295332 -4.168565938 -0.5)
(-1.817049453 -4.168565938 -0.5)
(-1.551803574 -4.168565937 -0.5)
(-1.286557695 -4.168565938 -0.5)
(-1.021311816 -4.168565938 -0.5)
(-0.7560659375 -4.168565938 -0.5)
(-5 -3.89142125 -0.5)
(-4.733838828 -3.89142125 -0.5)
(-4.467677656 -3.89142125 -0.5)
(-4.201516484 -3.89142125 -0.5)
(-3.935355313 -3.89142125 -0.5)
(-3.669194141 -3.89142125 -0.5)
(-3.403032969 -3.89142125 -0.5)
(-3.136871797 -3.89142125 -0.5)
(-2.870710625 -3.89142125 -0.5)
(-2.604549453 -3.89142125 -0.5)
(-2.338388281 -3.89142125 -0.5)
(-2.072227109 -3.89142125 -0.5)
(-1.806065937 -3.89142125 -0.5)
(-1.539904766 -3.89142125 -0.5)
(-1.273743594 -3.89142125 -0.5)
(-1.007582422 -3.89142125 -0.5)
(-0.74142125 -3.89142125 -0.5)
(-5 -3.614276563 -0.5)
(-4.732923535 -3.614276563 -0.5)
(-4.46584707 -3.614276563 -0.5)
(-4.198770605 -3.614276563 -0.5)
(-3.931694141 -3.614276563 -0.5)
(-3.664617676 -3.614276563 -0.5)
(-3.397541211 -3.614276563 -0.5)
(-3.130464746 -3.614276563 -0.5)
(-2.863388281 -3.614276563 -0.5)
(-2.596311816 -3.614276563 -0.5)
(-2.329235352 -3.614276563 -0.5)
(-2.062158887 -3.614276563 -0.5)
(-1.795082422 -3.614276563 -0.5)
(-1.528005957 -3.614276563 -0.5)
(-1.260929492 -3.614276563 -0.5)
(-0.9938530273 -3.614276563 -0.5)
(-0.7267765625 -3.614276563 -0.5)
(-5 -3.337131875 -0.5)
(-4.732008242 -3.337131875 -0.5)
(-4.464016484 -3.337131875 -0.5)
(-4.196024727 -3.337131875 -0.5)
(-3.928032969 -3.337131875 -0.5)
(-3.660041211 -3.337131875 -0.5)
(-3.392049453 -3.337131875 -0.5)
(-3.124057695 -3.337131875 -0.5)
(-2.856065938 -3.337131875 -0.5)
(-2.58807418 -3.337131875 -0.5)
(-2.320082422 -3.337131875 -0.5)
(-2.052090664 -3.337131875 -0.5)
(-1.784098906 -3.337131875 -0.5)
(-1.516107148 -3.337131875 -0.5)
(-1.248115391 -3.337131875 -0.5)
(-0.9801236328 -3.337131875 -0.5)
(-0.712131875 -3.337131875 -0.5)
(-5 -3.059987188 -0.5)
(-4.731092949 -3.059987188 -0.5)
(-4.462185898 -3.059987187 -0.5)
(-4.193278848 -3.059987188 -0.5)
(-3.924371797 -3.059987187 -0.5)
(-3.655464746 -3.059987187 -0.5)
(-3.386557695 -3.059987187 -0.5)
(-3.117650645 -3.059987188 -0.5)
(-2.848743594 -3.059987187 -0.5)
(-2.579836543 -3.059987188 -0.5)
(-2.310929492 -3.059987187 -0.5)
(-2.042022441 -3.059987188 -0.5)
(-1.773115391 -3.059987187 -0.5)
(-1.50420834 -3.059987188 -0.5)
(-1.235301289 -3.059987187 -0.5)
(-0.9663942383 -3.059987188 -0.5)
(-0.6974871875 -3.059987188 -0.5)
(-5 -2.7828425 -0.5)
(-4.730177656 -2.7828425 -0.5)
(-4.460355312 -2.7828425 -0.5)
(-4.190532969 -2.7828425 -0.5)
(-3.920710625 -2.7828425 -0.5)
(-3.650888281 -2.7828425 -0.5)
(-3.381065938 -2.7828425 -0.5)
(-3.111243594 -2.7828425 -0.5)
(-2.84142125 -2.7828425 -0.5)
(-2.571598906 -2.7828425 -0.5)
(-2.301776563 -2.7828425 -0.5)
(-2.031954219 -2.7828425 -0.5)
(-1.762131875 -2.7828425 -0.5)
(-1.492309531 -2.7828425 -0.5)
(-1.222487188 -2.7828425 -0.5)
(-0.9526648438 -2.7828425 -0.5)
(-0.6828425 -2.7828425 -0.5)
(-5 -2.505697813 -0.5)
(-4.729262363 -2.505697813 -0.5)
(-4.458524727 -2.505697813 -0.5)
(-4.18778709 -2.505697812 -0.5)
(-3.917049453 -2.505697813 -0.5)
(-3.646311816 -2.505697813 -0.5)
(-3.37557418 -2.505697813 -0.5)
(-3.104836543 -2.505697813 -0.5)
(-2.834098906 -2.505697812 -0.5)
(-2.56336127 -2.505697813 -0.5)
(-2.292623633 -2.505697813 -0.5)
(-2.021885996 -2.505697813 -0.5)
(-1.751148359 -2.505697813 -0.5)
(-1.480410723 -2.505697812 -0.5)
(-1.209673086 -2.505697813 -0.5)
(-0.9389354492 -2.505697813 -0.5)
(-0.6681978125 -2.505697813 -0.5)
(-5 -2.228553125 -0.5)
(-4.72834707 -2.228553125 -0.5)
(-4.456694141 -2.228553125 -0.5)
(-4.185041211 -2.228553125 -0.5)
(-3.913388281 -2.228553125 -0.5)
(-3.641735352 -2.228553125 -0.5)
(-3.370082422 -2.228553125 -0.5)
(-3.098429492 -2.228553125 -0.5)
(-2.826776562 -2.228553125 -0.5)
(-2.555123633 -2.228553125 -0.5)
(-2.283470703 -2.228553125 -0.5)
(-2.011817773 -2.228553125 -0.5)
(-1.740164844 -2.228553125 -0.5)
(-1.468511914 -2.228553125 -0.5)
(-1.196858984 -2.228553125 -0.5)
(-0.9252060547 -2.228553125 -0.5)
(-0.653553125 -2.228553125 -0.5)
(-5 -1.951408437 -0.5)
(-4.727431777 -1.951408438 -0.5)
(-4.454863555 -1.951408437 -0.5)
(-4.182295332 -1.951408438 -0.5)
(-3.909727109 -1.951408437 -0.5)
(-3.637158887 -1.951408437 -0.5)
(-3.364590664 -1.951408437 -0.5)
(-3.092022441 -1.951408438 -0.5)
(-2.819454219 -1.951408437 -0.5)
(-2.546885996 -1.951408438 -0.5)
(-2.274317773 -1.951408437 -0.5)
(-2.001749551 -1.951408438 -0.5)
(-1.729181328 -1.951408437 -0.5)
(-1.456613105 -1.951408438 -0.5)
(-1.184044883 -1.951408437 -0.5)
(-0.9114766602 -1.951408438 -0.5)
(-0.6389084375 -1.951408437 -0.5)
(-5 -1.67426375 -0.5)
(-4.726516484 -1.67426375 -0.5)
(-4.453032969 -1.67426375 -0.5)
(-4.179549453 -1.67426375 -0.5)
(-3.906065938 -1.67426375 -0.5)
(-3.632582422 -1.67426375 -0.5)
(-3.359098906 -1.67426375 -0.5)
(-3.085615391 -1.67426375 -0.5)
(-2.812131875 -1.67426375 -0.5)
(-2.538648359 -1.67426375 -0.5)
(-2.265164844 -1.67426375 -0.5)
(-1.991681328 -1.67426375 -0.5)
(-1.718197812 -1.67426375 -0.5)
(-1.444714297 -1.67426375 -0.5)
(-1.171230781 -1.67426375 -0.5)
(-0.8977472656 -1.67426375 -0.5)
(-0.62426375 -1.67426375 -0.5)
(-5 -1.397119063 -0.5)
(-4.725601191 -1.397119063 -0.5)
(-4.451202383 -1.397119063 -0.5)
(-4.176803574 -1.397119063 -0.5)
(-3.902404766 -1.397119063 -0.5)
(-3.628005957 -1.397119063 -0.5)
(-3.353607148 -1.397119063 -0.5)
(-3.07920834 -1.397119063 -0.5)
(-2.804809531 -1.397119063 -0.5)
(-2.530410723 -1.397119063 -0.5)
(-2.256011914 -1.397119063 -0.5)
(-1.981613105 -1.397119062 -0.5)
(-1.707214297 -1.397119063 -0.5)
(-1.432815488 -1.397119063 -0.5)
(-1.15841668 -1.397119063 -0.5)
(-0.8840178711 -1.397119063 -0.5)
(-0.6096190625 -1.397119063 -0.5)
(-5 -1.119974375 -0.5)
(-4.724685898 -1.119974375 -0.5)
(-4.449371797 -1.119974375 -0.5)
(-4.174057695 -1.119974375 -0.5)
(-3.898743594 -1.119974375 -0.5)
(-3.623429492 -1.119974375 -0.5)
(-3.348115391 -1.119974375 -0.5)
(-3.072801289 -1.119974375 -0.5)
(-2.797487187 -1.119974375 -0.5)
(-2.522173086 -1.119974375 -0.5)
(-2.246858984 -1.119974375 -0.5)
(-1.971544883 -1.119974375 -0.5)
(-1.696230781 -1.119974375 -0.5)
(-1.42091668 -1.119974375 -0.5)
(-1.145602578 -1.119974375 -0.5)
(-0.8702884766 -1.119974375 -0.5)
(-0.594974375 -1.119974375 -0.5)
(-5 -0.8428296875 -0.5)
(-4.723770605 -0.8428296875 -0.5)
(-4.447541211 -0.8428296875 -0.5)
(-4.171311816 -0.8428296875 -0.5)
(-3.895082422 -0.8428296875 -0.5)
(-3.618853027 -0.8428296875 -0.5)
(-3.342623633 -0.8428296875 -0.5)
(-3.066394238 -0.8428296875 -0.5)
(-2.790164844 -0.8428296875 -0.5)
(-2.513935449 -0.8428296875 -0.5)
(-2.237706055 -0.8428296875 -0.5)
(-1.96147666 -0.8428296875 -0.5)
(-1.685247266 -0.8428296875 -0.5)
(-1.409017871 -0.8428296875 -0.5)
(-1.132788477 -0.8428296875 -0.5)
(-0.856559082 -0.8428296875 -0.5)
(-0.5803296875 -0.8428296875 -0.5)
(-5 -5 0.5)
(-4.7375 -5 0.5)
(-4.475 -5 0.5)
(-4.2125 -5 0.5)
(-3.95 -5 0.5)
(-3.6875 -5 0.5)
(-3.425 -5 0.5)
(-3.1625 -5 0.5)
(-2.9 -5 0.5)
(-2.6375 -5 0.5)
(-2.375 -5 0.5)
(-2.1125 -5 0.5)
(-1.85 -5 0.5)
(-1.5875 -5 0.5)
(-1.325 -5 0.5)
(-1.0625 -5 0.5)
(-0.8 -5 0.5)
(-5 -4.722855313 0.5)
(-4.736584707 -4.722855313 0.5)
(-4.473169414 -4.722855313 0.5)
(-4.209754121 -4.722855313 0.5)
(-3.946338828 -4.722855313 0.5)
(-3.682923535 -4.722855313 0.5)
(-3.419508242 -4.722855313 0.5)
(-3.156092949 -4.722855313 0.5)
(-2.892677656 -4.722855312 0.5)
(-2.629262363 -4.722855313 0.5)
(-2.36584707 -4.722855313 0.5)
(-2.102431777 -4.722855313 0.5)
(-1.839016484 -4.722855313 0.5)
(-1.575601191 -4.722855313 0.5)
(-1.312185898 -4.722855313 0.5)
(-1.048770605 -4.722855313 0.5)
(-0.7853553125 -4.722855313 0.5)
(-5 -4.445710625 0.5)
(-4.735669414 -4.445710625 0.5)
(-4.471338828 -4.445710625 0.5)
(-4.207008242 -4.445710625 0.5)
(-3.942677656 -4.445710625 0.5)
(-3.67834707 -4.445710625 0.5)
(-3.414016484 -4.445710625 0.5)
(-3.149685898 -4.445710625 0.5)
(-2.885355313 -4.445710625 0.5)
(-2.621024727 -4.445710625 0.5)
(-2.356694141 -4.445710625 0.5)
(-2.092363555 -4.445710625 0.5)
(-1.828032969 -4.445710625 0.5)
(-1.563702383 -4.445710625 0.5)
(-1.299371797 -4.445710625 0.5)
(-1.035041211 -4.445710625 0.5)
(-0.770710625 -4.445710625 0.5)
(-5 -4.168565938 0.5)
(-4.734754121 -4.168565938 0.5)
(-4.469508242 -4.168565938 0.5)
(-4.204262363 -4.168565937 0.5)
(-3.939016484 -4.168565938 0.5)
(-3.673770605 -4.168565938 0.5)
(-3.408524727 -4.168565938 0.5)
(-3.143278848 -4.168565938 0.5)
(-2.878032969 -4.168565937 0.5)
(-2.61278709 -4.168565938 0.5)
(-2.347541211 -4.168565938 0.5)
(-2.082295332 -4.168565938 0.5)
(-1.817049453 -4.168565938 0.5)
(-1.551803574 -4.168565937 0.5)
(-1.286557695 -4.168565938 0.5)
(-1.021311816 -4.168565938 0.5)
(-0.7560659375 -4.168565938 0.5)
(-5 -3.89142125 0.5)
(-4.733838828 -3.89142125 0.5)
(-4.467677656 -3.89142125 0.5)
(-4.201516484 -3.89142125 0.5)
(-3.935355313 -3.89142125 0.5)
(-3.669194141 -3.89142125 0.5)
(-3.403032969 -3.89142125 0.5)
(-3.136871797 -3.89142125 0.5)
(-2.870710625 -3.89142125 0.5)
(-2.604549453 -3.89142125 0.5)
(-2.338388281 -3.89142125 0.5)
(-2.072227109 -3.89142125 0.5)
(-1.806065937 -3.89142125 0.5)
(-1.539904766 -3.89142125 0.5)
(-1.273743594 -3.89142125 0.5)
(-1.007582422 -3.89142125 0.5)
(-0.74142125 -3.89142125 0.5)
(-5 -3.614276563 0.5)
(-4.732923535 -3.614276563 0.5)
(-4.46584707 -3.614276563 0.5)
(-4.198770605 -3.614276563 0.5)
(-3.931694141 -3.614276563 0.5)
(-3.664617676 -3.614276563 0.5)
(-3.397541211 -3.614276563 0.5)
(-3.130464746 -3.614276563 0.5)
(-2.863388281 -3.614276563 0.5)
(-2.596311816 -3.614276563 0.5)
(-2.329235352 -3.614276563 0.5)
(-2.062158887 -3.614276563 0.5)
(-1.795082422 -3.614276563 0.5)
(-1.528005957 -3.614276563 0.5)
(-1.260929492 -3.614276563 0.5)
(-0.9938530273 -3.614276563 0.5)
(-0.7267765625 -3.614276563 0.5)
(-5 -3.337131875 0.5)
(-4.732008242 -3.337131875 0.5)
(-4.464016484 -3.337131875 0.5)
(-4.196024727 -3.337131875 0.5)
(-3.928032969 -3.337131875 0.5)
(-3.660041211 -3.337131875 0.5)
(-3.392049453 -3.337131875 0.5)
(-3.124057695 -3.337131875 0.5)
(-2.856065937 -3.337131875 0.5)
(-2.58807418 -3.337131875 0.5)
(-2.320082422 -3.337131875 0.5)
(-2.052090664 -3.337131875 0.5)
(-1.784098906 -3.337131875 0.5)
(-1.516107148 -3.337131875 0.5)
(-1.248115391 -3.337131875 0.5)
(-0.9801236328 -3.337131875 0.5)
(-0.712131875 -3.337131875 0.5)
(-5 -3.059987188 0.5)
(-4.731092949 -3.059987188 0.5)
(-4.462185898 -3.059987187 0.5)
(-4.193278848 -3.059987188 0.5)
(-3.924371797 -3.059987187 0.5)
(-3.655464746 -3.059987188 0.5)
(-3.386557695 -3.059987187 0.5)
(-3.117650645 -3.059987188 0.5)
(-2.848743594 -3.059987187 0.5)
(-2.579836543 -3.059987188 0.5)
(-2.310929492 -3.059987187 0.5)
(-2.042022441 -3.059987187 0.5)
(-1.773115391 -3.059987187 0.5)
(-1.50420834 -3.059987188 0.5)
(-1.235301289 -3.059987187 0.5)
(-0.9663942383 -3.059987188 0.5)
(-0.6974871875 -3.059987188 0.5)
(-5 -2.7828425 0.5)
(-4.730177656 -2.7828425 0.5)
(-4.460355312 -2.7828425 0.5)
(-4.190532969 -2.7828425 0.5)
(-3.920710625 -2.7828425 0.5)
(-3.650888281 -2.7828425 0.5)
(-3.381065938 -2.7828425 0.5)
(-3.111243594 -2.7828425 0.5)
(-2.84142125 -2.7828425 0.5)
(-2.571598906 -2.7828425 0.5)
(-2.301776563 -2.7828425 0.5)
(-2.031954219 -2.7828425 0.5)
(-1.762131875 -2.7828425 0.5)
(-1.492309531 -2.7828425 0.5)
(-1.222487188 -2.7828425 0.5)
(-0.9526648438 -2.7828425 0.5)
(-0.6828425 -2.7828425 0.5)
(-5 -2.505697813 0.5)
(-4.729262363 -2.505697813 0.5)
(-4.458524727 -2.505697813 0.5)
(-4.18778709 -2.505697812 0.5)
(-3.917049453 -2.505697813 0.5)
(-3.646311816 -2.505697813 0.5)
(-3.37557418 -2.505697813 0.5)
(-3.104836543 -2.505697813 0.5)
(-2.834098906 -2.505697812 0.5)
(-2.56336127 -2.505697813 0.5)
(-2.292623633 -2.505697813 0.5)
(-2.021885996 -2.505697813 0.5)
(-1.751148359 -2.505697813 0.5)
(-1.480410723 -2.505697812 0.5)
(-1.209673086 -2.505697813 0.5)
(-0.9389354492 -2.505697813 0.5)
(-0.6681978125 -2.505697813 0.5)
(-5 -2.228553125 0.5)
(-4.72834707 -2.228553125 0.5)
(-4.456694141 -2.228553125 0.5)
(-4.185041211 -2.228553125 0.5)
(-3.913388281 -2.228553125 0.5)
(-3.641735352 -2.228553125 0.5)
(-3.370082422 -2.228553125 0.5)
(-3.098429492 -2.228553125 0.5)
(-2.826776562 -2.228553125 0.5)
(-2.555123633 -2.228553125 0.5)
(-2.283470703 -2.228553125 0.5)
(-2.011817773 -2.228553125 0.5)
(-1.740164844 -2.228553125 0.5)
(-1.468511914 -2.228553125 0.5)
(-1.196858984 -2.228553125 0.5)
(-0.9252060547 -2.228553125 0.5)
(-0.653553125 -2.228553125 0.5)
(-5 -1.951408437 0.5)
(-4.727431777 -1.951408438 0.5)
(-4.454863555 -1.951408437 0.5)
(-4.182295332 -1.951408438 0.5)
(-3.909727109 -1.951408437 0.5)
(-3.637158887 -1.951408438 0.5)
(-3.364590664 -1.951408437 0.5)
(-3.092022441 -1.951408438 0.5)
(-2.819454219 -1.951408437 0.5)
(-2.546885996 -1.951408438 0.5)
(-2.274317773 -1.951408437 0.5)
(-2.001749551 -1.951408437 0.5)
(-1.729181328 -1.951408437 0.5)
(-1.456613105 -1.951408438 0.5)
(-1.184044883 -1.951408437 0.5)
(-0.9114766602 -1.951408438 0.5)
(-0.6389084375 -1.951408437 0.5)
(-5 -1.67426375 0.5)
(-4.726516484 -1.67426375 0.5)
(-4.453032969 -1.67426375 0.5)
(-4.179549453 -1.67426375 0.5)
(-3.906065938 -1.67426375 0.5)
(-3.632582422 -1.67426375 0.5)
(-3.359098906 -1.67426375 0.5)
(-3.085615391 -1.67426375 0.5)
(-2.812131875 -1.67426375 0.5)
(-2.538648359 -1.67426375 0.5)
(-2.265164844 -1.67426375 0.5)
(-1.991681328 -1.67426375 0.5)
(-1.718197812 -1.67426375 0.5)
(-1.444714297 -1.67426375 0.5)
(-1.171230781 -1.67426375 0.5)
(-0.8977472656 -1.67426375 0.5)
(-0.62426375 -1.67426375 0.5)
(-5 -1.397119063 0.5)
(-4.725601191 -1.397119063 0.5)
(-4.451202383 -1.397119063 0.5)
(-4.176803574 -1.397119063 0.5)
(-3.902404766 -1.397119063 0.5)
(-3.628005957 -1.397119063 0.5)
(-3.353607148 -1.397119063 0.5)
(-3.07920834 -1.397119063 0.5)
(-2.804809531 -1.397119063 0.5)
(-2.530410723 -1.397119063 0.5)
(-2.256011914 -1.397119063 0.5)
(-1.981613105 -1.397119063 0.5)
(-1.707214297 -1.397119063 0.5)
(-1.432815488 -1.397119063 0.5)
(-1.15841668 -1.397119063 0.5)
(-0.8840178711 -1.397119063 0.5)
(-0.6096190625 -1.397119063 0.5)
(-5 -1.119974375 0.5)
(-4.724685898 -1.119974375 0.5)
(-4.449371797 -1.119974375 0.5)
(-4.174057695 -1.119974375 0.5)
(-3.898743594 -1.119974375 0.5)
(-3.623429492 -1.119974375 0.5)
(-3.348115391 -1.119974375 0.5)
(-3.072801289 -1.119974375 0.5)
(-2.797487187 -1.119974375 0.5)
(-2.522173086 -1.119974375 0.5)
(-2.246858984 -1.119974375 0.5)
(-1.971544883 -1.119974375 0.5)
(-1.696230781 -1.119974375 0.5)
(-1.42091668 -1.119974375 0.5)
(-1.145602578 -1.119974375 0.5)
(-0.8702884766 -1.119974375 0.5)
(-0.594974375 -1.119974375 0.5)
(-5 -0.8428296875 0.5)
(-4.723770605 -0.8428296875 0.5)
(-4.447541211 -0.8428296875 0.5)
(-4.171311816 -0.8428296875 0.5)
(-3.895082422 -0.8428296875 0.5)
(-3.618853027 -0.8428296875 0.5)
(-3.342623633 -0.8428296875 0.5)
(-3.066394238 -0.8428296875 0.5)
(-2.790164844 -0.8428296875 0.5)
(-2.513935449 -0.8428296875 0.5)
(-2.237706055 -0.8428296875 0.5)
(-1.96147666 -0.8428296875 0.5)
(-1.685247266 -0.8428296875 0.5)
(-1.409017871 -0.8428296875 0.5)
(-1.132788477 -0.8428296875 0.5)
(-0.856559082 -0.8428296875 0.5)
(-0.5803296875 -0.8428296875 0.5)
(-0.75 -5 -0.5)
(-0.7 -5 -0.5)
(-0.65 -5 -0.5)
(-0.6 -5 -0.5)
(-0.55 -5 -0.5)
(-0.5 -5 -0.5)
(-0.45 -5 -0.5)
(-0.4 -5 -0.5)
(-0.35 -5 -0.5)
(-0.3 -5 -0.5)
(-0.25 -5 -0.5)
(-0.2 -5 -0.5)
(-0.15 -5 -0.5)
(-0.1 -5 -0.5)
(-0.05 -5 -0.5)
(-0.7367029297 -4.72454754 -0.5)
(-0.6879696533 -4.726150515 -0.5)
(-0.63915996 -4.727660377 -0.5)
(-0.590278511 -4.729073489 -0.5)
(-0.5413301399 -4.730386445 -0.5)
(-0.4923198419 -4.731596083 -0.5)
(-0.4432527612 -4.732699489 -0.5)
(-0.3941341788 -4.733694004 -0.5)
(-0.3449694998 -4.734577232 -0.5)
(-0.2957642405 -4.735347046 -0.5)
(-0.2465240147 -4.73600159 -0.5)
(-0.1972545206 -4.736539289 -0.5)
(-0.1479615269 -4.736958847 -0.5)
(-0.09865085892 -4.737259252 -0.5)
(-0.04932838451 -4.737439781 -0.5)
(-0.7234058594 -4.449095079 -0.5)
(-0.6759393065 -4.45230103 -0.5)
(-0.6283199201 -4.455320755 -0.5)
(-0.5805570219 -4.458146977 -0.5)
(-0.5326602798 -4.46077289 -0.5)
(-0.4846396838 -4.463192166 -0.5)
(-0.4365055223 -4.465398977 -0.5)
(-0.3882683575 -4.467388007 -0.5)
(-0.3399389996 -4.469154464 -0.5)
(-0.2915284809 -4.470694091 -0.5)
(-0.2430480293 -4.472003181 -0.5)
(-0.1945090412 -4.473078578 -0.5)
(-0.1459230538 -4.473917693 -0.5)
(-0.09730171784 -4.474518504 -0.5)
(-0.04865676903 -4.474879563 -0.5)
(-0.7101087891 -4.173642619 -0.5)
(-0.6639089598 -4.178451545 -0.5)
(-0.6174798801 -4.182981132 -0.5)
(-0.5708355329 -4.187220466 -0.5)
(-0.5239904197 -4.191159335 -0.5)
(-0.4769595257 -4.194788249 -0.5)
(-0.4297582835 -4.198098466 -0.5)
(-0.3824025363 -4.201082011 -0.5)
(-0.3349084994 -4.203731696 -0.5)
(-0.2872927214 -4.206041137 -0.5)
(-0.239572044 -4.208004771 -0.5)
(-0.1917635618 -4.209617867 -0.5)
(-0.1438845807 -4.21087654 -0.5)
(-0.09595257677 -4.211777756 -0.5)
(-0.04798515354 -4.212319344 -0.5)
(-0.6968117188 -3.898190158 -0.5)
(-0.651878613 -3.90460206 -0.5)
(-0.6066398401 -3.910641509 -0.5)
(-0.5611140439 -3.916293955 -0.5)
(-0.5153205596 -3.92154578 -0.5)
(-0.4692793675 -3.926384332 -0.5)
(-0.4230110446 -3.930797955 -0.5)
(-0.376536715 -3.934776014 -0.5)
(-0.3298779992 -3.938308927 -0.5)
(-0.2830569618 -3.941388183 -0.5)
(-0.2360960587 -3.944006362 -0.5)
(-0.1890180823 -3.946157157 -0.5)
(-0.1418461076 -3.947835386 -0.5)
(-0.09460343569 -3.949037007 -0.5)
(-0.04731353805 -3.949759125 -0.5)
(-0.6835146485 -3.622737698 -0.5)
(-0.6398482663 -3.630752575 -0.5)
(-0.5957998001 -3.638301886 -0.5)
(-0.5513925548 -3.645367444 -0.5)
(-0.5066506995 -3.651932225 -0.5)
(-0.4615992094 -3.657980416 -0.5)
(-0.4162638058 -3.663497444 -0.5)
(-0.3706708938 -3.668470018 -0.5)
(-0.324847499 -3.672886159 -0.5)
(-0.2788212023 -3.676735228 -0.5)
(-0.2326200733 -3.680007952 -0.5)
(-0.1862726029 -3.682696446 -0.5)
(-0.1398076345 -3.684794233 -0.5)
(-0.09325429461 -3.686296259 -0.5)
(-0.04664192257 -3.687198907 -0.5)
(-0.6702175782 -3.347285237 -0.5)
(-0.6278179195 -3.35690309 -0.5)
(-0.5849597602 -3.365962264 -0.5)
(-0.5416710658 -3.374440932 -0.5)
(-0.4979808394 -3.38231867 -0.5)
(-0.4539190513 -3.389576499 -0.5)
(-0.4095165669 -3.396196932 -0.5)
(-0.3648050725 -3.402164022 -0.5)
(-0.3198169988 -3.407463391 -0.5)
(-0.2745854428 -3.412082274 -0.5)
(-0.229144088 -3.416009542 -0.5)
(-0.1835271235 -3.419235735 -0.5)
(-0.1377691614 -3.421753079 -0.5)
(-0.09190515353 -3.423555511 -0.5)
(-0.04597030708 -3.424638688 -0.5)
(-0.6569205079 -3.071832777 -0.5)
(-0.6157875728 -3.083053605 -0.5)
(-0.5741197202 -3.093622641 -0.5)
(-0.5319495768 -3.103514421 -0.5)
(-0.4893109793 -3.112705115 -0.5)
(-0.4462388932 -3.121172582 -0.5)
(-0.4027693281 -3.128896421 -0.5)
(-0.3589392513 -3.135858025 -0.5)
(-0.3147864986 -3.142040623 -0.5)
(-0.2703496832 -3.14742932 -0.5)
(-0.2256681026 -3.152011133 -0.5)
(-0.1807816441 -3.155775024 -0.5)
(-0.1357306883 -3.158711926 -0.5)
(-0.09055601245 -3.160814763 -0.5)
(-0.0452986916 -3.162078469 -0.5)
(-0.6436234376 -2.796380316 -0.5)
(-0.6037572261 -2.80920412 -0.5)
(-0.5632796802 -2.821283018 -0.5)
(-0.5222280877 -2.83258791 -0.5)
(-0.4806411192 -2.84309156 -0.5)
(-0.4385587351 -2.852768665 -0.5)
(-0.3960220892 -2.86159591 -0.5)
(-0.3530734301 -2.869552029 -0.5)
(-0.3097559984 -2.876617855 -0.5)
(-0.2661139237 -2.882776365 -0.5)
(-0.2221921173 -2.888012723 -0.5)
(-0.1780361647 -2.892314313 -0.5)
(-0.1336922152 -2.895670773 -0.5)
(-0.08920687138 -2.898074015 -0.5)
(-0.04462707611 -2.899518251 -0.5)
(-0.6303263673 -2.520927856 -0.5)
(-0.5917268793 -2.535354635 -0.5)
(-0.5524396403 -2.548943395 -0.5)
(-0.5125065987 -2.561661399 -0.5)
(-0.4719712591 -2.573478005 -0.5)
(-0.430878577 -2.584364748 -0.5)
(-0.3892748504 -2.594295399 -0.5)
(-0.3472076088 -2.603246033 -0.5)
(-0.3047254982 -2.611195087 -0.5)
(-0.2618781641 -2.618123411 -0.5)
(-0.218716132 -2.624014313 -0.5)
(-0.1752906853 -2.628853602 -0.5)
(-0.1316537421 -2.632629619 -0.5)
(-0.0878577303 -2.635333267 -0.5)
(-0.04395546062 -2.636958032 -0.5)
(-0.617029297 -2.245475395 -0.5)
(-0.5796965326 -2.26150515 -0.5)
(-0.5415996003 -2.276603773 -0.5)
(-0.5027851097 -2.290734887 -0.5)
(-0.463301399 -2.303864451 -0.5)
(-0.4231984188 -2.315960831 -0.5)
(-0.3825276116 -2.326994887 -0.5)
(-0.3413417876 -2.336940036 -0.5)
(-0.299694998 -2.345772319 -0.5)
(-0.2576424046 -2.353470457 -0.5)
(-0.2152401466 -2.360015904 -0.5)
(-0.1725452058 -2.365392891 -0.5)
(-0.129615269 -2.369588466 -0.5)
(-0.08650858922 -2.372592519 -0.5)
(-0.04328384514 -2.374397813 -0.5)
(-0.6037322267 -1.970022935 -0.5)
(-0.5676661858 -1.987655665 -0.5)
(-0.5307595603 -2.00426415 -0.5)
(-0.4930636206 -2.019808376 -0.5)
(-0.4546315389 -2.034250896 -0.5)
(-0.4155182607 -2.047556914 -0.5)
(-0.3757803727 -2.059694376 -0.5)
(-0.3354759663 -2.07063404 -0.5)
(-0.2946644978 -2.080349551 -0.5)
(-0.2534066451 -2.088817502 -0.5)
(-0.2117641613 -2.096017494 -0.5)
(-0.1697997264 -2.101932181 -0.5)
(-0.127576796 -2.106547312 -0.5)
(-0.08515944814 -2.10985177 -0.5)
(-0.04261222965 -2.111837594 -0.5)
(-0.5904351564 -1.694570474 -0.5)
(-0.5556358391 -1.71380618 -0.5)
(-0.5199195203 -1.731924527 -0.5)
(-0.4833421316 -1.748881865 -0.5)
(-0.4459616788 -1.764637341 -0.5)
(-0.4078381026 -1.779152997 -0.5)
(-0.3690331339 -1.792393865 -0.5)
(-0.3296101451 -1.804328043 -0.5)
(-0.2896339976 -1.814926782 -0.5)
(-0.2491708855 -1.824164548 -0.5)
(-0.208288176 -1.832019085 -0.5)
(-0.167054247 -1.83847147 -0.5)
(-0.1255383229 -1.843506159 -0.5)
(-0.08381030707 -1.847111022 -0.5)
(-0.04194061416 -1.849277376 -0.5)
(-0.5771380861 -1.419118014 -0.5)
(-0.5436054924 -1.439956695 -0.5)
(-0.5090794804 -1.459584904 -0.5)
(-0.4736206426 -1.477955354 -0.5)
(-0.4372918187 -1.495023786 -0.5)
(-0.4001579445 -1.51074908 -0.5)
(-0.362285895 -1.525093353 -0.5)
(-0.3237443238 -1.538022047 -0.5)
(-0.2846034974 -1.549504014 -0.5)
(-0.244935126 -1.559511594 -0.5)
(-0.2048121906 -1.568020675 -0.5)
(-0.1643087676 -1.575010759 -0.5)
(-0.1234998498 -1.580465005 -0.5)
(-0.08246116599 -1.584370274 -0.5)
(-0.04126899868 -1.586717157 -0.5)
(-0.5638410158 -1.143665553 -0.5)
(-0.5315751456 -1.16610721 -0.5)
(-0.4982394404 -1.187245282 -0.5)
(-0.4638991535 -1.207028842 -0.5)
(-0.4286219586 -1.225410231 -0.5)
(-0.3924777864 -1.242345164 -0.5)
(-0.3555386562 -1.257792842 -0.5)
(-0.3178785026 -1.271716051 -0.5)
(-0.2795729972 -1.284081246 -0.5)
(-0.2406993664 -1.294858639 -0.5)
(-0.2013362053 -1.304022265 -0.5)
(-0.1615632882 -1.311550048 -0.5)
(-0.1214613767 -1.317423852 -0.5)
(-0.08111202491 -1.321629526 -0.5)
(-0.04059738319 -1.324156938 -0.5)
(-0.5505439455 -0.8682130926 -0.5)
(-0.5195447989 -0.8922577255 -0.5)
(-0.4873994004 -0.914905659 -0.5)
(-0.4541776645 -0.936102331 -0.5)
(-0.4199520985 -0.9557966758 -0.5)
(-0.3847976283 -0.9739412467 -0.5)
(-0.3487914173 -0.9904923309 -0.5)
(-0.3120126814 -1.005410054 -0.5)
(-0.274542497 -1.018658478 -0.5)
(-0.2364636069 -1.030205685 -0.5)
(-0.19786022 -1.040023856 -0.5)
(-0.1588178088 -1.048089337 -0.5)
(-0.1194229036 -1.054382699 -0.5)
(-0.07976288383 -1.058888778 -0.5)
(-0.03992576771 -1.06159672 -0.5)
(-0.75 -5 0.5)
(-0.7 -5 0.5)
(-0.65 -5 0.5)
(-0.6 -5 0.5)
(-0.55 -5 0.5)
(-0.5 -5 0.5)
(-0.45 -5 0.5)
(-0.4 -5 0.5)
(-0.35 -5 0.5)
(-0.3 -5 0.5)
(-0.25 -5 0.5)
(-0.2 -5 0.5)
(-0.15 -5 0.5)
(-0.1 -5 0.5)
(-0.05 -5 0.5)
(-0.7367029297 -4.72454754 0.5)
(-0.6879696533 -4.726150515 0.5)
(-0.63915996 -4.727660377 0.5)
(-0.590278511 -4.729073489 0.5)
(-0.5413301399 -4.730386445 0.5)
(-0.4923198419 -4.731596083 0.5)
(-0.4432527612 -4.732699489 0.5)
(-0.3941341788 -4.733694004 0.5)
(-0.3449694998 -4.734577232 0.5)
(-0.2957642405 -4.735347046 0.5)
(-0.2465240147 -4.73600159 0.5)
(-0.1972545206 -4.736539289 0.5)
(-0.1479615269 -4.736958847 0.5)
(-0.09865085892 -4.737259252 0.5)
(-0.04932838451 -4.737439781 0.5)
(-0.7234058594 -4.449095079 0.5)
(-0.6759393065 -4.45230103 0.5)
(-0.6283199201 -4.455320755 0.5)
(-0.5805570219 -4.458146977 0.5)
(-0.5326602798 -4.46077289 0.5)
(-0.4846396838 -4.463192166 0.5)
(-0.4365055223 -4.465398977 0.5)
(-0.3882683575 -4.467388007 0.5)
(-0.3399389996 -4.469154464 0.5)
(-0.2915284809 -4.470694091 0.5)
(-0.2430480293 -4.472003181 0.5)
(-0.1945090412 -4.473078578 0.5)
(-0.1459230538 -4.473917693 0.5)
(-0.09730171784 -4.474518504 0.5)
(-0.04865676903 -4.474879563 0.5)
(-0.7101087891 -4.173642619 0.5)
(-0.6639089598 -4.178451545 0.5)
(-0.6174798801 -4.182981132 0.5)
(-0.5708355329 -4.187220466 0.5)
(-0.5239904197 -4.191159335 0.5)
(-0.4769595257 -4.194788249 0.5)
(-0.4297582835 -4.198098466 0.5)
(-0.3824025363 -4.201082011 0.5)
(-0.3349084994 -4.203731696 0.5)
(-0.2872927214 -4.206041137 0.5)
(-0.239572044 -4.208004771 0.5)
(-0.1917635618 -4.209617867 0.5)
(-0.1438845807 -4.21087654 0.5)
(-0.09595257677 -4.211777756 0.5)
(-0.04798515354 -4.212319344 0.5)
(-0.6968117188 -3.898190158 0.5)
(-0.651878613 -3.90460206 0.5)
(-0.6066398401 -3.910641509 0.5)
(-0.5611140439 -3.916293955 0.5)
(-0.5153205596 -3.92154578 0.5)
(-0.4692793675 -3.926384332 0.5)
(-0.4230110446 -3.930797955 0.5)
(-0.376536715 -3.934776014 0.5)
(-0.3298779992 -3.938308927 0.5)
(-0.2830569618 -3.941388183 0.5)
(-0.2360960587 -3.944006362 0.5)
(-0.1890180823 -3.946157157 0.5)
(-0.1418461076 -3.947835386 0.5)
(-0.09460343569 -3.949037007 0.5)
(-0.04731353805 -3.949759125 0.5)
(-0.6835146485 -3.622737698 0.5)
(-0.6398482663 -3.630752575 0.5)
(-0.5957998001 -3.638301886 0.5)
(-0.5513925548 -3.645367444 0.5)
(-0.5066506995 -3.651932225 0.5)
(-0.4615992094 -3.657980416 0.5)
(-0.4162638058 -3.663497444 0.5)
(-0.3706708938 -3.668470018 0.5)
(-0.324847499 -3.672886159 0.5)
(-0.2788212023 -3.676735228 0.5)
(-0.2326200733 -3.680007952 0.5)
(-0.1862726029 -3.682696446 0.5)
(-0.1398076345 -3.684794233 0.5)
(-0.09325429461 -3.686296259 0.5)
(-0.04664192257 -3.687198907 0.5)
(-0.6702175782 -3.347285237 0.5)
(-0.6278179195 -3.35690309 0.5)
(-0.5849597602 -3.365962264 0.5)
(-0.5416710658 -3.374440932 0.5)
(-0.4979808394 -3.38231867 0.5)
(-0.4539190513 -3.389576499 0.5)
(-0.4095165669 -3.396196932 0.5)
(-0.3648050725 -3.402164022 0.5)
(-0.3198169988 -3.407463391 0.5)
(-0.2745854428 -3.412082274 0.5)
(-0.229144088 -3.416009542 0.5)
(-0.1835271235 -3.419235735 0.5)
(-0.1377691614 -3.421753079 0.5)
(-0.09190515353 -3.423555511 0.5)
(-0.04597030708 -3.424638688 0.5)
(-0.6569205079 -3.071832777 0.5)
(-0.6157875728 -3.083053605 0.5)
(-0.5741197202 -3.093622641 0.5)
(-0.5319495768 -3.103514421 0.5)
(-0.4893109793 -3.112705115 0.5)
(-0.4462388932 -3.121172582 0.5)
(-0.4027693281 -3.128896421 0.5)
(-0.3589392513 -3.135858025 0.5)
(-0.3147864986 -3.142040623 0.5)
(-0.2703496832 -3.14742932 0.5)
(-0.2256681026 -3.152011133 0.5)
(-0.1807816441 -3.155775024 0.5)
(-0.1357306883 -3.158711926 0.5)
(-0.09055601245 -3.160814763 0.5)
(-0.0452986916 -3.162078469 0.5)
(-0.6436234376 -2.796380316 0.5)
(-0.6037572261 -2.80920412 0.5)
(-0.5632796802 -2.821283018 0.5)
(-0.5222280877 -2.83258791 0.5)
(-0.4806411192 -2.84309156 0.5)
(-0.4385587351 -2.852768665 0.5)
(-0.3960220892 -2.86159591 0.5)
(-0.3530734301 -2.869552029 0.5)
(-0.3097559984 -2.876617855 0.5)
(-0.2661139237 -2.882776365 0.5)
(-0.2221921173 -2.888012723 0.5)
(-0.1780361647 -2.892314313 0.5)
(-0.1336922152 -2.895670773 0.5)
(-0.08920687138 -2.898074015 0.5)
(-0.04462707611 -2.899518251 0.5)
(-0.6303263673 -2.520927856 0.5)
(-0.5917268793 -2.535354635 0.5)
(-0.5524396403 -2.548943395 0.5)
(-0.5125065987 -2.561661399 0.5)
(-0.4719712591 -2.573478005 0.5)
(-0.430878577 -2.584364748 0.5)
(-0.3892748504 -2.594295399 0.5)
(-0.3472076088 -2.603246033 0.5)
(-0.3047254982 -2.611195087 0.5)
(-0.2618781641 -2.618123411 0.5)
(-0.218716132 -2.624014313 0.5)
(-0.1752906853 -2.628853602 0.5)
(-0.1316537421 -2.632629619 0.5)
(-0.0878577303 -2.635333267 0.5)
(-0.04395546062 -2.636958032 0.5)
(-0.617029297 -2.245475395 0.5)
(-0.5796965326 -2.26150515 0.5)
(-0.5415996003 -2.276603773 0.5)
(-0.5027851097 -2.290734887 0.5)
(-0.463301399 -2.303864451 0.5)
(-0.4231984188 -2.315960831 0.5)
(-0.3825276116 -2.326994887 0.5)
(-0.3413417876 -2.336940036 0.5)
(-0.299694998 -2.345772319 0.5)
(-0.2576424046 -2.353470457 0.5)
(-0.2152401466 -2.360015904 0.5)
(-0.1725452058 -2.365392891 0.5)
(-0.129615269 -2.369588466 0.5)
(-0.08650858922 -2.372592519 0.5)
(-0.04328384514 -2.374397813 0.5)
(-0.6037322267 -1.970022935 0.5)
(-0.5676661858 -1.987655665 0.5)
(-0.5307595603 -2.00426415 0.5)
(-0.4930636206 -2.019808376 0.5)
(-0.4546315389 -2.034250896 0.5)
(-0.4155182607 -2.047556914 0.5)
(-0.3757803727 -2.059694376 0.5)
(-0.3354759663 -2.07063404 0.5)
(-0.2946644978 -2.080349551 0.5)
(-0.2534066451 -2.088817502 0.5)
(-0.2117641613 -2.096017494 0.5)
(-0.1697997264 -2.101932181 0.5)
(-0.127576796 -2.106547312 0.5)
(-0.08515944814 -2.10985177 0.5)
(-0.04261222965 -2.111837594 0.5)
(-0.5904351564 -1.694570474 0.5)
(-0.5556358391 -1.71380618 0.5)
(-0.5199195203 -1.731924527 0.5)
(-0.4833421316 -1.748881865 0.5)
(-0.4459616788 -1.764637341 0.5)
(-0.4078381026 -1.779152997 0.5)
(-0.3690331339 -1.792393865 0.5)
(-0.3296101451 -1.804328043 0.5)
(-0.2896339976 -1.814926782 0.5)
(-0.2491708855 -1.824164548 0.5)
(-0.208288176 -1.832019085 0.5)
(-0.167054247 -1.83847147 0.5)
(-0.1255383229 -1.843506159 0.5)
(-0.08381030707 -1.847111022 0.5)
(-0.04194061416 -1.849277376 0.5)
(-0.5771380861 -1.419118014 0.5)
(-0.5436054924 -1.439956695 0.5)
(-0.5090794804 -1.459584904 0.5)
(-0.4736206426 -1.477955354 0.5)
(-0.4372918187 -1.495023786 0.5)
(-0.4001579445 -1.51074908 0.5)
(-0.362285895 -1.525093353 0.5)
(-0.3237443238 -1.538022047 0.5)
(-0.2846034974 -1.549504014 0.5)
(-0.244935126 -1.559511594 0.5)
(-0.2048121906 -1.568020675 0.5)
(-0.1643087676 -1.575010759 0.5)
(-0.1234998498 -1.580465005 0.5)
(-0.08246116599 -1.584370274 0.5)
(-0.04126899868 -1.586717157 0.5)
(-0.5638410158 -1.143665553 0.5)
(-0.5315751456 -1.16610721 0.5)
(-0.4982394404 -1.187245282 0.5)
(-0.4638991535 -1.207028842 0.5)
(-0.4286219586 -1.225410231 0.5)
(-0.3924777864 -1.242345164 0.5)
(-0.3555386562 -1.257792842 0.5)
(-0.3178785026 -1.271716051 0.5)
(-0.2795729972 -1.284081246 0.5)
(-0.2406993664 -1.294858639 0.5)
(-0.2013362053 -1.304022265 0.5)
(-0.1615632882 -1.311550048 0.5)
(-0.1214613767 -1.317423852 0.5)
(-0.08111202491 -1.321629526 0.5)
(-0.04059738319 -1.324156938 0.5)
(-0.5505439455 -0.8682130926 0.5)
(-0.5195447989 -0.8922577255 0.5)
(-0.4873994004 -0.914905659 0.5)
(-0.4541776645 -0.936102331 0.5)
(-0.4199520985 -0.9557966758 0.5)
(-0.3847976283 -0.9739412467 0.5)
(-0.3487914173 -0.9904923309 0.5)
(-0.3120126814 -1.005410054 0.5)
(-0.274542497 -1.018658478 0.5)
(-0.2364636069 -1.030205685 0.5)
(-0.19786022 -1.040023856 0.5)
(-0.1588178088 -1.048089337 0.5)
(-0.1194229036 -1.054382699 0.5)
(-0.07976288383 -1.058888778 0.5)
(-0.03992576771 -1.06159672 0.5)
)


// ************************************************************************* //
