/*--------------------------------*- C++ -*----------------------------------*\
  =========                 |
  \\      /  F ield         | OpenFOAM: The Open Source CFD Toolbox
   \\    /   O peration     | Website:  https://openfoam.org
    \\  /    A nd           | Version:  10
     \\/     M anipulation  |
\*---------------------------------------------------------------------------*/
FoamFile
{
    format      ascii;
    class       vectorField;
    location    "0.1/polyMesh";
    object      points;
}
// * * * * * * * * * * * * * * * * * * * * * * * * * * * * * * * * * * * * * //


16524
(
(-10 -15 0)
(20 -15 0)
(20 15 0)
(-10 15 0)
(0.5 -0.01 0)
(0.35355339 0.34355339 0)
(0 0.49 0)
(-0.35355339 0.34355339 0)
(-0.5 -0.01 0)
(-0.35355339 -0.36355339 0)
(0 -0.51 0)
(0.35355339 -0.36355339 0)
(-10 -15 1)
(20 -15 1)
(20 15 1)
(-10 15 1)
(0.5 -0.01 1)
(0.35355339 0.34355339 1)
(0 0.49 1)
(-0.35355339 0.34355339 1)
(-0.5 -0.01 1)
(-0.35355339 -0.36355339 1)
(0 -0.51 1)
(0.35355339 -0.36355339 1)
(-9.5 -15 0)
(-9 -15 0)
(-8.5 -15 0)
(-8 -15 0)
(-7.5 -15 0)
(-7 -15 0)
(-6.5 -15 0)
(-6 -15 0)
(-5.5 -15 0)
(-5 -15 0)
(-4.5 -15 0)
(-4 -15 0)
(-3.5 -15 0)
(-3 -15 0)
(-2.5 -15 0)
(-2 -15 0)
(-1.5 -15 0)
(-1 -15 0)
(-0.5 -15 0)
(-6.2598815e-12 -15 0)
(0.5 -15 0)
(1 -15 0)
(1.5 -15 0)
(2 -15 0)
(2.5 -15 0)
(3 -15 0)
(3.5 -15 0)
(4 -15 0)
(4.5 -15 0)
(5 -15 0)
(5.5 -15 0)
(6 -15 0)
(6.5 -15 0)
(7 -15 0)
(7.5 -15 0)
(8 -15 0)
(8.5 -15 0)
(9 -15 0)
(9.5 -15 0)
(10 -15 0)
(10.5 -15 0)
(11 -15 0)
(11.5 -15 0)
(12 -15 0)
(12.5 -15 0)
(13 -15 0)
(13.5 -15 0)
(14 -15 0)
(14.5 -15 0)
(15 -15 0)
(15.5 -15 0)
(16 -15 0)
(16.5 -15 0)
(17 -15 0)
(17.5 -15 0)
(18 -15 0)
(18.5 -15 0)
(19 -15 0)
(19.5 -15 0)
(20 -14.5 0)
(20 -14 0)
(20 -13.5 0)
(20 -13 0)
(20 -12.5 0)
(20 -12 0)
(20 -11.5 0)
(20 -11 0)
(20 -10.5 0)
(20 -10 0)
(20 -9.5 0)
(20 -9 0)
(20 -8.5 0)
(20 -8 0)
(20 -7.5 0)
(20 -7 0)
(20 -6.5 0)
(20 -6 0)
(20 -5.5 0)
(20 -5 0)
(20 -4.5 0)
(20 -4 0)
(20 -3.5 0)
(20 -3 0)
(20 -2.5 0)
(20 -2 0)
(20 -1.5 0)
(20 -1 0)
(20 -0.5 0)
(20 -2.1890045e-11 0)
(20 0.5 0)
(20 1 0)
(20 1.5 0)
(20 2 0)
(20 2.5 0)
(20 3 0)
(20 3.5 0)
(20 4 0)
(20 4.5 0)
(20 5 0)
(20 5.5 0)
(20 6 0)
(20 6.5 0)
(20 7 0)
(20 7.5 0)
(20 8 0)
(20 8.5 0)
(20 9 0)
(20 9.5 0)
(20 10 0)
(20 10.5 0)
(20 11 0)
(20 11.5 0)
(20 12 0)
(20 12.5 0)
(20 13 0)
(20 13.5 0)
(20 14 0)
(20 14.5 0)
(19.5 15 0)
(19 15 0)
(18.5 15 0)
(18 15 0)
(17.5 15 0)
(17 15 0)
(16.5 15 0)
(16 15 0)
(15.5 15 0)
(15 15 0)
(14.5 15 0)
(14 15 0)
(13.5 15 0)
(13 15 0)
(12.5 15 0)
(12 15 0)
(11.5 15 0)
(11 15 0)
(10.5 15 0)
(10 15 0)
(9.5 15 0)
(9 15 0)
(8.5 15 0)
(8 15 0)
(7.5 15 0)
(7 15 0)
(6.5 15 0)
(6 15 0)
(5.5 15 0)
(5 15 0)
(4.5 15 0)
(4 15 0)
(3.5 15 0)
(3 15 0)
(2.5 15 0)
(2 15 0)
(1.5 15 0)
(1 15 0)
(0.5 15 0)
(1.3670842e-11 15 0)
(-0.5 15 0)
(-1 15 0)
(-1.5 15 0)
(-2 15 0)
(-2.5 15 0)
(-3 15 0)
(-3.5 15 0)
(-4 15 0)
(-4.5 15 0)
(-5 15 0)
(-5.5 15 0)
(-6 15 0)
(-6.5 15 0)
(-7 15 0)
(-7.5 15 0)
(-8 15 0)
(-8.5 15 0)
(-9 15 0)
(-9.5 15 0)
(-10 14.5 0)
(-10 14 0)
(-10 13.5 0)
(-10 13 0)
(-10 12.5 0)
(-10 12 0)
(-10 11.5 0)
(-10 11 0)
(-10 10.5 0)
(-10 10 0)
(-10 9.5 0)
(-10 9 0)
(-10 8.5 0)
(-10 8 0)
(-10 7.5 0)
(-10 7 0)
(-10 6.5 0)
(-10 6 0)
(-10 5.5 0)
(-10 5 0)
(-10 4.5 0)
(-10 4 0)
(-10 3.5 0)
(-10 3 0)
(-10 2.5 0)
(-10 2 0)
(-10 1.5 0)
(-10 1 0)
(-10 0.5 0)
(-10 2.1890045e-11 0)
(-10 -0.5 0)
(-10 -1 0)
(-10 -1.5 0)
(-10 -2 0)
(-10 -2.5 0)
(-10 -3 0)
(-10 -3.5 0)
(-10 -4 0)
(-10 -4.5 0)
(-10 -5 0)
(-10 -5.5 0)
(-10 -6 0)
(-10 -6.5 0)
(-10 -7 0)
(-10 -7.5 0)
(-10 -8 0)
(-10 -8.5 0)
(-10 -9 0)
(-10 -9.5 0)
(-10 -10 0)
(-10 -10.5 0)
(-10 -11 0)
(-10 -11.5 0)
(-10 -12 0)
(-10 -12.5 0)
(-10 -13 0)
(-10 -13.5 0)
(-10 -14 0)
(-10 -14.5 0)
(0.49384417 0.068217233 0)
(0.47552826 0.1445085 0)
(0.44550326 0.21699525 0)
(0.4045085 0.28389263 0)
(0.29389263 0.3945085 0)
(0.22699525 0.43550326 0)
(0.1545085 0.46552826 0)
(0.078217232 0.48384417 0)
(-0.078217233 0.48384417 0)
(-0.1545085 0.46552826 0)
(-0.22699525 0.43550326 0)
(-0.29389263 0.3945085 0)
(-0.4045085 0.28389263 0)
(-0.44550326 0.21699525 0)
(-0.47552826 0.1445085 0)
(-0.49384417 0.068217232 0)
(-0.49384417 -0.088217233 0)
(-0.47552826 -0.1645085 0)
(-0.44550326 -0.23699525 0)
(-0.4045085 -0.30389263 0)
(-0.29389263 -0.4145085 0)
(-0.22699525 -0.45550326 0)
(-0.1545085 -0.48552826 0)
(-0.078217232 -0.50384417 0)
(0.078217233 -0.50384417 0)
(0.1545085 -0.48552826 0)
(0.22699525 -0.45550326 0)
(0.29389263 -0.4145085 0)
(0.4045085 -0.30389263 0)
(0.44550326 -0.23699525 0)
(0.47552826 -0.1645085 0)
(0.49384417 -0.088217232 0)
(-9.5 -15 1)
(-9 -15 1)
(-8.5 -15 1)
(-8 -15 1)
(-7.5 -15 1)
(-7 -15 1)
(-6.5 -15 1)
(-6 -15 1)
(-5.5 -15 1)
(-5 -15 1)
(-4.5 -15 1)
(-4 -15 1)
(-3.5 -15 1)
(-3 -15 1)
(-2.5 -15 1)
(-2 -15 1)
(-1.5 -15 1)
(-1 -15 1)
(-0.5 -15 1)
(-6.2598815e-12 -15 1)
(0.5 -15 1)
(1 -15 1)
(1.5 -15 1)
(2 -15 1)
(2.5 -15 1)
(3 -15 1)
(3.5 -15 1)
(4 -15 1)
(4.5 -15 1)
(5 -15 1)
(5.5 -15 1)
(6 -15 1)
(6.5 -15 1)
(7 -15 1)
(7.5 -15 1)
(8 -15 1)
(8.5 -15 1)
(9 -15 1)
(9.5 -15 1)
(10 -15 1)
(10.5 -15 1)
(11 -15 1)
(11.5 -15 1)
(12 -15 1)
(12.5 -15 1)
(13 -15 1)
(13.5 -15 1)
(14 -15 1)
(14.5 -15 1)
(15 -15 1)
(15.5 -15 1)
(16 -15 1)
(16.5 -15 1)
(17 -15 1)
(17.5 -15 1)
(18 -15 1)
(18.5 -15 1)
(19 -15 1)
(19.5 -15 1)
(20 -14.5 1)
(20 -14 1)
(20 -13.5 1)
(20 -13 1)
(20 -12.5 1)
(20 -12 1)
(20 -11.5 1)
(20 -11 1)
(20 -10.5 1)
(20 -10 1)
(20 -9.5 1)
(20 -9 1)
(20 -8.5 1)
(20 -8 1)
(20 -7.5 1)
(20 -7 1)
(20 -6.5 1)
(20 -6 1)
(20 -5.5 1)
(20 -5 1)
(20 -4.5 1)
(20 -4 1)
(20 -3.5 1)
(20 -3 1)
(20 -2.5 1)
(20 -2 1)
(20 -1.5 1)
(20 -1 1)
(20 -0.5 1)
(20 -2.1890045e-11 1)
(20 0.5 1)
(20 1 1)
(20 1.5 1)
(20 2 1)
(20 2.5 1)
(20 3 1)
(20 3.5 1)
(20 4 1)
(20 4.5 1)
(20 5 1)
(20 5.5 1)
(20 6 1)
(20 6.5 1)
(20 7 1)
(20 7.5 1)
(20 8 1)
(20 8.5 1)
(20 9 1)
(20 9.5 1)
(20 10 1)
(20 10.5 1)
(20 11 1)
(20 11.5 1)
(20 12 1)
(20 12.5 1)
(20 13 1)
(20 13.5 1)
(20 14 1)
(20 14.5 1)
(19.5 15 1)
(19 15 1)
(18.5 15 1)
(18 15 1)
(17.5 15 1)
(17 15 1)
(16.5 15 1)
(16 15 1)
(15.5 15 1)
(15 15 1)
(14.5 15 1)
(14 15 1)
(13.5 15 1)
(13 15 1)
(12.5 15 1)
(12 15 1)
(11.5 15 1)
(11 15 1)
(10.5 15 1)
(10 15 1)
(9.5 15 1)
(9 15 1)
(8.5 15 1)
(8 15 1)
(7.5 15 1)
(7 15 1)
(6.5 15 1)
(6 15 1)
(5.5 15 1)
(5 15 1)
(4.5 15 1)
(4 15 1)
(3.5 15 1)
(3 15 1)
(2.5 15 1)
(2 15 1)
(1.5 15 1)
(1 15 1)
(0.5 15 1)
(1.3670842e-11 15 1)
(-0.5 15 1)
(-1 15 1)
(-1.5 15 1)
(-2 15 1)
(-2.5 15 1)
(-3 15 1)
(-3.5 15 1)
(-4 15 1)
(-4.5 15 1)
(-5 15 1)
(-5.5 15 1)
(-6 15 1)
(-6.5 15 1)
(-7 15 1)
(-7.5 15 1)
(-8 15 1)
(-8.5 15 1)
(-9 15 1)
(-9.5 15 1)
(-10 14.5 1)
(-10 14 1)
(-10 13.5 1)
(-10 13 1)
(-10 12.5 1)
(-10 12 1)
(-10 11.5 1)
(-10 11 1)
(-10 10.5 1)
(-10 10 1)
(-10 9.5 1)
(-10 9 1)
(-10 8.5 1)
(-10 8 1)
(-10 7.5 1)
(-10 7 1)
(-10 6.5 1)
(-10 6 1)
(-10 5.5 1)
(-10 5 1)
(-10 4.5 1)
(-10 4 1)
(-10 3.5 1)
(-10 3 1)
(-10 2.5 1)
(-10 2 1)
(-10 1.5 1)
(-10 1 1)
(-10 0.5 1)
(-10 2.1890045e-11 1)
(-10 -0.5 1)
(-10 -1 1)
(-10 -1.5 1)
(-10 -2 1)
(-10 -2.5 1)
(-10 -3 1)
(-10 -3.5 1)
(-10 -4 1)
(-10 -4.5 1)
(-10 -5 1)
(-10 -5.5 1)
(-10 -6 1)
(-10 -6.5 1)
(-10 -7 1)
(-10 -7.5 1)
(-10 -8 1)
(-10 -8.5 1)
(-10 -9 1)
(-10 -9.5 1)
(-10 -10 1)
(-10 -10.5 1)
(-10 -11 1)
(-10 -11.5 1)
(-10 -12 1)
(-10 -12.5 1)
(-10 -13 1)
(-10 -13.5 1)
(-10 -14 1)
(-10 -14.5 1)
(0.49384417 0.068217233 1)
(0.47552826 0.1445085 1)
(0.44550326 0.21699525 1)
(0.4045085 0.28389263 1)
(0.29389263 0.3945085 1)
(0.22699525 0.43550326 1)
(0.1545085 0.46552826 1)
(0.078217232 0.48384417 1)
(-0.078217233 0.48384417 1)
(-0.1545085 0.46552826 1)
(-0.22699525 0.43550326 1)
(-0.29389263 0.3945085 1)
(-0.4045085 0.28389263 1)
(-0.44550326 0.21699525 1)
(-0.47552826 0.1445085 1)
(-0.49384417 0.068217232 1)
(-0.49384417 -0.088217233 1)
(-0.47552826 -0.1645085 1)
(-0.44550326 -0.23699525 1)
(-0.4045085 -0.30389263 1)
(-0.29389263 -0.4145085 1)
(-0.22699525 -0.45550326 1)
(-0.1545085 -0.48552826 1)
(-0.078217232 -0.50384417 1)
(0.078217233 -0.50384417 1)
(0.1545085 -0.48552826 1)
(0.22699525 -0.45550326 1)
(0.29389263 -0.4145085 1)
(0.4045085 -0.30389263 1)
(0.44550326 -0.23699525 1)
(0.47552826 -0.1645085 1)
(0.49384417 -0.088217232 1)
(19.57247 4.25759583299 0)
(19.585054 -4.22781293967 0)
(9.2529846 14.5933912768 0)
(9.25 -14.567053404 0)
(19.566987 -1.25005946435 0)
(6.2619767 14.5158713632 0)
(6.2983132 -14.5471675006 0)
(-0.55994194 0.0343303144205 0)
(3.25 -14.5670836228 0)
(3.2185841 14.5199968123 0)
(-2.2509295 -14.5818035324 0)
(-2.2365914 14.575122366 0)
(0.74063874 14.576191997 0)
(0.76904804 -14.5788453174 0)
(-9.5371392 -7.18712934289 0)
(-9.5855988 7.27867595922 0)
(-9.5621126 4.74781801995 0)
(-9.5871719 -4.78579491908 0)
(19.566987 -7.25004232534 0)
(19.612904 7.25543363399 0)
(11.742808 14.5635618513 0)
(11.748918 -14.5753325605 0)
(19.579556 1.31227993383 0)
(-9.5219992 -2.27815836579 0)
(-9.5748362 2.244105241 0)
(-9.5988572 -0.251268431397 0)
(14.279951 14.5556051761 0)
(14.239354 -14.6021544904 0)
(-4.7848509 -14.593464149 0)
(-9.5854173 9.75468278722 0)
(19.566662 9.74891087174 0)
(19.63484 -9.7150657747 0)
(-4.7368517 14.5754278102 0)
(-9.6236217 -9.68852739026 0)
(16.251647 14.5091279655 0)
(16.178412 -14.5282757016 0)
(-6.726777 -14.5804729248 0)
(-9.5406045 11.7557817549 0)
(19.582266 11.7625084484 0)
(19.572351 -11.7480689839 0)
(-6.7862549 14.5790490584 0)
(-9.5936149 -11.7618893144 0)
(-0.74392835 14.5147406143 0)
(-0.81301723 -14.5934434947 0)
(4.7457755 -14.5380928788 0)
(7.7258825 -14.5828203696 0)
(7.7801642 14.5859629604 0)
(4.7496582 14.5741492007 0)
(19.530401 5.72028194905 0)
(19.607227 2.75770480345 0)
(19.607524 -2.76321936487 0)
(19.553659 -5.75194096427 0)
(17.749876 14.5672079473 0)
(17.749805 -14.5670600607 0)
(-8.2812752 -14.5472204153 0)
(-9.5669563 13.2491643253 0)
(19.607003 13.258957835 0)
(19.523122 -13.2674849819 0)
(-9.5672178 -13.2494137237 0)
(-8.25 14.5669632126 0)
(-9.5817416 1.25529364331 0)
(-9.5711194 3.2352375597 0)
(-9.5605496 -1.23649970536 0)
(-9.5859824 -3.29942082731 0)
(-9.5546914 -5.78526112996 0)
(-9.5672142 5.73421421302 0)
(-9.5828327 -8.23331518817 0)
(-9.6446135 8.27675321669 0)
(1.6981584 14.5208141049 0)
(1.7377385 -14.6036181688 0)
(-3.2324774 -14.5833882763 0)
(-3.2615835 14.5754781434 0)
(10.247049 14.5687178806 0)
(10.297357 -14.5833701304 0)
(19.544367 -0.210595059172 0)
(12.789568 14.507212069 0)
(12.747991 -14.5665667173 0)
(-5.7391094 14.596481619 0)
(-5.7499054 -14.576630623 0)
(19.575805 8.26479892913 0)
(19.535837 -8.26903261609 0)
(15.254467 14.6226767042 0)
(-9.5645145 -10.7412303636 0)
(15.25173 -14.5541023839 0)
(-9.5522591 10.7358056315 0)
(19.56684 10.7497430487 0)
(19.573117 -10.7500120472 0)
(18.744742 14.5693477726 0)
(18.745761 -14.569309142 0)
(-9.2038815 -14.5458984084 0)
(-9.5773455 14.2292751045 0)
(19.570353 14.2664108904 0)
(19.546993 -14.2042199046 0)
(-9.5789598 1.75621865352 0)
(-9.1526229 1.99969334933 0)
(-9.1557429 2.47161394329 0)
(-8.7535245 2.24147313401 0)
(-8.7533338 2.66692688619 0)
(-8.364743 2.44375471936 0)
(-8.3668743 2.01963670276 0)
(-7.9996374 2.23627399984 0)
(-7.9913962 2.65834276157 0)
(-7.6422146 2.44779784023 0)
(-7.6254437 2.84849527818 0)
(-7.2910375 2.64546390914 0)
(-0.47356775 0.292693494306 0)
(-7.2875639 3.03773513387 0)
(-6.9571813 2.83602868923 0)
(-6.9614085 2.4593438617 0)
(-6.6375911 2.64619296318 0)
(-6.6393628 2.27997350871 0)
(-6.6332954 3.01222065265 0)
(-6.3188119 2.82358751664 0)
(-6.3209461 3.19223255341 0)
(-6.0136484 2.99854562193 0)
(-6.0138812 3.36077545323 0)
(-5.7080884 3.16972880489 0)
(-5.7134346 3.52786318063 0)
(-5.417292 3.3399221533 0)
(-5.4188911 3.68950303499 0)
(-5.1285813 3.5045672435 0)
(-0.29266831 0.467388662241 0)
(-5.1212203 3.83315321259 0)
(-4.8426921 3.66301570809 0)
(-4.834982 3.98530183446 0)
(-4.5621064 3.81999989927 0)
(-4.553722 4.13499878923 0)
(-4.2863935 3.97427574926 0)
(-4.2781952 4.2845891438 0)
(-4.015209 4.12667402199 0)
(-4.0080064 4.43487997586 0)
(-3.7473743 4.2772072247 0)
(-3.7396461 4.58208603827 0)
(-3.4821093 4.42576519734 0)
(-3.4751465 4.72695726831 0)
(-3.2199974 4.57236632752 0)
(-3.2131195 4.87037911969 0)
(-2.9617762 4.71744373336 0)
(-0.046923364 0.54873387807 0)
(-2.9502132 5.00577650527 0)
(-2.704322 4.85977050957 0)
(-2.691349 5.14389992931 0)
(-2.4478286 5.00375660242 0)
(-2.4381812 5.28731671054 0)
(-2.194405 5.14550196864 0)
(-2.1876459 5.43217859498 0)
(-1.9425049 5.28659537953 0)
(-1.9357926 5.57223981677 0)
(-1.6910879 5.42638286575 0)
(-1.6817415 5.70638376658 0)
(-1.434806 5.56441049005 0)
(-1.4292335 5.8433132626 0)
(-1.1876476 5.70035886015 0)
(-2.4465046 5.56614894243 0)
(-1.1821835 5.98644777424 0)
(-0.93466024 5.83906227576 0)
(-0.9274353 6.1275025178 0)
(-0.6833199 5.97633765335 0)
(-1.178896 6.2778101076 0)
(-0.68978878 5.69401236077 0)
(-0.44589373 5.82754593109 0)
(-0.4535357 5.55028669323 0)
(-0.21317135 5.68204742643 0)
(0.2251661 0.505296210937 0)
(-0.20241719 5.95581617512 0)
(0.029977334 5.81049703854 0)
(0.0087349103 5.54034015439 0)
(0.26103277 5.66713783672 0)
(0.27277674 5.93944043172 0)
(0.50320336 5.79003113874 0)
(0.49387895 5.52165031597 0)
(0.73071466 5.64219050199 0)
(0.71989328 5.3755142795 0)
(0.95422897 5.4965885866 0)
(0.94108252 5.23346558792 0)
(1.1746268 5.35274625022 0)
(1.1618499 5.09214531338 0)
(1.3943392 5.21093337047 0)
(1.3813871 4.95197136579 0)
(1.6044403 5.07057307358 0)
(1.5984048 4.81244552253 0)
(1.8513153 4.94781824101 0)
(0.42875535 0.348529467076 0)
(1.8204667 4.67625962446 0)
(2.0461502 4.78910403792 0)
(2.0338123 4.53520098037 0)
(2.2611235 4.6502011342 0)
(2.2519806 4.40082832244 0)
(2.4749933 4.51896404655 0)
(2.4665442 4.26533565646 0)
(2.6883618 4.37426857766 0)
(2.6763206 4.12394840315 0)
(2.9047885 4.23998795948 0)
(2.8888272 3.98728362199 0)
(3.1174839 4.10233746865 0)
(3.101582 3.85053942213 0)
(3.3254509 3.96411742462 0)
(3.3132922 3.71374318964 0)
(3.5355522 3.82855803452 0)
(3.5242593 3.57768685909 0)
(3.7458144 3.69218283375 0)
(3.734177 3.44147987009 0)
(3.9579339 3.55651071622 0)
(3.9455337 3.30370112968 0)
(4.1718069 3.41975871161 0)
(4.15896 3.16390928937 0)
(4.3883062 3.28138263603 0)
(4.3750062 3.02170530003 0)
(4.6082962 3.14134993796 0)
(4.6006481 2.88703247239 0)
(4.8292051 2.99466681965 0)
(4.8259926 2.7437903091 0)
(5.0559098 2.84870785426 0)
(5.0503992 2.58956742086 0)
(5.2893056 2.70555656546 0)
(5.2745228 2.42899122034 0)
(5.5188159 2.55519015769 0)
(5.5093489 2.2739197881 0)
(5.7600559 2.39679650265 0)
(5.7482216 2.11617850103 0)
(0.55916235 0.0434432648675 0)
(6.0096949 2.24068965292 0)
(5.9916338 1.95184321381 0)
(6.2541151 2.08751854786 0)
(6.2409777 1.79536615526 0)
(6.2720762 2.37747159797 0)
(4.8319989 3.25461524629 0)
(3.548522 4.08118184703 0)
(2.2754222 4.90828781846 0)
(6.5184909 2.22705799259 0)
(6.5428002 2.50928064498 0)
(6.7906013 2.36251594616 0)
(6.8146956 2.65066199503 0)
(7.0650773 2.5049825968 0)
(7.0819861 2.81576126249 0)
(7.3438288 2.65139576663 0)
(7.3609306 2.96574935621 0)
(5.9738999 1.65845628667 0)
(6.2203857 1.4975265628 0)
(5.9580748 1.36252258299 0)
(6.1895386 1.20285701926 0)
(5.9393232 1.06720318932 0)
(6.169938 0.90745823892 0)
(5.9321457 0.788987181959 0)
(6.1712369 0.613462228509 0)
(5.8938977 0.498626947829 0)
(6.1544163 0.317973442641 0)
(5.9069176 0.182471931907 0)
(6.1432914 0.0171563032635 0)
(5.8775736 -0.119545875009 0)
(6.1260313 -0.283064199744 0)
(5.8580959 -0.419991454285 0)
(6.1083767 -0.583424313738 0)
(5.8400363 -0.720923046141 0)
(6.1116364 -0.886698950883 0)
(5.8256124 -1.02355112681 0)
(6.0987316 -1.19022559681 0)
(5.8076153 -1.32688187726 0)
(6.3652928 -0.748293397464 0)
(6.0647814 -1.4940627355 0)
(5.7863656 -1.6323000152 0)
(0.43343935 -0.368682874215 0)
(6.0429153 -1.80001376622 0)
(5.7704123 -1.93646660615 0)
(6.032439 -2.11599397054 0)
(5.75774 -2.26071891498 0)
(6.0129734 -2.42951126444 0)
(5.7347304 -2.58227699337 0)
(5.995479 -2.74720452895 0)
(6.2805362 -2.60194977936 0)
(5.7083592 -2.88965442614 0)
(6.2642313 -2.92367217671 0)
(6.548677 -2.78626791656 0)
(6.5385116 -3.10386920167 0)
(6.8266261 -2.96638356707 0)
(7.6308867 2.7894756009 0)
(7.6461005 3.11915819674 0)
(6.816286 -3.28666140489 0)
(7.1072924 -3.15203260652 0)
(7.9220057 2.93876232292 0)
(7.9366895 3.26554519565 0)
(7.1004072 -3.47446646426 0)
(7.4049885 -3.3195705815 0)
(8.2165254 3.08808266158 0)
(8.2320842 3.42154160998 0)
(7.3949238 -3.65396561472 0)
(7.6891179 -3.52184857104 0)
(7.1374723 -3.81621442234 0)
(8.516042 3.23853242754 0)
(8.5354522 3.57608557477 0)
(7.6866857 -3.84748198861 0)
(7.9937848 -3.69775739595 0)
(0.97029931 5.7630025179 0)
(7.9866303 -4.03732334758 0)
(8.3003862 -3.88505238733 0)
(8.8221996 3.39341965276 0)
(8.837906 3.74144768373 0)
(8.5444669 3.92743773648 0)
(8.8541389 4.09105527768 0)
(8.5615099 4.28769453599 0)
(8.8891132 4.44701749832 0)
(8.2760679 -4.25092317038 0)
(8.600149 -4.08724959636 0)
(9.1327187 3.55440543 0)
(8.5693639 4.63316420272 0)
(8.5922615 -4.43734401682 0)
(8.9070409 4.80320074338 0)
(8.9128132 -4.28409823246 0)
(-5.1330024 3.19078572445 0)
(8.8890764 -4.6623910386 0)
(8.5291399 -4.83102170078 0)
(8.5777344 4.99607408696 0)
(9.2248494 -4.48951432712 0)
(8.9052979 5.16407809001 0)
(4.3686509 2.79570187987 0)
(9.2471192 -4.11746177518 0)
(5.4531395 -2.73423198832 0)
(5.4233804 -3.03081399315 0)
(5.1659576 -2.86687439287 0)
(5.1413919 -3.16676102425 0)
(4.889904 -3.00834377388 0)
(4.8646544 -3.30024867753 0)
(4.6219728 -3.15278327033 0)
(4.5919702 -3.43218374159 0)
(4.3507395 -3.27872555407 0)
(4.3273996 -3.56327828509 0)
(4.0861489 -3.40264485821 0)
(0.22273133 -0.545646777372 0)
(4.0726101 -3.68228386464 0)
(3.8290236 -3.53011901474 0)
(3.8186993 -3.84687213089 0)
(3.5751003 -3.66463598234 0)
(3.5535451 -3.9415736728 0)
(3.3217122 -3.78718080714 0)
(3.3029086 -4.06547778861 0)
(3.0723557 -3.91180375457 0)
(3.0536781 -4.18863896189 0)
(2.8242105 -4.03561355316 0)
(2.8056441 -4.31170277548 0)
(3.0539954 -4.48299256417 0)
(2.5769506 -4.15900928001 0)
(2.5573337 -4.43388636938 0)
(2.3294483 -4.28175115921 0)
(-0.28996497 -0.488600435866 0)
(-0.034241778 -0.569512687825 0)
(2.3104844 -4.55727029078 0)
(2.0816856 -4.40460001495 0)
(2.0628184 -4.68043546146 0)
(1.833311 -4.52719714298 0)
(1.8133519 -4.80216591265 0)
(1.582389 -4.6495276196 0)
(1.5634861 -4.92680216806 0)
(1.331696 -4.77324885967 0)
(1.3101021 -5.04901753564 0)
(1.0780674 -4.89719519156 0)
(1.0547982 -5.17670647603 0)
(0.81665856 -5.02122781836 0)
(0.80206721 -5.30439046441 0)
(0.55312071 -5.14954734545 0)
(1.5517903 -5.22482408468 0)
(0.53244389 -5.44654311692 0)
(0.28241844 -5.27919753686 0)
(0.25425724 -5.58545734404 0)
(0.0037115587 -5.41317979874 0)
(-0.01978324 -5.72526634354 0)
(0.24419817 -5.8975044275 0)
(-0.27454311 -5.54334769624 0)
(-0.30275794 -5.86753369543 0)
(9.2006699 -4.87372800444 0)
(9.5430602 -4.69611535965 0)
(8.5909655 5.3596212622 0)
(-0.56970635 -5.68834626697 0)
(-0.59464536 -6.01459416706 0)
(9.5235508 -5.07448133129 0)
(8.9144769 5.52429734907 0)
(9.2289326 5.33308600226 0)
(1.1526697 4.83280583264 0)
(4.1111071 -3.07706689366 0)
(9.2530479 5.69840998388 0)
(9.563596 5.50376932479 0)
(9.8667155 -4.90109750212 0)
(9.8472224 -5.28796022226 0)
(3.5137533 3.33017689454 0)
(5.6237847 0.0718258764782 0)
(8.6023523 5.72178639469 0)
(-0.5405347 -5.30999878512 0)
(-0.47185835 -0.30129617638 0)
(-0.8348072 -5.49871822074 0)
(-0.81341904 -5.18867789634 0)
(-4.0352965 3.81793711134 0)
(-1.9423234 4.98968208766 0)
(-1.0991824 -5.32766420753 0)
(-1.0775492 -5.01324867698 0)
(9.1144057 3.201423431 0)
(9.429216 3.3643192125 0)
(9.594537 5.87987743015 0)
(9.9039705 5.6763338388 0)
(9.4110506 3.00871098963 0)
(9.7303627 3.17113472941 0)
(-1.3601111 -5.15009238241 0)
(-1.342893 -4.83777499292 0)
(10.194454 -5.11185919693 0)
(10.17627 -5.50201419883 0)
(2.0281312 4.29247077124 0)
(-2.9694888 4.41944942467 0)
(9.9158794 6.07034424571 0)
(10.244536 5.85371681561 0)
(9.7114047 2.81267046024 0)
(10.03337 2.97358298974 0)
(10.015905 2.61197584799 0)
(10.342304 2.7785161018 0)
(10.323506 2.40790387723 0)
(10.653136 2.57436610794 0)
(10.634952 2.20179198834 0)
(-1.6209258 -4.97362198251 0)
(-1.603882 -4.66271300305 0)
(-3.7300208 4.88017037165 0)
(10.255795 6.25389218379 0)
(10.528318 -5.32370562258 0)
(10.506248 -5.72235957082 0)
(10.152074 -5.90361966138 0)
(10.591747 6.03199022523 0)
(10.971024 2.37400296411 0)
(10.95134 1.99635054731 0)
(3.0982938 -3.64801244997 0)
(-1.8806816 -4.79908360874 0)
(-1.8945779 -5.12403313264 0)
(-1.8588079 -4.49020455622 0)
(10.48523 -6.12406592073 0)
(10.126563 -6.31143155087 0)
(10.605742 6.43353391947 0)
(-2.1391627 -4.62403042081 0)
(-2.1165409 -4.31610115207 0)
(10.860289 -5.53495637091 0)
(10.883742 -5.13858907521 0)
(0.82768346 -4.73527468089 0)
(10.945044 6.21261143757 0)
(11.291404 2.16935477529 0)
(11.275492 1.79258603174 0)
(10.959159 6.61933956269 0)
(10.215379 6.66906580772 0)
(2.0984371 -4.13063729349 0)
(-2.3967221 -4.44935822248 0)
(-2.3711733 -4.1400605167 0)
(10.463211 -6.52993484969 0)
(10.097459 -6.71390353387 0)
(11.21951 -5.35117556543 0)
(11.242609 -4.95224622959 0)
(11.30303 6.39592621587 0)
(11.320009 6.79893895718 0)
(11.616104 1.96257970652 0)
(-2.6550969 -4.27487995911 0)
(-2.6283572 -3.96461815452 0)
(11.600007 1.58122326281 0)
(10.440339 -6.93835796074 0)
(10.072277 -7.12183588206 0)
(11.580525 -5.16408411413 0)
(11.604926 -4.76323070943 0)
(-1.5852669 -4.35666823005 0)
(11.664408 6.58049147807 0)
(11.683855 6.99147169886 0)
(-2.9136788 -4.10087535543 0)
(-2.8831328 -3.78318246219 0)
(11.944193 1.75250123354 0)
(-4.8148484 4.30052611477 0)
(4.3077526 -3.85460834784 0)
(11.923732 1.36121373631 0)
(11.949913 -4.98806094063 0)
(-2.9298925 -4.41750760904 0)
(-3.1749092 -3.92445375569 0)
(-3.1527475 -3.6088393953 0)
(10.41763 -7.35044806199 0)
(10.043668 -7.53820379242 0)
(11.970438 -4.57712303444 0)
(12.033252 6.76958546287 0)
(12.051661 7.18534398765 0)
(11.688973 7.40650827863 0)
(-2.5806381 -3.65393067166 0)
(12.275599 1.53832507946 0)
(12.068829 7.60522445897 0)
(7.9793024 -3.29444136365 0)
(12.313627 -4.79070257157 0)
(12.338229 -4.38301466537 0)
(-3.4417197 -3.74722018096 0)
(-3.4195073 -3.4243592424 0)
(12.395089 6.94464886142 0)
(10.394603 -7.76838573417 0)
(10.01922 -7.95616737073 0)
(11.700435 7.82911065558 0)
(12.086494 8.02950157116 0)
(12.688925 -4.61125718283 0)
(12.632004 -5.08671283529 0)
(12.709381 -4.19352057498 0)
(-3.7127614 -3.56615874297 0)
(-3.6895934 -3.23790346393 0)
(10.928584 1.61499338102 0)
(9.6681252 -7.72565083182 0)
(9.6429301 -8.14298917159 0)
(9.2981923 -7.92036227629 0)
(9.2686446 -8.32914825473 0)
(8.9260172 -8.10842375734 0)
(8.8959646 -8.51421223085 0)
(8.5516297 -8.28607205678 0)
(10.370217 -8.19034694756 0)
(11.713124 8.25830844189 0)
(13.038243 -4.84813393526 0)
(13.022596 -5.26134181709 0)
(6.4139957 0.475953618803 0)
(8.2776157 5.55411498131 0)
(8.2876972 5.91584852875 0)
(7.9657156 5.74859921942 0)
(7.9764222 6.111913527 0)
(7.6596966 5.95122740044 0)
(7.6664742 6.30702349489 0)
(7.3511785 6.1470656607 0)
(7.3595466 6.50405164352 0)
(7.0398768 6.33402111708 0)
(7.0510806 6.69611792104 0)
(6.7317353 6.52575105838 0)
(6.7424758 6.88744974896 0)
(7.0665253 7.06066496439 0)
(6.752179 7.25545328447 0)
(7.0822246 7.43143016025 0)
(6.762067 7.62910899572 0)
(7.0931746 7.81006589685 0)
(6.4326527 7.45104496752 0)
(6.442186 7.82575609387 0)
(6.1120453 7.64816418856 0)
(6.1211579 8.01987792026 0)
(5.7922542 7.84395772784 0)
(5.8014566 8.2154491888 0)
(5.4727062 8.03968669736 0)
(5.4811848 8.41019311308 0)
(5.1527487 8.2351363826 0)
(5.7909753 8.6051560748 0)
(5.1612254 8.60651197901 0)
(4.8320636 8.4311758575 0)
(4.8391549 8.80139336726 0)
(4.5102642 8.62728149749 0)
(8.524108 -8.69653543835 0)
(8.1810498 -8.46932953731 0)
(12.104569 8.45849958142 0)
(-3.9884038 -3.38181672689 0)
(-4.0117455 -3.7156915734 0)
(-3.9613247 -3.05126091548 0)
(-3.6838043 -2.90905845018 0)
(-3.9323617 -2.72436212416 0)
(-3.6653777 -2.58656104669 0)
(-3.9040232 -2.40748708604 0)
(-3.6292957 -2.26298542208 0)
(-3.8770508 -2.09912402928 0)
(-3.608637 -1.95198897825 0)
(-3.8502038 -1.79821220374 0)
(-3.5883349 -1.66604694639 0)
(-3.8253323 -1.5082416561 0)
(-3.5637774 -1.38890420056 0)
(-3.3375094 -1.5401578979 0)
(-3.3160035 -1.27322114953 0)
(-3.5375144 -1.12050245119 0)
(-3.2955366 -1.00952725519 0)
(-3.105275 -1.43325135467 0)
(-3.5090382 -0.856946729492 0)
(-3.2733527 -0.749519118356 0)
(-4.0888056 -1.62388604236 0)
(-3.4830965 -0.598677150616 0)
(-3.2513824 -0.493177082913 0)
(12.289855 1.92832402887 0)
(12.634036 1.71272658775 0)
(12.610911 1.31710784499 0)
(12.971641 1.49922977781 0)
(12.979258 1.88488707458 0)
(12.949763 1.09290261207 0)
(13.314899 1.27861391844 0)
(13.292994 0.866791583754 0)
(4.5172848 8.99890803462 0)
(4.1872112 8.82426630291 0)
(-3.4587636 -0.344158419117 0)
(-3.2277747 -0.242142123344 0)
(8.1535443 -8.87909783492 0)
(7.809906 -8.65486552248 0)
(-4.2322027 -2.86120069233 0)
(12.358143 -3.96776095713 0)
(13.398084 -5.0757370951 0)
(13.390684 -5.48191809451 0)
(11.727498 8.68964349559 0)
(4.1976193 9.20320453052 0)
(3.8630535 9.02299543582 0)
(-3.0291732 -0.385173089416 0)
(-3.0056896 -0.142058392318 0)
(-3.2008365 -0.00301297733124 0)
(-2.9837027 0.0945013436566 0)
(7.7844498 -9.06270178943 0)
(7.4412723 -8.83891815029 0)
(-3.171917 0.232383900633 0)
(-2.9587003 0.324664106768 0)
(12.123069 8.89152411756 0)
(12.483036 8.67644456257 0)
(13.6624 1.05472408569 0)
(13.628556 0.629289672563 0)
(5.5486817 -1.15855693447 0)
(8.8639318 -8.93292544665 0)
(4.5827853 9.39386286047 0)
(3.8735984 9.40438597461 0)
(3.536542 9.22229295808 0)
(7.415339 -9.24885712618 0)
(7.075422 -9.0200503929 0)
(7.1004459 -8.61506113237 0)
(6.7392431 -8.79344266677 0)
(6.7648927 -8.39355100553 0)
(6.4087683 -8.57120534844 0)
(6.3821002 -8.96808300935 0)
(6.0515671 -8.74526993923 0)
(6.0255633 -9.13844188498 0)
(5.6961986 -8.91761778878 0)
(5.7245284 -8.52708090524 0)
(5.3666236 -8.69814942552 0)
(5.3402798 -9.08918466811 0)
(5.0088786 -8.86804036512 0)
(4.9860467 -9.25985824071 0)
(4.6565162 -9.03781555945 0)
(-3.1447484 0.463531755161 0)
(-2.9333899 0.554583106129 0)
(4.6296122 -9.43142517753 0)
(4.3027426 -9.20760714101 0)
(-2.818163 -0.278086375863 0)
(-3.1172102 0.693186305276 0)
(-2.9061494 0.782470992359 0)
(-3.3299074 0.608246710866 0)
(-2.7277728 0.648080499178 0)
(-2.7024567 0.867081190223 0)
(4.3315837 -8.81659203653 0)
(3.9815696 -8.98465218253 0)
(3.9472945 -9.37626814193 0)
(3.6256861 -9.1515489675 0)
(3.5894493 -9.54466799132 0)
(3.2662711 -9.32347591964 0)
(12.510821 9.0988265346 0)
(12.873914 8.88077989651 0)
(13.761936 -5.30519775285 0)
(13.771005 -5.71661630355 0)
(3.5470443 9.60603605703 0)
(3.2075911 9.42262336807 0)
(11.75463 9.12348262519 0)
(14.012034 0.826715484144 0)
(13.979102 0.403053167998 0)
(-2.531194 0.737889818729 0)
(-2.5057157 0.949185077714 0)
(-2.673926 1.07862695326 0)
(-2.4774254 1.1586253386 0)
(5.1459071 7.8644005072 0)
(-2.3162532 1.03117956261 0)
(-2.2836299 1.23898359435 0)
(-2.4473365 1.36631118756 0)
(-2.2539496 1.44015883459 0)
(-2.0943303 1.31661610166 0)
(-2.0644658 1.51271458624 0)
(-1.9101301 1.38807483584 0)
(-1.8922462 1.58328238358 0)
(-2.0346001 1.70548211021 0)
(-1.8517244 1.77371129781 0)
(-1.700441 1.61710850194 0)
(-1.66803 1.83852360333 0)
(-1.5154417 1.70731777135 0)
(-1.4897604 1.90154176966 0)
(-1.3489996 1.7909567973 0)
(-1.3157081 1.96823471071 0)
(-1.1771292 1.86044875302 0)
(-1.142614 2.03269850274 0)
(-1.0041079 1.92219250014 0)
(-0.97065602 2.09513298819 0)
(-0.83476674 1.97950519078 0)
(-0.79919798 2.15519709737 0)
(-0.66749834 2.03826160723 0)
(-0.63195133 2.21660871308 0)
(-0.49691529 2.09994122732 0)
(-0.46434417 2.27773731674 0)
(-0.32708332 2.1640585227 0)
(-0.29455431 2.3326478708 0)
(-0.15963086 2.22488922179 0)
(-0.40672464 2.44218774568 0)
(-0.12712131 2.39317981217 0)
(0.0097071382 2.28410853621 0)
(-1.1106557 2.21347249796 0)
(0.038929381 2.46167676683 0)
(0.17933813 2.34558288196 0)
(0.20892837 2.52625521415 0)
(0.34771779 2.40781809316 0)
(0.31829181 2.23007815424 0)
(0.48485945 2.29030994215 0)
(0.45238654 2.11673331358 0)
(0.61519724 2.17553311696 0)
(0.58424531 2.00858645522 0)
(0.74253108 2.06467384423 0)
(0.71278404 1.90279222328 0)
(0.86693652 1.95719691404 0)
(0.83771637 1.79892399549 0)
(0.98880388 1.85219724091 0)
(0.9602342 1.6967126188 0)
(1.1058337 1.74551190361 0)
(1.0801495 1.59499129244 0)
(1.2240436 1.64312179623 0)
(1.1981276 1.49723970067 0)
(1.3448291 1.54648690781 0)
(1.3179932 1.39429878175 0)
(1.4629623 1.44674094573 0)
(1.4404623 1.29441447959 0)
(1.5813192 1.3471131225 0)
(1.5538547 1.19456692938 0)
(1.6994131 1.24736067256 0)
(1.6711516 1.09248707567 0)
(1.826639 1.15443903803 0)
(1.7919309 0.990263641867 0)
(1.951108 1.05329818774 0)
(1.9149813 0.884094933783 0)
(2.0708358 0.93998365637 0)
(2.0394343 0.772975422118 0)
(2.1996864 0.830078645956 0)
(2.1673944 0.657753371251 0)
(2.3332181 0.717864367433 0)
(2.3001189 0.540659791094 0)
(2.4710866 0.602784351239 0)
(2.4373037 0.424374840456 0)
(1.3570474 1.69328677055 0)
(2.265869 0.362751332658 0)
(2.4021949 0.24553132463 0)
(2.232163 0.187242481825 0)
(2.3672679 0.0689032626974 0)
(2.1986106 0.0112568219706 0)
(2.3325991 -0.106489240877 0)
(2.1699869 -0.165673001853 0)
(2.2991949 -0.28114921015 0)
(2.1388502 -0.340386933474 0)
(2.2659664 -0.455250231475 0)
(2.1003867 -0.513566947782 0)
(2.2316188 -0.629482420362 0)
(2.0631944 -0.688487362808 0)
(2.4554928 -0.233762501441 0)
(2.1965285 -0.804342674325 0)
(2.0277974 -0.864058472659 0)
(1.8475452 1.30331435458 0)
(2.6144783 0.473445913087 0)
(2.1660987 -0.983672347973 0)
(1.9939169 -1.03960906613 0)
(2.3464893 -0.938052623867 0)
(2.3699017 0.8906604793 0)
(0.90525286 2.10487116955 0)
(2.1319883 -1.162823624 0)
(1.9574866 -1.21772521179 0)
(3.2296977 -9.71555333924 0)
(2.9043761 -9.49280442718 0)
(12.898076 9.31486627992 0)
(13.266946 9.09005067056 0)
(3.8582787 8.65080268557 0)
(-1.8242835 1.9675668484 0)
(4.0118431 -8.59515873158 0)
(-6.0131683 3.73794654391 0)
(3.2181928 9.80910570517 0)
(2.8765516 9.62399295456 0)
(7.6157816 2.47164182733 0)
(14.128742 -5.5420176865 0)
(14.129311 -5.97095435091 0)
(14.101431 -5.10241311533 0)
(2.8675118 -9.88673121809 0)
(2.5364822 -9.65704720878 0)
(14.368392 0.599485962457 0)
(14.39037 1.02413617834 0)
(14.334688 0.174180780228 0)
(2.0953987 -1.34091907419 0)
(1.9200218 -1.39765224615 0)
(12.380376 6.54448640803 0)
(12.748337 6.71582486659 0)
(13.2927 9.52619685937 0)
(13.666113 9.29769453276 0)
(1.7842285 -1.27693356089 0)
(1.746123 -1.45446349493 0)
(2.8861888 3.74755947002 0)
(1.6131037 -1.33583478079 0)
(1.5759986 -1.51062856 0)
(1.7086257 -1.63051229246 0)
(1.5369335 -1.68498762084 0)
(1.4038891 -1.56372980729 0)
(1.3665362 -1.73732808745 0)
(1.2361673 -1.6210642268 0)
(1.1995791 -1.78898941166 0)
(1.0783766 -1.67444515459 0)
(1.0369426 -1.83980548303 0)
(0.9044459 -1.70293596203 0)
(0.87311546 -1.88667721212 0)
(0.74522949 -1.77736357151 0)
(0.71115165 -1.94162812947 0)
(0.5870527 -1.83389914619 0)
(0.54843391 -1.99576900298 0)
(0.42277058 -1.8859951151 0)
(0.38281926 -2.04963717031 0)
(0.25319449 -1.92882754744 0)
(0.21416265 -2.10146609451 0)
(0.0815419 -1.98092415622 0)
(0.041374645 -2.15714264705 0)
(-0.095046779 -2.03349910218 0)
(0.67693036 -2.11265559608 0)
(-0.13544808 -2.21542276799 0)
(-0.27390357 -2.08835926054 0)
(-3.6961364 -0.448804851729 0)
(13.258098 0.442787602882 0)
(0.38087302 2.59063405269 0)
(0.23803617 2.71104011518 0)
(2.5022048 -10.0575876431 0)
(2.1698993 -9.82607909208 0)
(-0.0024324873 -2.33360814582 0)
(2.8865303 10.0138170617 0)
(2.5447983 9.82605307738 0)
(2.5377177 9.4384215449 0)
(2.2050836 9.6394352487 0)
(2.2116949 10.0258209801 0)
(1.8736336 9.83652130707 0)
(12.734273 6.31309576071 0)
(13.104732 6.48522821839 0)
(1.3271501 -1.90993341067 0)
(2.5443373 -9.23810780513 0)
(1.867864 9.45240105472 0)
(1.5366673 9.6471875839 0)
(1.5405589 10.0336951021 0)
(1.2036128 9.84088148856 0)
(13.696525 9.72337528265 0)
(14.089213 9.45907454071 0)
(-1.3743886 1.60925066221 0)
(1.7593798 0.836422035495 0)
(1.204852 10.2307755789 0)
(0.86820511 10.0357325164 0)
(0.8623782 9.65830627767 0)
(0.53197591 9.8426500546 0)
(13.087942 6.06487928926 0)
(13.464091 6.2517492987 0)
(14.475083 -5.79381307333 0)
(14.469169 -6.22683350722 0)
(3.2320785 10.2018336338 0)
(0.55795936 1.84631108865 0)
(0.53168366 10.2303264493 0)
(0.19398579 10.0333000176 0)
(11.35156 8.91852951317 0)
(11.379907 9.34845887605 0)
(13.447222 5.82816354409 0)
(13.815609 6.03656206249 0)
(13.814946 5.6053234443 0)
(14.214931 5.87809475773 0)
(3.1999729 -10.1100543485 0)
(14.186705 5.38296859614 0)
(14.578268 5.57893075256 0)
(2.1357825 -10.2299495571 0)
(1.8008158 -9.99784486041 0)
(14.722755 0.367815109377 0)
(14.703386 -0.0638912491662 0)
(-0.31635525 -2.273984915 0)
(-0.45950318 -2.14331439402 0)
(14.093129 -6.4117946643 0)
(14.428254 -6.6542663245 0)
(14.073513 -6.8549945544 0)
(14.402986 -7.09592383743 0)
(14.032215 -7.29662381081 0)
(14.408915 -7.54458825273 0)
(14.008882 -7.74387102584 0)
(14.414438 -8.00523968247 0)
(13.976202 -8.19731908839 0)
(14.383222 -8.45145094525 0)
(13.947614 -8.64966400822 0)
(14.344481 -8.90262214618 0)
(13.910233 -9.09638189606 0)
(14.315255 -9.35984354033 0)
(13.873004 -9.53928931807 0)
(1.9426109 -0.577183845125 0)
(7.0206705 5.99488094242 0)
(14.554732 5.13581284674 0)
(0.41786058 2.77778548568 0)
(0.26793736 2.90012158184 0)
(14.088318 9.93165313121 0)
(14.500852 9.6449525953 0)
(2.0267805 -0.0479673923955 0)
(14.283758 -9.81444947878 0)
(-0.35743582 1.99149792913 0)
(10.990963 9.14776450578 0)
(11.017904 9.58596806136 0)
(5.6798938 0.934745315104 0)
(13.285565 9.9771265024 0)
(1.7654317 -10.4057821315 0)
(1.4308733 -10.1703176999 0)
(1.4666055 -9.76344933272 0)
(1.1068858 -9.95516543016 0)
(1.0600095 -10.3406493011 0)
(0.72942073 -10.107600797 0)
(0.191425 10.4252992112 0)
(-0.14622486 10.2253710057 0)
(-0.1476318 9.84413638917 0)
(-0.48429294 10.0262924029 0)
(-0.48872053 10.4169665028 0)
(-0.82730025 10.2152628009 0)
(-0.83068781 9.77819525659 0)
(-1.1631203 10.0102200542 0)
(-1.1744807 10.4083663408 0)
(-1.5152925 10.1994414167 0)
(-1.5062683 9.80401030414 0)
(-1.8555204 9.98932317137 0)
(-1.8503515 9.60175164674 0)
(-2.1951647 9.78063286478 0)
(-2.1828954 9.38194893811 0)
(-2.5355564 9.56663954342 0)
(-2.5477351 9.97049995593 0)
(-2.8896884 9.75595482271 0)
(-2.8766696 9.35153646737 0)
(-3.2320047 9.53936315604 0)
(-3.2166134 9.13573483643 0)
(-3.5742826 9.32454677402 0)
(-3.5576877 8.92238741199 0)
(-3.9173549 9.10922120769 0)
(-3.9344757 9.51679858576 0)
(-4.2811092 9.29721951059 0)
(-4.2590596 8.89168206631 0)
(-4.3002021 9.7114198186 0)
(-4.6272735 9.07559838773 0)
(-4.6055979 8.66753192177 0)
(-4.9758749 8.85248842194 0)
(-4.9565886 8.44108085025 0)
(0.78131759 -9.73444651105 0)
(0.35634201 -9.85371434053 0)
(0.35014883 -10.2718414734 0)
(0.001512601 -10.0498761729 0)
(-0.017338781 -10.4416261591 0)
(-0.3566189 -10.2032448612 0)
(-3.3051651 0.838153932539 0)
(-3.5240078 0.750622710435 0)
(-0.91864786 6.42113102451 0)
(14.811102 -6.50948216461 0)
(-3.4983149 0.986819907877 0)
(-3.7261086 0.890958721841 0)
(14.759006 -8.7032718604 0)
(-0.35016204 -9.75966755343 0)
(-0.6862882 -9.95607326799 0)
(-0.73363638 -10.3708667789 0)
(-1.0697604 -10.1226964793 0)
(-1.0261545 -9.65264789446 0)
(-1.4053032 -9.86447593745 0)
(-1.3821317 -9.44740354206 0)
(-1.7424359 -9.6220842993 0)
(-1.6939536 -9.21273654319 0)
(-2.0720755 -9.37701046871 0)
(-2.1201039 -9.7919595419 0)
(-2.4565799 -9.54191804303 0)
(-2.3950283 -9.11605501941 0)
(-2.7924029 -9.28428982491 0)
(-2.8449811 -9.70805471204 0)
(-3.1826841 -9.45086188351 0)
(-3.1317446 -9.02823998047 0)
(-3.5194931 -9.1936566201 0)
(-3.4675423 -8.7735393882 0)
(-3.8557962 -8.93587124287 0)
(-3.8787838 -9.38244754651 0)
(-3.8065237 -8.52275707998 0)
(-4.192024 -8.67957087752 0)
(-4.144034 -8.26650033261 0)
(-4.5295766 -8.42434756245 0)
(-4.4767419 -8.00498238734 0)
(-4.86551 -8.16703744817 0)
(-4.814244 -7.74051306369 0)
(13.8614 -10.0066132407 0)
(-1.1182665 -10.5410441693 0)
(14.946867 5.33686001878 0)
(14.985752 5.83836729805 0)
(14.924251 4.89406596204 0)
(10.632 9.38146976702 0)
(10.644459 9.81098452868 0)
(-1.5282344 10.6033475883 0)
(-0.86477878 1.82263141395 0)
(-0.50408848 -2.33872052074 0)
(-0.65298672 -2.20059412362 0)
(-0.60531196 -2.00793248663 0)
(-0.79696172 -2.06193956982 0)
(-0.75231161 -1.86829722219 0)
(-0.9404501 -1.92541647511 0)
(-0.89924397 -1.73647916422 0)
(14.497028 10.1463433244 0)
(1.411594 1.15032421075 0)
(10.000904 2.25633698713 0)
(10.263467 9.61290497329 0)
(10.274373 10.0408472705 0)
(10.666879 10.266909207 0)
(9.8941989 9.84421061557 0)
(9.9070636 10.2752276837 0)
(9.524954 10.0754982411 0)
(12.72858 -3.77642722948 0)
(12.37768 -3.55223311468 0)
(4.958325 -9.65836951987 0)
(10.946466 2.7745989278 0)
(-5.2007267 -7.90912389001 0)
(-5.1521614 -7.47767443151 0)
(-5.2572775 -8.33169624542 0)
(2.1066049 -10.6401115594 0)
(7.7483013 -9.47535371018 0)
(1.1334881 -1.5083764254 0)
(15.088311 0.133901701411 0)
(15.065678 -0.306348933873 0)
(1.0505195 1.45319929309 0)
(6.787131 2.99162777005 0)
(7.1263624 -2.80260256974 0)
(2.9250479 4.50367610492 0)
(14.902224 9.90125489024 0)
(0.45328583 2.96923951023 0)
(0.29929499 3.09591095895 0)
(2.2939462 -4.83501972198 0)
(1.5941493 5.30120615592 0)
(-5.326644 8.63033251672 0)
(-5.3048526 8.21685727369 0)
(-5.3488239 9.04070236893 0)
(4.1833971 3.6751804962 0)
(9.534754 10.501598694 0)
(9.1562355 10.3077006974 0)
(-1.0817752 -1.79287126668 0)
(-1.0383626 -1.61769358339 0)
(-1.1201955 -1.99045226079 0)
(-0.70103407 -2.40046127452 0)
(-0.54509849 -2.54233756159 0)
(-3.3924275 -8.37694660037 0)
(14.91664 10.3749959509 0)
(15.320036 5.09681487358 0)
(15.29825 4.64994558195 0)
(14.261307 -10.2765970467 0)
(14.678163 -10.0695802274 0)
(-4.5802929 8.26519325469 0)
(-4.4213766 -7.58654201725 0)
(-3.6965113 1.14358394998 0)
(-3.93275 1.04216454325 0)
(13.843789 -10.4833162845 0)
(13.447865 -10.2160672559 0)
(-0.056379257 -1.8589595972 0)
(5.1062742 -3.47635174297 0)
(-5.5395839 -7.65039254232 0)
(-5.486829 -7.22509979737 0)
(12.747513 -3.36008997406 0)
(12.397154 -3.1363329063 0)
(-1.176042 6.57527345298 0)
(-0.90852375 6.72213480608 0)
(9.16689 10.7354597004 0)
(8.7867701 10.5395924393 0)
(15.458789 -0.103489931955 0)
(15.434712 -0.545605021914 0)
(15.468634 0.335976441715 0)
(-1.2197279 -1.66196204066 0)
(-1.1522209 -1.4679709969 0)
(15.324355 10.1039495624 0)
(15.318455 9.57498283368 0)
(15.334727 10.593207502 0)
(14.487053 10.6341106441 0)
(0.60959637 -1.6708000425 0)
(14.655778 -10.5355531097 0)
(15.067447 -10.3351669869 0)
(13.414794 5.39347054553 0)
(0.51697339 -0.223472009588 0)
(-0.54504093 -0.142323760692 0)
(0.51834995 0.203024829959 0)
(13.427396 -10.6928977922 0)
(13.033599 -10.4289951829 0)
(-5.677937 8.40534314614 0)
(-5.6571438 7.98934322701 0)
(-1.3266804 -9.0492374192 0)
(5.006893 2.29931349879 0)
(0.48589078 3.16489333764 0)
(0.32900625 3.29123989507 0)
(0.64102089 3.03604593544 0)
(9.5690417 10.9015288478 0)
(15.696521 4.85554573671 0)
(15.674302 4.40742915875 0)
(10.946476 5.76589892748 0)
(-0.87624064 -1.56713004251 0)
(8.7961953 10.9660425996 0)
(8.4142681 10.7696063439 0)
(8.6059907 -7.87860894971 0)
(-8.0032518 1.81555800189 0)
(-1.3553792 -1.52982474454 0)
(-1.3098249 -1.34194965558 0)
(13.012779 -10.9057078104 0)
(12.618166 -10.639800995 0)
(-5.8765128 -7.39403773281 0)
(-5.8219038 -6.97152030465 0)
(-5.4336553 -6.80632136055 0)
(-5.7660345 -6.55334139705 0)
(-0.74828267 -2.60720480119 0)
(-0.58529538 -2.75317740907 0)
(15.049741 -10.796578201 0)
(15.464372 -10.594109936 0)
(-3.2048723 8.73765225938 0)
(12.766047 -2.92196124086 0)
(12.424109 -2.73192456225 0)
(12.051187 -2.91383618401 0)
(12.108888 -2.46791768189 0)
(13.102361 -3.10350443958 0)
(11.713545 -2.68409999878 0)
(11.723978 -2.29127836327 0)
(11.368283 -2.47000692921 0)
(11.38457 -2.07002384169 0)
(11.032175 -2.25288680464 0)
(11.049099 -1.8578203279 0)
(10.701104 -2.03855184542 0)
(10.715471 -1.65314298877 0)
(10.3734 -1.82712957248 0)
(10.387786 -1.44516322442 0)
(10.051465 -1.61869535361 0)
(10.065059 -1.24123034957 0)
(9.7335086 -1.41268538572 0)
(9.7492801 -1.03988593803 0)
(9.4202842 -1.21000236591 0)
(9.4363883 -0.839913922795 0)
(9.8811584 9.41180003437 0)
(15.830718 -0.343497593088 0)
(15.806863 -0.786393535029 0)
(-3.9013666 1.29697185192 0)
(-4.1443864 1.19607810851 0)
(-4.1749663 0.932873848146 0)
(-4.4026824 1.10920647702 0)
(-4.4275558 0.818103462292 0)
(-4.6645703 1.0036086079 0)
(-4.6922538 0.70463221412 0)
(15.744654 10.3184140708 0)
(15.758241 10.804933322 0)
(0.13953014 3.21870779015 0)
(0.16973258 3.42376266195 0)
(-0.024884031 3.34764624051 0)
(0.0091660322 3.56055813947 0)
(-0.18285115 3.49452800419 0)
(-0.15488395 3.70104829496 0)
(-0.35249609 3.63225392561 0)
(-6.1575215 -6.71301040228 0)
(-6.1001935 -6.29330832096 0)
(-1.1733436 6.88051260344 0)
(-0.89861909 7.03133777253 0)
(0.67656904 3.2336275208 0)
(0.83272303 3.10226007774 0)
(-4.9284926 0.874835095958 0)
(-4.9636865 0.578563392852 0)
(9.1128505 -1.00917935522 0)
(9.1280666 -0.646159109982 0)
(-6.034858 8.17985000536 0)
(-6.0119549 7.76070128303 0)
(-5.6409055 7.57287344102 0)
(-5.987931 7.34770688665 0)
(-5.6260706 7.16015666792 0)
(-5.9659705 6.93926802153 0)
(-5.2061457 0.750647514878 0)
(-5.2396433 0.451187137259 0)
(-5.4979077 0.628557423428 0)
(-5.5392783 0.317881009413 0)
(7.3847628 -9.66320394273 0)
(7.7229314 -9.89455524766 0)
(7.3549596 -10.08261409 0)
(7.7086209 -10.3182431768 0)
(7.3284869 -10.5069540854 0)
(7.6856572 -10.7465959762 0)
(7.2980582 -10.9379862504 0)
(7.6602674 -11.1800292896 0)
(8.0509728 -10.985693504 0)
(5.3993418 -8.30962821413 0)
(-5.379288 -6.39683477354 0)
(-1.4927921 -1.40107515726 0)
(-1.4476203 -1.22080469494 0)
(-1.539997 -1.58792789862 0)
(-1.273371 -1.16536014043 0)
(-1.4041793 -1.04112031798 0)
(-1.5782968 -1.09412343562 0)
(-1.523918 -0.923622700431 0)
(12.59596 -11.1134094896 0)
(12.208578 -10.8601885539 0)
(8.4292457 11.2047131971 0)
(8.0438127 11.0021189104 0)
(11.58676 -5.53609554636 0)
(-2.9009259 10.1641032801 0)
(7.675216 3.45560486375 0)
(-0.80534554 -4.8772748623 0)
(4.9216307 -2.68353984808 0)
(-5.801889 0.527087895158 0)
(-5.8478156 0.174380181258 0)
(10.788605 -7.16298972158 0)
(15.447269 -11.0575692154 0)
(15.872788 -10.8411919872 0)
(15.889634 -10.4108385619 0)
(7.4158168 7.60678427763 0)
(15.27573 4.20248833356 0)
(15.651502 3.95771102685 0)
(16.051872 4.16313569285 0)
(16.028195 3.71231359689 0)
(7.2647032 -11.3683269404 0)
(-1.362685 -0.86901274252 0)
(-1.475185 -0.757672684139 0)
(11.051664 -1.48007990443 0)
(13.959178 9.02410774914 0)
(-6.3305641 7.12238776387 0)
(-6.3075059 6.71355258471 0)
(13.415182 -11.1524838203 0)
(12.784646 -2.529080714 0)
(12.18195 -11.3258174067 0)
(11.794369 -11.0718636379 0)
(-0.32415164 3.84284769719 0)
(-0.53469391 3.76209915956 0)
(15.409595 -0.988522095256 0)
(15.781529 -1.23063229022 0)
(8.0261339 -11.4247185955 0)
(8.4223095 -11.2266442286 0)
(16.206294 -0.585376144115 0)
(13.531265 -8.84528598097 0)
(8.0596296 11.4403168602 0)
(7.6659457 11.2352515361 0)
(-6.101538 0.411104458903 0)
(-6.1530501 0.0288524113581 0)
(-5.8560972 -0.213898581192 0)
(-6.1916555 -0.321939845738 0)
(-6.4816383 -0.1124763492 0)
(-6.5171042 -0.471859569372 0)
(-6.220066 -0.68192328373 0)
(-6.5463228 -0.837918333622 0)
(-6.261725 -1.04973010646 0)
(-6.5850422 -1.20804631612 0)
(-6.2852042 -1.42030973434 0)
(-6.6138318 -1.58381625556 0)
(-6.3143243 -1.79852040387 0)
(-6.6484823 -1.96461770724 0)
(-6.343521 -2.18652262762 0)
(-6.6967305 -2.34890390346 0)
(-6.3777758 -2.57504454896 0)
(-6.7343363 -2.74027622465 0)
(-6.4098158 -2.96987635167 0)
(-6.7713483 -3.13549759498 0)
(-6.4429235 -3.36753195134 0)
(-6.8088879 -3.53491845204 0)
(7.430024 7.99260158388 0)
(7.7603476 7.78332408928 0)
(11.767133 -11.5365959502 0)
(-3.6631383 1.39896913486 0)
(-3.8795681 1.55167124979 0)
(-3.6344798 1.65464102566 0)
(-0.79739484 -2.82133407003 0)
(-0.62719055 -2.9738087331 0)
(8.8096523 -0.812570753134 0)
(8.8259746 -0.454415451438 0)
(9.1419954 -0.286833660824 0)
(8.8405216 -0.098474872373 0)
(-1.3240683 -0.709115232626 0)
(-1.4378555 -0.597662118166 0)
(10.066585 3.3318090374 0)
(10.074097 -0.876133839999 0)
(-3.8419102 1.81124819089 0)
(-3.6001474 1.91252895319 0)
(16.160189 10.5484650756 0)
(16.179267 11.0273046987 0)
(15.775839 11.2830615366 0)
(-6.495201 -6.45279088226 0)
(16.199679 11.5065514214 0)
(15.849191 -11.3177080059 0)
(-5.6056165 6.75978914837 0)
(-1.1707105 7.19174765692 0)
(-1.4476613 7.03580518231 0)
(-0.89033502 7.34295160901 0)
(-0.61862804 7.18046408211 0)
(-0.60931933 7.49754251202 0)
(-0.33423162 7.33013315839 0)
(7.6876229 11.6750213861 0)
(7.2883992 11.4686953096 0)
(0.86779428 3.30508507528 0)
(1.0271262 3.1706596473 0)
(7.6445371 10.7995264348 0)
(6.4969591 1.29166202174 0)
(-0.12671413 3.96023077214 0)
(-1.6702023 -0.939648504906 0)
(-0.49910913 3.98598651092 0)
(-0.712901 3.90432985396 0)
(-0.74859173 3.67721826871 0)
(-0.92520896 3.81536476088 0)
(-0.9624103 3.59216296571 0)
(-1.1395169 3.73087907233 0)
(-1.1770214 3.50752153795 0)
(-1.352279 3.64021121679 0)
(-1.3921137 3.42144614269 0)
(-1.5693161 3.55316167497 0)
(-1.6089096 3.33534461461 0)
(16.278161 -11.0988725521 0)
(-4.9069691 1.2064271751 0)
(15.384094 -1.43124489485 0)
(15.756405 -1.67539678355 0)
(8.4522617 11.6388333405 0)
(-3.3787998 -2.45172449173 0)
(16.432784 3.9165557874 0)
(16.40826 3.46023024475 0)
(15.424455 -11.5285333302 0)
(-0.32627251 7.65377330112 0)
(-0.049511815 7.48271095638 0)
(8.528574 -0.26252451249 0)
(8.5415963 0.0872095029348 0)
(-6.6755461 6.89772509989 0)
(-6.6533134 6.48252726155 0)
(-6.8157829 -0.264185185745 0)
(15.252208 3.75662460999 0)
(16.252273 -11.5809735653 0)
(13.67521 -7.00734283505 0)
(-1.7916906 3.48239095138 0)
(-1.8266469 3.25236194511 0)
(-3.8178839 2.07330861956 0)
(-3.5793552 2.17423545826 0)
(-1.285638 -0.558541397549 0)
(-1.3959012 -0.445838249152 0)
(-1.1775247 -0.661649397423 0)
(-1.5491827 -0.483347862551 0)
(-1.5062155 -0.329604808282 0)
(-1.3503712 -0.29976258402 0)
(-1.4577878 -0.181620952255 0)
(-1.6149584 -0.212816451283 0)
(-1.567232 -0.0621679807631 0)
(-1.4116387 -0.0314016255227 0)
(-1.5177699 0.0851764736058 0)
(-1.3683641 0.114581461127 0)
(-1.469877 0.228379167389 0)
(-1.3239369 0.260522182146 0)
(-1.4222968 0.368954612576 0)
(-1.2814539 0.402645795476 0)
(-1.3760563 0.507794378333 0)
(-1.2349051 0.540733413868 0)
(8.3961021 -11.6709333357 0)
(-2.0101591 3.39641597057 0)
(-2.0470029 3.16461643781 0)
(-2.2320159 3.31074499079 0)
(8.791865 -1.17126622144 0)
(12.215899 -10.3566738116 0)
(-2.2693946 3.07583703685 0)
(9.1549222 0.0687193984568 0)
(-1.7271455 -0.0934653812923 0)
(8.7974101 -11.4710233064 0)
(-2.4541541 3.2162200644 0)
(6.9033744 -11.128937202 0)
(6.8694619 -11.5618125582 0)
(6.5058962 -11.321676549 0)
(6.4717929 -11.7537802954 0)
(6.1085675 -11.514430449 0)
(-0.67765793 4.13379081373 0)
(14.302636 -0.254545563621 0)
(15.358792 -1.87507876975 0)
(15.730325 -2.12222562093 0)
(16.13155 -1.91910265709 0)
(16.104846 -2.37056870174 0)
(16.510349 -2.16492110946 0)
(16.483397 -2.61949957162 0)
(16.076565 -2.82262572051 0)
(16.455852 -3.07365403725 0)
(9.7068788 -1.77513502134 0)
(6.0738165 -11.9480872834 0)
(5.7083906 -11.7088749374 0)
(-6.4767226 -3.76261400816 0)
(-6.8472131 -3.93081457064 0)
(13.757506 6.44828159445 0)
(7.3139555 11.9089729842 0)
(6.9182739 11.7027954848 0)
(-6.9099016 -1.41633123009 0)
(9.7735655 -6.50679486351 0)
(7.774649 8.1745812098 0)
(8.1056633 7.96486224059 0)
(-1.4410653 7.3598214349 0)
(-1.7308639 7.19408900247 0)
(-1.3332799 0.646768339164 0)
(-1.1896714 0.679079997873 0)
(16.60608 11.2492986201 0)
(16.627004 11.7315968039 0)
(16.816046 3.66880088713 0)
(16.792034 3.21132061126 0)
(16.837522 4.12185143085 0)
(16.382937 3.0021923814 0)
(16.766025 2.75330632793 0)
(-7.6106423 3.24542794406 0)
(10.995189 -2.62063002363 0)
(-7.0053131 6.67258436646 0)
(-6.9762999 6.25768013482 0)
(-6.9940679 7.07443748486 0)
(-6.6267593 6.06939642153 0)
(-6.9603924 5.84456828259 0)
(12.158868 -11.7915931069 0)
(11.738077 -12.0044603017 0)
(-0.60478897 7.82240331244 0)
(-0.84909163 -3.04016895898 0)
(-1.0180744 -2.88668390941 0)
(-0.68914005 -3.19645112156 0)
(-0.45341768 -3.12366484436 0)
(-0.51501804 -3.35738680179 0)
(-0.27388914 -3.28048260137 0)
(-0.32332462 -3.51599097232 0)
(-0.089254003 -3.43858261054 0)
(-1.5679344 0.333819641676 0)
(15.793166 11.7633399106 0)
(-0.13906472 -3.67798886605 0)
(0.092752018 -3.59791768207 0)
(1.0640261 3.3776246681 0)
(1.2230937 3.24148939149 0)
(0.90213245 3.51402545905 0)
(16.048694 -3.27598151808 0)
(16.42785 -3.52932733806 0)
(16.836015 -3.32581967599 0)
(16.808927 -3.78374115285 0)
(8.7703263 -11.9204565359 0)
(5.5164101 2.86765007503 0)
(7.4421953 8.38119041697 0)
(16.68508 -11.3603216987 0)
(16.658329 -11.8465918789 0)
(-0.041203006 7.81063940602 0)
(0.24166267 7.63694994567 0)
(0.14150686 -3.36080725882 0)
(0.3222248 -3.51755788873 0)
(0.37019477 -3.29197252409 0)
(0.54662552 -3.4396932405 0)
(0.59419557 -3.21790387907 0)
(0.76767615 -3.36210497323 0)
(0.81250364 -3.14088929958 0)
(0.98559175 -3.28314072519 0)
(1.0272328 -3.07172474185 0)
(1.2005679 -3.20737924954 0)
(1.2430412 -2.984831446 0)
(1.4136572 -3.13301363503 0)
(1.4595279 -2.92199427599 0)
(1.6268574 -3.06093838421 0)
(1.6727941 -2.85013422087 0)
(1.8399724 -2.98782797754 0)
(1.886691 -2.7781545301 0)
(6.3437894 -1.68511716948 0)
(6.7959187 -12.0060435769 0)
(-7.0834133 -2.8721116659 0)
(16.397774 -3.98742629119 0)
(16.779424 -4.24318381476 0)
(8.2348671 -0.0729908833856 0)
(8.2477744 0.269968030583 0)
(-5.0089967 0.28591603706 0)
(-1.1427995 0.442181764553 0)
(1.1878906 3.03562143492 0)
(1.3803817 3.10535565152 0)
(1.3453727 2.90314703151 0)
(1.5352149 2.97122127572 0)
(1.4984147 2.77203310298 0)
(1.6897087 2.83768775623 0)
(1.7275998 3.03924083344 0)
(1.8815725 2.90420452909 0)
(1.8430846 2.70407659404 0)
(2.0344379 2.76951282412 0)
(1.9957927 2.57190419894 0)
(2.1858219 2.63522184158 0)
(2.1475379 2.43894109511 0)
(2.3375602 2.50260368612 0)
(2.2981503 2.30496283013 0)
(2.488946 2.36925937045 0)
(2.4510339 2.17249948384 0)
(2.6411844 2.23551342765 0)
(2.6036235 2.03748589338 0)
(2.7964206 2.1013460022 0)
(2.7581613 1.90131847578 0)
(2.9515301 1.96495912683 0)
(2.9137688 1.76258966525 0)
(3.1102764 1.82717845515 0)
(3.0690764 1.61929988767 0)
(3.271668 1.68679363511 0)
(3.2295355 1.47576699771 0)
(3.4330824 1.54148545826 0)
(3.3926844 1.32862640798 0)
(3.5995551 1.39611960404 0)
(3.5586989 1.17976493746 0)
(3.772483 1.25222759851 0)
(3.7283669 1.0288586967 0)
(3.946474 1.10289330271 0)
(3.9008793 0.874297266227 0)
(3.1584042 2.03238935504 0)
(4.123973 0.94975828366 0)
(4.0762876 0.718028134752 0)
(3.8645921 0.641217401521 0)
(4.0297178 0.48590748311 0)
(3.818291 0.409640643164 0)
(3.9815037 0.255258725616 0)
(3.7593862 0.182830649131 0)
(3.9275571 0.0271944307512 0)
(3.7089426 -0.0454283227228 0)
(3.8780164 -0.200954005252 0)
(3.659881 -0.274630145548 0)
(3.8311529 -0.429549509966 0)
(3.6122577 -0.504285856124 0)
(3.7836842 -0.658296792765 0)
(3.5641151 -0.733194485252 0)
(3.7381058 -0.887903143182 0)
(3.5164716 -0.96039831141 0)
(3.6901802 -1.117282491 0)
(3.4676023 -1.19025232114 0)
(3.6423363 -1.34882500274 0)
(3.4176682 -1.42079597524 0)
(4.0587934 -0.336429475231 0)
(3.8696017 -1.27476370967 0)
(3.8207117 -1.51230667198 0)
(4.0576518 -1.43414462367 0)
(3.7807157 1.48954000704 0)
(2.5295702 2.56870252129 0)
(4.250253 0.560735064295 0)
(5.6794934 -12.1530351359 0)
(5.3079231 -11.9052952565 0)
(-6.0048834 -1.99372419929 0)
(11.379549 -11.2805268405 0)
(-4.1030992 1.98653371993 0)
(2.053971 -2.91453040905 0)
(2.100807 -2.70342110456 0)
(-3.7883282 2.33506173961 0)
(-6.1150524 -3.59721489426 0)
(-6.1472317 -3.98909935658 0)
(6.9388925 12.1452975726 0)
(6.547429 11.9353416272 0)
(6.5287354 11.496502201 0)
(6.1583991 11.7280561145 0)
(6.1475399 11.2918903516 0)
(5.7770906 11.5209089903 0)
(5.7882001 11.9581889465 0)
(5.4023113 11.750006563 0)
(-1.7217658 7.53237864497 0)
(-2.0168616 7.36680687324 0)
(9.8994167 5.31124535731 0)
(5.4145718 12.188568678 0)
(5.0289645 11.9784130704 0)
(-1.9939647 3.62749769904 0)
(-2.4926635 2.98564196154 0)
(-2.6973502 3.13661824704 0)
(5.0172531 11.5426387817 0)
(4.6453239 11.7682311021 0)
(4.6547744 12.2069122927 0)
(4.269668 11.9939980643 0)
(-6.6044839 5.6617476997 0)
(-6.9237443 5.43992524121 0)
(-5.275656 6.97311922521 0)
(-5.2564827 6.58466139845 0)
(-4.9350101 6.78791044907 0)
(-4.9158394 6.41284682034 0)
(-4.6021984 6.61053251593 0)
(-1.0739779 -3.109042628 0)
(-1.2496363 -2.94581939148 0)
(7.790211 8.56843439591 0)
(7.4511426 8.77904534075 0)
(2.2692617 -2.84045464732 0)
(2.3111007 -2.61745816494 0)
(2.4850341 -2.76258240745 0)
(2.5288998 -2.53514031879 0)
(2.706698 -2.68736365595 0)
(8.7853871 -11.0326156407 0)
(16.357893 2.54625769666 0)
(16.739135 2.29325050042 0)
(4.0037136 -1.68366091798 0)
(4.2475839 -1.60365440542 0)
(4.2998016 -1.34980890197 0)
(1.9129933 3.109626759 0)
(-7.3743109 6.44322808131 0)
(17.196111 3.41527074164 0)
(16.37269 -4.44752314329 0)
(16.751068 -4.70348431717 0)
(2.7521061 -2.45396461184 0)
(-1.2895553 0.785279676934 0)
(-1.1454741 0.811976806189 0)
(-1.4356658 0.752111987465 0)
(14.989073 -1.63228157978 0)
(14.962925 -2.07193391588 0)
(17.216833 -3.5777259323 0)
(17.035533 11.4721900566 0)
(17.056771 11.9574516348 0)
(8.3279101 6.25802582262 0)
(0.9419767 -3.50671391322 0)
(1.10415 3.58748249267 0)
(0.93691276 3.72798927261 0)
(0.2481046 7.96982423475 0)
(0.53068013 7.79276499622 0)
(0.52213606 7.46371823959 0)
(0.80995576 7.61692930444 0)
(0.79370864 7.30178250754 0)
(1.0860141 7.44380199769 0)
(1.0988604 7.77112571997 0)
(1.37549 7.59438559739 0)
(1.3625806 7.26837222759 0)
(1.6576162 7.43509368547 0)
(1.6418523 7.10717968249 0)
(1.9253306 7.2533101515 0)
(1.9129098 6.93615186518 0)
(2.1763144 7.07364010864 0)
(2.1723129 6.75558910765 0)
(2.4696806 6.93985402576 0)
(2.4454673 6.59770733454 0)
(2.7165547 6.72569751807 0)
(2.7075611 6.42415727975 0)
(2.9789939 6.55859645233 0)
(2.9678342 6.25423287047 0)
(3.2390951 6.39052252254 0)
(3.2278465 6.08739649727 0)
(3.4970711 6.22192598193 0)
(3.4829376 5.91722506218 0)
(3.7507614 6.04906797776 0)
(3.7407385 5.74927852204 0)
(4.0088924 5.88389034752 0)
(3.9983598 5.58402743014 0)
(4.2662438 5.71835516394 0)
(4.2540167 5.42080913308 0)
(4.5234108 5.55341248062 0)
(4.5110775 5.25568570762 0)
(4.7813386 5.38858707174 0)
(4.8028362 5.71526698798 0)
(4.7718896 5.09014930879 0)
(5.0417466 5.22551890122 0)
(3.5078966 6.52002431064 0)
(5.0309945 4.92419140443 0)
(5.2998716 5.05768452696 0)
(5.2901931 4.74856710768 0)
(5.5631043 4.89423606922 0)
(2.2155828 7.43405138322 0)
(5.5520196 4.5765968126 0)
(5.8256842 4.72658756885 0)
(5.8123805 4.41203417746 0)
(6.0884754 4.56011063015 0)
(5.5521225 5.20135005036 0)
(8.2554806 4.46657515409 0)
(4.2792993 12.4327739672 0)
(3.8876362 12.2198500265 0)
(5.2782227 -12.3501616432 0)
(4.9076687 -12.0997579919 0)
(-1.2210925 3.28833747319 0)
(-1.3244007 3.86849656669 0)
(2.9318869 -2.61047816917 0)
(7.334119 12.3564157753 0)
(-6.4347887 -6.02999775028 0)
(-6.8345645 -6.18991670725 0)
(-6.8944815 -6.61944041168 0)
(-7.2433823 -6.35027980863 0)
(-7.3016859 -6.79133404478 0)
(-7.2048908 -5.85439624336 0)
(13.060944 -5.64257183848 0)
(9.1753534 -11.718093697 0)
(9.1483171 -12.1724900296 0)
(8.7386691 -12.3751171457 0)
(17.093404 -11.6251645459 0)
(17.118574 -11.1376324848 0)
(17.068143 -12.1127530426 0)
(2.1080738 2.24117591758 0)
(-1.3031505 -3.18593989899 0)
(-1.4853162 -3.01405396384 0)
(-3.3502208 2.0587352017 0)
(12.131139 -12.2639165302 0)
(2.5795806 -2.29825627611 0)
(4.9384517 -11.6566907637 0)
(4.5404468 -11.8501018396 0)
(4.506253 -12.2944720809 0)
(4.1373425 -12.0416766409 0)
(3.4522787 -0.0984291679098 0)
(-5.7604642 0.834213870682 0)
(-1.8727563 3.00173974824 0)
(11.247657 -4.56643828317 0)
(-0.57250623 -3.59719203512 0)
(4.1015524 -12.4863273912 0)
(3.7379123 -12.2481638557 0)
(11.735269 -12.47902891 0)
(3.3361574 -0.819179585269 0)
(-1.8374838 9.18746301621 0)
(16.631099 -12.3344424681 0)
(0.045763787 -3.84168460562 0)
(-4.5708219 3.50745299703 0)
(7.9474406 0.115411795781 0)
(7.9322077 -0.227192568457 0)
(7.961617 0.457222700349 0)
(8.2589838 0.611288308157 0)
(7.9723252 0.791184464306 0)
(8.2698191 0.948884812804 0)
(14.596479 -1.83132878386 0)
(-2.0198602 7.02793398653 0)
(-2.3079126 7.2008860423 0)
(-5.7920313 -3.82268116515 0)
(-5.8236011 -4.21401013889 0)
(2.5783005 1.83117994526 0)
(0.28859272 2.06104673589 0)
(-3.0793463 -0.899937700915 0)
(16.344037 -4.90019235049 0)
(16.727414 -5.16482932804 0)
(17.138318 -4.95987364155 0)
(17.107801 -5.42479748879 0)
(16.6953 -5.6304893927 0)
(17.07453 -5.89103569386 0)
(16.655592 -6.09705690568 0)
(17.041403 -6.35820808171 0)
(16.621161 -6.56422638527 0)
(17.010334 -6.82645726986 0)
(16.58818 -7.03290456366 0)
(16.978352 -7.29600960736 0)
(16.55497 -7.50365094563 0)
(16.946103 -7.76670849557 0)
(1.6497501 -1.16351962679 0)
(-1.2045376 0.156688661895 0)
(-2.5498935 0.529544154219 0)
(3.1908421 1.26755311204 0)
(17.434538 -6.60778210157 0)
(-5.6738092 2.78228110609 0)
(6.0727891 4.24614250312 0)
(6.3547089 4.39026371972 0)
(1.3898265 7.92322577419 0)
(2.2322658 -3.07076072058 0)
(2.1023727 0.307788667985 0)
(0.81845726 1.64050399229 0)
(-4.587185 6.2427054548 0)
(-4.279447 6.4391006609 0)
(-4.8930792 6.04531366073 0)
(-4.2925823 6.8033703153 0)
(-3.9714656 6.63220664542 0)
(-3.9827494 6.99546964106 0)
(16.521523 -7.97522149438 0)
(16.914178 -8.23988494548 0)
(17.341769 -8.03114300738 0)
(17.309116 -8.5076907372 0)
(-0.69104201 5.41903914286 0)
(4.5740074 -11.4100617624 0)
(4.4735325 4.96832662694 0)
(-3.490082 4.13998960239 0)
(-5.7444727 -3.38938272108 0)
(0.71240059 5.11766395215 0)
(1.1454646 3.80296701405 0)
(3.604434 0.33864807671 0)
(-2.3649273 0.613891425487 0)
(-2.3836312 0.414690670282 0)
(0.3071758 -1.75412993611 0)
(-1.444863 5.2781615409 0)
(9.1717116 9.83535548103 0)
(-7.6567711 -6.51518700845 0)
(-7.716535 -6.96118879439 0)
(-7.3587248 -7.23716097958 0)
(-7.7775698 -7.4099729944 0)
(-7.4161871 -7.6872456295 0)
(-1.0495244 0.710091666653 0)
(-1.0067447 0.840368932999 0)
(-0.91442657 0.744942111607 0)
(-0.87116084 0.868935138997 0)
(-0.96141955 0.970204188094 0)
(-0.8276887 0.99385054032 0)
(-0.74002149 0.894206817531 0)
(-0.69646846 1.01625999452 0)
(-0.61482179 0.922563461391 0)
(-0.57146783 1.03725363865 0)
(-0.49217074 0.947034853297 0)
(-0.44888202 1.05688651583 0)
(-0.3712297 0.964882641058 0)
(-0.32737396 1.07755125117 0)
(-0.40750565 1.17360041584 0)
(-0.28440094 1.19327372539 0)
(-0.20502455 1.09664452631 0)
(-0.16053051 1.21132746698 0)
(-0.083883976 1.11509994277 0)
(-0.037623291 1.23026514626 0)
(0.036996674 1.13312981963 0)
(0.084903813 1.24901169613 0)
(0.16035388 1.15156493152 0)
(0.0073697664 1.34860716879 0)
(0.20794705 1.26743504265 0)
(0.28355321 1.16978060152 0)
(0.23772586 1.05695868635 0)
(0.35697735 1.07445141618 0)
(-0.65718026 0.789688006148 0)
(-0.36151203 1.29380303768 0)
(-0.91620523 1.10045293625 0)
(0.3129266 0.966770717232 0)
(0.42796584 0.982506888615 0)
(0.47382899 1.09025292844 0)
(0.54389548 0.996929947643 0)
(0.49863029 0.891167958117 0)
(0.61235387 0.904635801109 0)
(0.56822134 0.800783597606 0)
(0.68028366 0.813659845113 0)
(0.72626838 0.91865992268 0)
(0.79370888 0.825180832146 0)
(0.74641119 0.720290726098 0)
(0.86036178 0.731779874888 0)
(0.81315347 0.628480937536 0)
(0.92665525 0.63908155808 0)
(0.87944526 0.536002549721 0)
(0.99309803 0.546533955083 0)
(0.94601278 0.441938159681 0)
(1.0598245 0.453277226862 0)
(1.0118668 0.348205819644 0)
(1.1282076 0.35909885888 0)
(1.0795651 0.25112152215 0)
(1.1976903 0.263260649065 0)
(1.148212 0.153020894978 0)
(1.2705899 0.164453870506 0)
(1.2189324 0.0524890747823 0)
(1.0972887 0.0413607493193 0)
(1.1654561 -0.060850404525 0)
(1.2911448 -0.0495812239336 0)
(1.2355801 -0.162838442709 0)
(1.1111417 -0.173162670033 0)
(1.1799209 -0.274786099065 0)
(1.0580263 -0.28224755193 0)
(1.1249146 -0.384467545774 0)
(1.0041222 -0.392277663832 0)
(1.070507 -0.493427710491 0)
(0.94946613 -0.502457270527 0)
(1.0162334 -0.602313234554 0)
(0.90159742 -0.606561552819 0)
(0.96301635 -0.711533795504 0)
(0.83016827 -0.700465553319 0)
(1.1402804 -0.595255977542 0)
(1.1093607 0.55712235476 0)
(0.90692966 -0.820025089723 0)
(0.78098479 -0.826495814364 0)
(1.3215186 0.278429956045 0)
(1.3644619 -0.154783201002 0)
(0.84223442 0.935765604475 0)
(0.2016294 0.947426873161 0)
(0.85284043 -0.934788235491 0)
(0.72765562 -0.941824715691 0)
(0.65912638 -0.838723769421 0)
(0.60513966 -0.949198975079 0)
(0.98099631 -0.927588993336 0)
(0.97348536 -0.17206837125 0)
(-2.0154441 7.7062410274 0)
(5.599151 -0.568568245259 0)
(3.9832862 5.28274637409 0)
(0.33062022 1.28679703767 0)
(3.2284683 5.77618230797 0)
(6.9569687 12.5920347028 0)
(-1.1424535 -0.519528565855 0)
(-1.0408184 -0.617401814219 0)
(-1.0083038 -0.485816682448 0)
(-0.91291848 -0.579600361751 0)
(-0.94216748 -0.707225498406 0)
(-0.81848302 -0.668648032806 0)
(-0.84497472 -0.7937088959 0)
(-0.72190964 -0.759308137314 0)
(-0.7503026 -0.880841504819 0)
(-0.6270507 -0.846303325317 0)
(-0.65576035 -0.967724122058 0)
(-0.53597137 -0.932537525341 0)
(-0.5616521 -1.05553110091 0)
(-0.41944214 -1.00978665585 0)
(-0.46182327 -1.14354789484 0)
(-0.33493117 -1.10544680021 0)
(-0.36454302 -1.23701975734 0)
(-0.23491313 -1.19486491843 0)
(-0.20496099 -1.06990327643 0)
(-0.10772056 -1.1531409677 0)
(-0.073239935 -1.00603783062 0)
(0.018566829 -1.10702082602 0)
(0.060100195 -0.983945319425 0)
(2.9777777 -2.37320121122 0)
(3.2460002 -1.26432346399 0)
(7.6408331 5.60496616808 0)
(3.1610182 -2.5324367566 0)
(5.7296072 1.52049497668 0)
(2.1153438 -2.51221967248 0)
(-2.4157703 1.57262924092 0)
(-0.78965137 3.46397065596 0)
(5.7852297 7.47857679291 0)
(4.5049228 8.26011284609 0)
(9.5537384 -11.9740832332 0)
(9.5297614 -12.4282042197 0)
(7.8368706 -8.25528084502 0)
(4.495443 -1.52274187273 0)
(10.342196 -2.19232628652 0)
(3.2026028 9.04417819466 0)
(1.8041567 2.50637972687 0)
(2.0599649 -1.52209780403 0)
(2.2402042 -1.46222406427 0)
(-5.9698699 -1.26381169707 0)
(5.7459742 -8.14044981554 0)
(5.4293217 -7.92863077307 0)
(5.768942 -7.76141631732 0)
(5.4561304 -7.5526356947 0)
(5.7915532 -7.38799402867 0)
(5.4833799 -7.18160105372 0)
(5.814666 -7.01910298539 0)
(5.5101727 -6.81621788715 0)
(5.8380489 -6.65432045444 0)
(5.1709096 -6.99158774996 0)
(5.2083005 -6.618576544 0)
(4.8790853 -6.78511822347 0)
(4.9130282 -6.42217268578 0)
(4.5910927 -6.58593203116 0)
(4.6236447 -6.22500785059 0)
(4.3096169 -6.38617877637 0)
(4.9256575 -6.07419685631 0)
(6.1439073 -6.85647711558 0)
(6.1674007 -6.48984302174 0)
(6.4738818 -6.69325662613 0)
(6.4973612 -6.32490230357 0)
(6.8053019 -6.52941924428 0)
(4.3394769 -6.03921482952 0)
(4.0349587 -6.18843145396 0)
(3.9962898 -6.53492897748 0)
(3.7302742 -6.33477101833 0)
(3.7009113 -6.66800475071 0)
(3.4294888 -6.47716991211 0)
(3.4036552 -6.81091818622 0)
(3.127997 -6.62028181398 0)
(3.099159 -6.95717593162 0)
(2.8214619 -6.76534092034 0)
(2.7916221 -7.10194545478 0)
(2.5113778 -6.91179572781 0)
(2.4841427 -7.25335602418 0)
(2.2018354 -7.05950365653 0)
(2.1729945 -7.40419473104 0)
(1.8879145 -7.2078240079 0)
(1.8586785 -7.55539603033 0)
(1.5710917 -7.3575350024 0)
(6.8269478 -6.16013909385 0)
(6.521175 -5.95728405149 0)
(7.1376255 -6.36452592868 0)
(1.5411499 -7.70806071267 0)
(1.2498509 -7.50823869665 0)
(1.5986552 -7.00822556707 0)
(6.8479866 -5.7927944994 0)
(6.5440459 -5.59183205825 0)
(3.4654224 -6.12932803001 0)
(2.5431119 -6.57567343038 0)
(1.2199679 -7.86310832897 0)
(0.92169601 -7.65959021435 0)
(2.7792597 -7.43086522659 0)
(0.89420533 -8.02087153247 0)
(0.59220504 -7.81386285236 0)
(6.8679596 -5.4287784774 0)
(6.5647131 -5.23157641648 0)
(0.56416436 -8.18047766212 0)
(0.26227278 -7.97117292725 0)
(0.29098948 -7.60608719091 0)
(-0.040347559 -7.76100301644 0)
(3.6860254 -7.01914839382 0)
(6.2458216 -5.39143142611 0)
(6.2666043 -5.03809204113 0)
(5.9659103 -5.18575220939 0)
(5.9751428 -4.84563023397 0)
(5.7020344 -4.9982069811 0)
(5.1020703 -7.72419780209 0)
(4.6383581 11.3350045114 0)
(5.0107709 11.113005285 0)
(2.4325021 4.03127928224 0)
(2.6675224 6.10583731918 0)
(10.603416 8.94722808756 0)
(-2.3068527 2.83548459462 0)
(-2.5273134 2.74848069082 0)
(17.527655 -5.21866127365 0)
(5.6515089 -12.6033561782 0)
(0.94509992 -7.3006258356 0)
(14.879507 4.00046911095 0)
(14.85646 3.55893816198 0)
(14.48809 3.79895649851 0)
(14.466026 3.36047240147 0)
(14.102016 3.59785554895 0)
(11.407134 -10.8198011761 0)
(-4.4940398 0.519769322452 0)
(-1.5366302 -3.26081572728 0)
(-1.7246241 -3.0922012347 0)
(-1.6691479 -2.84043926729 0)
(-1.9081919 -2.91895607636 0)
(-1.8520437 -2.67121527384 0)
(-2.0938317 -2.7447806764 0)
(-2.0343185 -2.49756032472 0)
(-6.0423613 -5.87288935359 0)
(-7.8384831 -7.86237134211 0)
(-7.4730611 -8.14319451115 0)
(-7.8998706 -8.31893187531 0)
(-7.5313966 -8.60213478034 0)
(0.54061374 -0.847501918861 0)
(-6.5874451 5.27090533104 0)
(-6.9218373 5.04780591602 0)
(-7.3044366 5.25663084822 0)
(-0.22462648 3.27763079673 0)
(6.1103082 -11.0341381654 0)
(14.831572 3.12192274574 0)
(0.67134013 -1.05452757645 0)
(4.5463107 -1.26462425894 0)
(-0.46103788 5.28156715834 0)
(-1.3894513 0.899945676006 0)
(11.728483 -1.92491557832 0)
(-0.69230106 5.15204641933 0)
(0.96117659 0.248350840722 0)
(0.51799445 6.06587185536 0)
(0.54477408 -1.06086339906 0)
(15.998204 -4.18126913073 0)
(13.593202 -7.9391265282 0)
(4.0615275 -5.85363412694 0)
(4.3576765 -5.70677995744 0)
(4.0867688 -5.5250279766 0)
(4.3767116 -5.38155381405 0)
(4.1090917 -5.20039463448 0)
(3.8204867 -5.34432209892 0)
(4.396992 -5.05837461618 0)
(3.9359697 3.06270184996 0)
(3.9069606 12.6627557531 0)
(3.5104219 12.4495481849 0)
(3.4963048 12.0058188169 0)
(3.1198669 12.2334135284 0)
(3.1284895 12.6781063772 0)
(2.7416012 12.4589778789 0)
(2.7349248 12.0182766073 0)
(2.3576901 12.240756668 0)
(2.3529322 11.806789273 0)
(1.9773517 12.0248087879 0)
(1.9804539 12.460909445 0)
(1.5989116 12.2436331979 0)
(1.5994804 12.6859261792 0)
(1.2172021 12.4644944766 0)
(1.220024 12.0250014569 0)
(0.83775743 12.2423136716 0)
(0.83383684 12.6836132541 0)
(0.47636288 12.4610722919 0)
(12.690454 5.8899743079 0)
(-1.6432942 -8.79568089518 0)
(-2.452451 4.71450546181 0)
(9.5351023 -11.529848539 0)
(7.1744014 -5.62862085496 0)
(1.6711545 -1.80939734647 0)
(5.7976036 4.10156656019 0)
(11.602112 1.18915827139 0)
(1.3088511 -2.7711966552 0)
(16.1368 10.0750601659 0)
(14.443024 2.9263345671 0)
(14.805774 2.68719397306 0)
(1.5164771 -8.06694967753 0)
(4.977539 4.58339888148 0)
(-3.9650831 6.27031717492 0)
(-3.6628706 6.46257629159 0)
(-0.77623427 -10.7911539614 0)
(-1.165937 -10.9646514138 0)
(-0.81421554 -11.2194033201 0)
(-1.2137382 -11.3946539864 0)
(-0.8565722 -11.6531936769 0)
(-1.2625063 -11.8306277612 0)
(-1.6183318 -11.5689964157 0)
(-1.6707936 -12.0066677715 0)
(-2.0290928 -11.7444704241 0)
(-2.0815532 -12.1882973418 0)
(-2.4449811 -11.9227011759 0)
(-0.90616591 -12.0905129508 0)
(-0.49456024 -11.9109396911 0)
(-0.54560379 -12.3550109207 0)
(-0.13295075 -12.1703456916 0)
(-2.4956317 -12.3743927763 0)
(-2.8633686 -12.1038181406 0)
(-0.18036848 -12.6184123508 0)
(0.23089267 -12.4323855412 0)
(-2.9147218 -12.5602619618 0)
(-3.2847005 -12.2864349196 0)
(-3.2152229 -11.8308822536 0)
(-3.6508601 -12.0120966982 0)
(-3.5777967 -11.4958047394 0)
(-4.0194125 -11.7245917506 0)
(-4.0760674 -12.1937511808 0)
(-4.4460632 -11.9142794263 0)
(-4.3921657 -11.4543516702 0)
(-4.8167771 -11.6364845357 0)
(-4.7612799 -11.1771269205 0)
(-5.1890637 -11.3561127598 0)
(-5.2401084 -11.8209360852 0)
(-5.6177038 -11.5385751 0)
(-5.5602915 -11.0736146214 0)
(-5.9906209 -11.255433725 0)
(-6.0499167 -11.7224263898 0)
(-6.4275377 -11.4349673032 0)
(-6.4879754 -11.9066280589 0)
(-5.9306275 -10.7914986811 0)
(-6.8683932 -11.6157844898 0)
(-6.9309824 -12.0910734007 0)
(-6.5468834 -12.3832167683 0)
(-6.9933339 -12.5693408187 0)
(-7.3125063 -11.7986134504 0)
(-7.2586565 -11.2543452459 0)
(-2.1361494 -12.6331065355 0)
(-5.5018802 -10.6119272339 0)
(-5.8696367 -10.3322595409 0)
(-3.3362917 -12.7472676423 0)
(-4.4951508 -12.3772999053 0)
(0.65677862 -3.00826971419 0)
(17.014009 10.9877574729 0)
(17.44558 11.2116830132 0)
(17.424341 10.7257409902 0)
(16.6458 12.2173580269 0)
(17.077185 12.4446501743 0)
(17.489811 12.1832398857 0)
(16.891986 -2.41556181406 0)
(16.91811 -1.95663645885 0)
(17.303703 -2.20917089533 0)
(17.329239 -1.74506248368 0)
(1.7278426 -10.8190746571 0)
(2.0764153 -11.0578588487 0)
(1.6881251 -11.2397752954 0)
(2.0322604 -11.4681269225 0)
(9.390265 2.65194729206 0)
(3.6969008 -12.6838953246 0)
(11.758756 9.61881532442 0)
(17.151076 2.50307823649 0)
(17.123357 2.0388102786 0)
(17.539408 2.2507888014 0)
(17.511564 1.78501308037 0)
(17.094837 1.57741413192 0)
(17.483022 1.32067033088 0)
(13.249605 8.62770753034 0)
(16.331323 2.09083790756 0)
(17.719236 -2.00087601108 0)
(17.744967 -1.5322235585 0)
(8.6277237 -3.71421419104 0)
(9.8846897 -4.51853330964 0)
(-1.5434758 0.864144152922 0)
(6.2243138 -3.28344150962 0)
(12.59145 0.921543816965 0)
(8.1996543 2.75553259977 0)
(0.54130505 8.12775431548 0)
(0.25387614 8.30713611362 0)
(8.4000442 10.2553484175 0)
(9.1808601 -5.27224512697 0)
(16.487957 -8.44648687355 0)
(13.074123 -3.98730943983 0)
(10.75043 -7.99823074085 0)
(10.726061 -8.4263760657 0)
(11.111705 -8.23037430415 0)
(11.087308 -8.66166037889 0)
(10.700475 -8.85630920826 0)
(11.474486 -8.46619910586 0)
(11.497897 -8.0326510449 0)
(7.1152635 -6.73823924686 0)
(7.4530446 -6.57187283713 0)
(-1.1796895 10.8145830142 0)
(-1.5392957 11.0137651063 0)
(-1.1831601 11.2286983796 0)
(-1.5508406 11.4330841763 0)
(-1.1910369 11.6474124188 0)
(-1.565173 11.8548467798 0)
(-1.9289417 11.6353837003 0)
(-1.9411485 12.0677548506 0)
(-2.3156601 11.8406151021 0)
(-2.3270536 12.2812765381 0)
(-2.7059303 12.049673175 0)
(-1.5633231 12.2710401138 0)
(-2.7179524 12.4968708209 0)
(-3.1004951 12.2618469534 0)
(10.975994 7.01666795049 0)
(11.610942 2.35418769705 0)
(4.6663688 12.6469825654 0)
(15.718052 5.30440532555 0)
(-6.1899481 -4.37851996275 0)
(0.56101387 2.65393015993 0)
(1.8782531 6.65324009603 0)
(0.45100556 12.9065495131 0)
(-0.14051618 0.988838763218 0)
(9.231602 4.25410834142 0)
(0.31832677 -10.6834644207 0)
(0.28192656 6.21895499453 0)
(-0.32059258 -6.19552268396 0)
(-0.61662771 -6.34559540951 0)
(-0.8959579 -6.16033435474 0)
(-0.91912956 -6.49830790148 0)
(-1.2035817 -6.30800232715 0)
(-1.2269336 -6.65283093405 0)
(-1.5183245 -6.45784669539 0)
(-1.5404986 -6.8101328309 0)
(-1.8374004 -6.61139051974 0)
(-1.8598364 -6.97063457519 0)
(-2.1584695 -6.7687670895 0)
(-1.5591534 -7.16970165194 0)
(-1.8845527 -7.33462734717 0)
(-6.7775316 0.109272339298 0)
(-7.1242076 -0.0461016237666 0)
(-7.0817259 0.339457431844 0)
(-7.4398381 0.18863906667 0)
(-7.481293 -0.210167597369 0)
(0.97318224 3.94741952831 0)
(7.0548272 2.19023083852 0)
(9.5927644 6.26360713964 0)
(-2.6151818 1.49628677979 0)
(-2.5790767 1.71556942839 0)
(-3.5028761 2.45558414465 0)
(-3.733347 2.59491829647 0)
(-2.1350166 -6.40964870467 0)
(-2.4579481 -6.56676098073 0)
(-2.4317753 -6.20864474256 0)
(-2.7551533 -6.36279080561 0)
(-2.7297961 -6.00622568762 0)
(-3.0534736 -6.16021245108 0)
(-2.7996719 -6.71333314748 0)
(-3.0258211 -5.80278776794 0)
(-3.3537101 -5.95947106196 0)
(-3.327793 -5.59916508649 0)
(-3.6535774 -5.75674078407 0)
(-3.624829 -5.39576879844 0)
(-3.9552892 -5.55371747124 0)
(-3.9818987 -5.89500140088 0)
(-3.9215044 -5.18414042186 0)
(-4.2583861 -5.34826304025 0)
(-2.3340474 12.7305920333 0)
(-5.4005392 4.00542885757 0)
(6.3712241 4.70944234086 0)
(6.6422376 4.53595940633 0)
(-6.6265844 3.40665630588 0)
(-0.46776221 5.01575465269 0)
(-3.0897001 11.8185286665 0)
(-3.4831121 12.0251450616 0)
(-3.4974203 12.4751857933 0)
(-3.8825202 12.2361474048 0)
(-3.8607382 11.7053372928 0)
(-4.2674431 11.9837541128 0)
(-4.2844151 12.4488021522 0)
(-4.670372 12.2030978394 0)
(-4.6511039 11.7493409581 0)
(-5.0550557 11.9586552158 0)
(-5.0333436 11.5038393154 0)
(-5.4400986 11.7126350719 0)
(-5.46288 12.1727574852 0)
(-5.8513469 11.9218734084 0)
(-5.8282979 11.461193002 0)
(-6.2412425 11.670155388 0)
(-6.2203659 11.2104366218 0)
(-6.6327429 11.419124044 0)
(-6.6116222 10.9554227158 0)
(-6.650073 11.8914132031 0)
(-7.0235254 11.1656963738 0)
(-7.0013947 10.6971915668 0)
(-7.4183345 10.9120109117 0)
(-7.3936696 10.4426753245 0)
(-6.977581 10.2292172683 0)
(-7.3759429 9.9862861079 0)
(-5.8162736 10.9996283609 0)
(-4.6884929 12.6651079081 0)
(-5.8689833 12.3942679413 0)
(-4.1602022 -2.22918227813 0)
(-7.4421305 11.384126094 0)
(-4.5784267 -8.85261887471 0)
(4.5966824 -9.83185384234 0)
(-5.9338747 -7.81941127897 0)
(2.9785212 6.85782317229 0)
(0.50105696 -3.6662118327 0)
(3.8809764 9.78127891303 0)
(-1.7761016 -0.254648807649 0)
(-1.8949762 -0.1269908213 0)
(-1.9452826 -0.298353488077 0)
(-4.272496 4.59932070924 0)
(0.58954255 1.10580030761 0)
(1.9837785 12.9069657273 0)
(-0.82610797 11.4441305243 0)
(2.1492238 -7.74481909665 0)
(7.983265 1.12644175184 0)
(8.281129 1.28677698384 0)
(8.5703319 1.10759393714 0)
(-2.3089814 6.86572235625 0)
(5.1363714 9.00216094444 0)
(17.042405 -12.6020381195 0)
(17.480143 -12.3794560966 0)
(-6.0537632 8.60372047566 0)
(-6.4164003 8.37350956637 0)
(-2.0707058 -0.16288701267 0)
(-2.1210391 -0.340691543867 0)
(4.2984174 5.99808737809 0)
(16.22916 -0.13758955152 0)
(2.6489335 0.660429534554 0)
(1.423454 3.30763709037 0)
(-3.1649268 5.16176949961 0)
(-3.3816424 -6.3226989069 0)
(1.0634147 -5.43736320558 0)
(-7.1796814 -3.7100766835 0)
(-7.2251354 -4.11295411601 0)
(-7.5657731 -3.88175310619 0)
(-7.6086559 -4.30479682329 0)
(-1.7119611 7.87423295535 0)
(16.606122 -0.376329903796 0)
(-6.979704 -2.06687705914 0)
(13.13852 6.93093138576 0)
(7.6528133 -0.0353659860109 0)
(7.6332516 -0.377852221773 0)
(17.528443 -11.4027237929 0)
(17.553659 -10.9138373484 0)
(-7.8071583 0.0303961198831 0)
(-7.8499478 -0.375012947525 0)
(4.1700237 1.18179459312 0)
(4.3528474 1.02538076246 0)
(4.4001409 1.26613103717 0)
(1.5994212 -4.325525716 0)
(14.569794 -2.26705751385 0)
(3.4951573 1.73348694134 0)
(3.1961396 -1.48854108706 0)
(1.3699777 -3.34947824754 0)
(4.5880551 1.10287153791 0)
(1.152101 1.87643402411 0)
(2.844363 2.31085825478 0)
(-1.6825882 -1.45312213366 0)
(-1.7299585 -1.64592334111 0)
(-1.8793576 -1.50928656683 0)
(2.2274354 2.83499462772 0)
(2.8775315 1.560873502 0)
(4.147417 0.081400708455 0)
(4.1944522 -1.85627483583 0)
(-0.071244663 -8.12745313638 0)
(-3.7519867 -0.963433899713 0)
(-3.3903575 0.140370324441 0)
(-3.9817855 2.49315108357 0)
(1.3984324 0.177387381153 0)
(1.4516048 0.299174114213 0)
(0.30629276 -4.97832938887 0)
(-2.4341141 3.45951218103 0)
(3.3660623 -1.64920191252 0)
(2.5354978 0.127345276542 0)
(-0.7624112 2.32569607148 0)
(-0.5957011 -12.8052973948 0)
(-0.19335192 -3.92335955305 0)
(1.7970385 -3.20869261034 0)
(-2.3788937 -11.4772934816 0)
(-3.2371684 -9.87538756861 0)
(3.3231338 -8.92581997653 0)
(-5.4719554 -4.04789183436 0)
(-5.5029397 -4.43471060737 0)
(8.5814446 1.45062424494 0)
(8.8745757 1.26867957701 0)
(2.1214379 1.12417217352 0)
(-0.86770619 -0.453899887913 0)
(-0.96886134 -0.364416356381 0)
(-0.0062843486 -1.24027636747 0)
(-7.9628757 -4.0510040304 0)
(-8.0046981 -4.49194575241 0)
(-7.8599107 -3.61991379673 0)
(-4.2980994 12.9134357045 0)
(3.798515 -11.8043088668 0)
(-1.4620747 2.10650404355 0)
(17.511297 12.6730738267 0)
(0.34184 -2.22206861962 0)
(2.4412698 -0.546365519953 0)
(-7.9622326 -8.77986888344 0)
(-7.5918244 -9.06227531555 0)
(-7.1625032 -8.88430041592 0)
(11.87573 -8.26995122361 0)
(11.887375 -7.83462485998 0)
(1.6070483 1.49748539769 0)
(0.83808104 -0.513429932046 0)
(-2.2748966 -2.57125086468 0)
(-2.2197309 -2.32354199754 0)
(4.4643808 -12.7424990398 0)
(4.6385359 1.34660291916 0)
(4.4434962 1.52230563796 0)
(0.59137328 -0.743281279401 0)
(-0.37604369 -7.91536485398 0)
(-0.20312008 -0.937202598098 0)
(-4.2294378 -4.97957475839 0)
(0.24901416 1.38756875452 0)
(-0.49283551 1.27083782357 0)
(-0.44471095 1.39935449253 0)
(0.20283569 3.62684237239 0)
(0.97541743 0.743745720653 0)
(11.0709 -9.09494654119 0)
(10.67204 -9.29263454097 0)
(1.3585545 6.98107668438 0)
(7.6564868 -4.21296878931 0)
(6.6245438 4.21381896747 0)
(6.9146656 4.35950525703 0)
(7.6886987 0.969361570529 0)
(12.109888 -12.739537422 0)
(12.535059 -12.5222199165 0)
(-7.2713742 4.83394512217 0)
(-7.6224389 4.98747623755 0)
(1.2491451 -0.378445937298 0)
(2.796254 0.532318007554 0)
(6.3889432 -0.146887242624 0)
(0.99279706 -1.98333443394 0)
(7.3531279 12.8084315604 0)
(5.6941974 -4.65803696029 0)
(-6.2823429 5.45968524524 0)
(5.9925646 -4.50583835243 0)
(11.876047 -8.70641413097 0)
(-7.2214967 -9.34285123677 0)
(-7.6519892 -9.52518641608 0)
(6.0557418 3.93529617038 0)
(3.3242789 -12.4284479535 0)
(3.2864156 -12.8754159595 0)
(2.9200638 -12.6381556435 0)
(2.8774458 -13.0758955662 0)
(2.5007171 -12.8204402815 0)
(1.7173267 -2.63112144508 0)
(16.663855 12.7057942003 0)
(-7.6945607 -11.5050161213 0)
(-7.7592253 -11.9840150326 0)
(17.93039 1.99402255117 0)
(17.957487 2.46453263415 0)
(1.5374249 9.26702547225 0)
(1.8587244 9.07630743486 0)
(3.9470419 -1.93414360923 0)
(1.6528315 -11.6297304351 0)
(1.5462286 10.4261162748 0)
(4.9271121 -10.0560655396 0)
(4.1394994 -2.11087068751 0)
(13.676664 1.46060071846 0)
(-4.2947124 -3.52701782843 0)
(-6.7951579 -9.16241882138 0)
(-1.329393 -3.4267239603 0)
(-0.42177454 0.845728218569 0)
(-0.58274842 1.37666756461 0)
(3.0279306 -1.33760490414 0)
(-7.7890257 10.1887429583 0)
(-7.7701427 9.72966527451 0)
(0.83952266 0.444356736945 0)
(1.3119174 2.70563956204 0)
(-0.41529618 4.23171799352 0)
(14.842203 -7.31437419873 0)
(-0.22454908 -13.0732470974 0)
(-4.5713893 5.88074098728 0)
(-4.8688176 5.68390684921 0)
(-4.6400798 11.2831965717 0)
(3.5361328 -4.22334755123 0)
(11.691084 -3.09751602575 0)
(2.9793202 -1.55891684854 0)
(-2.5991143 7.03428490985 0)
(-2.6027779 7.37233654796 0)
(-2.5979155 6.69908953068 0)
(9.9428822 -12.2202976212 0)
(9.9162526 -12.6846962513 0)
(-2.3432181 2.59918534475 0)
(-2.559582 2.51326168895 0)
(-0.7800968 -1.00694005222 0)
(0.050981044 12.6276212859 0)
(0.69329351 0.614908474722 0)
(1.1848099 4.02489640103 0)
(1.3589407 3.87759463088 0)
(0.53106563 10.624362798 0)
(-0.5675275 -1.81431322797 0)
(9.499113 -12.8921578538 0)
(-1.4958223 1.01901279685 0)
(0.45823878 0.788184310436 0)
(16.601909 -12.8184594829 0)
(17.739901 -8.29735164989 0)
(17.706927 -8.77779424759 0)
(17.273765 -8.98783983944 0)
(11.678609 -12.9531261021 0)
(0.86904596 -8.3887229641 0)
(-6.6082138 -12.8620298257 0)
(-7.0560306 -13.0499536743 0)
(3.6383904 -13.1316667961 0)
(-0.69646605 -0.633738590134 0)
(1.5328467 0.188352584844 0)
(1.5900859 0.313379427341 0)
(1.5053351 0.428081271844 0)
(0.18846416 -3.12770898409 0)
(0.53342515 -8.5517794983 0)
(17.680167 -9.27528484506 0)
(-8.0749698 -6.68440411772 0)
(-8.0536016 -6.25327218382 0)
(17.926277 12.410421514 0)
(17.95266 12.8929636826 0)
(14.20612 -2.02835807491 0)
(-6.3092747 5.06920612913 0)
(-3.4868931 2.71456024586 0)
(-0.262553 -1.33296914042 0)
(-0.087436179 2.56039034084 0)
(-2.7315757 12.951053838 0)
(-7.8412096 11.1262557352 0)
(-7.8655047 11.6054780208 0)
(-2.0080502 8.0453919699 0)
(2.8941739 10.4108153935 0)
(6.4492498 -7.05853250216 0)
(7.805509 8.96782399245 0)
(7.464009 9.18015962539 0)
(8.1458483 8.75442170939 0)
(5.4684984 -1.770702407 0)
(2.2057586 -1.65140044283 0)
(-3.6995591 2.86322886675 0)
(-2.2090271 0.490205642706 0)
(-1.5816068 -7.52893745165 0)
(-1.9087906 -7.70428858805 0)
(16.281812 -5.78937730228 0)
(0.43474369 11.9534046572 0)
(0.92425946 -1.04434136685 0)
(1.0529892 -1.04092392648 0)
(-2.4152325 -4.77001965998 0)
(-4.318707 -3.87041582898 0)
(-3.1162685 -1.68444027408 0)
(-2.8923312 -1.57840310195 0)
(-0.33633046 -6.53039192194 0)
(3.609695 -3.38089747527 0)
(-2.9626947 -13.0234261392 0)
(3.241891 10.5949058864 0)
(17.454661 -12.8708957626 0)
(17.894294 -12.6470531118 0)
(-0.49902167 -0.810367287911 0)
(6.9718297 13.0455669176 0)
(-2.9129221 -1.82354925026 0)
(-2.6938619 -1.73965803787 0)
(-2.6847367 -1.43363678813 0)
(0.38061501 1.40867204079 0)
(0.29381935 1.51364536845 0)
(0.12297618 -1.1955353386 0)
(6.6588956 4.86122878023 0)
(7.1088542 8.98985869515 0)
(7.1224818 9.38966355952 0)
(-3.0928486 -3.28529088146 0)
(0.055598548 13.1234514905 0)
(-4.338561 -10.9988896999 0)
(-1.7954359 -2.43032810881 0)
(7.4293078 -6.95007012599 0)
(7.7718077 -6.78031210994 0)
(7.7945922 -6.39969212262 0)
(8.1158002 -6.60878406609 0)
(8.1391161 -6.22412829392 0)
(2.5997951 -3.88448880227 0)
(-1.9305732 5.87072339242 0)
(0.47336266 -0.737989697129 0)
(0.42685634 -0.850158854368 0)
(-5.4444998 -10.1555002803 0)
(17.852719 10.9502413494 0)
(17.829758 10.4624240178 0)
(-3.458272 -4.05750250742 0)
(17.245526 -9.48773436929 0)
(0.55447656 8.47105107485 0)
(1.5977513 13.1354196963 0)
(-0.85263347 -0.332888091168 0)
(-0.9340766 -0.254138348578 0)
(-7.7437139 0.420847924165 0)
(-8.1781175 0.323602848536 0)
(8.0913321 7.57230035552 0)
(8.4378191 7.75476021785 0)
(0.260498 8.65309907554 0)
(4.3867908 -2.03308766458 0)
(0.61763705 -1.16936096785 0)
(17.965313 -11.1799465495 0)
(17.990293 -10.6896311309 0)
(-1.7789706 -3.34341663982 0)
(-1.1810397 -2.67865336135 0)
(18.110501 -9.0510390311 0)
(5.7760694 3.80777472517 0)
(6.0103018 3.5904433414 0)
(-3.4475568 2.96548553363 0)
(-0.00061290142 -4.09480803006 0)
(7.7003002 1.29988166104 0)
(-4.564924 -5.14245022982 0)
(-6.9574966 2.09114522553 0)
(-6.6371888 1.91310140592 0)
(-6.9505315 1.72779602768 0)
(-7.6118411 4.59513762398 0)
(-7.976644 4.76052137857 0)
(-8.001152 5.18086901091 0)
(-3.3933181 1.50898214942 0)
(10.99839 -11.0271381385 0)
(-2.3738775 2.37091850017 0)
(-6.3266704 2.09205646484 0)
(-6.9653618 4.60769184503 0)
(2.6608822 -2.91862358308 0)
(3.5193879 0.96655435648 0)
(5.5242614 3.96144579247 0)
(-5.052731 -6.64383380039 0)
(-2.3135289 -2.83867202071 0)
(14.231858 -1.59489756958 0)
(13.845778 -1.7904349319 0)
(13.870446 -1.36144812744 0)
(13.489112 -1.55524862603 0)
(13.519314 -1.12201160863 0)
(13.137416 -1.32070006071 0)
(13.167533 -0.891848369594 0)
(12.789003 -1.08724196199 0)
(12.811193 -0.673975410173 0)
(12.443899 -0.859214588312 0)
(12.464897 -0.451868389618 0)
(12.103889 -0.634215717285 0)
(12.125318 -0.231692024494 0)
(11.767854 -0.411560231987 0)
(-8.3638192 1.59979209448 0)
(-0.94112099 -6.8362422522 0)
(2.4267965 -11.2986733598 0)
(18.138892 -1.79067150004 0)
(18.111772 -2.26118044652 0)
(18.164646 -1.31981702877 0)
(-6.4335503 8.79753085576 0)
(-6.7968165 8.5826309953 0)
(-0.34440696 7.01223234822 0)
(0.53712353 6.3497512927 0)
(6.5110075 11.0625176179 0)
(6.1355117 10.8612684955 0)
(5.9544559 -5.53202682882 0)
(12.506885 -13.0026761882 0)
(12.936909 -12.7849962307 0)
(-3.5387041 8.52801336753 0)
(14.119595 4.04696434307 0)
(13.738844 3.83177144069 0)
(13.715482 3.40772183807 0)
(13.361036 3.63866931349 0)
(13.380486 4.06732055954 0)
(13.009157 3.8697742086 0)
(12.988087 3.44993782395 0)
(12.638901 3.67223881662 0)
(12.658633 4.09036491797 0)
(12.294208 3.8978347544 0)
(12.312525 4.30391121576 0)
(11.951194 4.11588295496 0)
(11.973155 4.51589990575 0)
(11.612736 4.33621836979 0)
(11.93291 3.71184868997 0)
(12.619515 3.26226220996 0)
(6.5816289 -4.87752016672 0)
(6.4948916 10.6337422183 0)
(6.120955 10.4371078345 0)
(-7.2781568 -9.80745613332 0)
(-7.7117663 -9.99209132255 0)
(-3.3907125 -13.2138639058 0)
(4.8306142 1.18332420024 0)
(4.7665498 0.93629089208 0)
(4.8823279 1.43319149998 0)
(9.3528311 -7.49893367435 0)
(-6.6322673 1.54788843425 0)
(6.4245592 6.71579035283 0)
(6.4134549 6.35810440902 0)
(6.1122737 6.54574968299 0)
(6.1017358 6.19627780419 0)
(5.8063924 6.37923558146 0)
(-7.2767846 -4.52878895004 0)
(-0.69538458 4.89058857092 0)
(8.4927101 -0.975739653432 0)
(8.4750534 -1.32850883913 0)
(8.1809497 -1.13767216091 0)
(8.1629857 -1.48682941737 0)
(8.45528 -1.67878445463 0)
(7.8705326 -1.28748360385 0)
(8.1432458 -1.83676480674 0)
(8.4359657 -2.02956811314 0)
(8.1220921 -2.18689606516 0)
(7.8313958 -1.99508517791 0)
(8.4169317 -2.38195862253 0)
(3.8941617 -2.19080095417 0)
(8.4624418 -6.43600205378 0)
(11.30019 8.05078602574 0)
(16.627841 0.0667714655546 0)
(17.004905 -0.166320462908 0)
(6.9745477 -10.2682754244 0)
(8.8855485 1.61606519017 0)
(9.1831195 1.43191023891 0)
(-2.164382 2.45311207784 0)
(13.04177 -9.94090950073 0)
(-2.8948515 -10.1350156682 0)
(0.27656258 -11.985728107 0)
(4.6296317 10.9087741564 0)
(4.9875448 10.6885772882 0)
(11.652804 6.19137226004 0)
(16.096664 -8.18259647744 0)
(16.062938 -8.65260702659 0)
(15.672727 -3.02177972405 0)
(8.2960198 1.60815887811 0)
(17.402728 10.2384949547 0)
(17.811216 9.97477979458 0)
(17.381149 9.75069359818 0)
(17.789097 9.48817365801 0)
(17.360375 9.26079171793 0)
(17.766578 9.00265172424 0)
(17.339371 8.77576972124 0)
(17.74391 8.51912510854 0)
(17.315343 8.29733912338 0)
(17.72137 8.03759958007 0)
(17.293699 7.81814699042 0)
(16.891222 8.0758104797 0)
(16.868974 7.60094283792 0)
(17.271545 7.33648445171 0)
(16.469052 7.85519593277 0)
(16.448189 7.38464275921 0)
(16.053754 7.6373264771 0)
(16.489824 8.3241889277 0)
(16.031847 7.16953629627 0)
(15.641534 7.42042830198 0)
(16.424736 6.91820247562 0)
(15.661135 7.88522826233 0)
(15.252281 7.6700600557 0)
(15.270899 8.13037948215 0)
(14.864532 7.91744775404 0)
(15.232566 7.20646849013 0)
(-0.35277105 12.8946504803 0)
(-0.53651252 1.5090553591 0)
(-0.39242061 1.5324389946 0)
(11.628817 4.75448895966 0)
(11.26835 4.54000319431 0)
(11.257745 4.15428919589 0)
(10.926205 4.36690004221 0)
(-2.2780732 11.4107823144 0)
(-4.7096854 13.1333699497 0)
(-6.373434 -5.61020825016 0)
(16.192884 -12.5548604174 0)
(16.16333 -13.0393143162 0)
(15.757034 -12.7800675016 0)
(8.0629431 -10.1283888682 0)
(15.366499 11.543416059 0)
(15.385776 12.0202891496 0)
(14.957252 11.800986197 0)
(14.977509 12.2778161526 0)
(14.550815 12.0541570581 0)
(14.568738 12.5330948968 0)
(14.142278 12.3101508161 0)
(14.14851 12.7888453409 0)
(13.732846 12.5655050869 0)
(13.716228 12.0841057137 0)
(13.316003 12.3281041711 0)
(13.291227 11.8606607792 0)
(12.895992 12.1012619146 0)
(12.873232 11.6386944503 0)
(12.472507 11.8897621324 0)
(12.467629 12.4063149537 0)
(12.05689 12.1314576956 0)
(12.053311 11.6701897587 0)
(11.654944 11.9178848145 0)
(11.657583 12.3704086972 0)
(11.255954 12.162920797 0)
(11.258174 12.6155085411 0)
(10.85393 12.4094979776 0)
(14.986963 12.7615182553 0)
(11.683962 12.8435688408 0)
(13.244367 12.8268404577 0)
(10.857784 12.862590128 0)
(10.452522 12.6562766567 0)
(10.843665 11.9445345524 0)
(11.641592 11.4531482306 0)
(12.036492 11.2074819442 0)
(13.271006 11.3884117467 0)
(-6.1609649 -12.6749722982 0)
(-2.4614474 -2.41326317057 0)
(9.4601991 -0.121039949988 0)
(9.4733337 0.239413469787 0)
(9.7812987 0.0470311153458 0)
(9.7957497 0.412833436452 0)
(10.1073 0.217163229185 0)
(10.121261 0.587066468564 0)
(10.435565 0.389121775866 0)
(9.6125437 -8.56536928433 0)
(17.517953 13.2262350933 0)
(4.6641164 -5.23754850053 0)
(4.6847927 -4.91325491854 0)
(14.631114 -11.0041699148 0)
(15.087537 -9.90714689532 0)
(7.1935623 -5.26369960967 0)
(7.5007411 -5.46193605793 0)
(-0.25043549 -4.17779620383 0)
(16.099173 5.06127869299 0)
(16.127089 5.50383183008 0)
(16.507255 5.26717329006 0)
(17.772247 -7.81812055931 0)
(5.7144937 -4.33145838564 0)
(-3.6539962 6.1111844698 0)
(17.557207 -4.750002408 0)
(17.950831 -5.0101435133 0)
(17.980503 -4.53654034829 0)
(17.917781 -5.47937398816 0)
(-1.5099652 -10.7072579978 0)
(-4.3048337 13.3729935788 0)
(-1.5016445 -6.10819523153 0)
(-7.9473795 4.34166946692 0)
(5.8039535 12.4003069485 0)
(7.9956047 -11.8694583015 0)
(12.431842 7.80095305155 0)
(-2.8999321 7.20326093993 0)
(-2.8996317 7.55174540124 0)
(10.826074 -6.34465639088 0)
(4.5282332 -6.95587368134 0)
(0.097176009 -1.33124943181 0)
(6.3010664 2.68602263158 0)
(11.78896 -0.0140276249915 0)
(11.435218 -0.193741381497 0)
(2.8307803 0.729186915757 0)
(2.9830267 0.602491594099 0)
(2.957393 0.390775197634 0)
(6.7662405 9.20049364197 0)
(-1.6540496 0.986386002404 0)
(-1.7032512 0.825119150008 0)
(5.2966577 -9.88373009276 0)
(7.7384182 12.5662027483 0)
(7.7582468 13.0236949128 0)
(8.1474962 12.7762604369 0)
(8.1674596 13.2395261538 0)
(8.5577482 12.9954698032 0)
(6.5897854 -2.46501179983 0)
(2.4662058 -13.2801530357 0)
(2.0820246 -13.0185370434 0)
(8.7350321 -2.22240651322 0)
(8.7163693 -2.57990499591 0)
(17.868371 -13.1406681578 0)
(10.466769 13.1268359542 0)
(10.066431 12.9051223275 0)
(10.042685 12.4373706007 0)
(-0.40954549 -8.28711358273 0)
(-3.947469 9.93282746389 0)
(0.53513695 -0.650242876293 0)
(18.234799 9.17470979755 0)
(1.0099541 4.17112923484 0)
(0.79539322 4.09105510419 0)
(0.83264473 4.31919116579 0)
(0.61228439 4.23636408385 0)
(-1.9946016 -0.47542502269 0)
(-2.1696758 -0.523351496185 0)
(-2.2215021 -7.49717092516 0)
(-2.2483926 -7.87592670081 0)
(-2.5671826 -7.66236106226 0)
(14.179896 -2.46216805891 0)
(14.542743 -2.70082155247 0)
(-3.7461333 0.625625194127 0)
(12.258746 -8.07108467583 0)
(12.274261 -7.63560751813 0)
(11.909111 -7.40038326056 0)
(12.293535 -7.20234571055 0)
(11.932 -6.96830590914 0)
(6.3807385 5.03070199777 0)
(3.114375 -2.77251351216 0)
(3.3495082 -2.69297603874 0)
(-2.3395816 13.1875915553 0)
(9.889159 -13.1528129921 0)
(6.8963007 4.03501038278 0)
(7.1895288 4.18185388715 0)
(7.2076077 4.51131758144 0)
(4.567449 -10.2253792788 0)
(-0.044939295 8.48603995916 0)
(-5.1951476 5.84472957742 0)
(-5.1679907 5.48461353936 0)
(-8.0875079 -9.70798380262 0)
(-8.1495524 -10.1787382538 0)
(10.939195 13.3359642829 0)
(-0.39976918 -1.37586577744 0)
(0.18610034 10.8241385316 0)
(-1.9319115 -1.70731090591 0)
(4.3532858 -1.09371194498 0)
(4.5963607 -1.00637270188 0)
(-1.0558921 1.07640285858 0)
(-1.0080385 1.21304357377 0)
(0.22884862 -1.28527493171 0)
(8.4216852 7.36232646169 0)
(8.7694471 7.54431999617 0)
(8.7893784 7.93667147328 0)
(9.1242429 7.72584283794 0)
(9.1439467 8.12441594071 0)
(9.4826219 7.91016974108 0)
(8.7514396 7.1516422834 0)
(-0.38110599 -2.68267807187 0)
(12.359315 4.7277424902 0)
(1.6481026 0.443376911351 0)
(-8.3684344 -4.23199830192 0)
(-8.4100788 -4.67758819244 0)
(16.200457 -6.77713300362 0)
(-4.5848219 -5.49956174481 0)
(-4.9027661 -5.29553562668 0)
(-1.7005546 8.21316230217 0)
(-6.2218616 -13.1544850057 0)
(-5.7745036 -12.9663445451 0)
(-4.3597135 1.36468642112 0)
(-1.4384757 6.42701135644 0)
(-0.96828434 -0.834852337252 0)
(1.99218 13.3592528468 0)
(9.462683 7.50832949765 0)
(9.8226442 7.69223372847 0)
(7.4079822 1.14447167784 0)
(7.3980383 0.817999723915 0)
(10.422884 0.0226284568146 0)
(-4.3034762 7.16713328667 0)
(-4.0162755 7.35158565205 0)
(11.048721 -9.53316327437 0)
(10.656051 -9.74877111432 0)
(10.278121 -9.49238154549 0)
(10.261713 -9.94885841575 0)
(9.8855626 -9.68965113154 0)
(9.858914 -10.1282737518 0)
(9.4915502 -9.8806775096 0)
(-1.8379943 0.0282988992275 0)
(17.41111 -13.3286451591 0)
(-0.82642625 -0.228918525559 0)
(-0.90030054 -0.150705634713 0)
(-1.0217278 -0.153669986041 0)
(-0.78622406 -0.130853225196 0)
(-0.86741804 -0.0543496074293 0)
(-0.64467662 -13.2616270036 0)
(1.9953124 11.506135372 0)
(4.9661599 -11.2197997867 0)
(1.4871403 -1.22060392943 0)
(1.5195812 -1.05138365891 0)
(-8.0412473 -4.93618081766 0)
(-8.2471491 -7.55723541882 0)
(8.1625551 9.15906265757 0)
(8.5030306 8.94251501742 0)
(4.7470038 -1.43969428037 0)
(-0.59770102 -1.18145944645 0)
(12.313604 -6.77189553679 0)
(9.0382041 -2.4177175036 0)
(9.0184622 -2.78304585932 0)
(9.3465037 -2.61657890756 0)
(9.3259046 -2.98731590764 0)
(7.3577705 -0.194213867962 0)
(7.3388046 -0.528639583668 0)
(4.1343982 -4.8746428389 0)
(0.36570483 -0.760358009866 0)
(-2.7496773 2.66035733674 0)
(-2.2483593 -0.214074318274 0)
(1.3997363 4.10340994355 0)
(7.5114663 9.56107285562 0)
(14.419212 2.49265195584 0)
(14.780706 2.25342084734 0)
(4.2583214 11.1238201315 0)
(18.352769 2.20554202131 0)
(18.324095 1.73476186441 0)
(18.378616 2.6789181045 0)
(-2.784711 2.43077585772 0)
(12.905715 -13.2612763553 0)
(13.340415 -13.0483848711 0)
(13.367439 -12.5659708045 0)
(13.772438 -12.8298907368 0)
(13.797844 -12.3472748306 0)
(14.189298 -12.6098633617 0)
(14.135819 -13.1186250893 0)
(1.295652 -11.4180193757 0)
(10.333287 -12.4754837085 0)
(-8.1329524 -11.6878282952 0)
(-8.2110179 -12.1392352157 0)
(6.0074226 -4.16807026497 0)
(-3.2917085 -10.3039426291 0)
(3.2049686 -2.29398133654 0)
(-4.5509887 5.52799647911 0)
(18.358361 12.6244183707 0)
(18.34315 12.1430230369 0)
(18.415553 13.1647363664 0)
(-2.7878766 1.63060167289 0)
(-8.4441605 -6.41143271138 0)
(-0.26897466 -13.5342261177 0)
(0.13727617 -13.3402075471 0)
(-8.449113 -5.12650274803 0)
(-0.75257368 -0.301575993275 0)
(1.1275202 -0.926194125294 0)
(18.37759 -4.79979355215 0)
(18.392865 -4.32240719032 0)
(12.965449 3.03708224164 0)
(10.90921 3.97727490095 0)
(10.583131 4.18619023828 0)
(16.011365 6.70435223767 0)
(0.6199382 -12.2565182053 0)
(18.151349 8.25929851267 0)
(18.128416 7.77509026349 0)
(-8.1859755 9.93066375541 0)
(-8.1567349 9.45746225724 0)
(13.30267 -13.5072561531 0)
(18.246767 10.1983218085 0)
(-4.5387782 -4.77223780894 0)
(16.527145 5.72791976195 0)
(16.917673 5.47890778617 0)
(16.982377 5.96425374887 0)
(17.350088 5.67763285117 0)
(17.309255 5.22342086734 0)
(17.731914 5.43532193059 0)
(17.705932 4.96384240217 0)
(17.751661 5.90979825211 0)
(18.128629 5.18097667371 0)
(18.104458 4.70434147638 0)
(1.6730558 0.197666842478 0)
(1.6122853 0.0756624407131 0)
(-1.6020619 -1.78557073205 0)
(-0.29042985 -1.47782690035 0)
(-8.2698637 11.3432722816 0)
(-8.2885046 11.8262768465 0)
(-7.8845289 12.0885699106 0)
(-8.3109841 12.3111269018 0)
(-7.9054274 12.574023654 0)
(-8.3289455 12.7987863439 0)
(-7.9279345 13.0617719609 0)
(-7.4937721 12.8369585546 0)
(-7.517301 13.3248591678 0)
(-7.0831726 13.0990731726 0)
(-8.385053 13.3353413358 0)
(-5.7839039 -9.88478804976 0)
(18.173234 -8.08479471843 0)
(18.205677 -7.60201359253 0)
(-1.1530826 1.18615281781 0)
(7.7453789 -7.1593196592 0)
(7.401158 -7.33515132235 0)
(1.5376888 8.89524560532 0)
(1.8494482 8.70782528157 0)
(0.3016539 6.50619956739 0)
(-4.3172174 10.1300676895 0)
(-3.9580209 10.3541295441 0)
(-4.6758459 9.90522857145 0)
(-6.9448787 1.36728654377 0)
(-0.039238682 8.83738297338 0)
(-0.35050293 8.66494694323 0)
(-0.71773983 -8.07187264069 0)
(14.153829 -2.8951207638 0)
(14.514398 -3.13467816568 0)
(14.126479 -3.32906986755 0)
(14.487395 -3.56907815865 0)
(2.398766 -1.58057262828 0)
(2.426387 -1.38949209032 0)
(5.5050851 3.6747579799 0)
(5.2608906 3.82209030962 0)
(15.728011 -13.2667185627 0)
(5.4315841 -4.48163357691 0)
(9.6589005 -2.81810412067 0)
(9.6384643 -3.19330945534 0)
(9.9757417 -3.0223408646 0)
(9.9550246 -3.40274486185 0)
(4.0842429 -2.36767419783 0)
(-8.3286874 4.52135149856 0)
(-8.3003771 4.09049914573 0)
(-2.1941081 8.97288363661 0)
(9.5000555 8.31621024239 0)
(10.932256 4.72811271983 0)
(-5.9848816 -5.45539544542 0)
(4.3582434 -8.43145649377 0)
(4.0474233 -8.21494005285 0)
(14.099129 -3.76328502497 0)
(14.462472 -4.00566384366 0)
(0.65219543 4.46959403137 0)
(0.42897734 4.38584114365 0)
(18.535887 -2.04968762145 0)
(-2.6993139 -5.6518939956 0)
(10.102971 13.3665985372 0)
(1.5743383 3.95333192774 0)
(-3.6646982 3.12919767461 0)
(-3.4198986 3.23497378455 0)
(-3.9093017 3.01939668453 0)
(-1.8175713 0.94576254644 0)
(11.627433 10.9913368578 0)
(12.016782 10.7490776082 0)
(8.4833242 -6.05000639788 0)
(-0.34160602 13.3568913536 0)
(-0.73371932 13.1275022337 0)
(8.4398654 -6.82458901222 0)
(18.521168 4.94133323972 0)
(-6.278581 -10.5381820222 0)
(11.431836 0.181673817414 0)
(-4.5954405 -3.6754606863 0)
(18.476788 4.4670628624 0)
(14.850061 -3.8147450576 0)
(14.827503 -4.25100102384 0)
(18.501404 -2.51126741894 0)
(8.5800158 13.458185395 0)
(0.32008797 -0.854445795426 0)
(0.26905976 -0.766246220046 0)
(2.9015288 10.8131594764 0)
(10.296885 -3.22951259511 0)
(10.275858 -3.61509249894 0)
(10.622291 -3.43957051354 0)
(15.197313 2.87815562091 0)
(0.43792749 13.3475633351 0)
(12.75947 -1.50423411215 0)
(6.3545111 -9.36517328952 0)
(-6.7534936 -8.67493367614 0)
(-6.3886504 -8.96178417359 0)
(-3.3734838 6.29676283084 0)
(-2.7442247 13.4123307075 0)
(-6.6229423 1.19282387323 0)
(5.2743303 -10.2734334122 0)
(5.6411401 -10.1104100383 0)
(9.466546 -13.3619215415 0)
(-3.573251 -5.03207132198 0)
(12.477656 -13.4896332616 0)
(-0.67955781 1.48304654237 0)
(-5.3697433 -9.70743011051 0)
(-5.0197186 -9.98384893145 0)
(6.4399248 8.20648193879 0)
(18.290493 -12.915292253 0)
(18.331099 -12.4229479867 0)
(5.7942864 6.03828675823 0)
(5.504489 6.21875303821 0)
(5.5139023 6.55695516277 0)
(5.21534 6.39683558251 0)
(5.2243574 6.73404890004 0)
(4.926474 6.57403493734 0)
(4.9347775 6.90990037666 0)
(4.6375504 6.75083998821 0)
(4.6470099 7.08804303156 0)
(4.3492622 6.92694451818 0)
(4.3569829 7.26413396302 0)
(4.0589948 7.10467612297 0)
(4.066963 7.44174817316 0)
(3.7683886 7.28224377136 0)
(3.7764921 7.62038687404 0)
(3.4768471 7.46015987712 0)
(3.4861304 7.80176426836 0)
(3.184054 7.63917915621 0)
(3.1934362 7.98275566496 0)
(-8.3331133 -8.49448834201 0)
(2.3546336 -1.78404186255 0)
(2.1664031 -1.84227898375 0)
(-0.0066801236 -7.39795350796 0)
(-0.77852829 -0.0289845508785 0)
(-0.84312356 0.0380583483669 0)
(-0.75892985 0.0620329375359 0)
(-0.81876666 0.12540716997 0)
(-0.73679255 0.144406656326 0)
(-0.7960387 0.211433419156 0)
(-0.88753135 0.191174169511 0)
(-0.85895761 0.285767844457 0)
(-0.74875493 0.300130483206 0)
(-0.82343758 0.381495165696 0)
(-0.72081614 0.40297571917 0)
(7.6896541 6.66084278536 0)
(6.0834839 5.85410384814 0)
(17.117784 -10.6921594427 0)
(-1.1044786 1.33046650845 0)
(6.7857407 9.59906700113 0)
(6.4252922 9.40937829573 0)
(-0.82098416 11.8569039875 0)
(-2.0440977 -0.66180950117 0)
(-2.2265635 -0.710705981341 0)
(-2.0965069 -0.853571020128 0)
(-2.2948118 -0.899808372017 0)
(-2.4382441 -0.723429561898 0)
(-2.1495454 -1.04466736289 0)
(0.53521084 11.0258115812 0)
(0.84446042 -8.76323459807 0)
(2.9014035 7.83716199819 0)
(2.9010251 8.16799099647 0)
(2.6070931 8.02150044774 0)
(2.6027103 8.34694583558 0)
(0.46922624 4.62245544898 0)
(0.24225322 4.53725801422 0)
(0.28316856 4.77798575092 0)
(10.456062 0.753344850259 0)
(10.129037 0.974479128437 0)
(-2.2272736 0.306329345808 0)
(-2.4115284 0.220395487749 0)
(-2.0536301 0.377020498491 0)
(16.582921 -0.81339762169 0)
(5.0795665 1.2659000932 0)
(-2.0860958 -1.56524520644 0)
(-2.1363202 -1.78968501136 0)
(-0.05176594 -4.35354627077 0)
(0.18874032 -4.2632826225 0)
(-0.94052419 0.0107148234197 0)
(-7.7082559 9.24283527994 0)
(-8.1196255 8.97833122486 0)
(-8.5490455 9.19153178948 0)
(-8.516101 8.71859879389 0)
(-8.0929675 8.51061199119 0)
(-8.4833397 8.2494617092 0)
(-8.0629934 8.04122120351 0)
(-8.4369791 7.78611389938 0)
(-8.0339872 7.57966502462 0)
(-8.4018552 7.32705845353 0)
(-7.6530767 7.82940136511 0)
(8.8609577 0.924611495654 0)
(18.081728 -2.73338026309 0)
(18.453579 -2.97429588657 0)
(-6.2734592 -7.55811640966 0)
(9.1746618 1.79353072772 0)
(8.8932546 1.96699524547 0)
(9.4844389 1.58559413331 0)
(-2.0882091 -4.01276573458 0)
(7.522068 -5.0960761862 0)
(-3.3570796 5.94732832568 0)
(-3.6340188 5.76788992282 0)
(-3.0888646 6.12353247638 0)
(7.8294151 -5.29624565484 0)
(18.074716 4.23063734031 0)
(18.456806 3.97237716782 0)
(1.5569504 0.554479099301 0)
(5.7424816 -4.00782739095 0)
(0.50238985 -8.92966318516 0)
(12.636351 -7.43494307395 0)
(0.06546035 4.68841652355 0)
(-2.5589023 10.3770576469 0)
(-2.919662 10.5782887101 0)
(-0.48709923 1.64669607674 0)
(-1.0179823 -12.9902937348 0)
(-1.0687098 -13.4509217241 0)
(4.6224197 10.4903826536 0)
(4.985426 10.271738922 0)
(10.966878 -11.4865131597 0)
(7.4196123 1.46954996107 0)
(6.6707684 5.18860799904 0)
(17.769291 -1.0617621934 0)
(18.200443 -0.867436688014 0)
(3.0226097 -2.13646589004 0)
(18.075286 -9.60855738062 0)
(-0.3417747 1.67673427516 0)
(-2.7503934 1.85858575487 0)
(0.99603962 -1.16002462229 0)
(5.1208148 1.51570735023 0)
(14.226322 -12.1280893999 0)
(-6.3169941 1.36964372501 0)
(18.283606 -13.4113869591 0)
(-8.7543151 12.5328620638 0)
(-3.0219109 -13.4690946485 0)
(-2.5011017 -0.947997060372 0)
(10.600975 -3.83026137788 0)
(10.942156 -3.66761529848 0)
(8.7903952 -6.6493965486 0)
(-0.35238151 9.0109132966 0)
(-0.66173044 8.84698054626 0)
(0.25129466 -1.14129830392 0)
(-1.6025151 1.14468103916 0)
(3.2477245 10.9801849882 0)
(14.597229 -12.4074143901 0)
(0.38650911 4.15045670898 0)
(17.063278 1.12220251964 0)
(17.454026 0.856716137478 0)
(-1.6155611 -7.9286397775 0)
(-1.868218 0.788051700767 0)
(11.953266 -6.54050362939 0)
(7.8098334 -2.34226187572 0)
(7.5219586 -2.15258867699 0)
(11.614011 10.535380159 0)
(0.4402168 1.54020408529 0)
(0.51232521 1.42813923817 0)
(0.35538901 1.65175944923 0)
(0.2042543 1.62228943267 0)
(-0.67584677 -7.70521193137 0)
(9.6761024 12.693007458 0)
(9.6384448 12.2173638259 0)
(-2.3126552 6.53497077924 0)
(7.1228397 0.989014478558 0)
(7.1084248 0.65905139292 0)
(-0.79071489 0.479848685737 0)
(-0.68952217 0.493721223145 0)
(-1.4051222 8.03808767792 0)
(-1.4074557 8.38005239726 0)
(11.787052 0.349042820947 0)
(2.0473673 -13.4816872428 0)
(1.6653389 -13.2180478564 0)
(1.700108 -12.7577210768 0)
(2.4347011 -13.7461388799 0)
(18.751537 1.94557609756 0)
(0.56567031 8.81453277533 0)
(18.564389 5.38206790819 0)
(11.412428 -0.587805987552 0)
(-7.542635 4.15512806992 0)
(-2.9486891 -10.5583305487 0)
(-7.9927455 1.39307171223 0)
(-8.3578494 1.17518534092 0)
(-6.9542223 9.79298818593 0)
(-6.5693122 10.0213786535 0)
(18.403753 -10.9567800191 0)
(18.428417 -10.4648825738 0)
(12.599182 2.85121286709 0)
(0.72847184 3.64519642424 0)
(-4.676986 10.3420779003 0)
(-5.0549325 10.1022585959 0)
(-2.5968652 -8.05080479011 0)
(3.0137814 0.809584994667 0)
(2.8605003 0.930498903903 0)
(3.1746214 0.67204034456 0)
(1.4194284 0.540684868282 0)
(1.4647162 0.667616302703 0)
(13.180206 -0.464528566983 0)
(0.10839901 4.91809027712 0)
(4.9438297 1.69011761497 0)
(14.882421 8.37584042715 0)
(14.478067 8.16222878105 0)
(14.459629 7.70831932787 0)
(14.077255 7.95067648545 0)
(15.289233 8.58992506719 0)
(14.059334 7.49779548648 0)
(13.680948 7.74074235132 0)
(7.7740631 13.4624485765 0)
(-7.5142573 -0.616026300098 0)
(-7.8878783 -0.790893715123 0)
(-8.2328945 -0.543855065705 0)
(-8.273893 -0.96777010366 0)
(-7.9220186 -1.21305104587 0)
(-8.309886 -1.39501720418 0)
(-7.9560318 -1.64316035176 0)
(-8.3465748 -1.82671084997 0)
(-7.9900745 -2.07670849547 0)
(-8.3826752 -2.26269621704 0)
(-8.0239843 -2.50927082437 0)
(-8.4206807 -2.69993839653 0)
(1.295509 -12.9786382293 0)
(1.2706337 -13.4114917641 0)
(-6.828316 8.13390941857 0)
(-8.6297601 -0.718688661139 0)
(1.1281197 -1.16584373334 0)
(-0.24722416 1.55547867251 0)
(-0.19520449 1.70019408958 0)
(12.491722 -0.0250277859001 0)
(18.514035 -9.32105893273 0)
(4.4020109 -0.834800680544 0)
(4.6451699 -0.745642427021 0)
(4.8466939 -0.919915745309 0)
(4.8919678 -0.656588241483 0)
(4.691233 -0.483937799312 0)
(4.9382913 -0.393436977328 0)
(4.7374208 -0.223492969797 0)
(4.9771551 -0.130050372492 0)
(4.7835375 0.0394061460518 0)
(5.0222193 0.132249498569 0)
(4.8299751 0.301186196457 0)
(5.078168 0.39351053066 0)
(2.3496086 -11.7016210898 0)
(-4.2051065 -4.61361887491 0)
(10.228791 -10.3815234176 0)
(-5.8205295 -13.4297381212 0)
(-5.3896684 -13.245558372 0)
(2.7772811 -11.5380453728 0)
(2.8173091 -11.1113919765 0)
(-2.1960334 2.23169747133 0)
(10.517361 -11.193296308 0)
(0.18340972 11.2277324653 0)
(1.8328895 -0.919256461569 0)
(0.2780709 0.846172999002 0)
(0.17121995 0.84286028626 0)
(0.22865276 0.760448190277 0)
(0.13491352 0.751400499726 0)
(0.076190366 0.825550501161 0)
(0.047209474 0.742612133487 0)
(0.095344554 0.682712058067 0)
(-0.011972487 0.806615841506 0)
(-8.7021705 4.28440177853 0)
(-8.6857201 3.82645259681 0)
(-1.9721893 -1.89239499746 0)
(7.4794288 4.32483076729 0)
(7.4805342 4.65015322116 0)
(-1.2544969 1.3034736483 0)
(-0.46008524 4.75773204355 0)
(-4.6267389 -4.09119705147 0)
(-0.036220876 0.713609425659 0)
(-0.097338842 0.787070836969 0)
(-0.12569349 0.705969870199 0)
(-0.1810486 0.767383651177 0)
(-0.20593728 0.688542951411 0)
(4.3952558 -8.05203500254 0)
(4.0764814 -7.84235228425 0)
(3.7428191 -8.00098139102 0)
(1.5968523 13.5920542334 0)
(-0.30518468 -4.43885487475 0)
(-0.50734909 -4.25397184535 0)
(-0.91938514 5.02281975928 0)
(-0.92234744 4.76541460716 0)
(0.54750914 6.63403127854 0)
(0.79729392 6.48038081975 0)
(0.30082612 6.80086323231 0)
(-0.022077088 2.11411945588 0)
(3.0747854 -1.11665334399 0)
(2.8657353 -1.1884434268 0)
(2.9082625 -0.977365856056 0)
(0.016667256 4.45014054317 0)
(-3.2022406 8.36500510851 0)
(-3.5168086 8.17026589764 0)
(-2.8847056 8.56227770318 0)
(-0.6275438 0.424011541057 0)
(-0.59691471 0.505450263365 0)
(-0.54463577 0.44018040528 0)
(-0.51436972 0.51878969199 0)
(5.4915123 5.88408833143 0)
(-3.0527594 5.80622046117 0)
(14.082857 -4.20017038025 0)
(12.078431 -1.04120281608 0)
(0.5239652 0.703977325386 0)
(0.42885705 0.689007513217 0)
(0.48220721 0.614836315723 0)
(0.3981357 0.601704861728 0)
(2.5609896 -1.69920054875 0)
(0.20126785 -1.4199548429 0)
(0.34006851 -1.37753467005 0)
(0.073548966 -1.46867302227 0)
(-1.7507157 0.661183668061 0)
(-7.3350003 -10.2760144022 0)
(8.6874576 -2.96039060833 0)
(-2.8367725 -0.518146414027 0)
(2.0046384 0.604370979126 0)
(14.255703 -1.15368062288 0)
(2.2949914 8.18040911689 0)
(4.4168276 -7.6863679723 0)
(9.8295655 -10.5694526647 0)
(7.060988 -0.354354462333 0)
(7.0470032 -0.679895847201 0)
(7.0771941 -0.0266591070338 0)
(5.863838 -6.29513474784 0)
(-6.0692123 -2.80177239836 0)
(15.946945 2.34893088641 0)
(15.91727 1.90372035868 0)
(0.32568054 -7.24746958808 0)
(2.1778085 8.88237692209 0)
(14.395067 2.0586502058 0)
(14.032764 2.30553024872 0)
(14.756583 1.81174695098 0)
(14.163751 4.93585548773 0)
(12.333705 -6.34433548007 0)
(12.694998 -6.57545376483 0)
(-5.6514061 -5.70588850558 0)
(1.4603764 2.57849364986 0)
(1.2775749 2.51455988739 0)
(1.4212187 2.39219421287 0)
(1.1316983 2.63821120693 0)
(1.2463859 2.33027784722 0)
(1.3876408 2.20976562278 0)
(-2.6317136 -0.404583181118 0)
(7.3193315 -0.856595262289 0)
(7.0300864 -1.0057064457 0)
(0.63328795 -0.640335970552 0)
(0.57089142 -0.564708449117 0)
(0.48647801 -0.571181047198 0)
(13.792712 -2.65783309533 0)
(-2.1139103 -6.05006155816 0)
(-0.56447834 0.585289994684 0)
(-0.48099878 0.598717497208 0)
(-8.7307136 4.74039958881 0)
(7.121893 -8.21616041692 0)
(6.7906388 -7.99886800935 0)
(0.44668489 0.535784456205 0)
(0.5272771 0.539308927334 0)
(7.8518336 -4.9269704912 0)
(-3.2697436 1.0793660674 0)
(-0.7381825 13.5890082165 0)
(-1.1316887 13.354947001 0)
(-0.33641508 13.8230394558 0)
(7.5421892 -1.80862256958 0)
(7.2378718 -1.96411640956 0)
(-8.1093637 -11.1369473898 0)
(-8.5571769 -11.4091142259 0)
(-0.23686133 -3.05788533917 0)
(4.9492807 -5.1031478106 0)
(18.7746 12.3578739146 0)
(12.256982 3.07524267814 0)
(10.026745 11.9745625516 0)
(-1.9908791 2.314381053 0)
(-1.9574189 2.53060510677 0)
(-1.7891774 2.39306235287 0)
(-1.7540584 2.60509926297 0)
(-1.5894375 2.47013393701 0)
(-1.5539725 2.67957485106 0)
(-1.3919953 2.54627253524 0)
(-1.3627068 2.74761904879 0)
(-1.1976121 2.62046950347 0)
(-1.1737288 2.85226469307 0)
(-1.0051851 2.69999964336 0)
(-0.96865779 2.89928671363 0)
(-0.81115367 2.77026800895 0)
(-0.77726746 2.97230957138 0)
(-0.6196846 2.84307613587 0)
(1.558692 2.26934338327 0)
(1.5260815 2.09029709079 0)
(1.6949669 2.15016712269 0)
(1.6613874 1.97323027926 0)
(12.01295 -3.74099702331 0)
(16.95398 9.51867747798 0)
(-5.5786356 6.37221632062 0)
(-2.2747131 -8.26474305537 0)
(15.674413 -8.38833430098 0)
(15.707368 -7.92221182388 0)
(15.640109 -8.85690922598 0)
(16.027849 -9.12193117994 0)
(-3.2670636 7.32188901041 0)
(11.236841 3.76573691338 0)
(10.890738 3.58946007029 0)
(0.81094531 2.89827629928 0)
(7.2148821 -4.8978968363 0)
(3.8350274 -2.4713605021 0)
(14.443431 7.24340572017 0)
(1.830196 2.03185372313 0)
(1.7965259 1.85531486581 0)
(1.965404 1.91355168051 0)
(1.9318092 1.73692383012 0)
(2.1017123 1.79580295276 0)
(2.0672441 1.61783023784 0)
(0.31059298 -0.690338303488 0)
(0.22236926 -0.691830035352 0)
(0.18176025 -0.765316450621 0)
(0.13946569 -0.689980945761 0)
(0.097556917 -0.760624359964 0)
(-3.4591271 -13.656922618 0)
(-3.8305735 -13.4010516903 0)
(-3.8883532 -13.8742209709 0)
(-4.2625663 -13.5946753129 0)
(11.238369 11.2351262299 0)
(16.102351 -13.5271423688 0)
(18.536308 7.99862936565 0)
(18.532891 7.51076401522 0)
(-1.1449223 4.89418035141 0)
(-1.1481185 4.63764253154 0)
(-1.3699614 4.76618961348 0)
(-1.3711519 4.5063328424 0)
(-1.1700246 4.38016217736 0)
(-1.5943363 4.637605869 0)
(-1.5970437 4.3788078836 0)
(-1.8197582 4.51008716081 0)
(-1.8215793 4.25072549475 0)
(-1.1408108 13.8205217184 0)
(-8.5290976 -9.89148442077 0)
(-8.5924383 -10.366993169 0)
(-0.71962594 1.35083503778 0)
(-0.8251295 1.45603825257 0)
(-2.0456248 4.38223770691 0)
(12.85186 11.1721269264 0)
(13.250476 10.9206990633 0)
(13.665758 11.1374567311 0)
(12.829768 10.7094218122 0)
(14.521834 11.5792372051 0)
(-0.64992476 6.56127545983 0)
(-7.276835 3.43320627127 0)
(-3.3786014 6.68817988392 0)
(-0.58324687 3.03726453994 0)
(-0.42730963 2.91494782206 0)
(18.609839 -7.87210333225 0)
(18.64255 -7.38534168691 0)
(-8.9432131 8.92790244529 0)
(7.7064235 1.62695900473 0)
(16.681233 1.36937087525 0)
(9.4804903 1.24476009895 0)
(3.6652205 -2.03296634454 0)
(13.462965 -1.98275525534 0)
(-0.74033164 -8.43322170541 0)
(-0.44120798 -8.66309790544 0)
(-6.2528087 -13.6838238509 0)
(-4.9916069 -6.26341090783 0)
(-4.6773761 -6.48633389684 0)
(-0.96343595 0.263726438051 0)
(-7.1050416 13.5867891738 0)
(-6.6724506 13.3602920874 0)
(0.66093789 2.36299528724 0)
(18.103819 7.28916189534 0)
(18.511488 7.02420227582 0)
(9.8612436 -13.6261820148 0)
(10.286961 -13.4133797467 0)
(-2.0462738 4.12404950453 0)
(-2.2719166 4.2533676277 0)
(-2.2728798 3.99476515658 0)
(-2.4999702 4.12451325858 0)
(9.3018917 -3.36048047216 0)
(5.188823 1.72611537232 0)
(0.11371822 -13.8188833866 0)
(-6.3130542 -5.19648615983 0)
(-8.0050162 7.12432595588 0)
(-8.3833343 6.86963207646 0)
(-0.89785885 0.461627596816 0)
(6.6054232 3.89493245384 0)
(6.8764613 3.71335136814 0)
(6.5903843 3.56726347997 0)
(18.767935 -12.7620085944 0)
(-7.5404952 13.8153859755 0)
(10.768785 0.563270248497 0)
(11.313365 -12.2148936571 0)
(6.2943703 -4.35198349146 0)
(6.3095706 -4.01204755491 0)
(-2.3801517 1.78305438504 0)
(-6.6848487 -5.35173058502 0)
(-2.5538332 -10.3778526046 0)
(-7.0560417 -7.94329733493 0)
(-2.4071299 -2.14126861624 0)
(16.241133 0.297950882811 0)
(16.234363 12.476589194 0)
(16.24966 12.9668101457 0)
(16.674409 13.1821468813 0)
(16.265966 13.4561583227 0)
(16.736025 13.708171377 0)
(9.0755318 -13.0999497819 0)
(9.0423023 -13.5710209761 0)
(8.648024 -13.3086058744 0)
(8.6166069 -13.7816920407 0)
(8.2230106 -13.5162240049 0)
(8.2545574 -13.0453251535 0)
(7.8316056 -13.2513956234 0)
(7.863824 -12.7847369695 0)
(7.4431224 -12.9890974021 0)
(7.4011234 -13.4382691414 0)
(7.0196819 -13.1898382184 0)
(6.9770069 -13.6402710913 0)
(6.6012075 -13.4048752449 0)
(6.6546801 -12.9381505877 0)
(-2.919902 -7.83229432019 0)
(-4.7161909 13.6853782687 0)
(-5.1362028 13.3509598165 0)
(-2.9843687 2.5824845144 0)
(-4.0668223 -1.33503616401 0)
(-4.3352628 -1.45172852048 0)
(-4.3123232 -1.15513781328 0)
(-4.5907335 -1.28327920069 0)
(-4.5628605 -0.974834683757 0)
(-4.5678645 -1.59950243403 0)
(-4.8486327 -1.10517737334 0)
(-4.8197729 -0.78866602533 0)
(-4.5427103 -0.674627518146 0)
(-5.1112547 -0.922567946501 0)
(-5.1153065 -1.24479874525 0)
(-5.0812327 -0.599741315618 0)
(-5.3792245 -0.736162787751 0)
(11.574529 -6.73431518516 0)
(-7.4320085 -12.7573636793 0)
(-7.4955738 -13.2409678793 0)
(-4.9453087 7.17321882142 0)
(18.031368 3.77486457419 0)
(-7.1195345 -13.5264409519 0)
(-7.5465477 -13.7283559438 0)
(-7.9549263 -13.4773887487 0)
(-5.4962319 5.64440431222 0)
(-5.4693252 5.28187747252 0)
(-5.1451877 5.1249427276 0)
(-5.4421304 4.92362855909 0)
(-2.5989338 -13.2868041005 0)
(5.6822944 -3.19939515451 0)
(15.768353 5.79636194415 0)
(17.87214 1.06284297006 0)
(17.850061 0.594332802402 0)
(18.26506 0.802427629225 0)
(18.237182 0.332108960903 0)
(18.661764 0.541510214294 0)
(18.641673 0.111154272793 0)
(18.238065 -7.11854145826 0)
(18.67374 -6.89906345535 0)
(18.269412 -6.63247592953 0)
(18.699496 -6.41288796063 0)
(11.084327 -0.372467066861 0)
(18.547267 -8.8353300598 0)
(-3.9038751 13.1559367792 0)
(-3.9267257 13.603413952 0)
(3.2077766 8.32784921672 0)
(18.37816 -11.4466051247 0)
(-3.6277546 3.417378761 0)
(-3.3853939 3.50878577832 0)
(17.273916 -2.67133693475 0)
(18.001978 -4.07210419949 0)
(18.583017 8.48497340212 0)
(1.5336877 3.73010401259 0)
(1.7477069 3.80296402646 0)
(1.6870356 3.58066629407 0)
(1.9065618 3.65278542289 0)
(-3.6713277 -0.188122844784 0)
(-3.9084338 -0.287386637127 0)
(-3.8856665 -0.025529264546 0)
(-4.1304811 -0.1281497719 0)
(11.039823 -10.0441787841 0)
(11.432456 -9.80806355846 0)
(2.5572839 10.6156082062 0)
(9.052783 -2.06079749793 0)
(15.835061 13.2279780928 0)
(15.850198 13.7203227228 0)
(15.417392 13.4896966407 0)
(1.3356766 0.652551026102 0)
(1.3829991 0.781179264646 0)
(1.2531612 0.763283657461 0)
(-0.039550204 -6.37813274203 0)
(1.3043691 0.888742206287 0)
(1.1710965 0.871283100862 0)
(1.2220089 0.995608677523 0)
(1.0906479 0.977767672563 0)
(1.1401434 1.10260129235 0)
(1.0111006 1.08160024624 0)
(12.505005 9.54883287612 0)
(-3.611909 -10.0663568299 0)
(5.2448643 -12.8025573792 0)
(5.6043022 -13.0583914889 0)
(5.2073436 -13.2626272871 0)
(5.5939675 -13.5211768717 0)
(18.608177 -1.10859883581 0)
(8.5327223 12.5271586297 0)
(-8.3970669 -8.9597085476 0)
(-2.61021 -0.172525478662 0)
(2.7469213 12.9052290985 0)
(3.1386828 13.1290678769 0)
(-0.89971895 -2.46192166266 0)
(0.86425893 8.62021456372 0)
(-8.2120847 10.4026046006 0)
(-8.6121536 10.142706017 0)
(14.898084 8.84361535752 0)
(-3.1308058 -1.9451034538 0)
(-2.9189178 -2.0828121917 0)
(6.1085473 -7.5904934617 0)
(2.2381743 1.67690579994 0)
(2.2034665 1.4975550218 0)
(2.3775447 1.55709137059 0)
(2.3421425 1.3746921276 0)
(3.9113369 -9.76698798765 0)
(5.4263618 12.6346139936 0)
(5.8220247 12.8505225437 0)
(5.4357884 13.0892259483 0)
(5.838302 13.3077455707 0)
(5.4439426 13.5503157752 0)
(5.059037 13.3200706726 0)
(-0.71275671 -0.0929396166948 0)
(5.0956816 -0.824004593593 0)
(-4.5813465 -3.32687310662 0)
(-4.8749074 -3.47130272992 0)
(-4.872151 -3.12133120228 0)
(-0.42540923 -11.0407547443 0)
(1.4513689 0.911642113084 0)
(-0.65121447 8.50943295093 0)
(1.1834207 -8.59790638485 0)
(1.1586891 -8.97610980624 0)
(1.4899789 -8.78130657101 0)
(15.645257 -3.47249546675 0)
(-5.0269674 11.0355779029 0)
(-8.4851746 -6.83811592482 0)
(-8.8719992 -6.57558443387 0)
(1.2069812 10.626266473 0)
(1.5250771 10.9152791216 0)
(1.5598191 4.53580325883 0)
(2.8572883 7.50531140382 0)
(3.3401831 -2.98236979254 0)
(3.5416749 -2.85692911041 0)
(18.720702 1.47252315316 0)
(6.8580895 0.836963718541 0)
(15.31699 -12.9981663533 0)
(15.289805 -13.4890588007 0)
(3.5709735 10.3720494051 0)
(-1.3973795 -5.46447558166 0)
(4.9381347 -5.41868342304 0)
(-8.7014333 -1.57401779674 0)
(-6.0790953 9.01035682844 0)
(9.4461816 3.71910129866 0)
(6.9527253 5.01402638868 0)
(-3.2002253 3.06659245622 0)
(-1.8632208 -0.607189291964 0)
(-2.8877639 -7.44837465301 0)
(-3.2411331 -7.61252012912 0)
(-3.2102761 -7.22918582092 0)
(-3.5615749 -7.38969597404 0)
(17.796666 -0.638411699951 0)
(-0.45285356 0.450757235199 0)
(9.8027308 7.2888939392 0)
(10.164449 7.47251885311 0)
(10.184413 7.880336469 0)
(10.535013 7.65744354151 0)
(10.552855 8.07689193609 0)
(9.4419845 7.11022851414 0)
(10.20589 8.30529813082 0)
(-8.6422718 10.6192775039 0)
(3.0710575 -3.02627596212 0)
(0.069359023 6.37872904318 0)
(0.074084125 2.83430061066 0)
(13.390961 -12.0883762739 0)
(7.2353141 -1.55561513174 0)
(-2.3133056 7.88182769591 0)
(9.5209172 -9.44855970078 0)
(9.1310647 -9.6418772768 0)
(9.1016161 -10.0726062597 0)
(6.95451 -1.76759420274 0)
(-0.75541182 0.574656769056 0)
(-1.9462105 12.945006303 0)
(-1.9195078 13.3790767886 0)
(18.079358 6.80388215303 0)
(18.486894 6.53862769195 0)
(-5.5938421 -5.25572239018 0)
(-5.3344443 -12.7753846844 0)
(-8.5763271 -0.29402760107 0)
(5.0496947 -1.09895694134 0)
(-4.308982 7.53649239935 0)
(9.9302975 -3.78295200471 0)
(-1.8859584 10.7975699212 0)
(18.917458 5.15777926368 0)
(2.752917 13.3597326207 0)
(3.1488675 13.5874034864 0)
(2.7962345 13.8350641999 0)
(3.544254 13.3522128079 0)
(-6.6540643 12.8788955889 0)
(-6.2416108 13.1348114352 0)
(-6.2616072 13.6208417311 0)
(2.5180133 1.43566903548 0)
(2.4824787 1.25059012385 0)
(3.5488478 13.804149955 0)
(3.9536954 13.5716238976 0)
(3.9843135 14.1064723804 0)
(5.2269582 7.08161161113 0)
(5.1742475 -13.7274836223 0)
(4.7855981 -13.4636000041 0)
(4.6933066 -1.70450090957 0)
(4.9546321 -1.62075660636 0)
(4.9009849 -1.8919731037 0)
(3.8009316 7.95979694482 0)
(-3.5397282 -7.0092919634 0)
(-8.8291074 -6.1404760726 0)
(-0.10189838 -4.6256903658 0)
(18.953492 -9.10141901267 0)
(-2.9659038 1.77079888598 0)
(-2.9126129 1.99939940846 0)
(-2.9950442 1.54550724167 0)
(8.5235666 9.35153218321 0)
(8.8557747 9.13387618969 0)
(8.1782776 9.56230601677 0)
(-5.4419442 -13.6667947604 0)
(-9.1256696 4.01747295749 0)
(-0.43694401 -1.52313066952 0)
(-0.32243997 -1.63005966478 0)
(-1.4385596 -13.1763255283 0)
(-1.4960626 -13.6398242757 0)
(1.1563523 10.9799875469 0)
(0.058282222 -0.689143292889 0)
(0.015921229 -0.757731797249 0)
(-0.15477051 11.0203093638 0)
(2.7079657 -1.04532858479 0)
(2.7495945 -0.841717877113 0)
(2.9467261 -0.771936882947 0)
(2.7901709 -0.637884559365 0)
(2.9853909 -0.568636090166 0)
(2.8304418 -0.435074994423 0)
(3.0195111 -0.372580268004 0)
(2.868865 -0.234300069723 0)
(3.086484 -0.167600698658 0)
(2.9125982 -0.0328805062005 0)
(3.1016366 0.0368551201588 0)
(-6.7183379 0.486711919301 0)
(0.37493384 -0.949418865038 0)
(-3.4215118 -10.7708571697 0)
(-0.10227528 1.5804282449 0)
(-0.046354103 1.71392834825 0)
(0.25427954 1.75773423478 0)
(1.7582223 0.0787817122387 0)
(1.6943853 -0.0481147714697 0)
(8.9743296 13.2090980398 0)
(8.9965502 13.6775429091 0)
(8.5462658 13.9033999824 0)
(6.5962908 -4.19402362025 0)
(2.6613665 1.31098414033 0)
(2.5527519 11.0399989804 0)
(11.22139 3.37455152982 0)
(-5.1573109 13.8322035872 0)
(2.311268 -1.98239264022 0)
(2.1294833 -2.03922950232 0)
(-1.828619 -1.32562348234 0)
(5.6268347 -14.0294631833 0)
(-0.47088625 11.6533047325 0)
(0.36049245 0.519360542016 0)
(0.77137718 1.02836885794 0)
(-0.66421004 4.3860160771 0)
(-8.0803084 -5.38164466719 0)
(-7.6915282 -5.19174435625 0)
(-2.6342502 -8.44274604457 0)
(4.0568853 6.77467494602 0)
(15.284701 -8.12095279948 0)
(1.0609719 4.3885779435 0)
(-8.7754165 -4.41604733757 0)
(-8.7341421 -3.87891220563 0)
(6.4170748 9.01513320508 0)
(6.0755787 9.22482733113 0)
(6.0849047 9.62054095162 0)
(5.7349807 9.43433687696 0)
(5.7392835 9.82741244596 0)
(5.3867622 9.63373346879 0)
(11.05833 -0.755644339952 0)
(10.735824 -0.548232346336 0)
(-8.7708932 -8.6790038298 0)
(-8.7067196 -8.24054682256 0)
(-8.8361159 -9.14548447409 0)
(-2.1945224 0.684539913606 0)
(18.81162 -11.2236606195 0)
(5.380829 10.4622261307 0)
(-0.54910942 -1.41516661564 0)
(0.52049895 -0.495792623618 0)
(0.60180966 -0.483329677636 0)
(0.87974418 8.95917611795 0)
(-3.9648642 -0.551322226951 0)
(18.777096 -12.1951065188 0)
(-0.13970309 1.83167979378 0)
(0.015521063 1.85168185415 0)
(-2.7782606 5.9797502901 0)
(5.274508 4.11805954635 0)
(5.0289576 3.9747742733 0)
(4.3809535 7.60133737519 0)
(-0.069383445 9.16129686593 0)
(-7.2700446 1.5451411567 0)
(-7.2334914 1.19013343397 0)
(0.27323731 -0.941794754919 0)
(-4.7279564 -6.88632911273 0)
(-4.3659621 -6.72689304998 0)
(6.9676311 5.34481655858 0)
(6.6715507 5.50989822401 0)
(-0.05294383 -6.71465701007 0)
(0.25461475 -6.553204305 0)
(-0.3479491 -6.86967019494 0)
(11.988379 10.315818039 0)
(0.43653287 -0.503330173592 0)
(0.74471331 -1.16555167352 0)
(0.69055199 -1.2844211629 0)
(18.756322 11.8554681504 0)
(-4.2492602 5.72038344976 0)
(-4.2432467 5.37020066719 0)
(-4.532535 5.17978621185 0)
(13.658395 10.6612312958 0)
(1.6915917 0.569523412223 0)
(1.7909849 0.450633502292 0)
(1.8128987 0.219056567702 0)
(13.403518 -4.64598435852 0)
(-1.51992 2.8889366458 0)
(-8.7293599 1.38409495525 0)
(-8.7314216 0.911914147801 0)
(18.037772 -3.18285424701 0)
(-3.8624471 8.31479114982 0)
(5.8592326 13.7633852465 0)
(6.2440643 13.5255060148 0)
(5.463589 14.0922140329 0)
(7.9142292 -0.577715054071 0)
(0.47786261 -1.18178143762 0)
(4.7200501 -8.26311771584 0)
(-0.75843231 12.6773518045 0)
(9.6264542 11.7646029741 0)
(10.019658 11.518602845 0)
(9.2405588 12.0042215695 0)
(0.55172232 -0.422278567618 0)
(0.63008926 -0.406216399288 0)
(18.407219 -3.86886462868 0)
(-6.3309796 -7.9896353782 0)
(-5.9741493 -8.2692258696 0)
(-4.1040904 0.138542600437 0)
(-4.3638913 0.0247361860287 0)
(7.3864405 0.481255143831 0)
(1.9985146 13.822492539 0)
(10.783482 0.941227402429 0)
(6.1197077 6.90189806303 0)
(14.633478 -11.913903729 0)
(4.3657393 13.7807489177 0)
(8.4097261 6.97890179649 0)
(8.7384335 6.76996713265 0)
(6.8715786 10.8329331436 0)
(6.8522844 10.411223916 0)
(7.4804221 -12.5345552542 0)
(-8.2821232 3.65166761061 0)
(-4.9660642 -13.0374290552 0)
(11.148918 0.758579186376 0)
(-1.2661049 -7.34572570483 0)
(-5.3426151 -0.421195465269 0)
(9.6733839 -2.45068509481 0)
(-2.6818771 -13.7709403194 0)
(3.2429733 -2.0684675511 0)
(4.0262742 -2.62524738682 0)
(4.2831919 -2.54595229572 0)
(8.764608 -7.03704296477 0)
(9.1172348 -6.86299078886 0)
(8.3882266 -7.21491125068 0)
(5.6354989 -10.5055612541 0)
(5.9788673 -10.3417982786 0)
(9.4719449 0.589625109383 0)
(7.2581794 5.1473885642 0)
(-6.6276365 -4.94016218238 0)
(3.7760803 -7.64174779224 0)
(3.4430467 -7.79288798478 0)
(3.4107014 -8.15675468985 0)
(3.097358 -7.95304044405 0)
(3.0771734 -8.31076188972 0)
(2.7528954 -8.11418682211 0)
(2.7417158 -8.46782923304 0)
(-8.7027329 11.5625797224 0)
(1.9635467 3.87352998411 0)
(2.1370864 3.72749025858 0)
(2.0654182 3.50805673454 0)
(2.3040228 3.57674934233 0)
(2.2191565 3.33501348941 0)
(2.4699136 3.4238220702 0)
(2.4263809 3.20009648564 0)
(2.6479105 3.27502004307 0)
(2.6033031 3.0542062868 0)
(2.8184259 3.11962792981 0)
(2.7727966 2.90555847651 0)
(2.9836769 2.97820046058 0)
(3.0402054 3.18241133714 0)
(2.9400232 2.7584454808 0)
(3.1512963 2.82868297281 0)
(3.108299 2.60917123987 0)
(3.3226081 2.68132007175 0)
(3.2777803 2.4599690921 0)
(3.4946499 2.53183390013 0)
(3.4478726 2.30643052491 0)
(3.6689716 2.37741606841 0)
(3.7150895 2.60874033473 0)
(3.8933623 2.45323046669 0)
(3.8455962 2.21835743406 0)
(4.074226 2.29601103403 0)
(4.0244241 2.05719458618 0)
(4.2582916 2.13575331459 0)
(3.3703255 2.93543778391 0)
(-1.9885888 0.916012531488 0)
(1.4934076 8.55369863325 0)
(0.57138498 1.55307954195 0)
(0.65862467 1.4311368865 0)
(15.014441 -12.199360968 0)
(12.949642 2.63596177053 0)
(13.312134 2.81246484921 0)
(-4.7023345 -10.7245760732 0)
(-4.3068296 -10.5456583756 0)
(17.980104 2.93756747189 0)
(4.5941788 10.0999173803 0)
(4.5953622 0.209757279944 0)
(-4.9696259 -9.53439997322 0)
(-5.3261659 -9.25879070134 0)
(-4.614642 -9.8016800134 0)
(3.18191 -0.501031710115 0)
(4.2066449 1.8960912902 0)
(4.4440995 1.97219108467 0)
(4.4955258 2.21816124217 0)
(15.140836 2.00942961716 0)
(15.116281 1.53476567915 0)
(0.13594615 -0.834486142008 0)
(-6.3216605 1.01403779415 0)
(2.428089 -8.27135911626 0)
(2.4035297 -8.62618650989 0)
(2.109578 -8.43046618467 0)
(7.7576958 -7.52801216641 0)
(-2.2827742 8.21926063701 0)
(18.425447 3.51965323048 0)
(18.831804 3.73410785894 0)
(18.827769 3.25904488812 0)
(11.601119 -6.3198576826 0)
(-4.0300931 -4.05227734594 0)
(-3.0054917 -10.9951349785 0)
(4.6051585 -10.9751615891 0)
(4.2175518 -11.1650202848 0)
(-0.15106101 0.621489053862 0)
(-0.23594401 0.613064799556 0)
(-0.2850476 0.67072593367 0)
(0.40111047 -0.586032752893 0)
(12.235317 2.6679875318 0)
(11.898162 2.88858983179 0)
(-9.1571847 -4.13887892215 0)
(-2.4086266 2.14084179631 0)
(14.232222 -11.6517079476 0)
(9.1436387 -6.46746711946 0)
(18.780295 -4.59088615231 0)
(18.767619 -5.05911755411 0)
(-2.7743516 0.197147751569 0)
(3.1639482 -11.3326155832 0)
(3.1810433 -10.9099469159 0)
(10.534054 -11.6811102531 0)
(18.903176 6.76004665287 0)
(18.869651 6.18348385986 0)
(0.61278072 -12.7409242326 0)
(7.4639002 3.99950858465 0)
(7.745163 4.14711331426 0)
(17.642384 4.03639249665 0)
(5.2570741 3.53043408459 0)
(5.4914415 3.36945572111 0)
(0.80058005 6.75238990559 0)
(-3.8889913 -7.17319691154 0)
(-0.16837104 -1.58716928474 0)
(3.9653193 -0.80393513754 0)
(16.562749 10.2911443775 0)
(1.3015898 -12.5152237154 0)
(0.69686277 4.69360891308 0)
(4.6786076 2.04782315551 0)
(-6.4535638 -9.4198964899 0)
(-5.0565155 -0.287652195843 0)
(-6.8273405 8.99101436898 0)
(0.54063013 9.48596164126 0)
(4.4970021 -0.315300524762 0)
(-8.775884 -2.47220955328 0)
(-8.8158018 -2.9016129679 0)
(14.904691 -2.94973256813 0)
(-2.6037782 8.04444700877 0)
(2.8384008 -10.6868857754 0)
(7.4325296 1.79041020128 0)
(7.0931431 1.67539973148 0)
(7.7147634 1.95229586917 0)
(-3.5950043 3.67497622059 0)
(0.0047045005 0.899194520497 0)
(-1.8120829 3.99119438089 0)
(15.219213 -4.07809669576 0)
(15.196569 -4.4957026065 0)
(14.804917 -4.68383787328 0)
(15.167656 -4.9401678595 0)
(15.562625 -4.77667334704 0)
(15.540111 -5.19141353043 0)
(4.6446359 0.466494350015 0)
(7.4868886 -5.82531377534 0)
(13.737624 -3.52208181894 0)
(11.383914 -0.956645425068 0)
(17.877919 11.4375318365 0)
(18.288586 11.1227119012 0)
(-0.53337052 0.668866380969 0)
(-0.4462346 0.679118844674 0)
(0.31009846 0.596967350024 0)
(17.381182 -0.826298021845 0)
(4.9224791 6.24761735718 0)
(5.162588 -0.277727672145 0)
(8.7497003 -9.81838833927 0)
(8.718028 -10.2505483878 0)
(15.149716 -5.38598955719 0)
(15.506322 -5.64012968929 0)
(-1.6780787 8.56103307962 0)
(-1.3831658 8.74221165111 0)
(10.311887 -2.85172266977 0)
(0.52195162 1.20390181101 0)
(0.63375718 1.21274745425 0)
(9.7641569 1.40468570776 0)
(16.839745 -9.19725536268 0)
(16.80173 -9.67957568884 0)
(0.82085878 -1.28119297225 0)
(0.76205783 -1.40593824763 0)
(0.60401112 -1.40447239383 0)
(3.4888761 7.12788761135 0)
(-8.8315581 7.11623769751 0)
(-8.7639867 6.61261130675 0)
(-8.3504485 6.40917222299 0)
(-8.7262262 6.1564444908 0)
(-8.316528 5.95673516331 0)
(-8.7163649 5.7061330216 0)
(-9.1470126 6.38063403598 0)
(9.7667962 -0.316179324653 0)
(-7.1705692 8.779163388 0)
(-2.1830475 -0.0179640410213 0)
(2.2740223 1.85732392463 0)
(1.6096349 4.16828033778 0)
(4.2528324 10.3216076416 0)
(-0.65420169 9.21239252921 0)
(-0.3109442 0.598580789623 0)
(8.1466654 -5.84858594622 0)
(8.4930525 -5.67165641241 0)
(8.8337592 -5.8762283033 0)
(0.6544364 -11.8136287047 0)
(0.31867616 -11.5458904977 0)
(-4.1295438 -12.6564448931 0)
(1.8456437 -1.75547042493 0)
(1.8078249 -1.93787794533 0)
(1.6270164 -1.99559514502 0)
(1.7673179 -2.12788369939 0)
(1.5823309 -2.18776045448 0)
(1.1083362 8.10381302632 0)
(16.481914 4.81222547665 0)
(-2.5072223 3.87101270844 0)
(-2.7310421 3.99706138777 0)
(-2.7381965 3.7407441242 0)
(-3.014764 3.83867985668 0)
(-2.9722554 3.55647622338 0)
(15.792953 -12.2831572245 0)
(3.7997975 1.98728206714 0)
(-1.0634904 -8.22984913527 0)
(-5.4674996 12.6449202253 0)
(-2.2994951 -1.60874461716 0)
(-2.2436416 -1.40142144075 0)
(-1.3781508 -12.7168842411 0)
(1.0560616 1.21591816492 0)
(0.92050805 1.17224883468 0)
(0.58217605 -0.348962082452 0)
(0.65871735 -0.33120864652 0)
(0.70894214 -0.391241038446 0)
(0.74016209 -0.313889708242 0)
(0.67677451 -0.242645165919 0)
(0.76677504 -0.23298638468 0)
(0.71395117 -0.165514857651 0)
(0.79482909 -0.151547392853 0)
(0.73933579 -0.0873809035073 0)
(0.82103579 -0.0707033728391 0)
(0.76568455 -0.00499337753534 0)
(0.85086 0.0108122224204 0)
(0.79222555 0.0768178459588 0)
(0.66905785 -0.0986629622468 0)
(0.71097857 0.057986244098 0)
(0.73349322 0.137901376582 0)
(0.66039419 0.116063065601 0)
(0.67784091 0.197111219763 0)
(0.75699564 0.217147671648 0)
(0.70084806 0.274193617788 0)
(0.83553038 -0.302913687432 0)
(1.6420816 1.79911682665 0)
(-3.6259054 -7.76067090703 0)
(18.931441 -2.30259074907 0)
(18.988984 -1.84037398891 0)
(6.2039409 12.6087744271 0)
(8.48284 8.53746588155 0)
(-8.6281191 3.42552020141 0)
(17.280646 4.76364346962 0)
(4.9532564 -4.78009898284 0)
(4.7007595 -4.59314570874 0)
(2.1034404 -8.77813263183 0)
(16.944248 -1.49536817988 0)
(5.6549952 -9.70670691657 0)
(0.32822181 5.02260770045 0)
(19.194113 -4.89770143985 0)
(18.978559 7.75005050249 0)
(-2.6306825 -0.813266498262 0)
(-2.7104792 -0.999401122743 0)
(-0.45078295 12.0821450341 0)
(0.19039143 -8.7120460327 0)
(0.15589711 -9.09480870944 0)
(4.3398218 13.3258269248 0)
(-3.5976564 10.1489824951 0)
(-3.6070943 10.5720063732 0)
(-3.9608298 10.7809655593 0)
(-3.615981 10.9934197432 0)
(19.177903 -12.4704014878 0)
(1.2021183 13.3612976413 0)
(1.2273155 13.8296440335 0)
(-5.0327929 9.67741497583 0)
(-5.4218337 9.87239563017 0)
(-5.4321269 10.3124877493 0)
(-5.813977 10.0673850078 0)
(19.047707 0.326270273591 0)
(-8.4552618 -3.14246128779 0)
(2.5254973 3.64894537551 0)
(-5.1150779 4.77908102595 0)
(-5.4089731 4.59012681035 0)
(-5.7308407 4.71969901361 0)
(9.5063734 1.94155255607 0)
(-3.1327152 13.1701220671 0)
(-3.1819546 13.7055421603 0)
(-2.7546235 13.8226855463 0)
(-6.9108888 -10.0894806106 0)
(-6.9855522 -10.5282236391 0)
(16.400598 6.45346618524 0)
(16.815013 6.66501447051 0)
(-0.35788951 -4.70145094654 0)
(-0.15947887 -4.90549762995 0)
(6.5548566 -13.8513638942 0)
(6.9761612 -14.1207046178 0)
(19.113282 -6.66362986514 0)
(9.1588348 8.52981948806 0)
(9.5191436 8.72637747356 0)
(1.8826782 10.6361766584 0)
(-0.65303157 1.13445790877 0)
(11.010885 -3.26115928304 0)
(5.231683 -5.27238171385 0)
(5.2129589 -5.60586207884 0)
(-0.91674596 3.09244513636 0)
(0.49335382 0.468950020796 0)
(0.57118699 0.471291390628 0)
(0.53653183 0.40526577481 0)
(0.6143831 0.404261464801 0)
(0.57834893 0.33658376054 0)
(0.65575625 0.469607135892 0)
(1.8988509 1.57415642234 0)
(-0.58742565 -1.5679581672 0)
(-8.8318622 7.92093260751 0)
(0.50746464 -13.534123055 0)
(-5.1742592 -3.25685149387 0)
(-5.1549991 -2.91352974112 0)
(-4.8419014 -2.76239232668 0)
(-5.1242333 -2.56029975244 0)
(-4.8129945 -2.41339780613 0)
(-5.0997376 -2.2102443942 0)
(-5.4040991 -2.37825805351 0)
(-5.3814608 -2.00835198293 0)
(-5.0725148 -1.86622491095 0)
(-0.24396938 5.14272128445 0)
(-5.1728287 -4.2691429019 0)
(-5.1877255 -4.66527875425 0)
(18.288181 -6.15945968764 0)
(18.719938 -5.94178266856 0)
(-7.6314072 -2.3226919335 0)
(16.649819 0.9309700594 0)
(16.267429 1.17976035979 0)
(-7.5854661 -1.45823108234 0)
(1.0607335 6.59369302495 0)
(1.046522 6.31609543752 0)
(1.3054531 6.43863301418 0)
(1.2950863 6.15597758833 0)
(1.5502486 6.27874353233 0)
(1.5385126 5.99496172121 0)
(1.7939052 6.12032147411 0)
(1.780624 5.83859304586 0)
(2.0328335 5.95964506514 0)
(2.0205266 5.68112833672 0)
(2.2721673 5.80284161536 0)
(2.2577468 5.52231662717 0)
(2.5089039 5.645289298 0)
(2.49549 5.36634152328 0)
(2.7460805 5.4910997194 0)
(2.7314336 5.21152733575 0)
(2.9805264 5.33529484834 0)
(2.9648199 5.0570997579 0)
(3.2151074 5.1819162435 0)
(3.197883 4.90390527423 0)
(3.4503567 5.02906813508 0)
(3.4312109 4.75053462238 0)
(3.6832595 4.87440641875 0)
(3.6632741 4.59827752492 0)
(3.9127343 4.71957011923 0)
(3.8949386 4.44452305515 0)
(4.1451481 4.56608090169 0)
(4.1286576 4.28838165465 0)
(4.3785075 4.41226103172 0)
(4.3641665 4.13594355739 0)
(2.7195615 4.92728309438 0)
(4.6130025 4.25778368905 0)
(3.4676173 5.31282362883 0)
(4.5961257 3.97650590125 0)
(3.4000907 4.4803203285 0)
(17.808899 0.158782415752 0)
(9.2189065 11.5805313046 0)
(3.9320189 2.67050172216 0)
(-9.2244461 -8.93006122565 0)
(11.942902 0.938402000825 0)
(5.3105547 1.3147588522 0)
(5.2715465 1.07666665968 0)
(6.7984924 -0.493493760116 0)
(2.617707 1.12600910857 0)
(-0.021963203 -0.690445012215 0)
(-0.064066367 -0.754276473135 0)
(-0.10195957 -0.686420875943 0)
(-0.14271311 -0.754240362671 0)
(-0.18243239 -0.685428766879 0)
(-0.22289671 -0.755622594888 0)
(-0.26422745 -0.678711909016 0)
(-0.30587305 -0.749425402509 0)
(-0.34191002 -0.672454443681 0)
(-0.21531482 -0.60813452049 0)
(-0.030451739 -0.824817697915 0)
(1.7647255 3.24230271293 0)
(10.721956 -0.917046165972 0)
(-5.6905611 4.40377757842 0)
(-6.0314294 4.52126345834 0)
(-1.9007324 0.606985843375 0)
(-1.7732807 0.493096008975 0)
(3.225669 -3.24137438265 0)
(3.0038628 -3.26932372731 0)
(-3.8790331 7.92702423914 0)
(1.4183358 -0.0401705626185 0)
(1.4977984 -0.145194660542 0)
(1.4383992 -0.268631117064 0)
(1.576003 -0.261904308735 0)
(1.5170563 -0.388529544735 0)
(1.6610545 -0.378471393135 0)
(1.5899071 -0.508251713196 0)
(1.4504504 -0.518998918651 0)
(1.5242477 -0.641167838 0)
(1.3840788 -0.65345139791 0)
(1.4623372 -0.776267195489 0)
(1.6241007 -0.752064332109 0)
(1.3161797 -0.778457887886 0)
(15.585857 -9.3125331305 0)
(15.99301 -9.58164321764 0)
(4.2353166 -10.7470131189 0)
(3.8749242 -10.9317838104 0)
(3.8776983 -10.5396433464 0)
(-1.10706 -13.8884791057 0)
(-1.5176987 -14.1424519299 0)
(13.307291 2.40980692471 0)
(-3.8650414 0.236235300488 0)
(-2.5671466 10.7945565469 0)
(-2.9533376 10.9718979517 0)
(0.31228128 -1.5105239093 0)
(-0.68323024 0.0754010353048 0)
(-0.65262316 0.164423587293 0)
(-1.0400676 2.51165271458 0)
(-4.621128 -6.13010102195 0)
(3.0767177 -1.91668222142 0)
(2.8601758 -1.98457111007 0)
(1.3714869 -1.10318509375 0)
(1.3391449 -1.27870173606 0)
(-0.65509209 2.64952748022 0)
(-6.5261676 9.60772052755 0)
(17.014856 0.24833318704 0)
(1.5229998 5.70919729872 0)
(-1.1975488 1.05493423935 0)
(3.1900844 0.881734086983 0)
(-6.0299435 -9.21006954286 0)
(5.2333075 3.23994081848 0)
(2.2752787 -2.19138672619 0)
(1.7259838 -12.3469824111 0)
(-0.30622068 0.881075036185 0)
(1.2257265 2.15850500532 0)
(6.955901 -2.11296218856 0)
(0.099723734 -0.624269411165 0)
(-1.071441 8.18483087151 0)
(-1.1292173 7.83975293444 0)
(3.0981843 -11.7826637404 0)
(-7.6659845 -2.75197877993 0)
(-4.0713409 0.407784234617 0)
(0.89519641 0.100349443028 0)
(-3.0073555 2.32660716532 0)
(-1.9212951 1.2096804921 0)
(2.7410403 -0.107842729277 0)
(18.612699 -0.629701115756 0)
(-6.9819933 -5.1564331587 0)
(8.2216722 -14.0105487907 0)
(8.58493 -14.2392482355 0)
(10.929452 -4.04632019586 0)
(10.573202 -4.21783306347 0)
(11.28459 -3.86757430311 0)
(-1.8606505 -13.3627947091 0)
(1.0730908 -1.28143920026 0)
(0.89811843 -1.41039581252 0)
(2.014657 5.38835241018 0)
(-0.76303704 -8.79335277668 0)
(-0.47237577 -9.0447815325 0)
(1.4992128 -9.11770675407 0)
(17.200085 -9.95222824103 0)
(13.674082 7.31003310581 0)
(13.302103 7.55613612256 0)
(15.152833 -5.83526790537 0)
(15.494633 -6.09054255425 0)
(-0.26434488 -0.833541483443 0)
(-0.57189192 0.361876266097 0)
(-5.7757662 9.64585001626 0)
(-0.30328034 -14.0139146255 0)
(0.076242034 -14.2352955173 0)
(13.318171 7.96144608861 0)
(2.5695864 -12.3933014662 0)
(8.5398362 9.76680219533 0)
(1.282341 0.524080417276 0)
(2.3048108 6.10720125086 0)
(2.7468008 11.5154953698 0)
(16.746763 -10.1277678487 0)
(-3.3322555 3.77532005229 0)
(0.70440737 -11.3633192839 0)
(-5.3525428 -1.65527022808 0)
(-0.16876645 1.44446432842 0)
(6.601734 -3.84696923233 0)
(-0.72817965 -0.214867221777 0)
(-0.6654235 -0.275903118461 0)
(-0.68520137 -0.359156799923 0)
(-0.60703208 -0.331513403364 0)
(-0.61824015 -0.413009706338 0)
(-0.69613524 -0.440894280927 0)
(-0.63040436 -0.494379653489 0)
(-0.5526195 -0.466016461019 0)
(-0.56427289 -0.54738956453 0)
(-0.4895873 -0.51777590875 0)
(-0.49935205 -0.599070515276 0)
(-0.47664349 -0.433030529147 0)
(-0.42979477 -0.565408825487 0)
(-0.59120131 -0.253564169808 0)
(14.367168 1.65738527809 0)
(14.878256 -13.219935609 0)
(14.852451 -13.7163655631 0)
(19.248447 3.47587635184 0)
(-4.9355321 -5.68528924595 0)
(-1.6037642 4.89575048128 0)
(1.3155548 -11.8298377823 0)
(-2.7019663 2.0800933403 0)
(0.784454 0.295791217847 0)
(0.69815989 0.404642296976 0)
(2.7918851 1.18453077701 0)
(-8.934732 -7.07294545479 0)
(1.8386758 8.33596080021 0)
(3.4730233 -7.4205645263 0)
(-2.0370687 4.65145468791 0)
(-8.8599616 -3.3501303387 0)
(9.8099448 6.89096987151 0)
(0.35645841 -0.506209728742 0)
(2.231138 3.09777041463 0)
(1.7253409 -2.31494275544 0)
(1.5326817 -2.37246642979 0)
(1.3902997 -2.24455335572 0)
(1.3409773 -2.43256889895 0)
(1.1979928 -2.30464915523 0)
(1.1491588 -2.48993574892 0)
(1.0065018 -2.36254115845 0)
(0.9599194 -2.55430903682 0)
(0.81352031 -2.42103088038 0)
(0.76809609 -2.61244167821 0)
(0.62227409 -2.47951831486 0)
(0.57319151 -2.66715205114 0)
(0.42897355 -2.53617163918 0)
(0.37827505 -2.72758041715 0)
(0.23753516 -2.59491156381 0)
(0.18072027 -2.78699732801 0)
(0.036750043 -2.64342922734 0)
(0.91254082 -2.74566085222 0)
(-0.37459746 -0.813502838815 0)
(-5.8499768 13.372170104 0)
(-4.3426223 -0.254522803072 0)
(-4.582428 -0.102295320047 0)
(1.9018916 -2.25539188421 0)
(0.31363264 -0.568586960336 0)
(18.908372 -9.61865449661 0)
(-1.1974218 1.44934819976 0)
(-1.0549874 1.48145595137 0)
(-8.2907321 3.23713481458 0)
(-2.9406622 2.81348940637 0)
(0.52406854 11.4573048727 0)
(1.1911084 1.20780550032 0)
(3.4331565 -2.21218361042 0)
(-2.0757576 0.184116216732 0)
(-1.9130357 0.265000233639 0)
(-1.1289938 1.60182481911 0)
(10.245381 -13.8623396794 0)
(10.684968 -13.6660597194 0)
(10.715917 -13.1951348772 0)
(11.11162 -13.4699218298 0)
(11.077102 -13.9104288898 0)
(11.540331 -13.7821628225 0)
(9.8146138 -14.0595421911 0)
(4.9701427 -4.44798564073 0)
(4.7204988 -4.27262153757 0)
(4.439487 -4.41823306831 0)
(4.9904752 -4.12948310696 0)
(4.7392347 -3.9571404753 0)
(-5.8831507 13.8503399286 0)
(1.081412 2.26869620119 0)
(9.3689209 13.4294799265 0)
(9.4323018 13.8894030807 0)
(1.7207522 -0.25404550189 0)
(1.8124448 -0.368794393537 0)
(1.8780979 -0.237447807262 0)
(4.6314109 4.54103099695 0)
(0.14831389 5.1702888479 0)
(-8.9634343 9.38551206307 0)
(-7.9669964 6.20933910391 0)
(-7.9042487 5.68066131034 0)
(7.1190007 -7.82584889006 0)
(6.7856585 -7.61623937937 0)
(18.450389 6.07046847616 0)
(8.1709771 -5.1058627203 0)
(-9.2367275 -6.28440734196 0)
(6.8263521 1.15343208995 0)
(9.0716868 -10.5054296004 0)
(7.5103768 -2.48302330552 0)
(7.790206 -2.68568781244 0)
(19.10525 0.743268698713 0)
(-0.9900728 0.158524824734 0)
(-1.0738117 0.236001534479 0)
(6.9289747 -1.48666304949 0)
(-7.9972937 0.982931129143 0)
(1.9989673 -13.9292591578 0)
(2.3920558 -14.2101612315 0)
(2.7922615 -14.0115877219 0)
(-0.4355723 1.78759870178 0)
(-0.58806921 1.76247431135 0)
(-7.1932477 -14.004466808 0)
(-7.6191289 -14.2051508749 0)
(18.028449 -10.1746436578 0)
(-7.7069401 -5.63908555923 0)
(19.095465 -8.59965265219 0)
(6.8604585 0.491524755812 0)
(-3.6725031 7.21580655375 0)
(14.105981 8.37783577001 0)
(-0.96512634 9.05529502103 0)
(19.057697 -7.6406487268 0)
(19.082415 -0.918339034573 0)
(-4.2138109 5.00250977267 0)
(7.3045047 -1.1834362587 0)
(-2.3923067 -0.0626239241524 0)
(1.9035722 11.0616470411 0)
(5.3087245 0.1821169402 0)
(5.3380609 0.481462311002 0)
(5.1260426 0.655348516189 0)
(6.6528539 -1.9423605338 0)
(-0.62387924 0.659725652975 0)
(-3.9889545 11.2162438662 0)
(-0.18645072 4.64070008747 0)
(-8.9738715 -10.0780905324 0)
(-0.3307187 -0.919061396155 0)
(-9.053411 10.3720455742 0)
(-5.3161933 -0.141305043288 0)
(-3.8409264 -6.7924613066 0)
(-3.2069919 7.7341300778 0)
(-1.6289652 0.54975035591 0)
(2.3257193 7.80570905983 0)
(15.320086 -7.66341905981 0)
(15.737093 -7.45932476685 0)
(15.347408 -7.18394328472 0)
(-5.9797626 1.15272362058 0)
(-6.0106658 1.54317161186 0)
(-5.7124777 1.37221709403 0)
(-5.7191441 1.70893453646 0)
(-5.4298988 1.54465928272 0)
(-5.4319851 1.87028097839 0)
(-5.1542459 1.71193758425 0)
(-5.155202 2.02817636447 0)
(-4.886012 1.8730969347 0)
(-4.887642 2.18278898427 0)
(-5.1543225 2.3396698609 0)
(-4.8873217 2.49198037244 0)
(-4.6248162 2.33696944084 0)
(-4.6243129 2.63925888878 0)
(-5.7263345 2.06256158338 0)
(-5.1509355 2.64423368893 0)
(-5.4289285 1.22828414635 0)
(-5.4251773 2.49534899466 0)
(4.7542303 -13.9647416987 0)
(4.3670663 -13.6749587688 0)
(4.3283399 -14.1665402532 0)
(3.9357148 -13.8782514279 0)
(3.9451994 -14.3931188412 0)
(2.6225838 -1.26485166886 0)
(-5.6508229 -0.545822402924 0)
(-4.8830721 1.56024752484 0)
(-4.6317276 1.72893608236 0)
(1.8661683 2.20976861418 0)
(-1.4452609 1.16180598791 0)
(-1.5264252 1.31898055251 0)
(-0.77616243 1.57983223932 0)
(6.8576662 3.39259820431 0)
(7.1444335 3.53484855742 0)
(-4.3854162 2.50592086863 0)
(-4.3822705 2.78799102377 0)
(-4.6178806 2.93304912589 0)
(-4.3577962 3.06122498535 0)
(-4.3367559 2.20315872447 0)
(19.295484 6.50140075736 0)
(-2.5477896 -1.18872814267 0)
(4.9434554 -10.81147556 0)
(5.3256946 -11.055376511 0)
(0.92151352 -0.0671207290288 0)
(-2.5885057 6.37790896592 0)
(-2.3151433 6.18655840047 0)
(-2.0369063 6.36738806749 0)
(-2.8611543 6.56441883425 0)
(-2.1963373 2.02309015222 0)
(2.4937348 -1.08441036972 0)
(0.3577834 0.769343771794 0)
(11.02357 -10.5640430579 0)
(11.42482 -10.330221257 0)
(-3.1822357 1.68386859065 0)
(5.5023241 1.9971240567 0)
(-5.9602466 4.14378718537 0)
(-6.3215433 4.30799971152 0)
(3.8798511 4.16516323711 0)
(-0.35666297 -0.452256428631 0)
(-0.52397637 0.224877053928 0)
(0.56975207 -0.0281159088577 0)
(0.032018566 0.555333914148 0)
(0.11184419 0.557608054783 0)
(0.55610209 -0.158225902023 0)
(0.3696204 0.421333120172 0)
(-0.12701905 -0.567259556848 0)
(15.187542 -9.02634644221 0)
(-8.4652945 -5.55869350271 0)
(-8.8336007 -5.2883166563 0)
(-6.276688 14.060756052 0)
(-8.9706773 -0.406932341406 0)
(-8.8567903 0.0590417687712 0)
(-9.1212206 -0.876976943881 0)
(-2.356267 -1.83960397022 0)
(-7.0185419 0.703321357862 0)
(0.47403559 0.278326849078 0)
(-0.14448431 0.869594899945 0)
(10.519131 7.24891811204 0)
(-7.4240674 -10.7555404237 0)
(-4.2948618 -14.0739357417 0)
(-4.7047183 -13.8127798767 0)
(-3.9373639 -14.3630672171 0)
(-3.9394979 5.2306892837 0)
(-0.57438863 -0.0578087937798 0)
(-0.63304351 0.0059495463892 0)
(-0.55384548 0.134301326269 0)
(15.304244 9.07052180156 0)
(15.699557 8.8096681154 0)
(15.72207 9.2911074011 0)
(16.115395 9.02643246277 0)
(0.54172463 0.120974266723 0)
(-0.95074708 0.599208567648 0)
(11.824959 -10.0921303751 0)
(11.842735 -9.60263722018 0)
(12.227535 -9.87080679384 0)
(12.24819 -9.40311513395 0)
(5.9629689 -12.8685751936 0)
(0.4744352 -0.298406694967 0)
(-5.6779857 -0.850101839697 0)
(-3.9203485 -10.7930655246 0)
(10.190891 -11.4254276687 0)
(2.6495015 -0.503396895661 0)
(19.367311 -2.0949245525 0)
(2.1684101 1.31376663411 0)
(-6.007136 -8.72768634115 0)
(-7.6151696 3.64362729957 0)
(6.2866359 -3.64910540726 0)
(2.5682183 2.81589368559 0)
(11.599633 10.081515533 0)
(-0.018133307 -2.82931428356 0)
(0.84171265 -1.53185085814 0)
(0.50566154 7.17302140552 0)
(-2.7103096 3.50916039899 0)
(-2.921867 3.29924972423 0)
(-0.81179081 -9.24910837057 0)
(-1.9542999 -0.996931891341 0)
(-1.9189751 2.75885957367 0)
(-0.36604808 0.419671728485 0)
(-0.36454208 0.494676662536 0)
(-1.43076 2.32378991989 0)
(-9.4151817 9.08790873181 0)
(-0.42500986 0.361818215785 0)
(-4.5502593 0.209097324735 0)
(-5.1676388 -3.91657281932 0)
(19.153118 1.68230222068 0)
(19.180624 2.13519528882 0)
(-0.49956681 0.756115411842 0)
(1.3879659 -0.925738521725 0)
(-0.045036763 11.8921954094 0)
(9.4567716 6.66425599731 0)
(-0.99811777 1.62083216295 0)
(-5.4976498 -3.05885010781 0)
(3.350258 0.742568592462 0)
(3.3299995 0.540454963675 0)
(3.5160465 0.638878346686 0)
(0.39353086 -0.674369087412 0)
(-0.42048947 -4.98187182951 0)
(7.4021896 2.09035527718 0)
(10.914075 3.18326047284 0)
(10.548684 3.41158244665 0)
(19.005221 5.66131368245 0)
(-0.58028756 -0.630489428081 0)
(10.197622 -10.8138272886 0)
(0.29805436 0.687491183554 0)
(-3.2033896 2.47760869521 0)
(5.4291594 0.80352570757 0)
(16.135529 9.51436884158 0)
(6.573904 3.25017517009 0)
(12.711717 -6.17232901294 0)
(13.08426 -6.39462757414 0)
(12.34179 -5.93590511774 0)
(13.048063 -6.79050814728 0)
(1.1644364 -9.3167735297 0)
(11.217259 10.3196835383 0)
(-0.21333771 0.505488050249 0)
(-5.5459784 -4.8399515481 0)
(4.1683014 4.84621350703 0)
(12.635082 -9.66456240748 0)
(12.652553 -9.20244427604 0)
(13.038831 -9.45768766923 0)
(-0.65484445 0.339326635816 0)
(-0.59127105 0.281985363506 0)
(-0.66255623 0.253438483801 0)
(4.9588372 9.86776045464 0)
(-1.7406191 1.2967626667 0)
(-7.075846 14.134854508 0)
(-7.528108 14.2405950198 0)
(-7.9613719 14.1095870466 0)
(-2.2789033 3.7229579379 0)
(-1.1442619 5.15413787475 0)
(6.213168 -13.602342988 0)
(-0.018042828 0.623830527964 0)
(15.443208 13.9513159361 0)
(14.995908 13.7383524087 0)
(-2.4991216 4.38935915356 0)
(19.442626 -8.95833302823 0)
(18.470268 -9.90458425529 0)
(18.840218 -10.1944993537 0)
(-0.84002828 4.26674866697 0)
(4.6043038 1.79050771947 0)
(-4.6696259 10.786545582 0)
(11.092627 1.09005072288 0)
(0.18506017 0.676478267804 0)
(0.4908498 -9.27949889666 0)
(0.21928374 -9.47249616733 0)
(5.4846892 -5.46367768021 0)
(5.4961465 -5.79608171705 0)
(1.6723992 -1.00157815437 0)
(-4.5893303 -9.34293603608 0)
(2.9395062 0.169850143243 0)
(3.1336643 0.24182859386 0)
(3.2993394 0.103436026543 0)
(2.7684982 0.290798961838 0)
(4.2240106 -2.81058747054 0)
(4.4700003 -2.72620171658 0)
(4.5298712 -2.46638355566 0)
(6.270395 13.9921795376 0)
(6.6494853 13.7428546646 0)
(6.6864011 14.2181775783 0)
(7.0854791 13.9635689194 0)
(1.3028423 -0.530357214752 0)
(-1.3020967 -8.57616701948 0)
(-1.6262025 -8.35889694214 0)
(-0.19980859 4.37446312669 0)
(-0.012775745 4.18279445435 0)
(-2.807541 -1.19999860332 0)
(-2.3378671 -8.68823086516 0)
(0.86595347 -13.1783684276 0)
(9.8100759 -10.9671318543 0)
(10.9156 7.84933022242 0)
(10.927654 8.27645834975 0)
(-0.97044506 9.4062046538 0)
(-1.2578967 9.26957549991 0)
(-0.011399907 1.01905150282 0)
(14.856349 -7.82390664599 0)
(3.5164226 -14.154039381 0)
(-6.3079065 3.95069577291 0)
(-6.638327 4.11132572569 0)
(0.59735491 -0.215853062064 0)
(15.267536 -14.0009606537 0)
(14.822151 -14.2049021936 0)
(14.432952 -13.9145127946 0)
(15.697721 -14.2661003003 0)
(15.968976 6.24442812371 0)
(15.608494 6.51504321914 0)
(-3.1867643 6.99501598119 0)
(8.6938344 -7.45145215113 0)
(2.7334518 5.78851961796 0)
(1.2633521 -2.10837769897 0)
(-5.7895029 5.4430976893 0)
(-5.8242465 5.81343315549 0)
(14.902441 9.34762089141 0)
(11.546853 0.810598812213 0)
(-0.87206709 1.22551791875 0)
(11.286234 7.62235682656 0)
(15.904943 -5.48779417397 0)
(0.84241654 -2.23806163894 0)
(13.423334 -6.63195991341 0)
(13.446029 -6.27888155385 0)
(-1.6603482 1.43788544248 0)
(5.167172 -1.80443401137 0)
(5.0973481 -2.08272152601 0)
(5.2263076 -1.54080442483 0)
(4.8439216 -2.15674821038 0)
(5.049561 -2.36849563848 0)
(5.290976 -2.26323078259 0)
(0.45529172 -1.46207100362 0)
(0.42698388 -1.6221254378 0)
(6.6065175 0.959989930289 0)
(6.7968297 1.48082403898 0)
(-3.1370057 -2.23004367714 0)
(-2.9108129 -2.35061404739 0)
(2.1900571 3.94874872022 0)
(0.66075708 -0.550440809909 0)
(0.73165834 -0.622460290516 0)
(7.0725631 14.4384220064 0)
(1.2583791 -1.00759732466 0)
(1.8500263 -0.0312509174773 0)
(5.7606601 9.02582859059 0)
(5.0305148 4.26344683574 0)
(0.12194384 1.03863964086 0)
(7.8931879 -0.921432098975 0)
(-8.2061042 -10.6572838723 0)
(-8.6746111 -10.8901323344 0)
(-9.0114227 -11.2290728543 0)
(-8.9048582 -11.7065160641 0)
(14.070714 10.8831689885 0)
(-4.5256818 -2.62269096926 0)
(-0.79539817 -0.554684734982 0)
(-9.165239 2.94469997036 0)
(-6.3210782 4.68208315374 0)
(0.69227462 -0.0244682642865 0)
(-0.19145819 -1.74334070167 0)
(-0.36366422 -1.78817385093 0)
(-7.2188833 9.21950038325 0)
(5.6138818 0.528185783769 0)
(5.0538306 1.97334912642 0)
(1.1144349 0.75432363284 0)
(7.7214419 3.80332758928 0)
(7.9923377 3.96093110305 0)
(13.065016 -9.00986622663 0)
(12.681247 -8.75350644657 0)
(13.082052 -8.54860458904 0)
(12.708046 -8.30057131479 0)
(13.097706 -8.05378184399 0)
(8.7692938 -9.39880648226 0)
(8.4075862 -9.56464092948 0)
(-9.2020242 -2.63834607692 0)
(2.6737614 -8.85001620771 0)
(19.081988 -0.475132974891 0)
(-0.78500928 0.77323453596 0)
(19.175505 -5.34833883291 0)
(-1.0844267 0.579221808612 0)
(0.8748727 -0.404206507616 0)
(-0.33668152 0.76935230795 0)
(5.0560049 -3.79798251194 0)
(5.2853896 -3.98570509108 0)
(-3.4837856 7.53316644338 0)
(-4.4309225 -7.13178637382 0)
(-1.2447217 -0.41352476798 0)
(-1.1940958 -0.286639803624 0)
(-1.2775726 -0.15560085973 0)
(-1.2563252 0.00759261335213 0)
(-1.1288256 0.0412618131305 0)
(-1.1415291 -0.0814133321087 0)
(1.447726 4.31103099356 0)
(11.188838 -12.9893631892 0)
(13.673625 2.55954299367 0)
(-2.7359321 5.69010353921 0)
(-3.0427506 5.46772179705 0)
(-0.13231785 0.540144662126 0)
(0.62748274 0.265628593048 0)
(0.049875331 1.60272949856 0)
(-1.208251 -0.812576480626 0)
(-1.2428228 -0.982996765761 0)
(-1.097707 -1.07257637582 0)
(-1.1366688 -1.26921996935 0)
(-0.98154352 -1.20039158804 0)
(-1.0015945 -1.35936653622 0)
(-0.82864677 -1.30284066844 0)
(-0.9267425 -1.04777351073 0)
(0.57835401 0.621666737743 0)
(5.7617498 10.6601776814 0)
(-7.2504904 3.84056584733 0)
(-7.1587963 4.23421352135 0)
(-0.37743376 3.12559939099 0)
(-0.21610564 2.98879007375 0)
(-0.44635184 3.3250284512 0)
(-0.28593799 2.79251829278 0)
(-0.060935154 3.13377102468 0)
(0.76546964 0.528655408733 0)
(2.8943397 2.53114500277 0)
(6.4619507 2.97282396926 0)
(6.1761419 2.98578304007 0)
(5.9810153 2.80005008056 0)
(5.8998876 3.06438150104 0)
(6.0871612 3.27107222176 0)
(-0.62907307 -0.124505576923 0)
(-0.42345324 -0.658446798483 0)
(0.30392126 -2.92477113307 0)
(1.0416272 -0.066002075879 0)
(3.7466955 2.8194796667 0)
(-2.7978917 -0.040829705986 0)
(-2.5863601 0.0642379812766 0)
(-3.0609905 -1.17546634543 0)
(2.070212 0.13706144088 0)
(0.15073049 2.17192672463 0)
(0.10631594 1.98946678742 0)
(-3.1663372 -6.86490563959 0)
(1.8809144 -2.45067418178 0)
(-4.8159731 4.98396332087 0)
(0.70443317 -0.728626538569 0)
(-4.8339406 -4.4704767439 0)
(0.41991946 1.94922013589 0)
(3.5887997 -2.60484687229 0)
(-2.1008848 1.09506891508 0)
(1.4817653 -2.57484368392 0)
(-1.3587291 1.43353304192 0)
(-2.6830633 -2.2119478903 0)
(-2.5897467 -1.97037288659 0)
(7.247001 10.6020964387 0)
(7.2289487 10.1846048807 0)
(0.39767187 1.79585480074 0)
(-2.7512565 0.430893746018 0)
(2.5548101 1.6214720879 0)
(0.68295915 1.73385578714 0)
(-5.6741708 -1.80397999605 0)
(1.3712532 0.407284584947 0)
(0.93665354 1.54413598249 0)
(0.91698972 1.40684954806 0)
(-0.051283601 -3.2154198566 0)
(3.5300871 0.126940286396 0)
(-1.8393394 -4.18721353026 0)
(-1.5700753 -4.06131685856 0)
(-1.3272058 -4.22361496073 0)
(-1.3079161 -3.94210488221 0)
(-1.0693559 -4.09981319019 0)
(-1.0558056 -3.82284910912 0)
(-1.0643424 -4.40061578118 0)
(-0.83426175 -3.96848615661 0)
(-1.5526028 -3.7803322434 0)
(-0.81857544 -3.70016308557 0)
(-1.0402456 -3.53598870655 0)
(-0.75661145 -3.43930954512 0)
(1.8934938 -0.750188042796 0)
(1.7765127 -0.638580274535 0)
(1.2942304 -1.44921680766 0)
(-0.26202155 0.985159803417 0)
(3.2912793 -1.04285408459 0)
(7.0948174 3.16005948178 0)
(-5.8110064 10.5335402499 0)
(-1.8124483 -3.8961320186 0)
(-2.0552448 -3.7190345486 0)
(-2.3336043 -3.83584261957 0)
(-2.3029939 -3.53966487848 0)
(-2.5111966 -3.30384553233 0)
(-2.2196406 -3.24749763309 0)
(-2.8203521 -3.45026638546 0)
(-2.7757049 -3.15109579182 0)
(-3.0221424 -2.97796967557 0)
(-2.7548713 -2.84128837076 0)
(-2.9837849 -2.68775338548 0)
(-3.2473899 -2.78473074949 0)
(15.040049 -6.86856228753 0)
(15.437872 -6.76132025871 0)
(-3.0566273 -0.638798143489 0)
(0.88189587 0.34077185793 0)
(-4.2336832 8.11347274824 0)
(-2.4368441 -0.29454397667 0)
(-7.5563334 6.00347394128 0)
(-0.19221511 2.06480803942 0)
(1.978981 7.98891173356 0)
(1.9774659 7.64807046269 0)
(2.5136704 7.49340846636 0)
(2.6476766 7.22797934781 0)
(0.38893597 0.874028072919 0)
(-5.2587372 -5.9477638158 0)
(-4.8550781 3.35685639484 0)
(-3.7538501 3.95521152273 0)
(4.7388084 2.30149981156 0)
(4.5455041 2.45745034744 0)
(11.45351 -9.34693278783 0)
(5.1369801 -14.2505084153 0)
(5.5652329 -14.5519466615 0)
(8.2914896 -12.5789607765 0)
(7.281397 5.49785687375 0)
(-1.1005203 -0.391654172103 0)
(-4.2921616 3.66655126371 0)
(-4.0590153 3.50085489718 0)
(-3.2183288 4.28201457805 0)
(5.5149782 -1.44905489595 0)
(-5.4073838 3.02299868442 0)
(3.8487637 -3.24078298689 0)
(3.8146207 -2.98063406021 0)
(-7.6443742 2.04490421045 0)
(-4.5178017 4.81901679988 0)
(-0.30524527 -0.608099333522 0)
(2.6936353 -0.306563345017 0)
(-0.84920872 2.57529659655 0)
(13.443275 -9.71025143079 0)
(12.930132 7.77165185056 0)
(12.944869 8.20866317185 0)
(12.899126 7.33424789643 0)
(1.0097582 0.14422138325 0)
(1.8151118 -1.10310342924 0)
(2.7986684 -2.21098829415 0)
(2.6521221 -2.0564801948 0)
(3.3449121 -3.48964082297 0)
(-1.2162494 2.38770667088 0)
(0.12444626 -1.80945303774 0)
(0.15747269 -1.66919456105 0)
(-0.0086533079 -1.68941681007 0)
(3.3595127 0.32232833582 0)
(1.7733903 1.69097232736 0)
(1.3533527 4.69632597848 0)
(-0.46976614 2.72965007015 0)
(1.8024882 4.42002215838 0)
(2.8461895 -3.76317837539 0)
(2.6205818 -3.61773705481 0)
(2.3826727 -3.73328198223 0)
(2.4046612 -3.47439571739 0)
(2.1734386 -3.58344887355 0)
(2.6237452 -3.37191257751 0)
(2.1479252 -3.83566396411 0)
(1.9436952 -3.68796812138 0)
(1.9420357 -3.4078384005 0)
(1.7294068 -3.55941432308 0)
(1.7144595 -3.79327693467 0)
(1.5110974 -3.66591999445 0)
(1.4943926 -3.88703039596 0)
(1.2921477 -3.7624359338 0)
(1.2752801 -4.02188992161 0)
(1.0707408 -3.8633898097 0)
(1.029531 -4.09874422782 0)
(0.84205589 -3.95523232127 0)
(0.79590841 -4.20484728308 0)
(0.6106371 -4.0531365917 0)
(1.0063214 -4.35766322624 0)
(0.59390173 -4.31274183777 0)
(1.691496 -4.03942425688 0)
(-0.73137249 -1.46745920867 0)
(2.5499717 -0.906012057783 0)
(2.5908038 -0.696800922584 0)
(0.46848394 -1.32262495218 0)
(0.93381483 4.98211791216 0)
(-1.0629304 -4.70358322485 0)
(-0.81546048 -4.5827432817 0)
(-0.78368436 -4.27069918433 0)
(3.3801621 -8.52461957666 0)
(8.8424898 -5.48250680281 0)
(9.177634 -5.68423970556 0)
(-1.6170805 -2.59451476582 0)
(-1.5651807 -2.36155684081 0)
(-1.7272674 -2.20362015978 0)
(-1.5198632 -2.13924295473 0)
(-1.3510675 -2.28814889838 0)
(1.5804353 6.54642465156 0)
(2.1346332 0.481669151976 0)
(1.955019 0.435455701804 0)
(6.436989 -7.79555645799 0)
(-4.6209314 2.03341317241 0)
(-4.3547066 1.89890982503 0)
(-4.1210018 1.71808124791 0)
(5.3667115 10.0489107533 0)
(5.0066952 9.44690618805 0)
(5.6078142 -0.260082085334 0)
(-4.6540749 -10.2679207489 0)
(-4.2771726 -10.0713973561 0)
(2.6493969 3.86701012653 0)
(-0.5478788 -0.384905559265 0)
(7.5648868 -1.41828275435 0)
(-1.9645329 -2.26498426938 0)
(12.628675 -10.1502915335 0)
(11.914244 3.3046024884 0)
(11.565012 3.12895273298 0)
(-6.0753213 -3.20665788188 0)
(-6.3266901 2.45804621426 0)
(-6.0261984 2.26152328298 0)
(-6.0174358 2.62847399416 0)
(-2.0093475 -1.19414519472 0)
(-3.3768824 -3.05394492283 0)
(-2.7216194 -2.57136801127 0)
(-0.5430882 1.92406798321 0)
(14.093148 11.355328224 0)
(4.5480063 -0.0547337164893 0)
(4.2914916 -0.147407536338 0)
(-2.0048866 2.1029813111 0)
(0.22700476 7.32615700222 0)
(-0.064927698 7.17240280248 0)
(-0.042039056 6.85226268892 0)
(-0.36357253 6.710940401 0)
(-2.3457453 0.818943209835 0)
(-0.93032483 5.55768900275 0)
(5.7185603 1.22533298255 0)
(-2.4561938 -0.498755020708 0)
(-1.8162136 2.17871695917 0)
(-1.6204012 2.24927732747 0)
(-5.4406226 -3.65449106581 0)
(17.858218 -6.38899409672 0)
(16.536346 9.23718631144 0)
(-1.0128642 3.38976844458 0)
(0.29216908 0.468324790098 0)
(2.4055093 2.95039751186 0)
(-6.9400184 3.60986208185 0)
(5.5784603 -0.862547074043 0)
(1.6491548 2.64190452677 0)
(6.1371902 -14.062719555 0)
(5.8055587 3.32737194383 0)
(-7.6236973 -1.88809898843 0)
(-7.2330094 -1.71010931769 0)
(2.0068081 1.42748409086 0)
(-6.3234875 1.7247655275 0)
(-9.5824689 -0.746834388646 0)
(-9.4825903 -1.72262048412 0)
(-9.152539 -1.9933909458 0)
(-2.4090896 -5.85182902694 0)
(-2.3872019 -5.50566520292 0)
(-2.6714954 -5.30792998287 0)
(-2.3958646 -5.14532454126 0)
(-2.0987705 -5.70106970404 0)
(-1.8031237 -5.88391794476 0)
(-1.7871381 -5.54097075845 0)
(-2.99014 -5.44884137635 0)
(-2.9575085 -5.10650813425 0)
(-3.283034 -5.24388854626 0)
(-3.2466815 -4.89660768568 0)
(-3.5275142 -4.68370530711 0)
(-3.8733075 -4.82363385941 0)
(-3.8128133 -4.50409155996 0)
(-1.3925284 -2.51491725564 0)
(-1.1832553 -2.42891623944 0)
(-1.1595771 -2.19732579818 0)
(-1.4324582 -2.76473308122 0)
(-5.1610984 1.3834461534 0)
(14.084016 10.4013159889 0)
(4.419177 -4.73567210922 0)
(4.154939 -4.561544782 0)
(3.8777902 -4.69771203876 0)
(4.1778717 -4.19529486938 0)
(3.8467807 -5.01540178767 0)
(3.5610428 -5.15522089146 0)
(3.5325032 -5.46623159683 0)
(3.2784764 -5.28422159127 0)
(3.2489357 -5.59241440221 0)
(2.9949144 -5.41102227976 0)
(2.9658436 -5.71884693111 0)
(2.7129516 -5.53709388028 0)
(2.6704627 -5.86182058763 0)
(2.4259779 -5.66695556009 0)
(3.0234559 -5.10562194716 0)
(2.3982153 -5.97326029965 0)
(2.1440191 -5.79183374491 0)
(2.0922963 -6.11430019974 0)
(1.853947 -5.92075677208 0)
(1.8142301 -6.2335863327 0)
(1.5688996 -6.04607561952 0)
(2.1739496 -5.48516433121 0)
(1.5333319 -6.36420151417 0)
(1.2740271 -6.17565095558 0)
(1.2407367 -6.49750610172 0)
(0.98504594 -6.29836214614 0)
(0.90947436 -6.6311612892 0)
(2.9081726 -6.07310447389 0)
(1.6045927 -5.74059099877 0)
(1.0200599 -5.99573173372 0)
(0.72291217 -6.12506208768 0)
(1.7963443 -6.5523517013 0)
(0.76033819 -5.84848323297 0)
(1.2239684 -6.82326793491 0)
(3.5893705 -4.8407216032 0)
(3.5027554 -5.79171368848 0)
(3.5841821 -4.52691905607 0)
(3.310996 -4.6624916789 0)
(3.8505472 -4.3419607746 0)
(3.1674571 -6.2707995744 0)
(2.8580388 -6.42540407627 0)
(-4.4933038 -2.2919931436 0)
(-4.7923122 -2.08560663961 0)
(-4.4689347 -1.94492997446 0)
(-0.30885441 1.4224245118 0)
(1.5059499 1.91385898911 0)
(1.3679673 2.0412013202 0)
(-9.5952614 -5.26153870878 0)
(-9.5713822 5.2435283679 0)
(-9.1521876 4.99960468528 0)
(-9.1368189 5.46681642783 0)
(-6.2191167 5.86849763676 0)
(-6.2719649 6.30822420909 0)
(2.4190919 -3.22685750926 0)
(2.196806 -3.31595512603 0)
(3.3953982 -0.355996489898 0)
(0.94087372 -0.286190664169 0)
(10.429146 11.729693117 0)
(10.428843 11.2611100542 0)
(6.7154561 6.17699620772 0)
(7.4741503 -8.04508964058 0)
(1.0767166 7.14846368912 0)
(6.3933389 6.01634593474 0)
(2.1606961 6.43916592914 0)
(5.4677839 7.674886581 0)
(5.1801509 7.47834949745 0)
(4.830674 7.68507366721 0)
(6.1098058 7.27657935222 0)
(5.8031713 7.0995083674 0)
(-2.0276217 6.69268526818 0)
(-1.7434916 6.53684640179 0)
(-1.7658414 6.20512227656 0)
(-1.7339137 6.86921947082 0)
(3.0978332 3.60971977851 0)
(2.8845826 3.52597572024 0)
(3.3088765 3.4740304129 0)
(3.2929419 3.21349361998 0)
(16.547159 9.78673856954 0)
(0.85053392 0.239989628256 0)
(3.7778849 6.95797756819 0)
(2.232706 5.19588568192 0)
(3.4809889 5.60990661613 0)
(2.1724928 8.51930758037 0)
(-2.9475283 -4.756614727 0)
(0.1416789 -1.06482414405 0)
(0.46502783 5.24193186936 0)
(8.5236906 -5.28193826835 0)
(2.7307537 2.66891520334 0)
(0.79748474 1.48458216396 0)
(0.7921722 1.34232069008 0)
(1.4487951 -1.39343634252 0)
(11.327563 8.48298281623 0)
(2.9485455 4.78065971895 0)
(3.1751858 4.63056963486 0)
(3.1956354 7.31778089849 0)
(5.2118519 6.07142545296 0)
(5.19717 5.72965691589 0)
(5.5261537 5.53053247975 0)
(5.7993404 5.69211327756 0)
(6.0944976 5.51468620853 0)
(12.407893 10.5050981359 0)
(12.384193 10.0514481236 0)
(0.61766789 -7.44922732829 0)
(0.64714657 -7.11260310365 0)
(0.37161608 -6.89371317738 0)
(0.5680009 -6.61866980543 0)
(2.8135173 -1.40890306577 0)
(2.7685616 -1.62383695546 0)
(-4.2689325 6.07468604779 0)
(-3.9447898 5.91871176704 0)
(-3.9422401 5.55969748822 0)
(-3.6563496 5.4032094359 0)
(-3.3574775 5.61779836263 0)
(-0.54833296 3.52449394519 0)
(-8.0028665 6.66377545675 0)
(-7.6116903 6.89549805508 0)
(-7.6443125 7.3905346602 0)
(-7.3186336 7.64134320545 0)
(-7.295839 8.09744747196 0)
(-7.7064462 8.29324256207 0)
(-7.7363709 8.75456932919 0)
(1.2861787 5.86447848248 0)
(-7.3241157 -5.39207189063 0)
(-6.0328546 -2.39023035502 0)
(-5.7117081 -2.63217294402 0)
(0.97266086 0.0297101646078 0)
(-1.6044654 4.13218375503 0)
(-1.5712664 3.91377880271 0)
(-1.3857618 4.26300228452 0)
(-1.1880315 4.11385414455 0)
(-5.9232888 -5.02320178869 0)
(2.1150239 -12.5655084936 0)
(4.4527744 -0.575498873683 0)
(4.2116615 -0.688709729711 0)
(1.8937073 -5.61769112935 0)
(1.915885 -5.29514499504 0)
(2.2051348 -5.18355791306 0)
(2.4513798 -5.35700924845 0)
(2.738654 -5.23193474447 0)
(2.7718592 -4.91688849712 0)
(3.0412453 -4.78857224597 0)
(-2.9747232 4.1325587864 0)
(-0.25324463 4.89865740929 0)
(-1.7545656 -14.5879602058 0)
(4.1840085 8.45709147226 0)
(4.1569321 8.11038046473 0)
(-1.277751 -14.5982098628 0)
(15.270677 -3.20210948929 0)
(3.7653081 -5.99317285548 0)
(4.8301679 8.06498299388 0)
(3.53486 8.85051494645 0)
(2.872248 9.23916497264 0)
(2.8702358 8.86878008243 0)
(2.5224533 9.0628909804 0)
(-5.2247419 -5.07683198533 0)
(-2.872823 8.94927106557 0)
(-2.536973 8.76334708269 0)
(-9.5699792 -7.73408059738 0)
(-9.0751796 -7.54163764279 0)
(-9.3290753 -6.68670794083 0)
(-8.6675315 -7.4445986312 0)
(5.0397672 3.67819506346 0)
(-9.6070107 7.75991749198 0)
(-9.1569522 7.53801952476 0)
(-4.7997861 -0.484306383822 0)
(-1.6370039 3.08415096202 0)
(-1.4286177 3.20402023666 0)
(-1.2575014 3.07350301972 0)
(1.3164731 -5.87310796613 0)
(1.3645497 -5.53946316213 0)
(-2.9329229 3.04721726179 0)
(-3.2087915 2.77052513969 0)
(5.2774619 4.42485727757 0)
(3.1347386 11.7812806765 0)
(3.5286536 11.556000171 0)
(3.8754937 11.7745539087 0)
(3.8882805 11.3358988338 0)
(3.0341035 1.41833188705 0)
(15.8513 14.183830054 0)
(-2.0908407 2.91848868633 0)
(3.585817 -13.6099905589 0)
(-2.5331709 9.16427032414 0)
(-2.2281063 8.58122709969 0)
(0.20005009 4.29671281179 0)
(0.1979956 4.05003376215 0)
(0.37979795 3.90747709538 0)
(0.5708013 4.00139382866 0)
(0.55046184 3.7726040641 0)
(-7.5324066 5.57464112742 0)
(4.1079654 -7.4859509555 0)
(4.4484572 -7.33666813122 0)
(4.116874 -7.10992017724 0)
(4.8078212 -7.178339575 0)
(5.1434287 -7.34370387846 0)
(4.3470748 6.60177221841 0)
(4.0538942 6.4740893708 0)
(4.6368488 6.42745179475 0)
(4.6407442 6.06829102672 0)
(-3.0633797 -8.61560019529 0)
(-2.7257788 -8.86252752354 0)
(7.9517195 5.39075890143 0)
(7.6191258 5.21095098625 0)
(7.9323554 5.02717927847 0)
(8.260698 5.19311601807 0)
(8.2557367 4.82443242076 0)
(7.984439 4.65457496947 0)
(2.2537597 2.10245561367 0)
(-0.082556043 -11.7246116402 0)
(-0.035614316 -11.2860159494 0)
(3.7565065 -1.76238862319 0)
(-6.5950875 10.4876785261 0)
(-1.9200503 -0.798134964676 0)
(-1.7287397 -0.746082577159 0)
(6.8101366 -0.17812909964 0)
(6.8462855 0.152107891698 0)
(7.1020495 0.311363154822 0)
(7.3739189 0.142528733425 0)
(8.2162902 -8.07007507139 0)
(8.2335678 -7.64348170206 0)
(9.5105278 -5.47690493155 0)
(9.4970084 -5.89059800718 0)
(1.1929538 14.5812164623 0)
(1.2503395 -14.5789788698 0)
(1.0046318 -14.146400217 0)
(1.5512752 -14.1522398127 0)
(1.6154622 0.92334294479 0)
(1.6360038 0.789133602273 0)
(1.5141216 1.0455803487 0)
(-4.9337977 8.0341256869 0)
(-5.2893728 7.80307651926 0)
(-4.9269008 7.6115432614 0)
(-4.3056337 -0.847397323581 0)
(-4.2713865 -0.545688075704 0)
(3.9243497 -4.08511532532 0)
(8.5126329 -0.617424721748 0)
(4.1118896 4.00970615169 0)
(5.5377202 -6.46107861737 0)
(-2.5968244 2.28838650629 0)
(3.7296101 3.2083878403 0)
(6.6518491 -1.58511778773 0)
(6.7081708 -1.2967226056 0)
(6.326125 -1.99677073959 0)
(1.8706842 -4.22750334165 0)
(-4.0718664 -7.80444289196 0)
(14.502798 11.1131587867 0)
(14.92094 10.8522750056 0)
(-5.0755967 -10.4368721805 0)
(-9.1097855 -7.99983705417 0)
(5.7364201 1.8210332279 0)
(5.4753809 1.70692401599 0)
(10.671189 -10.2757546592 0)
(13.513529 -8.39641025834 0)
(13.274689 -7.60613416028 0)
(5.393767 11.3155963364 0)
(8.2024617 -0.774242687354 0)
(-4.8469155 5.33086772843 0)
(-0.42655726 4.5077281049 0)
(10.568713 3.8038147706 0)
(10.246861 4.01341615578 0)
(10.261582 4.38994745215 0)
(9.9270277 4.21656005933 0)
(9.9396748 4.58739552756 0)
(10.267278 4.7561510862 0)
(9.8665308 3.86239609348 0)
(9.6023637 4.41923168858 0)
(9.6145381 4.78682604102 0)
(9.2753127 4.61528709625 0)
(3.1483368 4.36432240575 0)
(8.1481366 -4.78794308297 0)
(7.8618917 -4.5635884233 0)
(-7.1126654 -8.40193787357 0)
(1.1042606 2.4494290537 0)
(0.95458618 2.57015716245 0)
(0.97633236 2.76500017069 0)
(0.76354625 2.67913386104 0)
(0.94013256 2.38570621278 0)
(0.78598349 2.48914473714 0)
(0.99959926 2.96717833939 0)
(-0.23777737 5.41038300127 0)
(9.7120484 -7.31061834557 0)
(2.8715029 -3.4895184449 0)
(3.3007645 -4.9728077144 0)
(2.7526307 -14.5142754973 0)
(-5.9374052 6.54460382865 0)
(-7.5591242 -1.03101354775 0)
(-7.2010393 -0.830191360614 0)
(9.5232911 9.61780640222 0)
(9.5232407 9.16413346094 0)
(4.248292 -6.7376708606 0)
(8.0288156 10.5535782664 0)
(7.973297 10.1181979883 0)
(7.6441846 10.3624400822 0)
(12.276127 3.4873380446 0)
(9.8713817 8.96429392777 0)
(3.2813523 -0.195608208735 0)
(6.4278519 -8.18021521717 0)
(6.0828402 -8.3516233018 0)
(-4.3377177 -6.34763398539 0)
(3.3545485 1.11790610995 0)
(-2.7504386 14.5787708584 0)
(-2.747692 -14.5846746292 0)
(-2.9651111 -14.1864034444 0)
(2.4891266 5.06281221971 0)
(15.73785 9.80423571722 0)
(9.7504422 14.5965100514 0)
(9.8993601 14.1261077007 0)
(10.473826 14.0749371469 0)
(10.740084 14.5563573391 0)
(10.979877 14.1335246016 0)
(10.245078 9.1780372067 0)
(10.227159 8.7371161635 0)
(3.3717571 -0.602718369745 0)
(-0.69345275 4.63554138101 0)
(5.0823465 -8.09538569853 0)
(4.7804537 -7.87669113133 0)
(5.0425284 -8.47999361805 0)
(-4.6047026 1.37573866989 0)
(1.2004388 9.46849659184 0)
(1.3106289 -4.45676966077 0)
(1.0571069 -4.60943161821 0)
(17.680284 -9.83294696081 0)
(-9.6044927 0.24850656448 0)
(-9.58694 0.749447028245 0)
(-9.1514777 0.499498582544 0)
(9.3943106 -1.5686968831 0)
(9.0897926 -1.36607605982 0)
(2.455863 -10.8761039607 0)
(-9.5613038 3.75017195627 0)
(-9.0746138 3.46583054989 0)
(-9.5628653 4.25188601294 0)
(-9.5770322 -3.82276858751 0)
(2.1422268 -12.1063954551 0)
(-2.1285784 -2.04351334693 0)
(19.545959 -0.725687596981 0)
(11.089452 0.00506575676938 0)
(-4.0410724 -1.00734894903 0)
(5.7455759 10.2438057055 0)
(5.3853089 10.8874898652 0)
(6.5084933 1.64292767934 0)
(6.7676445 1.79303468757 0)
(0.63282505 0.713031214396 0)
(5.45114 -4.82603264132 0)
(3.730212 5.44946652789 0)
(7.5313425 -4.7445351055 0)
(7.2243001 -4.55168814901 0)
(6.9030168 -4.71212939371 0)
(6.9025658 -4.36865369129 0)
(7.2495527 -4.1789757483 0)
(-3.4577571 1.23990837187 0)
(-3.2236696 1.30620770126 0)
(-3.0487126 1.14336258083 0)
(7.1111265 1.31878207475 0)
(6.7613836 8.80019334595 0)
(6.432938 8.60825037397 0)
(7.1059984 8.5904796882 0)
(2.4413035 1.06455649769 0)
(2.5652096 0.944938596644 0)
(2.2968244 1.18716185045 0)
(3.057477 2.38686954493 0)
(-1.8229746 -0.421113308316 0)
(11.23975 14.5609605319 0)
(11.481235 14.1293610372 0)
(11.978141 14.1254399182 0)
(11.722042 13.7000712527 0)
(12.210548 13.6887903686 0)
(12.465236 14.1070908651 0)
(12.682056 13.6671003016 0)
(12.443177 13.2578420062 0)
(12.932184 13.2469065277 0)
(13.210771 13.7148943598 0)
(12.70399 12.8505120591 0)
(12.213723 12.8564776881 0)
(6.1925059 -6.12461762858 0)
(5.8557165 -5.89444489629 0)
(-5.6996701 -6.12833599312 0)
(-9.5271786 6.7633689381 0)
(17.675874 7.06934107913 0)
(17.662899 6.60916190117 0)
(-1.8182367 -6.25351137957 0)
(11.213459 -6.5141727792 0)
(11.21789 -6.13092525417 0)
(11.183063 -6.94714992512 0)
(2.3541482 -4.00639103667 0)
(16.297666 1.63427164615 0)
(15.887098 1.4519439251 0)
(15.865639 0.988070879521 0)
(15.48102 1.23529772161 0)
(15.477176 0.783062858757 0)
(15.106821 1.04168124882 0)
(14.686637 1.31234861611 0)
(19.192227 12.0793264762 0)
(19.210388 12.5376341797 0)
(1.8448466 -9.61480498625 0)
(2.1857882 -9.44782641463 0)
(4.6362042 -5.8897268517 0)
(14.902319 4.44712842679 0)
(8.0723102 7.18813000323 0)
(8.0443317 6.8241317028 0)
(7.741062 7.40204459699 0)
(14.011053 1.9091263973 0)
(13.661135 2.16937937036 0)
(3.8522172 -11.3563541597 0)
(1.8796993 0.731705690911 0)
(2.5871588 -6.23932343301 0)
(6.5525766 -10.8667983292 0)
(-2.0172683 -8.9448600587 0)
(11.816018 -10.5940535811 0)
(-0.71936595 -1.67407743977 0)
(7.9108404 -12.3239461227 0)
(7.5599215 -12.0737311799 0)
(0.18008272 -0.621783328168 0)
(11.977992 -6.12922352128 0)
(11.969888 -5.73038521842 0)
(12.360618 -5.49884925423 0)
(11.995536 -4.15917189069 0)
(1.6028929 11.7943936464 0)
(1.2218931 11.5900818892 0)
(1.6038645 11.3766947641 0)
(0.84926274 11.7833376767 0)
(5.227076 -6.26978955667 0)
(9.9114405 -9.2539774882 0)
(9.5647903 -9.00992320109 0)
(10.306618 -9.05773047076 0)
(6.4771067 10.2149265232 0)
(12.031118 -3.32413176573 0)
(11.611961 -3.54375655406 0)
(13.780007 -3.09011977919 0)
(13.438566 -2.8590876368 0)
(13.454117 -2.42027679806 0)
(13.823598 -2.22363795043 0)
(13.057185 -2.20714006613 0)
(13.104795 -1.74840848353 0)
(12.731758 -1.90874263691 0)
(12.385963 -1.67777144756 0)
(12.345678 -2.08851846471 0)
(2.3031247 -1.11451399354 0)
(12.451529 11.423457553 0)
(4.8831532 0.546218325769 0)
(0.57423972 -4.85916829455 0)
(0.33860368 -4.69056042246 0)
(2.7061094 4.64539836434 0)
(2.1793216 -6.6806932275 0)
(4.2625743 11.5552511846 0)
(3.9198718 10.9220184518 0)
(4.1512251 2.92205539789 0)
(7.230768 -2.28724648886 0)
(6.9595031 -2.45530683611 0)
(14.07691 3.17059438179 0)
(-1.589021 0.711267951143 0)
(14.992614 13.2518116411 0)
(14.568806 13.5128207248 0)
(14.548351 14.0770231979 0)
(14.140934 13.7808737427 0)
(14.147846 13.2776274108 0)
(13.711432 13.5402556795 0)
(13.687596 13.9982531067 0)
(13.209474 14.1997689369 0)
(11.576375 3.53823872755 0)
(10.019013 -1.97516325214 0)
(0.78055699 6.19290230107 0)
(7.4676169 -2.77316357908 0)
(7.7215222 -2.99335017413 0)
(8.0672915 -2.88958601741 0)
(8.3504303 -3.13971229482 0)
(7.8068149 -6.02555524298 0)
(8.8487725 0.250437398861 0)
(9.1566711 0.41525637096 0)
(5.7428253 -11.2685249728 0)
(15.976879 2.79394818865 0)
(15.568599 2.61555243167 0)
(16.003309 3.25060817091 0)
(16.23745 -6.27104739901 0)
(7.0646524 -12.7395607245 0)
(6.7151492 -12.466291102 0)
(-4.774703 -7.31170794389 0)
(16.711259 1.83399252152 0)
(11.957336 13.2723985162 0)
(0.20135381 9.66955386923 0)
(-5.1317411 -10.8967053282 0)
(-3.9726056 -11.2694008492 0)
(1.1868335 8.75428625476 0)
(2.1961301 9.25932016665 0)
(0.25293013 14.5729589739 0)
(0.52177255 14.1391224537 0)
(-0.22631735 14.5740803209 0)
(-7.062919 12.6170174657 0)
(-6.6516008 12.3889397317 0)
(-7.4751008 12.3547622999 0)
(-1.2452843 14.5696163991 0)
(-1.7479168 14.571179555 0)
(-2.0191283 14.1499289431 0)
(-1.5167329 14.0997579376 0)
(2.2406594 14.5870702729 0)
(2.7184158 14.5890679067 0)
(3.75 14.5668900175 0)
(4.2467044 14.5768315619 0)
(6.8876272 -5.06860041278 0)
(5.25 14.566896253 0)
(5.7398751 14.5657790428 0)
(6.0228967 -3.83011080569 0)
(5.742918 -3.65328767609 0)
(-9.0754156 10.8461420915 0)
(-9.4224111 11.2229013367 0)
(10.661846 -2.39532780402 0)
(11.231153 10.7854599255 0)
(10.836773 11.0290938644 0)
(10.838045 11.4830361823 0)
(10.419461 10.8068282295 0)
(9.9944242 11.0828290551 0)
(8.254311 14.5979911517 0)
(8.0565284 14.1521924126 0)
(8.7537511 14.6048890799 0)
(7.2402527 -14.570049422 0)
(7.4949271 -14.1568901797 0)
(15.236542 -8.5612240979 0)
(14.727994 -9.17524904303 0)
(12.61076 2.47336026353 0)
(14.531083 4.6905512557 0)
(14.140185 4.49471600489 0)
(13.767083 4.73721207758 0)
(13.751941 4.29736855266 0)
(13.388627 4.53897402075 0)
(13.028531 4.30899632011 0)
(13.024076 4.70814788054 0)
(13.37351 4.9610683046 0)
(12.965964 5.13696144769 0)
(13.038595 5.63051016535 0)
(12.635083 5.46920320586 0)
(12.304272 5.74650153443 0)
(12.255455 5.36257714764 0)
(11.923186 5.62630914159 0)
(11.854648 5.19875752478 0)
(11.534611 5.49886748161 0)
(11.388216 5.13628708976 0)
(11.145804 5.38671705262 0)
(12.563149 5.06162116995 0)
(14.51013 4.24646411205 0)
(-9.5361838 10.2499284817 0)
(13.817065 -11.8712631754 0)
(13.818539 -11.4028539141 0)
(17.674079 4.50247381263 0)
(15.622278 6.96104505174 0)
(15.213578 6.75047960485 0)
(15.207095 6.28070897286 0)
(14.823517 6.55671984338 0)
(14.831051 6.99899929899 0)
(14.442309 6.81005611705 0)
(14.438259 6.33769787634 0)
(14.059763 7.06961106879 0)
(-4.5753848 7.84941704387 0)
(7.2680004 11.0333827325 0)
(15.014549 -1.19069294366 0)
(15.040154 -0.748938122255 0)
(14.645951 -0.948083938217 0)
(-0.35084683 8.31351294182 0)
(9.7427515 -6.90141263248 0)
(4.2692738 10.7170779211 0)
(11.294547 -2.90858847891 0)
(9.2745641 12.4757748686 0)
(-8.0628108 -2.93183143468 0)
(-7.7717294 -3.18282421542 0)
(18.045355 6.29115369758 0)
(-7.0038611 -7.49250997584 0)
(-0.39793133 0.608671891699 0)
(-5.7193709 -12.4863417073 0)
(-5.2918231 -12.2933087744 0)
(2.5031119 8.69266597433 0)
(12.964364 -12.3041489555 0)
(12.979662 -11.8337378229 0)
(1.0373 0.856470737115 0)
(9.0837927 6.93615418191 0)
(9.0603567 6.55125858871 0)
(8.6960669 6.40512902096 0)
(8.9857769 6.22358486818 0)
(3.9810451 1.82697150874 0)
(4.1854567 1.66609258899 0)
(3.7469026 1.74117644379 0)
(11.524706 -7.59735376212 0)
(15.703138 -2.56892060759 0)
(11.136467 -7.79882103271 0)
(13.752971 -3.97161403392 0)
(-9.2571992 -9.38341054576 0)
(11.619886 -4.36775571053 0)
(1.3170594 3.66002331918 0)
(12.273674 -8.95336584563 0)
(19.496529 0.494656332281 0)
(15.784623 -6.46128448987 0)
(19.574905 -3.24912890976 0)
(19.192179 -2.99359848324 0)
(19.17863 -3.48908545126 0)
(19.578856 -3.74115183489 0)
(19.166602 -3.95517757773 0)
(19.584782 4.73174382722 0)
(19.204521 4.48214334216 0)
(19.595971 5.20213832303 0)
(-1.1793883 -5.97277469289 0)
(-9.5778229 2.73261019269 0)
(13.643307 6.89447943998 0)
(10.577958 8.51199157643 0)
(-5.4152721 11.2554069333 0)
(-5.4286978 10.776883254 0)
(11.232856 13.708024685 0)
(8.1185062 12.3254681849 0)
(3.681152 0.801551180287 0)
(10.165283 7.07001777145 0)
(1.9641478 3.31532258016 0)
(6.2205645 -5.7540383122 0)
(3.6249053 2.1511078311 0)
(3.393159 2.09371126064 0)
(10.76403 -14.582397181 0)
(11.250859 -14.6058917422 0)
(-1.1417802 12.9037847286 0)
(-1.1488743 12.4588503229 0)
(-5.2840357 7.38233104322 0)
(-7.2930556 2.26529158456 0)
(12.4272 -1.27000551805 0)
(-3.7505523 14.5711715166 0)
(-3.4682668 14.1561477226 0)
(-3.9626156 14.084748229 0)
(-4.2444445 14.5632186513 0)
(-4.4775672 14.1466198451 0)
(-2.524979 1.95774144686 0)
(1.8368503 -9.2868314027 0)
(13.245067 10.4488295144 0)
(12.821076 10.2413913938 0)
(7.8525393 -1.6388447375 0)
(14.847066 7.45680992131 0)
(10.734574 -12.7375546936 0)
(0.25144125 -6.22663956461 0)
(6.7223619 -0.807116159048 0)
(6.4302301 7.08136897886 0)
(0.3518112 -11.111684228 0)
(0.71071534 -10.9271984635 0)
(-0.83139291 -1.14737385072 0)
(16.165003 -7.2501360261 0)
(-7.460134 11.8681269192 0)
(5.3315742 -11.4690941003 0)
(-2.5308678 -7.29087116338 0)
(6.312763 3.7669034646 0)
(15.628055 3.50579734777 0)
(14.510656 8.59427093243 0)
(-2.7755195 -11.6544774035 0)
(16.912361 8.55121189254 0)
(-1.9746745 -11.3029784029 0)
(-2.2974641 -11.0364883931 0)
(-1.8975968 -10.8715648263 0)
(-6.9509519 -7.05139270934 0)
(10.888257 -4.7570607512 0)
(12.558993 -12.0464761253 0)
(15.33173 -2.31676533211 0)
(3.1455561 -7.58436179156 0)
(-6.8731562 -9.61814455007 0)
(-0.33881645 -7.55332416026 0)
(-0.64575798 -7.36108229966 0)
(16.130437 -7.71552369173 0)
(-2.6936782 11.6067187447 0)
(1.5991879 2.45275995818 0)
(16.02603 -3.72994624085 0)
(17.69912 7.55430407946 0)
(19.566987 -6.25004587054 0)
(10.9079 7.42835943034 0)
(13.786798 5.16931651155 0)
(11.548729 -7.16726824084 0)
(11.157778 -7.37529980689 0)
(13.899267 -0.911763982522 0)
(17.655986 -2.93247486266 0)
(17.359097 -1.28031516133 0)
(-2.7199552 4.56498128447 0)
(-4.8157383 4.62977119998 0)
(16.073357 8.10174162499 0)
(0.042160352 14.0940019525 0)
(-1.0143744 -7.89387453053 0)
(17.585203 -4.28547200782 0)
(17.523847 -10.3642858384 0)
(12.245959 14.5505509448 0)
(12.249052 -14.5691278366 0)
(11.931218 -14.1536764496 0)
(12.473463 -14.0428212123 0)
(13.009612 -14.1482823378 0)
(13.248412 -14.5666306594 0)
(13.49009 -14.1290188407 0)
(13.741428 -14.5717671584 0)
(13.711975 8.16161871679 0)
(13.719911 8.61990410661 0)
(8.6879629 -12.8392102699 0)
(9.7874939 0.76368330979 0)
(10.339273 -8.62264725761 0)
(10.438757 12.1939078335 0)
(15.540558 -9.75286436276 0)
(17.803488 -7.33935433449 0)
(14.671864 -0.501244121087 0)
(14.277156 -0.690853919643 0)
(13.923593 -0.44104604179 0)
(13.554229 -0.668681857856 0)
(13.545503 -0.246350298227 0)
(13.185925 -0.0378837107815 0)
(8.4053945 -10.7935772625 0)
(1.879674 -6.86458210789 0)
(2.4933218 -5.04985515614 0)
(5.2643082 2.14857806948 0)
(14.120422 11.8313469758 0)
(-6.2455211 -4.77775617269 0)
(9.0936475 2.84706717937 0)
(9.0776706 2.50326547314 0)
(8.781089 2.69464881204 0)
(8.7715169 2.30364417946 0)
(9.4105312 2.31766434245 0)
(8.4663566 2.53286570298 0)
(8.422706 2.19669031763 0)
(8.1685906 2.39441168667 0)
(8.1260143 2.04811595685 0)
(9.7024411 2.46408110409 0)
(8.8036204 3.04710116981 0)
(6.3835677 5.68210961178 0)
(16.223445 -12.0663058325 0)
(0.11163751 1.73402460158 0)
(0.15251229 1.49479370689 0)
(-6.2087167 -10.1054185666 0)
(-0.99665461 8.71819973981 0)
(3.1163192 -0.905104043224 0)
(0.35284322 -1.24110092062 0)
(8.595352 1.78845354924 0)
(16.691774 -10.9033167254 0)
(-0.45384831 9.65613047845 0)
(0.52952514 1.69780210728 0)
(-6.5648956 -4.53491594129 0)
(-9.4873754 -10.1943018355 0)
(13.938477 -0.033354679165 0)
(-3.4149919 11.5641088728 0)
(10.539098 -4.93806400095 0)
(-5.2325871 14.5887779203 0)
(-5.2557407 -14.5878447506 0)
(-1.6638516 -1.99169005042 0)
(2.3017277 -6.33224558795 0)
(4.4152781 -13.2020287386 0)
(7.0101365 -9.84768010929 0)
(6.6455704 -10.0110596192 0)
(6.6109456 -10.4275826365 0)
(19.515329 7.76179756655 0)
(-1.4231584 7.69305651212 0)
(19.553045 -7.76805454564 0)
(-6.7695617 -11.1498239676 0)
(-9.5335824 -11.2383250449 0)
(5.9907856 -9.92929102413 0)
(-6.1067606 -12.1959917134 0)
(14.622269 -1.39182768024 0)
(10.612729 1.824381417 0)
(10.567558 1.45399591746 0)
(10.285773 1.6768054084 0)
(10.303436 2.04036597521 0)
(9.9401051 1.90596528286 0)
(-6.2461182 -14.5709537636 0)
(-6.0096425 -14.1623386331 0)
(-6.4741643 -14.1643025187 0)
(19.568707 8.7514368887 0)
(19.093108 8.5238252782 0)
(19.135772 8.99712617467 0)
(19.567542 9.24951621001 0)
(19.135313 9.49943097465 0)
(19.13826 9.99917206537 0)
(18.703837 9.74931956229 0)
(18.700643 9.29270301845 0)
(19.567534 10.2496813356 0)
(19.139124 10.4995496367 0)
(19.142937 10.9999603936 0)
(18.713969 10.8014493796 0)
(19.571086 11.2520290682 0)
(19.165322 11.5331359203 0)
(3.518625 -1.81522869157 0)
(14.053695 2.7416727846 0)
(14.757017 14.5713336412 0)
(9.1455347 -11.2801129391 0)
(13.727556 14.5271231033 0)
(-9.5776838 -12.2620504561 0)
(-9.5691913 -12.7517874236 0)
(-9.135439 -12.9997759709 0)
(-9.1346503 -13.4982753469 0)
(-8.7200945 -13.2484140623 0)
(-8.7212754 -13.74633661 0)
(-8.7145526 -12.7634256059 0)
(-9.1513742 -14.0016442549 0)
(-8.7295118 -14.2494456554 0)
(-8.2757247 -13.9718094063 0)
(-8.3192009 -13.0857180491 0)
(-9.1450872 -12.5154359599 0)
(-8.7128941 -12.2334100998 0)
(-9.573539 12.2508091737 0)
(-9.1218172 12.0079671779 0)
(-9.5789171 12.7498502376 0)
(-9.1031598 12.991568572 0)
(-9.1422521 13.5196004649 0)
(-9.5665549 13.7487312286 0)
(-9.1338118 13.9967085613 0)
(-8.6805524 13.7794880574 0)
(-8.7082124 14.2716235157 0)
(-9.1856337 14.5417324514 0)
(-7.2356841 -14.5206099506 0)
(19.599922 -10.2352994425 0)
(19.572466 -11.2493636601 0)
(16.75 14.5669681276 0)
(17.250422 14.5668740491 0)
(17.500676 14.1344380764 0)
(17.999218 14.1348058203 0)
(17.749793 13.7027029965 0)
(18.242771 13.7004690942 0)
(17.26205 13.7073946041 0)
(17.017532 14.1460707669 0)
(18.49638 14.134631428 0)
(18.707774 13.646993614 0)
(18.882929 13.2194303535 0)
(16.737931 -14.5606313491 0)
(16.514955 -14.1268050414 0)
(17.000392 -14.1435643732 0)
(16.793655 -13.7623423228 0)
(17.25 -14.5670039988 0)
(17.515147 -14.1361017854 0)
(17.999381 -14.1343548564 0)
(18.249449 -14.5666791084 0)
(18.498955 -14.153587086 0)
(19.002752 -14.1519983671 0)
(18.699122 -13.669160198 0)
(19.239435 -13.718754017 0)
(19.001413 -13.2536202499 0)
(19.556505 13.7867659501 0)
(-9.5698328 -13.7476617415 0)
(-3.6434484 0.0732094741546 0)
(-3.628396 0.34945423527 0)
(11.390669 -1.69023509067 0)
(11.729777 -1.56567409968 0)
(17.917423 -12.1561587217 0)
(-0.23034209 -1.91208986324 0)
(-0.64870499 -0.202555797804 0)
(12.141925 0.167769449178 0)
(12.475309 0.330758303666 0)
(18.248369 14.5676658701 0)
(4.6809804 -8.64704643387 0)
(-1.8033211 -3.60778453427 0)
(-3.6898237 6.83280741 0)
(7.9915603 1.45333780313 0)
(-1.1830475 0.307549396923 0)
(4.1113015 -1.18694298233 0)
(18.236123 -0.0683618989528 0)
(8.5495089 0.42956577303 0)
(9.8906057 6.49577980254 0)
(10.750063 -0.172157246873 0)
(3.7969104 -5.66115748768 0)
(15.822128 12.7360152018 0)
(11.247155 11.6992184827 0)
(5.8129917 6.72264942574 0)
(12.937938 0.70293142425 0)
(11.350385 -11.7447045162 0)
(7.1030976 8.19534388794 0)
(12.432388 10.9611105399 0)
(19.066748 14.0781655536 0)
(6.7434337 -14.5763103127 0)
(6.9446649 -10.689421736 0)
(7.6790609 0.639303463297 0)
(8.8609878 -5.06730429629 0)
(7.0463087 -9.43031362675 0)
(16.53412 -1.71344145766 0)
(14.808185 -5.13350391659 0)
(1.3776551 -4.23162856051 0)
(-0.62618161 6.86910227583 0)
(-0.40417885 6.40788406215 0)
(10.572915 5.63675923202 0)
(-5.6480589 -1.45820374496 0)
(17.80955 -13.6646710637 0)
(-9.164558 1.53822462846 0)
(16.36744 -9.83402545226 0)
(6.1007756 10.0255116275 0)
(11.738335 -0.796261760911 0)
(1.9982235 1.23934168583 0)
(-0.83084296 11.0231683808 0)
(9.1055983 7.32941932151 0)
(3.2208172 2.24107826093 0)
(7.4640897 -8.4375629095 0)
(12.899192 0.273423827985 0)
(14.442249 -4.4349016568 0)
(14.095375 -4.64577707735 0)
(8.220895 -0.420145334614 0)
(10.2482 -3.99337106127 0)
(14.434786 9.09034965545 0)
(16.281283 -10.6548111086 0)
(-6.338223 -10.9824984234 0)
(17.564806 2.72055991914 0)
(-0.21552772 -0.528092020347 0)
(1.3640865 -10.9893390389 0)
(-6.0220835 1.89883527553 0)
(9.6151407 -3.57200932426 0)
(9.273628 -3.74123224512 0)
(8.9634163 -3.52881543334 0)
(9.5863421 -3.94763989619 0)
(8.9909394 -3.16230553182 0)
(17.017988 -13.0610622231 0)
(16.994168 10.5057509346 0)
(-7.6665073 -4.74088989519 0)
(16.260192 13.9616975515 0)
(-4.3344646 3.35114997387 0)
(2.682694 -11.9676696204 0)
(16.451742 -8.91941156998 0)
(0.60936605 2.84267733784 0)
(-1.1708585 5.42686121741 0)
(17.252231 6.84943830303 0)
(17.230725 6.37568633557 0)
(-3.893084 8.71025910985 0)
(-9.1392865 4.50692992287 0)
(-8.729563 5.22836607881 0)
(17.503195 -11.8904592192 0)
(7.3965312 7.23336130848 0)
(-1.6278736 -1.2729824584 0)
(-1.3335212 -4.52874066369 0)
(17.096971 12.9332263226 0)
(7.7674894 -13.7710245157 0)
(17.46782 11.6976609988 0)
(5.3813382 -0.0930544420961 0)
(18.815539 -10.7232754554 0)
(15.350096 11.0660421503 0)
(19.097224 -1.36635690715 0)
(-0.67021039 6.26645473045 0)
(4.1866801 -11.6045881666 0)
(13.725936 -13.3111071042 0)
(15.691045 -13.7632814888 0)
(16.586077 10.7682865135 0)
(16.179679 -1.02673670058 0)
(16.219304 11.9873102329 0)
(16.880494 -8.71243023523 0)
(15.028788 -11.2619442552 0)
(-3.898476 12.691684568 0)
(7.613416 -0.711316787327 0)
(-1.0455227 0.350392966596 0)
(16.842661 7.13185081426 0)
(-0.44168336 -11.4765837584 0)
(-0.34261065 2.61090943699 0)
(-9.1187367 -1.36503538368 0)
(-1.4541887 -10.2882698153 0)
(-0.39459033 -10.616640747 0)
(-7.375423 -12.276930007 0)
(18.934736 7.24680330825 0)
(17.491302 -5.68075796889 0)
(15.680491 8.34693082384 0)
(8.3219318 -3.51395979957 0)
(8.7696164 -1.52083261028 0)
(-7.6316643 -6.07068309267 0)
(18.206156 8.71533643683 0)
(12.299467 -8.5094521986 0)
(1.9541104 2.38026445855 0)
(6.0917027 -7.97011001572 0)
(17.371078 -7.55888974118 0)
(7.0956374 -7.10276935464 0)
(11.857183 -9.15168188374 0)
(19.089511 -7.14274935403 0)
(12.014153 6.37087431462 0)
(10.222583 5.46959005744 0)
(10.554889 5.26512321517 0)
(9.441616 -13.8152296247 0)
(-4.5573841 -2.974285764 0)
(8.8190587 -6.26070901829 0)
(-2.5064101 -9.96049793459 0)
(-7.9376729 13.5709341962 0)
(12.26246 1.14893519733 0)
(-0.41747183 -2.90017068923 0)
(16.973656 10.0152502317 0)
(-6.3681038 -8.4535598832 0)
(2.7609175 0.0929308132898 0)
(14.239083 -10.7359785841 0)
(12.897021 9.79732025243 0)
(-7.3820797 0.564991901166 0)
(11.292749 6.01238266894 0)
(13.691036 11.6088630842 0)
(-2.8846666 6.86592917487 0)
(1.2637321 -7.15638884361 0)
(10.204466 -4.73427531778 0)
(1.6696448 7.7520042225 0)
(16.893071 5.01991557213 0)
(2.6037134 -1.49005737205 0)
(10.600513 4.55686392038 0)
(15.229077 3.30998142357 0)
(9.4650005 -10.3160269575 0)
(-6.6679089 -13.341736944 0)
(-5.6857287 3.87422820862 0)
(18.141907 -8.56638529234 0)
(13.09125 -3.53936426921 0)
(17.901669 1.52768479886 0)
(16.862829 -2.8706267836 0)
(17.163394 -4.49898344018 0)
(0.22650783 -4.00037567856 0)
(-9.0392004 -10.5543169169 0)
(-6.6714924 13.8295782009 0)
(15.828918 -11.7890422259 0)
(-1.6730388 0.0545669553696 0)
(16.154388 -1.47370296703 0)
(12.669558 -7.00124191439 0)
(-2.9593467 -8.22934633169 0)
(11.592696 3.9389524135 0)
(12.054672 -13.1965912559 0)
(-3.2294562 2.23783226847 0)
(-5.2263929 6.21019939037 0)
(-4.8821901 2.78886218753 0)
(9.4412512 -10.7458222836 0)
(-6.7652597 -5.7651058427 0)
(3.6352776 4.33029740491 0)
(0.016996362 -0.629488449741 0)
(14.93566 -2.51037064742 0)
(-2.0217503 -3.43764549177 0)
(-0.86387888 -5.83190207446 0)
(3.6140773 -3.1137404439 0)
(17.404099 -7.08384096742 0)
(-6.3995503 7.94734422667 0)
(-6.7186005 7.6973544067 0)
(11.459819 13.3110484889 0)
(9.554012 4.05918046882 0)
(8.9374749 -3.91217902288 0)
(6.2806887 -4.69281729325 0)
(-0.83850348 -2.26017455293 0)
(-0.83452919 10.6114589454 0)
(10.919352 -11.9368825856 0)
(12.639319 -7.87081942016 0)
(3.7076669 5.15711131639 0)
(-7.7847192 -10.4424289285 0)
(18.340507 -5.26535173659 0)
(9.9873922 -8.38467587811 0)
(-1.8676749 10.3901104308 0)
(15.810519 12.2449814366 0)
(-3.7062333 -12.4704573195 0)
(18.771599 2.41114630494 0)
(8.0857728 -6.98887886853 0)
(13.335272 3.2233574137 0)
(-7.1631227 -0.431859223033 0)
(16.075902 4.61064096897 0)
(1.628143 -13.6819663964 0)
(-4.1991635 0.657735226239 0)
(18.588968 -1.5792515126 0)
(7.1670536 3.85706543305 0)
(13.054592 -4.41905480063 0)
(17.69053 -2.46658679138 0)
(12.132269 9.33510178196 0)
(1.3997828 -10.5720339996 0)
(15.850419 0.0961601679339 0)
(18.18846 5.71669963518 0)
(6.037151 -3.54235409127 0)
(18.2301 9.68762943254 0)
(5.0542983 13.7835714574 0)
(-2.875857 0.999501710684 0)
(-3.0871397 0.922673190171 0)
(5.766828 11.0895549554 0)
(12.495554 8.23898838644 0)
(9.842099 8.10162775001 0)
(10.312692 -12.9431769995 0)
(10.774252 -7.57569595336 0)
(-8.8946407 8.41226841329 0)
(2.55246 10.216993983 0)
(6.8976658 11.2661373639 0)
(-1.8996821 -13.8100272892 0)
(4.5273764 0.864640406806 0)
(6.3376616 4.07455975448 0)
(10.631006 -3.07880955747 0)
(12.451788 7.36253421473 0)
(-0.43837448 -4.00127251649 0)
(17.940204 -11.6680998924 0)
(5.9751067 -3.06518666414 0)
(11.337024 7.20648353547 0)
(9.0308482 -14.1163683201 0)
(10.846128 -5.92990127389 0)
(-2.0046338 1.9000075192 0)
(-7.8154651 10.6576030216 0)
(10.487575 13.5870884413 0)
(9.2258881 4.97072450917 0)
(15.338201 5.53817716791 0)
(-0.41670875 -1.95903069628 0)
(-8.0251178 -9.2430427945 0)
(-0.96143548 -12.5392292332 0)
(9.9876806 -2.65419409961 0)
(4.8737452 -12.5486659388 0)
(10.803036 -6.7515362013 0)
(14.031695 1.24415278186 0)
(-1.5579337 -11.1362716368 0)
(6.2211138 13.0654820838 0)
(-8.1268761 -7.1064211723 0)
(-6.2127259 -7.13409928163 0)
(13.31409 1.65926798418 0)
(4.6158913 3.398572311 0)
(0.58084516 -4.57801851603 0)
(-6.3549246 7.5323299209 0)
(8.0466133 -10.5550664899 0)
(0.75920387 3.86427587974 0)
(0.5421865 3.55867478798 0)
(10.573448 6.84292379944 0)
(9.1132259 -12.6345215248 0)
(0.18359678 -12.8842554159 0)
(9.3574809 -2.25998531053 0)
(-0.69119645 -13.7151945677 0)
(0.53178096 -14.077825482 0)
(7.9028295 2.59598720033 0)
(7.6213179 -11.6158560511 0)
(0.030604162 -7.0522153781 0)
(6.1214156 -7.2222101958 0)
(17.174563 2.95986750558 0)
(4.2727562 -9.60210887981 0)
(8.3682462 -12.1162523188 0)
(-7.0425894 11.6456317821 0)
(-8.5798399 9.66505666985 0)
(8.1473613 13.679191184 0)
(7.1562765 -5.99482951196 0)
(11.937886 2.14434334631 0)
(-2.2927641 13.7024706366 0)
(6.0216565 -12.3945234587 0)
(7.374957 13.2543229975 0)
(2.8306223 -13.5342364269 0)
(11.269474 2.57607341645 0)
(8.8756638 9.55650821039 0)
(0.51622026 2.46776744638 0)
(8.5589282 0.768362703543 0)
(9.4485591 -0.481162290366 0)
(-5.0726847 12.4208403488 0)
(8.997687 14.1760649093 0)
(17.902352 11.9219152891 0)
(-4.6470413 9.48744703275 0)
(-2.5496413 -12.8245888155 0)
(-6.954728 3.21758220185 0)
(6.7144326 -9.19242125421 0)
(12.156572 0.560928185015 0)
(-8.8048067 -4.86227857489 0)
(1.5005033 -8.41363717266 0)
(8.1226897 8.35737148831 0)
(5.0405498 12.4182600347 0)
(7.7114194 12.1195014641 0)
(3.586985 -1.58479051432 0)
(-0.22346335 -5.20853139437 0)
(-0.92461843 4.05917780373 0)
(1.0393266 6.03528779543 0)
(-1.7855764 -10.0370602738 0)
(3.0468533 1.01037246185 0)
(6.9340569 4.68635057327 0)
(-4.9116334 -8.60628335106 0)
(-5.3126822 -8.75820236408 0)
(3.9263718 13.1115593758 0)
(5.3118639 -9.48260965022 0)
(5.5274152 0.319968279823 0)
(6.7820395 -6.89596255132 0)
(-0.15419201 -1.43554272121 0)
(9.1466944 3.90261246273 0)
(8.0992156 -2.53486357568 0)
(7.8280297 9.35858370193 0)
(3.1490334 0.449752269873 0)
(3.5258634 12.8972084881 0)
(-1.9017518 11.214342899 0)
(0.70317904 -10.5062998622 0)
(10.091367 -0.148691122021 0)
(10.410095 -0.348873674462 0)
(1.2132767 12.9088559014 0)
(-5.7425689 5.07429594184 0)
(5.5398483 4.26248439243 0)
(-8.2636132 -8.04003053858 0)
(15.600539 3.05900709989 0)
(17.190865 -4.03887349466 0)
(1.8786832 10.2252229625 0)
(-3.5510623 -9.6258795223 0)
(5.391548 -3.32761787387 0)
(5.3865825 -3.64990441441 0)
(2.8329712 -3.09404359042 0)
(0.83502367 -9.11512876513 0)
(15.400285 12.5040094634 0)
(3.6727115 -8.76065791371 0)
(8.6545605 -3.34148541036 0)
(-3.1158438 12.7129571814 0)
(9.1657517 1.08956203601 0)
(-5.6709473 -12.0095972607 0)
(6.769396 8.01005285519 0)
(-2.5761702 0.309483848913 0)
(0.82029095 7.94996286911 0)
(1.1588018 2.83579916017 0)
(-1.0967734 -0.898667646396 0)
(-7.8221349 -12.4476569133 0)
(0.86842878 10.428245798 0)
(7.3776876 6.86474769019 0)
(2.368076 11.3975014446 0)
(-2.2101829 4.85973340422 0)
(-2.0361421 3.86935578707 0)
(0.74508142 5.91002633835 0)
(8.7480052 -1.87040380688 0)
(6.1782978 12.1670107108 0)
(-4.0944531 2.24213337452 0)
(-5.5914322 -8.07970679813 0)
(-5.8718795 -4.61135971089 0)
(1.4476926 -2.0506300979 0)
(1.999009 5.13640725877 0)
(1.6342331 14.0365661219 0)
(0.2290193 -8.33913174032 0)
(3.5542476 -9.93482441754 0)
(-5.1037825 -7.05532448113 0)
(3.1819196 14.0333976607 0)
(4.4775087 -4.0919996463 0)
(-1.6923419 5.14961847582 0)
(6.101478 4.87626566419 0)
(6.1054831 5.18944162434 0)
(3.5296593 8.49240795246 0)
(-0.15051592 10.6190880651 0)
(-3.5896553 9.72786295704 0)
(8.8094697 10.0640843413 0)
(-4.1855141 -13.1197497141 0)
(-8.2624029 -3.76490918556 0)
(1.7908156 4.01605552088 0)
(15.168149 2.43814684993 0)
(-1.9682313 -3.17083073693 0)
(4.2239906 5.12827913005 0)
(11.469906 -8.90463941257 0)
(5.3118644 -0.991495932611 0)
(-8.3232002 5.46771450498 0)
(-0.95051878 1.36327705124 0)
(4.2995478 2.36879564242 0)
(1.3360056 1.86409439777 0)
(-2.1302812 2.68262182621 0)
(-2.8134448 1.4190472151 0)
(8.3987227 -2.73316562384 0)
(7.4725404 -6.19696500277 0)
(4.2095685 9.58179808119 0)
(-2.2066964 10.1804716527 0)
(18.596469 -8.34900798209 0)
(-4.263798 -3.19398514352 0)
(2.3622099 12.6821124152 0)
(3.2435424 6.68458153901 0)
(18.35544 -11.9330648399 0)
(1.9700928 -0.39562335037 0)
(2.3538092 3.79954017596 0)
(-0.34899236 -2.47767450086 0)
(-0.16439781 -2.62023691466 0)
(-6.3253236 3.58575047136 0)
(0.96426881 0.956125334723 0)
(18.319237 11.6216950413 0)
(2.3380089 -2.36454503093 0)
(-2.2218457 1.63984367954 0)
(6.3877038 -1.38476888714 0)
(6.4589003 -1.05735651504 0)
(0.11663749 3.02765319912 0)
(1.5736659 3.17067907316 0)
(9.7821203 -14.5237766879 0)
(-1.9506292 12.5006043533 0)
(0.04515095 13.5836784435 0)
(-0.041784391 8.14629696159 0)
(15.303104 -2.76161318421 0)
(-1.3173568 -12.2701014562 0)
(6.6830996 -9.59719287771 0)
(-4.3286796 -4.22291630598 0)
(-3.4644627 -14.1589968896 0)
(3.7109434 -8.3755193031 0)
(-6.4232213 0.264239603856 0)
(-5.6997449 8.81845975987 0)
(-0.91842025 5.28540360624 0)
(-4.6169898 6.97970475533 0)
(2.7950066 -4.60723476331 0)
(4.6496979 -5.56141330192 0)
(2.471995 -10.4619072257 0)
(1.2070758 0.641367117995 0)
(-1.376148 5.02352090296 0)
(3.2097645 -5.92936905911 0)
(3.5562727 9.98912512884 0)
(-9.1770704 1.00977953865 0)
(-8.638398 0.447146352285 0)
(5.3470425 -0.705764722046 0)
(-5.1066477 4.14970920758 0)
(12.569527 -11.5787523653 0)
(-2.7234316 2.89863547944 0)
(-0.74017318 14.0271620729 0)
(1.7332916 5.51140773 0)
(-2.1685778 -10.2022937704 0)
(15.5088 1.73634433272 0)
(-0.03117409 -6.04843262542 0)
(2.536992 -4.73336061147 0)
(-1.9391751 -8.10199203392 0)
(0.25605061 8.9863356839 0)
(-2.1814405 -7.12998223237 0)
(1.1958599 -8.22391218077 0)
(9.1676895 -6.08359879301 0)
(-3.9990291 4.73949539137 0)
(17.834637 -6.86183152615 0)
(-4.2232508 8.49546582409 0)
(3.4003983 -2.43506168394 0)
(-6.5483715 -6.87271053791 0)
(0.043843698 6.08780335842 0)
(-0.63690457 -6.67998374069 0)
(5.0118526 1.01754783091 0)
(3.5306875 3.10256918849 0)
(2.4582544 -7.58872259461 0)
(4.7973643 -1.18152319798 0)
(0.42638634 -1.05285080682 0)
(1.8356154 -7.90000002835 0)
(-3.7042728 -6.09672273987 0)
(-8.3496091 0.754780767651 0)
(1.2652734 3.44852702281 0)
(8.0765419 11.8779304747 0)
(1.1885291 5.61540328838 0)
(4.2074358 1.42260884777 0)
(1.2290077 4.24003761191 0)
(3.3069822 -4.35831176009 0)
(1.4071691 5.47078403581 0)
(0.72121646 -3.58088822168 0)
(12.676315 4.48997337501 0)
(0.77905564 2.21805381219 0)
(2.0633794 2.97934808192 0)
(1.472855 3.51421252012 0)
(1.9175056 -3.94148863668 0)
(6.3756403 -0.44689858792 0)
(-1.2493945 -6.99963053833 0)
(-3.4447565 5.0119029479 0)
(-1.7172214 2.81358031879 0)
(-7.9124594 3.91947230863 0)
(-1.7994502 4.7369192577 0)
(0.70689639 3.43526226218 0)
(-4.2732589 -5.69450782036 0)
(6.4368278 9.8092789774 0)
(18.78229 -11.7147488753 0)
(4.3946173 4.69071675623 0)
(18.294258 1.26772925216 0)
(2.9087486 8.51105370456 0)
(0.27312384 -3.75135794327 0)
(6.3971284 0.781630170045 0)
(2.3763473 2.70424629506 0)
(3.7577666 3.94284682396 0)
(5.6724781 -9.30961782632 0)
(1.8845532 -1.5774622256 0)
(0.50515567 4.84654636385 0)
(2.0227718 -4.97172150325 0)
(6.3918184 0.166750188641 0)
(16.455428 4.36579626685 0)
(-1.4427827 6.1179509997 0)
(17.605713 -3.82745927595 0)
(-2.191335 5.71006748233 0)
(-2.4533674 5.88248943325 0)
(-2.2692179 4.51360727745 0)
(0.89108566 4.53826014943 0)
(-7.6548637 1.6180226135 0)
(8.4583102 8.14569437889 0)
(13.69452 2.98589193068 0)
(8.247782 -14.5215980513 0)
(13.660453 -7.4753576943 0)
(4.3909275 3.55250033113 0)
(4.6293474 3.66909759393 0)
(15.409074 12.9951710483 0)
(-0.71398535 3.15869427385 0)
(3.5369079 2.75427370999 0)
(4.2006293 0.315330441598 0)
(17.218641 3.85918724747 0)
(-5.2611709 -5.49450422948 0)
(-2.3101097 7.53935224584 0)
(-7.0541727 12.1326928316 0)
(4.3323355 -2.28843452935 0)
(1.1548961 -3.42118281019 0)
(-6.6517982 0.848610559361 0)
(-8.6924883 -1.14958554933 0)
(-0.43231681 -0.371246791576 0)
(-7.0394845 -2.45246722816 0)
(-7.1281063 -3.29028859577 0)
(16.411468 -9.38575854835 0)
(-0.43775563 6.10460328327 0)
(7.5085604 14.1911758023 0)
(-4.1875842 -2.54168292512 0)
(8.4972146 2.8927937601 0)
(9.9470607 -8.82297633063 0)
(4.8345007 -13.0033443145 0)
(-0.30475454 4.04819506488 0)
(-4.1300085 -1.90197467741 0)
(-8.2415695 10.8736946956 0)
(-2.7323835 4.27131840585 0)
(1.7293682 2.32686742404 0)
(-6.3590709 0.649004568082 0)
(1.205251 9.10171739953 0)
(-3.4290386 -0.100656276921 0)
(-4.2462908 -9.57959469769 0)
(1.3627675 1.01866130612 0)
(14.736975 0.80254518923 0)
(1.514131 -6.68245666893 0)
(-5.4214784 2.18699024415 0)
(2.8386173 -10.2838106661 0)
(-1.4521546 6.72077783646 0)
(2.8863118 -2.8515512761 0)
(-1.4894054 -5.78337236621 0)
(-0.50299463 -9.42020458974 0)
(-5.9827519 -1.62309409933 0)
(-9.0923199 9.86770644764 0)
(-0.058304435 -10.8521992621 0)
(2.6881928 2.44739701401 0)
(1.4960806 -1.86464639682 0)
(-1.5425126 13.1459075163 0)
(9.2284724 -8.76236100787 0)
(5.2596251 2.982905421 0)
(-4.9479774 -9.05887171083 0)
(-3.941726 2.75676872196 0)
(12.838856 -0.229975977925 0)
(4.3003168 0.793909318039 0)
(9.563548 -4.31989011292 0)
(0.032473061 3.76629848707 0)
(7.4287446 3.67161302512 0)
(-1.1331602 -5.64568046675 0)
(6.5930936 -4.53285462078 0)
(4.2400241 -9.98713438291 0)
(17.590646 3.17707209602 0)
(2.0065051 2.08681585931 0)
(1.0364679 1.98872534782 0)
(-3.7306524 -3.88497039281 0)
(3.1407042 -0.702625487917 0)
(-2.6444163 1.28726058751 0)
(3.9249224 -1.0327657343 0)
(2.0103482 -3.15093552452 0)
(6.8258767 10.004288355 0)
(0.069415061 2.63559751094 0)
(-3.7631448 -12.9348054415 0)
(9.7812543 3.51879600009 0)
(4.4387384 -1.77430417933 0)
(19.011102 -8.13577715055 0)
(-8.4623752 -9.42519245898 0)
(-0.95312587 -2.67048000841 0)
(12.992587 -11.3675247809 0)
(1.5837843 -3.27899729166 0)
(5.6444292 3.11174129906 0)
(9.1688084 -9.21646600499 0)
(-2.0080142 0.00740981407089 0)
(3.9723864 1.34468866832 0)
(-1.279677 2.17206654044 0)
(-3.7931934 -1.23502181555 0)
(15.856944 0.540323937127 0)
(0.65765886 1.01175991985 0)
(-6.2098086 10.7414363035 0)
(3.0048354 2.17291505494 0)
(9.7579089 -0.676847113007 0)
(-3.3569836 -1.80941998528 0)
(17.46106 -6.14100967736 0)
(-9.3230375 8.62699284023 0)
(-3.3657891 0.388613395458 0)
(2.1202807 1.95119370519 0)
(-0.58213405 2.38973816468 0)
(-1.5822543 -0.653018476038 0)
(-0.93778065 2.27088528701 0)
(2.5133022 0.772880396405 0)
(17.242642 -3.12666775888 0)
(2.4469861 -2.99125228608 0)
(1.5474739 -0.90650539074 0)
(9.8609547 8.5251537678 0)
(13.030797 -7.2323040933 0)
(-0.92462601 4.47414732009 0)
(-8.3514839 4.94382839735 0)
(2.9352367 11.1390397427 0)
(-0.78286014 1.11597986823 0)
(5.0517023 12.8625148105 0)
(19.575696 -12.7650966497 0)
(14.693263 -9.62830030971 0)
(-5.175142 1.05756016496 0)
(8.4837054 12.0702568312 0)
(-8.1881443 -0.125877447008 0)
(3.5341215 -10.3274748416 0)
(2.5729202 0.304525577887 0)
(3.2318894 5.46064635799 0)
(2.4871912 -0.0522557764643 0)
(0.29080501 -2.40489753266 0)
(16.094047 8.5653400592 0)
(-1.6467939 2.04035328628 0)
(-5.0003752 9.26437163597 0)
(-3.2428944 9.9492220432 0)
(-4.8671433 -12.10442379 0)
(-3.3872349 -11.1637892678 0)
(7.5610411 9.95039087234 0)
(2.2499983 1.00609990637 0)
(1.48433 1.59315404648 0)
(18.717365 10.2677808981 0)
(-6.1715705 9.8390344122 0)
(5.8316461 5.03575359565 0)
(7.6668819 0.300059171946 0)
(-4.2806409 11.4878153571 0)
(-6.2498021 12.1568088166 0)
(-5.7299546 2.42440761678 0)
(-3.7164896 -0.704297875983 0)
(13.970713 -14.1327986657 0)
(-6.195127 10.2817413216 0)
(14.876418 -3.38482374463 0)
(19.579743 -6.76332790454 0)
(-3.9564779 0.791751192631 0)
(-3.3185479 -7.99036093188 0)
(15.778665 -7.01459500234 0)
(6.5679108 12.3747157704 0)
(-5.3865142 -1.05047241982 0)
(-8.7551265 1.79715005033 0)
(-1.2720413 -1.85799598018 0)
(-1.3184043 -2.0704591523 0)
(-2.4956665 -6.92550211993 0)
(7.3917071 3.31783822388 0)
(-3.197057 -4.23898607049 0)
(-2.139787 -2.99770825257 0)
(8.4888216 -9.10753870688 0)
(-0.293649 1.84995905173 0)
(4.7394718 4.79865827709 0)
(-0.3175232 7.97688599344 0)
(14.568913 13.0209528868 0)
(-6.2676923 14.5276038617 0)
(2.3927803 -0.753511521302 0)
(1.2731429 1.12006854415 0)
(-5.0869817 12.8832470066 0)
(4.1125052 2.51315672334 0)
(-0.37972745 -3.7567796941 0)
(16.864154 4.56656941596 0)
(18.693072 1.00925912744 0)
(-4.2322772 -9.11106179297 0)
(9.5588022 5.14147676225 0)
(1.0429263 -2.14347496229 0)
(0.21888392 5.40111624003 0)
(2.4056563 -0.38031682902 0)
(-4.835095 -1.43595066622 0)
(10.614261 -10.7281804401 0)
(1.7247692 1.39881675435 0)
(13.402333 -11.6193729797 0)
(10.248118 1.33202646764 0)
(-1.8348261 -10.4530102344 0)
(1.730423 0.327661206599 0)
(0.82761437 13.130110995 0)
(3.5142934 8.14429815887 0)
(-8.6585912 11.0763233017 0)
(-2.1684138 0.892144443149 0)
(5.5088489 6.92005640643 0)
(-3.5113718 12.9328393687 0)
(8.8155056 11.3923920957 0)
(-0.17473084 -2.39864911614 0)
(-3.2212039 -4.56187697455 0)
(-7.5862638 1.20250669667 0)
(16.940598 9.01671783706 0)
(2.2174531 10.4227207463 0)
(3.2144476 8.68159325721 0)
(6.7687898 8.40179996141 0)
(-0.1062057 -8.49837320274 0)
(2.3671634 13.1314669495 0)
(-4.6222499 7.34074386965 0)
(-0.53016301 1.15341712409 0)
(2.4208071 1.97552024513 0)
(-5.0482227 10.559304801 0)
(1.2472915 0.373257635372 0)
(8.1096578 -9.29390295842 0)
(-3.6502304 -10.4576411413 0)
(-1.6614509 -0.369781478614 0)
(-6.2355663 12.6742045034 0)
(0.91221522 0.841508948397 0)
(-4.91569 -12.5681047663 0)
(0.83260814 8.28738917261 0)
(6.5058528 1.93633599066 0)
(16.563502 -1.2573039161 0)
(-0.63094734 1.61727533288 0)
(0.86100548 10.8191482158 0)
(0.40328974 1.18868411444 0)
(4.5667823 -3.72406004638 0)
(1.1559226 -1.95621032362 0)
(-5.6264776 -8.52782819609 0)
(-0.68080909 8.16810190698 0)
(-2.3534685 -1.09617267759 0)
(10.237797 3.64890461076 0)
(-1.777206 1.10553730762 0)
(0.69511436 -1.53461151524 0)
(-6.6791706 7.2898036231 0)
(3.9465398 5.00138708953 0)
(5.4886015 7.29932765308 0)
(7.8735133 2.24678131363 0)
(0.79863513 -1.04988539053 0)
(1.3083011 -0.271586498995 0)
(-4.8754794 -4.90380190626 0)
(16.514762 8.78684610379 0)
(1.037262 -0.812723403419 0)
(1.1722237 -0.792449596194 0)
(-0.29302202 -7.20855209082 0)
(6.3174001 3.43914018021 0)
(0.68308935 -0.468200695062 0)
(3.9513603 3.7752879815 0)
(-8.8781799 -9.62026713958 0)
(10.071005 -0.504668453873 0)
(-1.1015122 0.944508096356 0)
(0.51667017 -2.17004311223 0)
(0.47739569 -2.35145170577 0)
(0.65820119 -2.29546034009 0)
(-1.5157728 13.5990122905 0)
(-4.309701 10.563798806 0)
(-1.3005291 -3.67073339506 0)
(7.2212854 4.82827580623 0)
(15.098555 0.574950602519 0)
(16.967192 -1.04500674492 0)
(1.0393697 0.649784536427 0)
(-3.2403395 4.00810597915 0)
(-1.4128148 -1.72881062296 0)
(-0.65961057 -1.31631535993 0)
(1.3822993 -0.390032862741 0)
(0.86223768 -0.212743356938 0)
(7.8131702 -5.65636454365 0)
(-1.6210069 0.197234061132 0)
(-1.7401014 0.322790047798 0)
(-3.0062026 11.3751642535 0)
(-0.70568761 1.87198082869 0)
(1.9122043 0.104589654041 0)
(10.757677 0.197941127251 0)
(1.3443023 0.0635588799457 0)
(1.1127919 -2.67201393358 0)
(6.4317385 -7.42173387068 0)
(0.48645067 -0.951664344824 0)
(0.60206504 0.179654106855 0)
(-0.13419863 -1.28712801462 0)
(10.95809 8.71130578035 0)
(0.26151428 -0.622898815136 0)
(0.39187457 -0.431722482463 0)
(13.829019 -10.9408835308 0)
(13.7346 13.0352594179 0)
(14.931969 11.3334004945 0)
(0.61166307 0.542940889286 0)
(8.853654 0.590556759202 0)
(15.615241 -3.90595988119 0)
(4.0546262 -12.9417924056 0)
(-2.4438065 -1.39886824851 0)
(11.626188 -3.98082401937 0)
(15.357605 -12.5340056093 0)
(3.0247021 -8.70007868256 0)
(-5.5358987 6.0099265704 0)
(14.847407 -8.27466599491 0)
(-3.1457644 1.91253290369 0)
(-5.0001334 -14.2069263552 0)
(-2.8484306 -7.07869588089 0)
(-1.0723032 -0.755398189691 0)
(13.556777 0.171960762029 0)
(-5.8518269 12.8841106994 0)
(-0.17396478 -0.842087352635 0)
(-3.3974091 1.77280540631 0)
(10.399675 -0.711532600062 0)
(-9.5887656 6.21214466909 0)
(-5.3819663 9.45350654817 0)
(-1.5226289 1.52067652579 0)
(2.0269402 -1.70457282253 0)
(-0.47226011 -1.67339340647 0)
(-2.5316617 -2.97471780044 0)
(-0.49523879 10.8128314929 0)
(6.5404424 -3.4510445823 0)
(-9.5896745 -14.2344816921 0)
(-1.1574255 7.51077662854 0)
(1.1775379 -0.476386345232 0)
(19.239336 14.5863318973 0)
(19.234599 -14.5897921527 0)
(1.1733599 0.464652926144 0)
(9.8999342 -4.15228109697 0)
(14.948013 -12.7047047528 0)
(-2.6695023 -4.95579285263 0)
(4.3626711 3.86202343076 0)
(0.05403397 -0.828365756463 0)
(6.2863356 -2.29285947288 0)
(8.8093368 8.33300395527 0)
(-8.0932719 -5.8194706275 0)
(-0.280789 -14.5139070805 0)
(-3.8758267 3.29422488963 0)
(0.84226247 -2.05270665116 0)
(9.8310521 -5.69623664794 0)
(-2.0994552 -5.3610781162 0)
(3.362527 4.22042866888 0)
(2.4092694 1.73533289254 0)
(-2.1473269 -4.95041471844 0)
(6.3844343 5.35257371988 0)
(-0.77552715 -0.393564594633 0)
(-0.10752324 2.84658112944 0)
(4.6451302 -1.96342709931 0)
(17.375615 -0.407616644994 0)
(-5.8947378 6.17457248304 0)
(-1.7267232 -12.4482661722 0)
(2.9815362 5.63661272976 0)
(6.1109156 8.41768175339 0)
(0.24843411 0.629337454405 0)
(0.17571635 0.602583536002 0)
(-0.87548255 -0.917325274646 0)
(2.4877228 4.78549060559 0)
(18.258586 10.6606071653 0)
(-1.7866461 -1.10678336429 0)
(4.8208201 -3.61466285821 0)
(7.5943099 -1.0630915702 0)
(11.996301 -13.6637359495 0)
(1.2454529 -0.670907778299 0)
(-6.6064934 -7.30598344553 0)
(0.22426683 -0.848058188357 0)
(3.7668967 6.34577650353 0)
(6.5857081 12.8247754832 0)
(-6.5200882 -4.15278749301 0)
(-0.50542608 -1.27823080688 0)
(-6.8443462 -0.62805250495 0)
(-0.69212524 -1.09472872633 0)
(-2.2189633 10.5892061339 0)
(5.0045672 -1.35780389821 0)
(5.5504004 -6.11432893737 0)
(8.1628285 -5.47677548284 0)
(11.370507 -3.27500929222 0)
(-9.5859423 -4.30113254122 0)
(3.3364983 1.88514049012 0)
(6.0059675 -9.52314393283 0)
(-2.6712333 -4.58771397127 0)
(4.300155 12.874305058 0)
(2.4011244 13.6172938651 0)
(14.464259 -13.4441613865 0)
(-0.2149973 -2.83177675036 0)
(-0.23849228 1.30902741671 0)
(0.45280701 1.30692277366 0)
(7.1725926 9.78151446184 0)
(4.9281958 7.25228167666 0)
(2.7281519 1.6996565871 0)
(0.79490805 13.67677733 0)
(0.13058129 1.36414286137 0)
(-1.9730867 -8.52573443996 0)
(-0.95111424 -7.1764890428 0)
(-4.1065995 1.44794229446 0)
(0.26376464 1.90389825062 0)
(12.355684 6.14246317868 0)
(0.65248747 0.338134047307 0)
(6.7674118 -7.2555368897 0)
(4.1680824 -0.93310069791 0)
(-7.2950611 1.88204993991 0)
(7.7202628 7.02887588881 0)
(3.8539782 8.30185231221 0)
(0.88668441 1.05308305139 0)
(0.80978305 1.14156422977 0)
(1.773457 -5.0441309742 0)
(-0.10561125 12.2821139132 0)
(-2.6043562 7.70801446025 0)
(-2.8372752 -0.787433680355 0)
(9.933803 4.9479366491 0)
(3.1381067 -1.70434750952 0)
(1.6660653 8.05546119687 0)
(-0.51886658 -0.224540737149 0)
(0.92310243 11.2802612058 0)
(-0.1401578 -8.87943291827 0)
(13.412921 -4.21820085926 0)
(17.252904 4.30835278521 0)
(-1.0436094 -0.0337890904225 0)
(16.251906 0.738004147763 0)
(-8.7827715 -2.01949064089 0)
(6.0926 8.82606935179 0)
(15.959956 -4.61419870151 0)
(5.5146188 -2.11235039662 0)
(-9.1559443 -3.65073279467 0)
(19.109708 -6.19411604507 0)
(-3.2510036 10.3620903913 0)
(4.6287632 7.37817631007 0)
(19.124488 1.21072618663 0)
(4.5146909 7.91399043678 0)
(8.9374737 12.7697025985 0)
(0.13626527 -0.558168771997 0)
(4.303863 -14.6195510647 0)
(-3.7605927 -8.12775872774 0)
(-3.0873439 -6.50932919204 0)
(3.9006434 10.1565787271 0)
(11.090592 0.373119209187 0)
(1.11263 4.60866220231 0)
(13.45698 -9.27084808504 0)
(10.335006 3.09650346879 0)
(7.9996159 1.76811074668 0)
(0.715458 -2.80319993449 0)
(8.8365067 11.8213696485 0)
(2.9542205 -9.10456619365 0)
(-4.3149031 0.30126111441 0)
(8.8299558 8.72967523899 0)
(13.676314 10.1905878195 0)
(-0.60231959 -0.730207986443 0)
(-0.17583893 6.25228235247 0)
(-0.36576881 0.680808927413 0)
(2.6952023 1.49918792053 0)
(9.0638672 -1.71711462952 0)
(3.9994821 -13.4064494477 0)
(-1.0136601 0.467536931125 0)
(4.9274957 -5.74186710584 0)
(-1.6120265 -5.25063547002 0)
(19.603043 1.7730299809 0)
(0.050554504 -5.09729994905 0)
(-3.5255415 13.3904397511 0)
(16.587819 -13.3514087662 0)
(9.1588415 0.755378489615 0)
(4.1027468 7.77331204916 0)
(-4.5475239 -12.8451067481 0)
(11.423827 -14.2205549326 0)
(10.393857 -1.08022659726 0)
(3.8319937 -7.33546604914 0)
(3.6502388 -2.29975731715 0)
(-1.7883249 -12.901153305 0)
(19.593105 3.77858003906 0)
(16.310705 -5.33614352926 0)
(0.78385083 -0.372826094428 0)
(19.587142 -12.2151061811 0)
(17.415306 0.428685622721 0)
(-1.7620787 3.70833797395 0)
(-2.8426308 1.21270668436 0)
(7.9671062 3.5983325355 0)
(-0.010912947 1.47136607494 0)
(15.2419 -3.64176972606 0)
(2.2219181 10.8165038275 0)
(14.064491 -13.5988333774 0)
(6.8263865 -3.62910536387 0)
(10.603161 -14.1611006893 0)
(0.10635716 0.923695716862 0)
(-0.83121701 0.653722923707 0)
(-0.6409443 -7.01717604892 0)
(-3.5090989 -6.64996694079 0)
(18.735642 11.3015795477 0)
(-1.3483747 1.04107550172 0)
(-0.50912095 -0.684431062216 0)
(-0.4392707 -0.741877907524 0)
(4.379552 1.76169354988 0)
(-0.027031171 -1.38698709669 0)
(-0.11470178 1.32474641931 0)
(-4.5421336 4.46136891602 0)
(-0.87342931 7.66251554592 0)
(1.1643117 1.33325661941 0)
(0.51552903 3.36104667714 0)
(0.096751771 -4.8019843452 0)
(2.8389548 1.36970505211 0)
(-5.4767032 14.1241223 0)
(-1.4755521 0.611140418618 0)
(5.4554175 8.82027790893 0)
(2.9684275 5.95828735384 0)
(17.626723 -3.38040937567 0)
(10.223116 -4.36472956202 0)
(-0.35032031 -0.53823522211 0)
(10.648715 2.93779994858 0)
(9.8032101 -6.11632075376 0)
(-0.61517159 -3.8518064999 0)
(-6.6617219 -7.74221846786 0)
(10.714569 -1.29025305379 0)
(-3.3735879 -2.10854714451 0)
(3.0000091 1.20378870528 0)
(-5.7015295 -2.20112063329 0)
(2.4495639 14.1497323257 0)
(2.2689023 -1.28397790251 0)
(-6.894518 -4.32075188413 0)
(15.868297 -5.95669590051 0)
(-2.2377936 10.9964432239 0)
(12.01684 4.84867835611 0)
(5.9411372 -10.7213457773 0)
(19.305725 -9.43111508493 0)
(3.3450994 -7.09658306349 0)
(-5.7375167 9.23313952672 0)
(8.0198367 6.46413925206 0)
(16.986323 -0.605828418515 0)
(1.4155176 8.23693354105 0)
(-2.2009814 1.8323850932 0)
(0.28274205 -0.498074988346 0)
(-0.49404709 11.2330488204 0)
(-2.1947701 -13.0874318633 0)
(15.541766 2.1753537671 0)
(-1.1278144 -3.3191926025 0)
(-0.15843539 -9.34494344298 0)
(6.7626168 2.07931762611 0)
(16.631184 0.492486163812 0)
(-8.6356708 12.0481628064 0)
(17.879817 -5.92406899675 0)
(0.13880497 -4.52816289825 0)
(6.6121602 13.280071674 0)
(0.47614877 -0.433590437098 0)
(-0.094445144 -0.890221869627 0)
(9.9618103 -11.7777377953 0)
(-0.97586744 -2.12686426567 0)
(-9.1470671 5.94273069036 0)
(9.1756983 8.93539207014 0)
(1.0813646 -0.702297325648 0)
(-3.2721294 10.7654854835 0)
(3.1676892 3.0276467606 0)
(3.1864814 -10.5041983716 0)
(14.615737 5.96780302464 0)
(3.0789352 -7.27151829121 0)
(0.17098783 -2.27508870422 0)
(5.4020879 9.2718153214 0)
(19.594411 -1.70256127654 0)
(19.208389 3.98633047157 0)
(-2.4870401 -14.2133080605 0)
(4.0219071 -0.554438457296 0)
(5.1317874 -0.557491765692 0)
(6.6921333 5.84041602482 0)
(3.9144596 10.5391438711 0)
(2.2378904 4.16911891223 0)
(-7.9405017 3.453750542 0)
(0.16542755 -0.938748105212 0)
(-5.4542502 0.929707963067 0)
(11.240563 2.98258210831 0)
(-1.1895115 12.0544228697 0)
(2.7137865 -1.83372376589 0)
(1.9814531 -1.8833403963 0)
(2.370034 -8.94241742057 0)
(3.7788284 6.64758049026 0)
(-5.1005559 4.45727076563 0)
(7.8703339 -7.87711880106 0)
(4.4686167 0.637224567068 0)
(-1.5488883 12.7041979575 0)
(1.666105 -5.48354316678 0)
(1.8093397 -8.24163117585 0)
(5.2760156 -1.26611306447 0)
(-7.2055638 14.5926089497 0)
(0.63210989 0.0287594510089 0)
(-4.6017569 3.2117418152 0)
(-1.0446858 -0.27998717202 0)
(14.230138 -11.1955343142 0)
(-2.9002429 7.87919710563 0)
(-9.1623744 -4.60857950795 0)
(4.683845 13.081904537 0)
(4.7410252 -7.53996087181 0)
(5.2232892 -5.93368691528 0)
(-0.25856962 0.745271895571 0)
(7.2050024 -11.8241441404 0)
(-3.4849174 -4.37359140063 0)
(9.3265434 12.9548194324 0)
(3.2321115 -13.3364651163 0)
(-9.0989836 6.80622187163 0)
(9.3728272 -1.91594843323 0)
(2.7774443 -7.76597398167 0)
(-0.085132037 0.650606804254 0)
(19.62419 2.249948147 0)
(19.62289 -5.25004537444 0)
(19.183613 -11.9856276997 0)
(-0.13078992 11.4397740319 0)
(-5.4817847 -14.1211285655 0)
(4.5896897 -2.22255454613 0)
(10.349602 -12.0554119025 0)
(-3.7632744 -6.43735209386 0)
(2.4514133 -7.92823117045 0)
(-1.2428595 0.915724002091 0)
(11.04348 -1.11901992607 0)
(-2.0278287 0.741058901101 0)
(6.9988483 5.66763868521 0)
(8.3727175 6.61671605066 0)
(4.2742646 -0.41663148426 0)
(0.60977519 -0.281407682333 0)
(8.8882421 12.2475756971 0)
(7.0160846 13.4949937348 0)
(0.86097611 -2.94156366131 0)
(7.1818484 1.93597632291 0)
(16.086879 -14.0083889518 0)
(19.185163 -11.4890206891 0)
(12.889581 -13.7181822197 0)
(18.309988 -5.71097993096 0)
(8.2579872 3.77484251288 0)
(-8.328588 2.84009398123 0)
(0.93436774 14.1725904192 0)
(-9.6068913 -2.77674557973 0)
(-9.1728726 -8.47214030174 0)
(17.038078 0.679898545181 0)
(-0.42803569 0.538776088083 0)
(1.7572713 -0.787108928806 0)
(15.591968 -4.34198348463 0)
(6.328153 -9.75562583309 0)
(-6.7097378 -8.19031205554 0)
(-0.84518993 0.553815432454 0)
(12.138815 9.70524085782 0)
(2.9209829 -1.76837729718 0)
(7.1368444 -12.2740543601 0)
(11.242916 1.35958559269 0)
(-6.1397039 9.42996335173 0)
(0.19659139 11.6120546571 0)
(13.751828 -4.86168899453 0)
(-9.1378726 -5.86626717461 0)
(2.5066839 -1.9123202644 0)
(12.63464 2.09558516535 0)
(9.5988729 11.331709198 0)
(1.473985 0.0735266804502 0)
(-0.50055985 0.372572068052 0)
(-0.93381213 0.368423939968 0)
(9.1942354 11.1512765996 0)
(-3.8626492 -7.49508265702 0)
(8.9927609 -7.68041633958 0)
(0.70111411 1.57393793109 0)
(-0.061975113 0.862832042271 0)
(0.87165186 -1.16049835117 0)
(3.5814855 1.93535162091 0)
(0.5717687 1.31755409111 0)
(2.1339802 -8.08558154286 0)
(4.4962546 14.2134766846 0)
(10.874305 10.6415960809 0)
(4.4233964 0.382859380065 0)
(8.0421284 -7.30691930545 0)
(14.630852 -11.4376102441 0)
(1.7236444 -0.499350902999 0)
(-2.4527462 14.1706329038 0)
(0.82240586 0.158613099428 0)
(2.4973712 5.88993826226 0)
(19.620888 12.2556058786 0)
(11.330386 9.82280084227 0)
(2.2290671 -14.6054521074 0)
(-6.8934408 -1.03100093505 0)
(1.1501603 8.42605579685 0)
(-9.2024439 -5.04134164278 0)
(-0.70410724 -0.00767676280444 0)
(9.4340641 -6.68266076588 0)
(5.8182072 5.36064509819 0)
(10.975378 9.96127002327 0)
(7.347218 5.81528063836 0)
(3.2968419 -1.86181187023 0)
(0.94753232 -6.97866924472 0)
(-9.2263496 12.5066113901 0)
(13.366671 13.2728310971 0)
(9.0553585 -7.26868048038 0)
(18.016808 -3.62558932006 0)
(4.3774544 0.113758555235 0)
(4.3906403 -3.0047627828 0)
(4.214642 9.94138565055 0)
(-0.97462031 -7.52762360399 0)
(17.595609 3.59941920004 0)
(-2.1893418 3.51082968885 0)
(15.087637 14.2156204116 0)
(-7.856546 -12.9427984771 0)
(1.9462901 -2.08062829847 0)
(-7.6543744 0.823777793876 0)
(4.9283955 -10.4307049733 0)
(11.229268 -5.73769890425 0)
(-2.2234319 -10.6115521679 0)
(0.35262523 3.48259018919 0)
(9.4634751 0.92295608643 0)
(1.1872485 -1.32442717016 0)
(10.231872 10.4101597452 0)
(-8.4860201 0.0925829600702 0)
(-7.6722285 -11.0853307093 0)
(8.6238376 6.06353447825 0)
(0.92752848 4.75895697053 0)
(-4.1463719 2.90624985357 0)
(4.5586062 9.7533836898 0)
(6.8731954 -4.02200404301 0)
(4.8164583 9.12864709513 0)
(10.755541 -12.3162480992 0)
(18.740811 -5.51531163979 0)
(3.8907613 -10.1531289513 0)
(-0.6148923 1.25478686696 0)
(19.194768 -10.9898094467 0)
(0.87445167 9.30218192812 0)
(11.990378 5.9861320961 0)
(-3.0362614 14.172261714 0)
(-2.6326833 -0.607967541098 0)
(10.540011 -4.56947570833 0)
(10.597943 4.92186576189 0)
(10.954344 5.10381905419 0)
(1.9550862 0.271847443931 0)
(-5.5781698 -0.00405471342137 0)
(4.7891393 -2.42502441688 0)
(-1.5192712 0.468088645534 0)
(17.261015 -13.749883054 0)
(-4.3611773 -14.5427944657 0)
(-6.7578464 -13.8085904151 0)
(18.420671 -3.43700179651 0)
(-6.9506743 1.02921065501 0)
(4.0606551 -0.1152369128 0)
(9.4023814 -7.08754976099 0)
(1.6223803 3.37349401805 0)
(19.177433 13.5155586422 0)
(7.4025964 13.6835769166 0)
(17.975746 13.3374210571 0)
(-2.0311214 -1.37637687642 0)
(-9.1801274 -12.0382737102 0)
(-2.2520015 -13.5394916786 0)
(15.376068 5.93763945874 0)
(12.106436 -1.45036750768 0)
(0.70033919 1.11906572838 0)
(4.9668943 14.1985859885 0)
(-0.71276129 -14.1650567437 0)
(19.616694 -4.73055087206 0)
(-3.1865053 3.36998529625 0)
(-1.7876187 0.167112110037 0)
(3.5183027 -11.1302822895 0)
(3.5287619 -10.7238888355 0)
(-0.098717322 9.49156657437 0)
(3.9496785 -6.81393406942 0)
(-1.6759232 8.88885408023 0)
(2.4572115 6.33481375839 0)
(15.027008 -11.7096915336 0)
(9.6780977 -2.11597066537 0)
(4.8313396 3.53020162964 0)
(8.9092009 5.86116038955 0)
(6.4029186 -12.2011240704 0)
(0.98013362 -1.558190419 0)
(-1.7865415 -1.83822471013 0)
(-4.7542236 0.395706533369 0)
(11.597153 -5.93069738429 0)
(14.455745 -4.89843241213 0)
(2.0200705 -0.218315944979 0)
(-0.91749059 -3.26630500954 0)
(13.24532 14.6468208327 0)
(19.177665 2.58393123749 0)
(4.8097727 3.83815800532 0)
(19.206874 3.01479443886 0)
(4.7073652 1.59040153026 0)
(0.4916062 -5.74471610813 0)
(-4.6155045 -13.3161250243 0)
(-2.6227053 11.1925938051 0)
(4.7036833 0.703789317825 0)
(11.3805 -1.32629910747 0)
(19.627889 12.7537436678 0)
(-9.1547412 11.5559385801 0)
(15.75 14.6382789183 0)
(14.75 -14.6384765621 0)
(-0.42277171 -0.489251756816 0)
(-9.1849289 -3.09758326164 0)
(11.577508 2.76146525848 0)
(4.9550163 5.96645181428 0)
(-0.90272266 0.104459087315 0)
(-9.6425585 -8.75008101743 0)
(-0.072974749 1.96423188618 0)
(-2.0531625 6.11341249059 0)
(3.10223 3.3904506631 0)
(-7.7725717 -14.5939631588 0)
(5.2758635 5.37481971704 0)
(-2.504626 -2.6753707209 0)
(-2.7129973 5.40321433063 0)
(5.019791 5.48677121189 0)
(10.245986 5.11198487743 0)
(4.3517034 6.29997470407 0)
(-5.0266403 -13.4870071613 0)
(5.2001695 -2.58882524599 0)
(1.0607165 -2.87253054463 0)
(-5.648649 -8.99068495673 0)
(-0.63978766 3.33430414619 0)
(15.425041 -11.9705166093 0)
(-2.6175833 -10.7912429501 0)
(1.0461193 -10.7387761333 0)
(-1.6500345 5.94869898445 0)
(-4.8692248 3.0653434031 0)
(1.8430722 0.585693497492 0)
(-0.43195027 -0.897049957051 0)
(15.137125 -9.46707325145 0)
(-0.12388461 6.57885105932 0)
(-1.7013038 -0.546759668771 0)
(1.3132557 1.24265952742 0)
(-0.5626733 -4.49682832764 0)
(15.937063 -5.05106940058 0)
(2.0995652 -2.276122716 0)
(-1.2972837 1.17371589403 0)
(-7.4918922 -3.46192297751 0)
(-1.4648395 -1.92895875657 0)
(5.7398687 2.68510021181 0)
(2.6796447 3.48391124972 0)
(19.059924 -5.7502969104 0)
(4.0384276 6.17514806392 0)
(4.6989596 13.5437042691 0)
(0.56283944 9.14340862385 0)
(19.271317 6.05985185931 0)
(-1.1929415 9.65746918603 0)
(6.0241313 2.51767141943 0)
(3.5073773 6.81760401246 0)
(7.3543866 2.35721041606 0)
(0.42572043 0.469734334359 0)
(2.6280919 -3.14364860895 0)
(-3.1223519 -2.48120648281 0)
(3.573163 10.7455347325 0)
(9.7622269 13.6333645783 0)
(19.200739 -10.4726817902 0)
(3.8044584 -2.72811241765 0)
(-0.72412504 0.673324572825 0)
(10.895553 -4.39268247784 0)
(4.5063305 5.81068318671 0)
(17.988108 3.34940093783 0)
(-6.9536596 -4.745489209 0)
(13.750262 -4.40976029379 0)
(1.020157 1.3360765486 0)
(19.248303 -9.94455303396 0)
(-8.6708988 13.0089103307 0)
(-1.5502411 -3.5149673564 0)
(9.770684 1.08948564575 0)
(8.8263687 -14.6111459598 0)
(6.7041882 14.6344943977 0)
(-3.9192564 -0.787136746191 0)
(1.268931 -5.28547437418 0)
(8.2729921 4.15076448333 0)
(-6.4806334 9.20362054791 0)
(9.4698627 -6.29123982465 0)
(11.952216 -5.34499009883 0)
(-0.65905522 0.582025466604 0)
(-6.9277009 3.97223438335 0)
(-5.9479244 -0.544080473596 0)
(11.914596 2.54577582396 0)
(6.2770582 -13.1265247111 0)
(-0.54553568 0.833093801244 0)
(1.6264856 1.64198514359 0)
(-6.0592875 0.811406057486 0)
(9.7171992 13.1637327994 0)
(9.9102361 10.6617303442 0)
(5.9065642 14.1846304211 0)
(-2.2893988 0.11785264616 0)
(-2.6803341 -11.217520153 0)
(5.0404166 3.38728931396 0)
(-2.0508972 0.53928315281 0)
(-0.73369651 1.72202549363 0)
(0.31262005 -14.6009716268 0)
(19.635189 6.74603156988 0)
(-5.3785379 -2.70862010253 0)
(14.463076 -5.33954557652 0)
(5.0417438 3.11801952926 0)
(4.2281385 -10.3666665428 0)
(18.384379 3.0937528189 0)
(-8.5037799 -11.8352203313 0)
(-7.2580809 -1.25842518532 0)
(1.8042933 -8.58729069703 0)
(12.261262 2.3158222618 0)
(2.0165557 6.20066374829 0)
(0.8102945 -4.46632982715 0)
(0.89183762 -3.7155618734 0)
(1.5523709 -0.0384773529149 0)
(2.4438237 -2.13422895774 0)
(-1.534621 9.4461695551 0)
(0.45043765 -3.88439157223 0)
(2.0169629 4.07588935869 0)
(-5.6975457 -9.44446463985 0)
(-6.6230036 4.85187615342 0)
(-0.61144193 0.0863258293621 0)
(0.9010288 -12.494538001 0)
(11.736232 -1.18940849802 0)
(-2.5010735 -1.63783898687 0)
(1.1116792 -3.63630379536 0)
(-2.9118851 -1.03303235739 0)
(3.1837019 -13.8091980824 0)
(-0.79808924 12.2596817037 0)
(-9.6585412 -6.25010949559 0)
(3.6110826 1.58036318563 0)
(1.7331546 0.697103702121 0)
(19.617291 3.2025195361 0)
(-6.0213889 4.88424434557 0)
(2 14.2366850826 0)
(-0.59685446 0.211803330173 0)
(-2.1888377 -1.22740274467 0)
(-8.2727244 -12.602041759 0)
(18.781166 12.8037531787 0)
(-5.4625696 13.1018956927 0)
(-4.369106 1.60847631903 0)
(4.8119863 4.11313038542 0)
(-4.9195522 14.1806486431 0)
(-4.113796 3.18884760267 0)
(1.8350448 3.44543757339 0)
(1.2754072 -13.8021293608 0)
(9.9980274 -2.31909357008 0)
(6.2933864 -10.1588157128 0)
(3.4717264 -11.5778641125 0)
(3.527469 14.2221894517 0)
(19.181848 -4.41770958609 0)
(-1.0385883 1.746396072 0)
(-7.9513431 3.0495262163 0)
(12.063869 -1.82593037619 0)
(-2.291109 -0.408543247894 0)
(0.50977655 -2.87207106888 0)
(-2.5747582 8.39484217447 0)
(18.820057 -3.21879053894 0)
(12.933764 12.5114415498 0)
(0.66954028 -3.80924002706 0)
(8.059009 -9.71006552248 0)
(-7.361725 9.57189297701 0)
(11.087512 -12.5914683447 0)
(-5.981339 -0.896616759603 0)
(-2.0222972 -14.2170787908 0)
(-1.3059943 -7.73110309758 0)
(13.121131 -2.63828349719 0)
(0.94919834 -1.28283634573 0)
(7.4632107 4.93189312839 0)
(12.241676 -5.14186273604 0)
(-1.1359222 -0.191465707776 0)
(-1.1003553 3.91755421719 0)
(0.51035309 -0.359770087653 0)
(0.21073475 7.04117011381 0)
(18.771368 2.83245565381 0)
(-4.1683003 2.64633936872 0)
(-6.6276435 3.77275581898 0)
(11.267221 -4.20359901078 0)
(-0.74253482 1.2342665668 0)
(13.430673 -3.30585869118 0)
(10.499119 1.09893737292 0)
(-2.8900355 8.2140170361 0)
(1.7445225 1.53830344022 0)
(-1.3836984 -8.16182514681 0)
(12.965087 2.25819401033 0)
(13.421633 -3.74700089004 0)
(1.8187349 6.37420461565 0)
(-3.1069333 -11.3929344831 0)
(-0.72614826 -1.20934696863 0)
(-0.03597106 -1.52654734823 0)
(-5.0442477 -0.0205403572744 0)
(0.55330606 0.268132248582 0)
(0.37304223 -4.42292246954 0)
(7.9978056 4.3042601742 0)
(16.230073 5.97306861864 0)
(6.5226496 -2.19229505294 0)
(-5.8196728 -3.0177670036 0)
(0.40156388 13.7600139583 0)
(0.56109146 -1.53657477384 0)
(-8.7381876 7.53597171286 0)
(14.535479 -12.9174509414 0)
(1.612132 6.82069356744 0)
(-0.70404541 -0.528206086608 0)
(9.1235274 2.15426171202 0)
(-0.37075098 -0.610296227103 0)
(-4.2815842 13.7843441886 0)
(-1.9734109 8.38485318652 0)
(19.198681 -12.8985491866 0)
(0.43419146 -3.08733537997 0)
(-0.10112823 -0.813123287589 0)
(-4.5216777 -4.45183583278 0)
(1.019487 -12.1055243356 0)
(15.507028 -10.1637578422 0)
(-5.1382345 2.90945627558 0)
(0.11500556 -2.4586773733 0)
(12.742453 -5.45787486597 0)
(-0.5719065 0.741499561007 0)
(5.4747301 -4.17275069284 0)
(-6.6265115 4.46167165972 0)
(-8.7429337 -14.6685129137 0)
(1.0675056 -5.7202473133 0)
(9.1875634 9.37384454987 0)
(7.0949684 -7.44272931603 0)
(18.789675 -4.1444647124 0)
(-2.9124474 5.23647825696 0)
(3.400412 -12.0495226126 0)
(1.0232503 -11.1736810813 0)
(-5.6671766 1.10343060351 0)
(0.23212887 9.32301986668 0)
(-1.0252542 0.0658234868448 0)
(0.74769033 -0.533085767795 0)
(13.310001 2.02737428902 0)
(-6.8948287 9.39779052763 0)
(-8.7287692 14.6760642535 0)
(-4.0630796 -4.35480627121 0)
(0.31799651 -1.04309433429 0)
(0.80307652 7.0216093891 0)
(19.631712 6.24836071917 0)
(4.5846522 -10.5927350554 0)
(4.9373402 0.777899440519 0)
(-6.1255578 -9.658566721 0)
(-0.7226336 0.217711190558 0)
(11.548731 -13.3302607704 0)
(-5.3784375 4.29056050423 0)
(0.75921975 -1.64351276875 0)
(-3.0117937 1.35269723003 0)
(-0.63509525 -0.566839087056 0)
(19.664682 -13.7500056444 0)
(5.3733323 -0.445048617558 0)
(14.812183 -5.59499788581 0)
(2.7490418 6.99154381266 0)
(11.619529 5.83167345375 0)
(3.5641785 11.1476652772 0)
(-8.3982443 -13.5059333733 0)
(16.588275 6.11240476609 0)
(6.2599942 -10.5735630726 0)
(-0.40245096 12.4705938642 0)
(3.222244 7.00204140039 0)
(8.3959719 -9.96439382336 0)
(-4.0557795 7.6383551182 0)
(19.197069 8.10094273184 0)
(0.0011508667 -0.905332344984 0)
(13.06593 -6.01978731118 0)
(0.40439582 -4.15860782836 0)
(3.9727606 1.59247877439 0)
(0.052642414 -0.566309395106 0)
(-3.7633046 -4.20453816327 0)
(10.310114 -2.52582697726 0)
(-4.3083053 11.0197614478 0)
(10.83053 5.42905746184 0)
(-5.494319 13.6052820934 0)
(1.0364656 -1.39690398593 0)
(-3.5188467 0.544513578889 0)
(11.443803 0.522786258808 0)
(0.37775195 3.68336677092 0)
(18.866067 -2.70701712659 0)
(17.394664 0.00494360562355 0)
(0.46141435 -13.1355754774 0)
(0.0602581 0.619027884887 0)
(1.3282616 -3.54886803603 0)
(-7.8029434 14.6060131316 0)
(-8.1373351 -3.33137171435 0)
(4.8224942 2.50761208619 0)
(-3.8349984 3.6653320415 0)
(1.0021313 -11.6173349459 0)
(14.817758 -6.05759647639 0)
(1.8219898 4.22301519284 0)
(-5.2877548 0.148180439784 0)
(0.72873113 -6.41452519711 0)
(1.3374747 6.70741188214 0)
(-8.7647294 3.07047093752 0)
(1.2939179 4.46340531113 0)
(2.9992032 -12.2099592556 0)
(1.4919834 1.75091432345 0)
(-2.5638154 6.11544825374 0)
(-7.1139402 8.42032366781 0)
(-8.275573 13.7887023973 0)
(1.072856 6.86744013647 0)
(8.3736356 -10.3644218515 0)
(17.065198 13.3399367874 0)
(-2.5337492 3.66067727392 0)
(-8.6533695 -7.81061722373 0)
(10.852381 1.25979854839 0)
(4.8133074 4.36181662674 0)
(5.1968183 -14.6562512235 0)
(-3.1922075 8.0358219151 0)
(4.6623914 -2.87557606553 0)
(-4.3181752 -1.7044021474 0)
(0.46055439 -6.05255259736 0)
(6.3233116 3.18379937106 0)
(-0.87193713 7.93552137095 0)
(-6.8843617 -1.74815142484 0)
(-0.13741268 -0.636683577466 0)
(0.47071586 -1.7533909692 0)
(14.076878 14.1877756134 0)
(18.731677 8.85477717342 0)
(-4.8018771 -1.7868724481 0)
(7.4528845 -7.67565802954 0)
(-0.04361221 -2.50014296396 0)
(18.800593 -3.69304376609 0)
(0.72383179 4.90854637199 0)
(-0.063684824 5.26534517021 0)
(10.13967 13.7608201189 0)
(5.2235552 -4.30586893942 0)
(2.9276102 7.18610471177 0)
(1.62718 -0.147237750532 0)
(5.5094819 1.08912502842 0)
(-6.5635846 -9.88258209433 0)
(6.5263723 -14.2377636177 0)
(6.3390719 -12.6658658615 0)
(15.92612 -9.99835290365 0)
(-4.7927974 0.0890465659939 0)
(0.52806469 6.90384887715 0)
(-0.60405173 -4.7572818339 0)
(0.12346084 -2.939161559 0)
(-9.6406088 -9.2205038965 0)
(-9.2043732 -5.4740562466 0)
(1.2787089 -2.58811088673 0)
(1.7994771 5.22596029874 0)
(9.4638396 -14.2163943204 0)
(9.3159578 6.0694423992 0)
(-0.41585099 0.752216177843 0)
(-4.1649081 -7.34742177527 0)
(-7.3451552 -2.13809897449 0)
(-4.2952478 -6.01592740014 0)
(1.2350063 1.7644920715 0)
(18.249362 -13.8152747652 0)
(-9.2488425 8.06379093946 0)
(-2.8355198 2.23343350091 0)
(2.6900842 0.840696784749 0)
(5.191071 0.871206485117 0)
(-0.28035573 0.543989840463 0)
(-7.3157648 -4.95923428541 0)
(2.8712365 3.31102377369 0)
(-1.0773859 14.2063597025 0)
(-3.1782348 3.60985026629 0)
(-4.1311884 -6.95578147769 0)
(10.834851 13.7658246634 0)
(-0.95883492 -0.0761498267629 0)
(-1.8438788 -2.05311187036 0)
(0.7727544 -0.447169284167 0)
(0.90931196 -13.6917235324 0)
(5.7300652 3.55938042329 0)
(-5.0868791 -1.584067788 0)
(-3.5169572 3.90297943075 0)
(-7.3872207 -2.55853603909 0)
(0.13851366 1.85786431788 0)
(-5.6681611 -1.15729418631 0)
(13.796231 -6.15600918979 0)
(1.2524537 -0.886092177962 0)
(5.2059482 -4.64156134077 0)
(-1.9211092 1.05441320434 0)
(-2.8383224 6.27247193144 0)
(15.14905 -6.24538686352 0)
(0.80534325 -5.56443194423 0)
(15.737537 -14.6762340239 0)
(-8.453804 -5.9771668565 0)
(6.6469725 0.337467096864 0)
(18.842551 4.23564362844 0)
(0.10118308 6.6233858565 0)
(10.632356 -2.73822698578 0)
(-0.2414615 0.822443409383 0)
(-1.8527812 13.7860484278 0)
(-0.64758418 -4.08694830179 0)
(9.7120709 2.17711960422 0)
(-0.8943273 2.42158300625 0)
(-0.40093472 14.2066054819 0)
(-8.0081195 0.648341251094 0)
(12.480156 -2.40876402558 0)
(16.606018 14.1925776488 0)
(-1.9088325 0.42041465908 0)
(7.7244478 4.82173010983 0)
(5.4967847 -2.4543498884 0)
(19.272669 6.99717939411 0)
(18.610054 -13.1801995083 0)
(-3.1213038 6.45456941573 0)
(3.2273774 11.346357488 0)
(-0.6933203 -0.154328347883 0)
(-3.6268608 -14.6210911457 0)
(3.1342955 -3.43144007617 0)
(-0.067599987 -0.629972552989 0)
(12.674253 -5.79720580119 0)
(12.012599 -2.14755164254 0)
(4.06653 -3.93091802992 0)
(7.4250243 -3.94192202018 0)
(1.2179405 2.01218086444 0)
(-0.54336228 -0.305336954784 0)
(13.779804 -6.59450563595 0)
(19.362142 0.158137900066 0)
(0.54419682 -0.286676935726 0)
(0.7248007 0.336960417822 0)
(-4.085769 -6.57129356329 0)
(19.268859 -2.53558616566 0)
(11.234397 4.85254235838 0)
(5.2077134 -4.99775220634 0)
(7.881508 9.7404474974 0)
(5.2971495 -10.6692297232 0)
(0.45935759 -0.640690951022 0)
(1.8488823 0.340933734936 0)
(-3.9284822 -9.8466100685 0)
(-0.70832419 2.49995082067 0)
(-3.864016 0.443922665204 0)
(3.4313634 -1.99812984609 0)
(1.8444992 1.44841376306 0)
(0.90599043 0.179491805186 0)
(0.50681091 0.340636290482 0)
(0.83395166 1.24474626265 0)
(12.851671 14.0384303014 0)
(-6.6093794 -10.3254157354 0)
(-1.9405349 0.134781400917 0)
(-2.9068561 -1.37205851321 0)
(7.7353031 4.48377806551 0)
(9.4665551 14.2762960249 0)
(-8.5020693 -3.49641618341 0)
(6.8101908 -2.69511427699 0)
(6.6104046 0.00361424137638 0)
(0.35960933 0.660833556345 0)
(19.632223 0.862934815837 0)
(-7.4228235 -3.00252452285 0)
(-3.080155 2.12808911817 0)
(1.528053 -2.74986097921 0)
(1.5164365 0.795815231627 0)
(-0.54454141 3.19937140415 0)
(1.5946031 0.674641059437 0)
(0.27684766 0.533946063775 0)
(1.245989 -1.15852874978 0)
(0.64944528 2.53365834469 0)
(-1.4147851 4.05826175883 0)
(-3.5119572 7.82468892249 0)
(-1.081923 3.02189959107 0)
(-0.29539589 -1.01235615612 0)
(2.4229465 -1.2274476264 0)
(13.378523 -7.25904774954 0)
(0.34316645 -0.63017042272 0)
(10.921945 -2.93522419878 0)
(3.6312886 -14.6356092032 0)
(4.5888565 2.66359768371 0)
(-1.3555771 2.91999257276 0)
(0.67747282 1.31490869231 0)
(12.02163 12.5131913745 0)
(-5.366983 2.76333488037 0)
(-9.2512672 -11.5534165672 0)
(7.8756204 -14.2074284664 0)
(-1.0845004 0.13166485891 0)
(-3.5765471 13.7748774009 0)
(2.036784 -6.38263314909 0)
(5.170405 -0.0372925382759 0)
(9.3050868 6.37519795289 0)
(19.242191 13.0036055032 0)
(11.239787 12.9937353777 0)
(-4.9295202 -4.11450198148 0)
(8.7424688 -10.6239355914 0)
(0.083331746 -0.898181397526 0)
(1.0814419 2.12853826916 0)
(-5.5590504 -0.272017436383 0)
(13.421804 -5.88263016652 0)
(0.4977091 -6.3317730894 0)
(1.6476825 -0.607883817807 0)
(6.5866532 -0.310570404631 0)
(0.20675134 3.82875449267 0)
(-4.1235576 -0.353413714285 0)
(3.1929311 -0.318562807096 0)
(-1.9311852 8.76271988288 0)
(5.9174457 -13.3250697046 0)
(-5.3729305 -1.37811056463 0)
(-0.27642001 -0.551900795193 0)
(16.310342 -10.2560844188 0)
(1.8133065 -8.9505977699 0)
(-7.3010328 0.864464998434 0)
(1.542406 -3.46205517461 0)
(11.280894 5.68577598711 0)
(7.5041458 -4.44984798496 0)
(-0.062450694 5.03687312876 0)
(-1.3806021 1.28640098365 0)
(18.865045 4.69550715 0)
(1.9726828 -11.778173986 0)
(0.57662885 -1.27419024292 0)
(-3.3130537 11.151851028 0)
(5.6755 -10.9223978544 0)
(-0.036945433 -3.02006652468 0)
(7.3244664 -13.8164153493 0)
(-9.6339746 -14.6339789043 0)
(-9.6339746 14.6339710537 0)
(19.633975 14.633973388 0)
(19.633975 -14.6339766735 0)
(-9.6847109 8.71307459887 0)
(0.46013212 0.409069193219 0)
(8.2066908 9.88962432487 0)
(1.4098205 -12.1565131204 0)
(-0.930952 1.52163216444 0)
(-1.2224232 1.70181484116 0)
(-5.4487166 -3.37197504317 0)
(17.401377 6.03459629851 0)
(5.4773678 -5.17462288204 0)
(2.7283106 1.01029825508 0)
(0.5282836 5.0473902984 0)
(7.7690121 13.8462923145 0)
(5.5164406 -3.88008834978 0)
(1.6289975 4.35949502173 0)
(-8.8254505 -5.70668383629 0)
(0.59975031 0.0946895302877 0)
(-5.1574159 -3.60445530623 0)
(19.256691 7.45484804331 0)
(0.59500041 -0.0985851178796 0)
(-6.6628598 -10.7337417748 0)
(3.1215206 -14.2100781724 0)
(-0.88849838 -1.4322087363 0)
(-0.053762104 2.71634953241 0)
(4.6815853 -2.6313916727 0)
(19.648739 -2.37874691323 0)
(-0.21894085 0.90941993095 0)
(1.1925342 -4.23586298251 0)
(12.807826 8.52726502645 0)
(-3.1689143 1.48929317687 0)
(3.5928086 2.93030715223 0)
(2.3948247 7.22345017598 0)
(-0.24514447 2.49394699247 0)
(-4.0280301 -6.2273227902 0)
(-0.5212336 2.57035371254 0)
(-3.401907 5.31443019721 0)
(-3.1029683 6.72454887932 0)
(-4.5566446 -0.411890155244 0)
(13.337492 7.20289068508 0)
(17.814625 -0.241195218877 0)
(-0.38906647 9.33590385407 0)
(0.026473702 0.677668991728 0)
(2.8093046 -3.29036120863 0)
(5.522041 1.39582628003 0)
(-7.8791339 -13.9347011203 0)
(-7.6849589 5.32239951341 0)
(2.7047139 3.68070603462 0)
(12.718298 7.05960350984 0)
(-9.2008118 -10.9032303235 0)
(3.1846028 1.09859199993 0)
(-0.76718861 -0.472841414066 0)
(-4.8919436 -3.81224987748 0)
(4.8610408 2.10938234769 0)
(5.9266242 -14.3822485654 0)
(8.4993559 14.2895954235 0)
(3.6849178 0.552281849838 0)
(-0.18753513 0.567773917013 0)
(9.7414013 1.68380206619 0)
(6.5658967 -0.573454922891 0)
(-1.0120363 -2.33290333338 0)
(11.244031 -3.53473836247 0)
(-1.6586252 0.424963166572 0)
(12.921054 -7.65216661761 0)
(1.7778958 -0.139599830703 0)
(-9.2677395 -0.0426020466411 0)
(8.3458767 1.88827594846 0)
(7.2589254 -2.56026809733 0)
(-0.5850321 -0.192109088088 0)
(5.8647959 -13.7564259248 0)
(-7.2506993 5.69208460721 0)
(-7.7091682 6.45247440983 0)
(15.618819 6.15149101344 0)
(-6.9896476 -5.50821820038 0)
(-4.6003369 -5.83276559592 0)
(-4.2557728 7.82311428053 0)
(-7.0064991 7.4576030469 0)
(2.07476 3.17279152881 0)
(4.7164292 13.9040193462 0)
(19.695012 -9.28618614184 0)
(18.263229 -0.485641555745 0)
(16.679677 -10.4991819553 0)
(12.317903 0.837988298288 0)
(4.1447789 2.72167758524 0)
(3.4333395 -3.23884629528 0)
(5.6224667 -3.42520474733 0)
(-3.4828909 -2.7583297437 0)
(-8.338298 14.1721289987 0)
(0.68369256 0.542956901248 0)
(-3.9909638 -10.3391003672 0)
(9.108397 -10.8683170861 0)
(-0.87966944 1.67385595885 0)
(-7.3095429 7.22095689786 0)
(-7.2236072 6.04820884994 0)
(13.421631 6.60213507563 0)
(19.231824 4.92557472346 0)
(4.3433072 2.58673028134 0)
(-1.5960599 -0.804008682541 0)
(0.94366979 2.24301451472 0)
(-3.9564364 4.97559427661 0)
(13.381386 8.30458249566 0)
(13.659411 1.79632561709 0)
(-1.0778502 3.18621946906 0)
(0.64470438 -0.166143495377 0)
(-1.0526255 2.35395840239 0)
(-0.91472543 8.4132722183 0)
(0.74124602 1.22922808495 0)
(-7.258985 6.86134311695 0)
(11.799817 0.657320630956 0)
(-0.65281126 -0.0588594986525 0)
(1.6678902 -2.4673976643 0)
(0.22960777 0.571686031399 0)
(-2.270727 -13.9126789169 0)
(8.0199704 -4.31655109518 0)
(-9.0152905 11.2233356021 0)
(1.5584905 -9.47909811625 0)
(-5.9286687 14.2318618115 0)
(13.639382 -13.7346894924 0)
(-7.056239 -10.8952499429 0)
(0.28050145 -1.62818091365 0)
(-3.6881614 5.13599957375 0)
(14.849134 6.20340692971 0)
(-5.8052511 -13.8149865971 0)
(4.0030253 -2.84013303763 0)
(16.856742 6.31653970188 0)
(17.036238 -13.4639728012 0)
(-0.2056902 1.93365020369 0)
(-3.4545271 7.00675848978 0)
(-0.065860842 0.93953487934 0)
(-0.85848079 3.27090217058 0)
(14.081551 6.65347303838 0)
(0.63163897 -0.0442138098249 0)
(-0.091746002 0.591361470411 0)
(6.6397736 0.658630972837 0)
(-4.8137069 -0.225626169013 0)
(2.6284772 0.0142605714765 0)
(1.1625994 -1.0598178102 0)
(-7.9752169 -14.2620637953 0)
(1.9402166 -2.61511921149 0)
(-6.0263271 5.25755672375 0)
(1.9298362 -0.12597310119 0)
(1.4920509 -4.09624536489 0)
(10.99453 -14.295834181 0)
(-6.6294034 14.2184637982 0)
(-0.83262785 1.33832904793 0)
(-1.7931949 1.4686033287 0)
(0.78134462 0.379048464489 0)
(-7.2976515 4.50593689566 0)
(5.7127829 -5.33175821469 0)
(18.861963 8.19938431148 0)
(-3.6509125 11.3269851587 0)
(19.63478 -8.63193945729 0)
(9.9965008 1.53827237369 0)
(-0.53386015 0.307585096735 0)
(18.704796 -0.28351788949 0)
(0.75353114 0.454284691327 0)
(1.1812087 -9.64217269876 0)
(-8.7925653 13.3438415221 0)
(3.4794771 0.464412251197 0)
(3.2414215 -0.0538560265316 0)
(-6.8606349 -14.2145407173 0)
(-1.0786492 -8.87295088298 0)
(-0.37269528 -0.737491134101 0)
(13.325394 -6.96763439894 0)
(12.246986 5.04408488425 0)
(14.061571 6.27082232475 0)
(-6.8633395 4.27743018018 0)
(11.929498 9.96746513685 0)
(5.3031796 -1.98532931087 0)
(-0.35751866 0.561035488894 0)
(13.572351 8.93189368845 0)
(-1.1250813 -9.25426961996 0)
(-9.23277 7.12879057533 0)
(-0.69863212 -9.63060776675 0)
(0.8075715 2.35291403711 0)
(1.8490379 -0.4883348069 0)
(-9.6488251 9.39168333042 0)
(7.3986593 -3.05528361423 0)
(12.708084 -2.22743710195 0)
(2.9057132 1.07493808068 0)
(0.12564467 0.62768193039 0)
(3.7210093 -4.08998073393 0)
(14.01221 1.56520194605 0)
(-9.7274094 -6.74349882026 0)
(-2.4395597 0.0789743031735 0)
(0.18232407 -1.54800660124 0)
(17.074565 -10.3111729217 0)
(-2.6373883 3.32142359151 0)
(0.052228824 3.94349655165 0)
(3.352548 0.949772457471 0)
(9.9903941 1.2474903523 0)
(3.9419492 2.86912896165 0)
(1.9919777 -14.304659907 0)
(5.894561 -3.32931720501 0)
(6.7998976 -1.06818699352 0)
(2.6038121 -0.183813700075 0)
(18.630935 5.77552499984 0)
(0.35803959 -1.13500197903 0)
(0.81280929 -0.592071023775 0)
(-4.8920328 -5.97120345093 0)
(-3.9878713 0.5927739229 0)
(1.3115209 14.2230435802 0)
(8.6400869 2.03962878295 0)
(2.8593241 14.2293458432 0)
(8.2775181 -4.5247283939 0)
(-7.4339402 8.53755334361 0)
(2.203828 11.1514230772 0)
(0.87462029 -0.134838030253 0)
(-7.4545805 8.96359136667 0)
(-0.99299796 -0.954238886809 0)
(-7.8663262 -10.8024136744 0)
(12.680267 7.58588736069 0)
(-9.3263856 -0.495202955739 0)
(0.98099916 -12.8141664998 0)
(-7.0339895 7.84082143946 0)
(9.4813761 -11.1117535043 0)
(-0.070518234 4.82614037539 0)
(-9.2440495 -9.79291833105 0)
(-2.3145422 -0.579840627769 0)
(15.403412 -6.42545132237 0)
(12.69321 7.98268015596 0)
(0.62253735 1.64473796088 0)
(19.241357 5.35776600274 0)
(-0.68902371 9.48116911356 0)
(-0.34703071 3.46045203529 0)
(19.063779 -0.0622803111938 0)
(1.7285309 -3.37323018548 0)
(5.7515077 2.90309497809 0)
(7.3948173 14.6519911757 0)
(5.6965859 -5.61959958368 0)
(2.6608699 0.196418646834 0)
(15.508815 14.3291305737 0)
(-0.98952098 -8.58111208347 0)
(-3.6904595 -11.0817807551 0)
(16.417132 -13.7552172107 0)
(12.617109 0.616085772703 0)
(-3.7764683 7.5720433207 0)
(0.20050725 12.2388827567 0)
(6.9646134 1.93810948994 0)
(-0.64851325 -5.04196816115 0)
(1.6789792 -0.873915364945 0)
(-0.5866448 -1.68243329971 0)
(-1.2563913 1.55915486 0)
(6.3632304 1.03960111887 0)
(0.84931647 -9.42550279307 0)
(4.8081629 1.86693135267 0)
(1.698413 -11.9775749814 0)
(-1.0812247 -14.2653978701 0)
(7.6505157 -3.25873047382 0)
(-1.4516283 3.03584158071 0)
(7.6178354 2.22904280493 0)
(-2.3352977 -3.06551119119 0)
(0.69577256 -6.8479597137 0)
(0.92288757 1.28888862866 0)
(-2.3588065 1.94450709375 0)
(10.158758 -14.2272734596 0)
(11.422526 -12.671879948 0)
(0.0044948945 -9.70958924524 0)
(-0.49018739 -0.361079253005 0)
(-9.0328015 -1.70334783428 0)
(-2.1968969 5.94825644123 0)
(-1.4869727 9.08390362406 0)
(4.7916251 9.63557346036 0)
(-1.0453423 -2.53914231047 0)
(9.8554645 -11.3317676164 0)
(14.464929 -14.2890788295 0)
(3.5111357 0.80485955191 0)
(5.7382493 0.33040156846 0)
(14.164215 8.73027753191 0)
(-3.120757 -13.8402790781 0)
(12.715576 4.78822487721 0)
(6.5851061 2.75501488986 0)
(-1.1546885 8.48771480741 0)
(-2.3490517 -1.25761152737 0)
(-5.1150022 -13.8405830843 0)
(-4.6291484 -14.2459807142 0)
(-4.121869 -0.709288319976 0)
(-0.029618131 2.97449084503 0)
(-6.0185049 5.59791644163 0)
(14.327272 1.3236152417 0)
(-9.0959862 -2.32214621519 0)
(5.3235229 1.53186687939 0)
(-0.40838967 -0.421855716407 0)
(13.258611 -13.8567967751 0)
(5.4215798 3.1294649533 0)
(17.639441 6.24451619396 0)
(15.150882 -6.56872518481 0)
(-4.177727 2.42540581424 0)
(19.698569 0.203870373482 0)
(-2.5332477 -1.79961885715 0)
(7.0378679 -1.25100191045 0)
(6.7424271 -2.24241249071 0)
(0.51347538 -9.58308759253 0)
(-3.3403741 2.61075484643 0)
(10.110253 -11.1391591649 0)
(-3.4030884 2.28324208182 0)
(3.7410068 3.01836067574 0)
(0.17936858 0.540547497199 0)
(1.2940196 11.2506590649 0)
(-1.509779 3.72648987888 0)
(-0.20137529 4.17751320175 0)
(-1.8246712 -0.920722994713 0)
(2.0892487 4.98290319848 0)
(-9.3249961 9.50164534563 0)
(0.23162597 -1.03511680497 0)
(-5.6157508 4.14222025961 0)
(-1.2179632 8.9738377348 0)
(-3.0767921 2.92254462312 0)
(0.29064036 0.765867777419 0)
(-0.18706911 2.67011697468 0)
(0.073744272 -1.58036449384 0)
(5.2968223 1.92208395211 0)
(14.687439 -6.88733391939 0)
(-0.21977526 3.13144546778 0)
(2.647601 7.74805344672 0)
(-2.7717688 -1.95394778458 0)
(1.1930343 0.546812875385 0)
(11.346504 1.02003127594 0)
(5.7206123 0.730139611072 0)
(-0.99702544 -1.48836000453 0)
(-1.0215807 4.2532713007 0)
(-8.4598585 -7.18760178924 0)
(2.5537064 -0.371789018296 0)
(2.1446894 -9.13592003682 0)
(19.57247 4.25759583299 1)
(19.585054 -4.22781293967 1)
(9.2529846 14.5933912768 1)
(9.25 -14.567053404 1)
(19.566987 -1.25005946435 1)
(6.2619767 14.5158713632 1)
(6.2983132 -14.5471675006 1)
(-0.55994194 0.0343303144205 1)
(3.25 -14.5670836228 1)
(3.2185841 14.5199968123 1)
(-2.2509295 -14.5818035324 1)
(-2.2365914 14.575122366 1)
(0.74063874 14.576191997 1)
(0.76904804 -14.5788453174 1)
(-9.5371392 -7.18712934289 1)
(-9.5855988 7.27867595922 1)
(-9.5621126 4.74781801995 1)
(-9.5871719 -4.78579491908 1)
(19.566987 -7.25004232534 1)
(19.612904 7.25543363399 1)
(11.742808 14.5635618513 1)
(11.748918 -14.5753325605 1)
(19.579556 1.31227993383 1)
(-9.5219992 -2.27815836579 1)
(-9.5748362 2.244105241 1)
(-9.5988572 -0.251268431397 1)
(14.279951 14.5556051761 1)
(14.239354 -14.6021544904 1)
(-4.7848509 -14.593464149 1)
(-9.5854173 9.75468278722 1)
(19.566662 9.74891087174 1)
(19.63484 -9.7150657747 1)
(-4.7368517 14.5754278102 1)
(-9.6236217 -9.68852739026 1)
(16.251647 14.5091279655 1)
(16.178412 -14.5282757016 1)
(-6.726777 -14.5804729248 1)
(-9.5406045 11.7557817549 1)
(19.582266 11.7625084484 1)
(19.572351 -11.7480689839 1)
(-6.7862549 14.5790490584 1)
(-9.5936149 -11.7618893144 1)
(-0.74392835 14.5147406143 1)
(-0.81301723 -14.5934434947 1)
(4.7457755 -14.5380928788 1)
(7.7258825 -14.5828203696 1)
(7.7801642 14.5859629604 1)
(4.7496582 14.5741492007 1)
(19.530401 5.72028194905 1)
(19.607227 2.75770480345 1)
(19.607524 -2.76321936487 1)
(19.553659 -5.75194096427 1)
(17.749876 14.5672079473 1)
(17.749805 -14.5670600607 1)
(-8.2812752 -14.5472204153 1)
(-9.5669563 13.2491643253 1)
(19.607003 13.258957835 1)
(19.523122 -13.2674849819 1)
(-9.5672178 -13.2494137237 1)
(-8.25 14.5669632126 1)
(-9.5817416 1.25529364331 1)
(-9.5711194 3.2352375597 1)
(-9.5605496 -1.23649970536 1)
(-9.5859824 -3.29942082731 1)
(-9.5546914 -5.78526112996 1)
(-9.5672142 5.73421421302 1)
(-9.5828327 -8.23331518817 1)
(-9.6446135 8.27675321669 1)
(1.6981584 14.5208141049 1)
(1.7377385 -14.6036181688 1)
(-3.2324774 -14.5833882763 1)
(-3.2615835 14.5754781434 1)
(10.247049 14.5687178806 1)
(10.297357 -14.5833701304 1)
(19.544367 -0.210595059172 1)
(12.789568 14.507212069 1)
(12.747991 -14.5665667173 1)
(-5.7391094 14.596481619 1)
(-5.7499054 -14.576630623 1)
(19.575805 8.26479892913 1)
(19.535837 -8.26903261609 1)
(15.254467 14.6226767042 1)
(-9.5645145 -10.7412303636 1)
(15.25173 -14.5541023839 1)
(-9.5522591 10.7358056315 1)
(19.56684 10.7497430487 1)
(19.573117 -10.7500120472 1)
(18.744742 14.5693477726 1)
(18.745761 -14.569309142 1)
(-9.2038815 -14.5458984084 1)
(-9.5773455 14.2292751045 1)
(19.570353 14.2664108904 1)
(19.546993 -14.2042199046 1)
(-9.5789598 1.75621865352 1)
(-9.1526229 1.99969334933 1)
(-9.1557429 2.47161394329 1)
(-8.7535245 2.24147313401 1)
(-8.7533338 2.66692688619 1)
(-8.364743 2.44375471936 1)
(-8.3668743 2.01963670276 1)
(-7.9996374 2.23627399984 1)
(-7.9913962 2.65834276157 1)
(-7.6422146 2.44779784023 1)
(-7.6254437 2.84849527818 1)
(-7.2910375 2.64546390914 1)
(-0.47356775 0.292693494306 1)
(-7.2875639 3.03773513387 1)
(-6.9571813 2.83602868923 1)
(-6.9614085 2.4593438617 1)
(-6.6375911 2.64619296318 1)
(-6.6393628 2.27997350871 1)
(-6.6332954 3.01222065265 1)
(-6.3188119 2.82358751664 1)
(-6.3209461 3.19223255341 1)
(-6.0136484 2.99854562193 1)
(-6.0138812 3.36077545323 1)
(-5.7080884 3.16972880489 1)
(-5.7134346 3.52786318063 1)
(-5.417292 3.3399221533 1)
(-5.4188911 3.68950303499 1)
(-5.1285813 3.5045672435 1)
(-0.29266831 0.467388662241 1)
(-5.1212203 3.83315321259 1)
(-4.8426921 3.66301570809 1)
(-4.834982 3.98530183446 1)
(-4.5621064 3.81999989927 1)
(-4.553722 4.13499878923 1)
(-4.2863935 3.97427574926 1)
(-4.2781952 4.2845891438 1)
(-4.015209 4.12667402199 1)
(-4.0080064 4.43487997586 1)
(-3.7473743 4.2772072247 1)
(-3.7396461 4.58208603827 1)
(-3.4821093 4.42576519734 1)
(-3.4751465 4.72695726831 1)
(-3.2199974 4.57236632752 1)
(-3.2131195 4.87037911969 1)
(-2.9617762 4.71744373336 1)
(-0.046923364 0.54873387807 1)
(-2.9502132 5.00577650527 1)
(-2.704322 4.85977050957 1)
(-2.691349 5.14389992931 1)
(-2.4478286 5.00375660242 1)
(-2.4381812 5.28731671054 1)
(-2.194405 5.14550196864 1)
(-2.1876459 5.43217859498 1)
(-1.9425049 5.28659537953 1)
(-1.9357926 5.57223981677 1)
(-1.6910879 5.42638286575 1)
(-1.6817415 5.70638376658 1)
(-1.434806 5.56441049005 1)
(-1.4292335 5.8433132626 1)
(-1.1876476 5.70035886015 1)
(-2.4465046 5.56614894243 1)
(-1.1821835 5.98644777424 1)
(-0.93466024 5.83906227576 1)
(-0.9274353 6.1275025178 1)
(-0.6833199 5.97633765335 1)
(-1.178896 6.2778101076 1)
(-0.68978878 5.69401236077 1)
(-0.44589373 5.82754593109 1)
(-0.4535357 5.55028669323 1)
(-0.21317135 5.68204742643 1)
(0.2251661 0.505296210937 1)
(-0.20241719 5.95581617512 1)
(0.029977334 5.81049703854 1)
(0.0087349103 5.54034015439 1)
(0.26103277 5.66713783672 1)
(0.27277674 5.93944043172 1)
(0.50320336 5.79003113874 1)
(0.49387895 5.52165031597 1)
(0.73071466 5.64219050199 1)
(0.71989328 5.3755142795 1)
(0.95422897 5.4965885866 1)
(0.94108252 5.23346558792 1)
(1.1746268 5.35274625022 1)
(1.1618499 5.09214531338 1)
(1.3943392 5.21093337047 1)
(1.3813871 4.95197136579 1)
(1.6044403 5.07057307358 1)
(1.5984048 4.81244552253 1)
(1.8513153 4.94781824101 1)
(0.42875535 0.348529467076 1)
(1.8204667 4.67625962446 1)
(2.0461502 4.78910403792 1)
(2.0338123 4.53520098037 1)
(2.2611235 4.6502011342 1)
(2.2519806 4.40082832244 1)
(2.4749933 4.51896404655 1)
(2.4665442 4.26533565646 1)
(2.6883618 4.37426857766 1)
(2.6763206 4.12394840315 1)
(2.9047885 4.23998795948 1)
(2.8888272 3.98728362199 1)
(3.1174839 4.10233746865 1)
(3.101582 3.85053942213 1)
(3.3254509 3.96411742462 1)
(3.3132922 3.71374318964 1)
(3.5355522 3.82855803452 1)
(3.5242593 3.57768685909 1)
(3.7458144 3.69218283375 1)
(3.734177 3.44147987009 1)
(3.9579339 3.55651071622 1)
(3.9455337 3.30370112968 1)
(4.1718069 3.41975871161 1)
(4.15896 3.16390928937 1)
(4.3883062 3.28138263603 1)
(4.3750062 3.02170530003 1)
(4.6082962 3.14134993796 1)
(4.6006481 2.88703247239 1)
(4.8292051 2.99466681965 1)
(4.8259926 2.7437903091 1)
(5.0559098 2.84870785426 1)
(5.0503992 2.58956742086 1)
(5.2893056 2.70555656546 1)
(5.2745228 2.42899122034 1)
(5.5188159 2.55519015769 1)
(5.5093489 2.2739197881 1)
(5.7600559 2.39679650265 1)
(5.7482216 2.11617850103 1)
(0.55916235 0.0434432648675 1)
(6.0096949 2.24068965292 1)
(5.9916338 1.95184321381 1)
(6.2541151 2.08751854786 1)
(6.2409777 1.79536615526 1)
(6.2720762 2.37747159797 1)
(4.8319989 3.25461524629 1)
(3.548522 4.08118184703 1)
(2.2754222 4.90828781846 1)
(6.5184909 2.22705799259 1)
(6.5428002 2.50928064498 1)
(6.7906013 2.36251594616 1)
(6.8146956 2.65066199503 1)
(7.0650773 2.5049825968 1)
(7.0819861 2.81576126249 1)
(7.3438288 2.65139576663 1)
(7.3609306 2.96574935621 1)
(5.9738999 1.65845628667 1)
(6.2203857 1.4975265628 1)
(5.9580748 1.36252258299 1)
(6.1895386 1.20285701926 1)
(5.9393232 1.06720318932 1)
(6.169938 0.90745823892 1)
(5.9321457 0.788987181959 1)
(6.1712369 0.613462228509 1)
(5.8938977 0.498626947829 1)
(6.1544163 0.317973442641 1)
(5.9069176 0.182471931907 1)
(6.1432914 0.0171563032635 1)
(5.8775736 -0.119545875009 1)
(6.1260313 -0.283064199744 1)
(5.8580959 -0.419991454285 1)
(6.1083767 -0.583424313738 1)
(5.8400363 -0.720923046141 1)
(6.1116364 -0.886698950883 1)
(5.8256124 -1.02355112681 1)
(6.0987316 -1.19022559681 1)
(5.8076153 -1.32688187726 1)
(6.3652928 -0.748293397464 1)
(6.0647814 -1.4940627355 1)
(5.7863656 -1.6323000152 1)
(0.43343935 -0.368682874215 1)
(6.0429153 -1.80001376622 1)
(5.7704123 -1.93646660615 1)
(6.032439 -2.11599397054 1)
(5.75774 -2.26071891498 1)
(6.0129734 -2.42951126444 1)
(5.7347304 -2.58227699337 1)
(5.995479 -2.74720452895 1)
(6.2805362 -2.60194977936 1)
(5.7083592 -2.88965442614 1)
(6.2642313 -2.92367217671 1)
(6.548677 -2.78626791656 1)
(6.5385116 -3.10386920167 1)
(6.8266261 -2.96638356707 1)
(7.6308867 2.7894756009 1)
(7.6461005 3.11915819674 1)
(6.816286 -3.28666140489 1)
(7.1072924 -3.15203260652 1)
(7.9220057 2.93876232292 1)
(7.9366895 3.26554519565 1)
(7.1004072 -3.47446646426 1)
(7.4049885 -3.3195705815 1)
(8.2165254 3.08808266158 1)
(8.2320842 3.42154160998 1)
(7.3949238 -3.65396561472 1)
(7.6891179 -3.52184857104 1)
(7.1374723 -3.81621442234 1)
(8.516042 3.23853242754 1)
(8.5354522 3.57608557477 1)
(7.6866857 -3.84748198861 1)
(7.9937848 -3.69775739595 1)
(0.97029931 5.7630025179 1)
(7.9866303 -4.03732334758 1)
(8.3003862 -3.88505238733 1)
(8.8221996 3.39341965276 1)
(8.837906 3.74144768373 1)
(8.5444669 3.92743773648 1)
(8.8541389 4.09105527768 1)
(8.5615099 4.28769453599 1)
(8.8891132 4.44701749832 1)
(8.2760679 -4.25092317038 1)
(8.600149 -4.08724959636 1)
(9.1327187 3.55440543 1)
(8.5693639 4.63316420272 1)
(8.5922615 -4.43734401682 1)
(8.9070409 4.80320074338 1)
(8.9128132 -4.28409823246 1)
(-5.1330024 3.19078572445 1)
(8.8890764 -4.6623910386 1)
(8.5291399 -4.83102170078 1)
(8.5777344 4.99607408696 1)
(9.2248494 -4.48951432712 1)
(8.9052979 5.16407809001 1)
(4.3686509 2.79570187987 1)
(9.2471192 -4.11746177518 1)
(5.4531395 -2.73423198832 1)
(5.4233804 -3.03081399315 1)
(5.1659576 -2.86687439287 1)
(5.1413919 -3.16676102425 1)
(4.889904 -3.00834377388 1)
(4.8646544 -3.30024867753 1)
(4.6219728 -3.15278327033 1)
(4.5919702 -3.43218374159 1)
(4.3507395 -3.27872555407 1)
(4.3273996 -3.56327828509 1)
(4.0861489 -3.40264485821 1)
(0.22273133 -0.545646777372 1)
(4.0726101 -3.68228386464 1)
(3.8290236 -3.53011901474 1)
(3.8186993 -3.84687213089 1)
(3.5751003 -3.66463598234 1)
(3.5535451 -3.9415736728 1)
(3.3217122 -3.78718080714 1)
(3.3029086 -4.06547778861 1)
(3.0723557 -3.91180375457 1)
(3.0536781 -4.18863896189 1)
(2.8242105 -4.03561355316 1)
(2.8056441 -4.31170277548 1)
(3.0539954 -4.48299256417 1)
(2.5769506 -4.15900928001 1)
(2.5573337 -4.43388636938 1)
(2.3294483 -4.28175115921 1)
(-0.28996497 -0.488600435866 1)
(-0.034241778 -0.569512687825 1)
(2.3104844 -4.55727029078 1)
(2.0816856 -4.40460001495 1)
(2.0628184 -4.68043546146 1)
(1.833311 -4.52719714298 1)
(1.8133519 -4.80216591265 1)
(1.582389 -4.6495276196 1)
(1.5634861 -4.92680216806 1)
(1.331696 -4.77324885967 1)
(1.3101021 -5.04901753564 1)
(1.0780674 -4.89719519156 1)
(1.0547982 -5.17670647603 1)
(0.81665856 -5.02122781836 1)
(0.80206721 -5.30439046441 1)
(0.55312071 -5.14954734545 1)
(1.5517903 -5.22482408468 1)
(0.53244389 -5.44654311692 1)
(0.28241844 -5.27919753686 1)
(0.25425724 -5.58545734404 1)
(0.0037115587 -5.41317979874 1)
(-0.01978324 -5.72526634354 1)
(0.24419817 -5.8975044275 1)
(-0.27454311 -5.54334769624 1)
(-0.30275794 -5.86753369543 1)
(9.2006699 -4.87372800444 1)
(9.5430602 -4.69611535965 1)
(8.5909655 5.3596212622 1)
(-0.56970635 -5.68834626697 1)
(-0.59464536 -6.01459416706 1)
(9.5235508 -5.07448133129 1)
(8.9144769 5.52429734907 1)
(9.2289326 5.33308600226 1)
(1.1526697 4.83280583264 1)
(4.1111071 -3.07706689366 1)
(9.2530479 5.69840998388 1)
(9.563596 5.50376932479 1)
(9.8667155 -4.90109750212 1)
(9.8472224 -5.28796022226 1)
(3.5137533 3.33017689454 1)
(5.6237847 0.0718258764782 1)
(8.6023523 5.72178639469 1)
(-0.5405347 -5.30999878512 1)
(-0.47185835 -0.30129617638 1)
(-0.8348072 -5.49871822074 1)
(-0.81341904 -5.18867789634 1)
(-4.0352965 3.81793711134 1)
(-1.9423234 4.98968208766 1)
(-1.0991824 -5.32766420753 1)
(-1.0775492 -5.01324867698 1)
(9.1144057 3.201423431 1)
(9.429216 3.3643192125 1)
(9.594537 5.87987743015 1)
(9.9039705 5.6763338388 1)
(9.4110506 3.00871098963 1)
(9.7303627 3.17113472941 1)
(-1.3601111 -5.15009238241 1)
(-1.342893 -4.83777499292 1)
(10.194454 -5.11185919693 1)
(10.17627 -5.50201419883 1)
(2.0281312 4.29247077124 1)
(-2.9694888 4.41944942467 1)
(9.9158794 6.07034424571 1)
(10.244536 5.85371681561 1)
(9.7114047 2.81267046024 1)
(10.03337 2.97358298974 1)
(10.015905 2.61197584799 1)
(10.342304 2.7785161018 1)
(10.323506 2.40790387723 1)
(10.653136 2.57436610794 1)
(10.634952 2.20179198834 1)
(-1.6209258 -4.97362198251 1)
(-1.603882 -4.66271300305 1)
(-3.7300208 4.88017037165 1)
(10.255795 6.25389218379 1)
(10.528318 -5.32370562258 1)
(10.506248 -5.72235957082 1)
(10.152074 -5.90361966138 1)
(10.591747 6.03199022523 1)
(10.971024 2.37400296411 1)
(10.95134 1.99635054731 1)
(3.0982938 -3.64801244997 1)
(-1.8806816 -4.79908360874 1)
(-1.8945779 -5.12403313264 1)
(-1.8588079 -4.49020455622 1)
(10.48523 -6.12406592073 1)
(10.126563 -6.31143155087 1)
(10.605742 6.43353391947 1)
(-2.1391627 -4.62403042081 1)
(-2.1165409 -4.31610115207 1)
(10.860289 -5.53495637091 1)
(10.883742 -5.13858907521 1)
(0.82768346 -4.73527468089 1)
(10.945044 6.21261143757 1)
(11.291404 2.16935477529 1)
(11.275492 1.79258603174 1)
(10.959159 6.61933956269 1)
(10.215379 6.66906580772 1)
(2.0984371 -4.13063729349 1)
(-2.3967221 -4.44935822248 1)
(-2.3711733 -4.1400605167 1)
(10.463211 -6.52993484969 1)
(10.097459 -6.71390353387 1)
(11.21951 -5.35117556543 1)
(11.242609 -4.95224622959 1)
(11.30303 6.39592621587 1)
(11.320009 6.79893895718 1)
(11.616104 1.96257970652 1)
(-2.6550969 -4.27487995911 1)
(-2.6283572 -3.96461815452 1)
(11.600007 1.58122326281 1)
(10.440339 -6.93835796074 1)
(10.072277 -7.12183588206 1)
(11.580525 -5.16408411413 1)
(11.604926 -4.76323070943 1)
(-1.5852669 -4.35666823005 1)
(11.664408 6.58049147807 1)
(11.683855 6.99147169886 1)
(-2.9136788 -4.10087535543 1)
(-2.8831328 -3.78318246219 1)
(11.944193 1.75250123354 1)
(-4.8148484 4.30052611477 1)
(4.3077526 -3.85460834784 1)
(11.923732 1.36121373631 1)
(11.949913 -4.98806094063 1)
(-2.9298925 -4.41750760904 1)
(-3.1749092 -3.92445375569 1)
(-3.1527475 -3.6088393953 1)
(10.41763 -7.35044806199 1)
(10.043668 -7.53820379242 1)
(11.970438 -4.57712303444 1)
(12.033252 6.76958546287 1)
(12.051661 7.18534398765 1)
(11.688973 7.40650827863 1)
(-2.5806381 -3.65393067166 1)
(12.275599 1.53832507946 1)
(12.068829 7.60522445897 1)
(7.9793024 -3.29444136365 1)
(12.313627 -4.79070257157 1)
(12.338229 -4.38301466537 1)
(-3.4417197 -3.74722018096 1)
(-3.4195073 -3.4243592424 1)
(12.395089 6.94464886142 1)
(10.394603 -7.76838573417 1)
(10.01922 -7.95616737073 1)
(11.700435 7.82911065558 1)
(12.086494 8.02950157116 1)
(12.688925 -4.61125718283 1)
(12.632004 -5.08671283529 1)
(12.709381 -4.19352057498 1)
(-3.7127614 -3.56615874297 1)
(-3.6895934 -3.23790346393 1)
(10.928584 1.61499338102 1)
(9.6681252 -7.72565083182 1)
(9.6429301 -8.14298917159 1)
(9.2981923 -7.92036227629 1)
(9.2686446 -8.32914825473 1)
(8.9260172 -8.10842375734 1)
(8.8959646 -8.51421223085 1)
(8.5516297 -8.28607205678 1)
(10.370217 -8.19034694756 1)
(11.713124 8.25830844189 1)
(13.038243 -4.84813393526 1)
(13.022596 -5.26134181709 1)
(6.4139957 0.475953618803 1)
(8.2776157 5.55411498131 1)
(8.2876972 5.91584852875 1)
(7.9657156 5.74859921942 1)
(7.9764222 6.111913527 1)
(7.6596966 5.95122740044 1)
(7.6664742 6.30702349489 1)
(7.3511785 6.1470656607 1)
(7.3595466 6.50405164352 1)
(7.0398768 6.33402111708 1)
(7.0510806 6.69611792104 1)
(6.7317353 6.52575105838 1)
(6.7424758 6.88744974896 1)
(7.0665253 7.06066496439 1)
(6.752179 7.25545328447 1)
(7.0822246 7.43143016025 1)
(6.762067 7.62910899572 1)
(7.0931746 7.81006589685 1)
(6.4326527 7.45104496752 1)
(6.442186 7.82575609387 1)
(6.1120453 7.64816418856 1)
(6.1211579 8.01987792026 1)
(5.7922542 7.84395772784 1)
(5.8014566 8.2154491888 1)
(5.4727062 8.03968669736 1)
(5.4811848 8.41019311308 1)
(5.1527487 8.2351363826 1)
(5.7909753 8.6051560748 1)
(5.1612254 8.60651197901 1)
(4.8320636 8.4311758575 1)
(4.8391549 8.80139336726 1)
(4.5102642 8.62728149749 1)
(8.524108 -8.69653543835 1)
(8.1810498 -8.46932953731 1)
(12.104569 8.45849958142 1)
(-3.9884038 -3.38181672689 1)
(-4.0117455 -3.7156915734 1)
(-3.9613247 -3.05126091548 1)
(-3.6838043 -2.90905845018 1)
(-3.9323617 -2.72436212416 1)
(-3.6653777 -2.58656104669 1)
(-3.9040232 -2.40748708604 1)
(-3.6292957 -2.26298542208 1)
(-3.8770508 -2.09912402928 1)
(-3.608637 -1.95198897825 1)
(-3.8502038 -1.79821220374 1)
(-3.5883349 -1.66604694639 1)
(-3.8253323 -1.5082416561 1)
(-3.5637774 -1.38890420056 1)
(-3.3375094 -1.5401578979 1)
(-3.3160035 -1.27322114953 1)
(-3.5375144 -1.12050245119 1)
(-3.2955366 -1.00952725519 1)
(-3.105275 -1.43325135467 1)
(-3.5090382 -0.856946729492 1)
(-3.2733527 -0.749519118356 1)
(-4.0888056 -1.62388604236 1)
(-3.4830965 -0.598677150616 1)
(-3.2513824 -0.493177082913 1)
(12.289855 1.92832402887 1)
(12.634036 1.71272658775 1)
(12.610911 1.31710784499 1)
(12.971641 1.49922977781 1)
(12.979258 1.88488707458 1)
(12.949763 1.09290261207 1)
(13.314899 1.27861391844 1)
(13.292994 0.866791583754 1)
(4.5172848 8.99890803462 1)
(4.1872112 8.82426630291 1)
(-3.4587636 -0.344158419117 1)
(-3.2277747 -0.242142123344 1)
(8.1535443 -8.87909783492 1)
(7.809906 -8.65486552248 1)
(-4.2322027 -2.86120069233 1)
(12.358143 -3.96776095713 1)
(13.398084 -5.0757370951 1)
(13.390684 -5.48191809451 1)
(11.727498 8.68964349559 1)
(4.1976193 9.20320453052 1)
(3.8630535 9.02299543582 1)
(-3.0291732 -0.385173089416 1)
(-3.0056896 -0.142058392318 1)
(-3.2008365 -0.00301297733124 1)
(-2.9837027 0.0945013436566 1)
(7.7844498 -9.06270178943 1)
(7.4412723 -8.83891815029 1)
(-3.171917 0.232383900633 1)
(-2.9587003 0.324664106768 1)
(12.123069 8.89152411756 1)
(12.483036 8.67644456257 1)
(13.6624 1.05472408569 1)
(13.628556 0.629289672563 1)
(5.5486817 -1.15855693447 1)
(8.8639318 -8.93292544665 1)
(4.5827853 9.39386286047 1)
(3.8735984 9.40438597461 1)
(3.536542 9.22229295808 1)
(7.415339 -9.24885712618 1)
(7.075422 -9.0200503929 1)
(7.1004459 -8.61506113237 1)
(6.7392431 -8.79344266677 1)
(6.7648927 -8.39355100553 1)
(6.4087683 -8.57120534844 1)
(6.3821002 -8.96808300935 1)
(6.0515671 -8.74526993923 1)
(6.0255633 -9.13844188498 1)
(5.6961986 -8.91761778878 1)
(5.7245284 -8.52708090524 1)
(5.3666236 -8.69814942552 1)
(5.3402798 -9.08918466811 1)
(5.0088786 -8.86804036512 1)
(4.9860467 -9.25985824071 1)
(4.6565162 -9.03781555945 1)
(-3.1447484 0.463531755161 1)
(-2.9333899 0.554583106129 1)
(4.6296122 -9.43142517753 1)
(4.3027426 -9.20760714101 1)
(-2.818163 -0.278086375863 1)
(-3.1172102 0.693186305276 1)
(-2.9061494 0.782470992359 1)
(-3.3299074 0.608246710866 1)
(-2.7277728 0.648080499178 1)
(-2.7024567 0.867081190223 1)
(4.3315837 -8.81659203653 1)
(3.9815696 -8.98465218253 1)
(3.9472945 -9.37626814193 1)
(3.6256861 -9.1515489675 1)
(3.5894493 -9.54466799132 1)
(3.2662711 -9.32347591964 1)
(12.510821 9.0988265346 1)
(12.873914 8.88077989651 1)
(13.761936 -5.30519775285 1)
(13.771005 -5.71661630355 1)
(3.5470443 9.60603605703 1)
(3.2075911 9.42262336807 1)
(11.75463 9.12348262519 1)
(14.012034 0.826715484144 1)
(13.979102 0.403053167998 1)
(-2.531194 0.737889818729 1)
(-2.5057157 0.949185077714 1)
(-2.673926 1.07862695326 1)
(-2.4774254 1.1586253386 1)
(5.1459071 7.8644005072 1)
(-2.3162532 1.03117956261 1)
(-2.2836299 1.23898359435 1)
(-2.4473365 1.36631118756 1)
(-2.2539496 1.44015883459 1)
(-2.0943303 1.31661610166 1)
(-2.0644658 1.51271458624 1)
(-1.9101301 1.38807483584 1)
(-1.8922462 1.58328238358 1)
(-2.0346001 1.70548211021 1)
(-1.8517244 1.77371129781 1)
(-1.700441 1.61710850194 1)
(-1.66803 1.83852360333 1)
(-1.5154417 1.70731777135 1)
(-1.4897604 1.90154176966 1)
(-1.3489996 1.7909567973 1)
(-1.3157081 1.96823471071 1)
(-1.1771292 1.86044875302 1)
(-1.142614 2.03269850274 1)
(-1.0041079 1.92219250014 1)
(-0.97065602 2.09513298819 1)
(-0.83476674 1.97950519078 1)
(-0.79919798 2.15519709737 1)
(-0.66749834 2.03826160723 1)
(-0.63195133 2.21660871308 1)
(-0.49691529 2.09994122732 1)
(-0.46434417 2.27773731674 1)
(-0.32708332 2.1640585227 1)
(-0.29455431 2.3326478708 1)
(-0.15963086 2.22488922179 1)
(-0.40672464 2.44218774568 1)
(-0.12712131 2.39317981217 1)
(0.0097071382 2.28410853621 1)
(-1.1106557 2.21347249796 1)
(0.038929381 2.46167676683 1)
(0.17933813 2.34558288196 1)
(0.20892837 2.52625521415 1)
(0.34771779 2.40781809316 1)
(0.31829181 2.23007815424 1)
(0.48485945 2.29030994215 1)
(0.45238654 2.11673331358 1)
(0.61519724 2.17553311696 1)
(0.58424531 2.00858645522 1)
(0.74253108 2.06467384423 1)
(0.71278404 1.90279222328 1)
(0.86693652 1.95719691404 1)
(0.83771637 1.79892399549 1)
(0.98880388 1.85219724091 1)
(0.9602342 1.6967126188 1)
(1.1058337 1.74551190361 1)
(1.0801495 1.59499129244 1)
(1.2240436 1.64312179623 1)
(1.1981276 1.49723970067 1)
(1.3448291 1.54648690781 1)
(1.3179932 1.39429878175 1)
(1.4629623 1.44674094573 1)
(1.4404623 1.29441447959 1)
(1.5813192 1.3471131225 1)
(1.5538547 1.19456692938 1)
(1.6994131 1.24736067256 1)
(1.6711516 1.09248707567 1)
(1.826639 1.15443903803 1)
(1.7919309 0.990263641867 1)
(1.951108 1.05329818774 1)
(1.9149813 0.884094933783 1)
(2.0708358 0.93998365637 1)
(2.0394343 0.772975422118 1)
(2.1996864 0.830078645956 1)
(2.1673944 0.657753371251 1)
(2.3332181 0.717864367433 1)
(2.3001189 0.540659791094 1)
(2.4710866 0.602784351239 1)
(2.4373037 0.424374840456 1)
(1.3570474 1.69328677055 1)
(2.265869 0.362751332658 1)
(2.4021949 0.24553132463 1)
(2.232163 0.187242481825 1)
(2.3672679 0.0689032626974 1)
(2.1986106 0.0112568219706 1)
(2.3325991 -0.106489240877 1)
(2.1699869 -0.165673001853 1)
(2.2991949 -0.28114921015 1)
(2.1388502 -0.340386933474 1)
(2.2659664 -0.455250231475 1)
(2.1003867 -0.513566947782 1)
(2.2316188 -0.629482420362 1)
(2.0631944 -0.688487362808 1)
(2.4554928 -0.233762501441 1)
(2.1965285 -0.804342674325 1)
(2.0277974 -0.864058472659 1)
(1.8475452 1.30331435458 1)
(2.6144783 0.473445913087 1)
(2.1660987 -0.983672347973 1)
(1.9939169 -1.03960906613 1)
(2.3464893 -0.938052623867 1)
(2.3699017 0.8906604793 1)
(0.90525286 2.10487116955 1)
(2.1319883 -1.162823624 1)
(1.9574866 -1.21772521179 1)
(3.2296977 -9.71555333924 1)
(2.9043761 -9.49280442718 1)
(12.898076 9.31486627992 1)
(13.266946 9.09005067056 1)
(3.8582787 8.65080268557 1)
(-1.8242835 1.9675668484 1)
(4.0118431 -8.59515873158 1)
(-6.0131683 3.73794654391 1)
(3.2181928 9.80910570517 1)
(2.8765516 9.62399295456 1)
(7.6157816 2.47164182733 1)
(14.128742 -5.5420176865 1)
(14.129311 -5.97095435091 1)
(14.101431 -5.10241311533 1)
(2.8675118 -9.88673121809 1)
(2.5364822 -9.65704720878 1)
(14.368392 0.599485962457 1)
(14.39037 1.02413617834 1)
(14.334688 0.174180780228 1)
(2.0953987 -1.34091907419 1)
(1.9200218 -1.39765224615 1)
(12.380376 6.54448640803 1)
(12.748337 6.71582486659 1)
(13.2927 9.52619685937 1)
(13.666113 9.29769453276 1)
(1.7842285 -1.27693356089 1)
(1.746123 -1.45446349493 1)
(2.8861888 3.74755947002 1)
(1.6131037 -1.33583478079 1)
(1.5759986 -1.51062856 1)
(1.7086257 -1.63051229246 1)
(1.5369335 -1.68498762084 1)
(1.4038891 -1.56372980729 1)
(1.3665362 -1.73732808745 1)
(1.2361673 -1.6210642268 1)
(1.1995791 -1.78898941166 1)
(1.0783766 -1.67444515459 1)
(1.0369426 -1.83980548303 1)
(0.9044459 -1.70293596203 1)
(0.87311546 -1.88667721212 1)
(0.74522949 -1.77736357151 1)
(0.71115165 -1.94162812947 1)
(0.5870527 -1.83389914619 1)
(0.54843391 -1.99576900298 1)
(0.42277058 -1.8859951151 1)
(0.38281926 -2.04963717031 1)
(0.25319449 -1.92882754744 1)
(0.21416265 -2.10146609451 1)
(0.0815419 -1.98092415622 1)
(0.041374645 -2.15714264705 1)
(-0.095046779 -2.03349910218 1)
(0.67693036 -2.11265559608 1)
(-0.13544808 -2.21542276799 1)
(-0.27390357 -2.08835926054 1)
(-3.6961364 -0.448804851729 1)
(13.258098 0.442787602882 1)
(0.38087302 2.59063405269 1)
(0.23803617 2.71104011518 1)
(2.5022048 -10.0575876431 1)
(2.1698993 -9.82607909208 1)
(-0.0024324873 -2.33360814582 1)
(2.8865303 10.0138170617 1)
(2.5447983 9.82605307738 1)
(2.5377177 9.4384215449 1)
(2.2050836 9.6394352487 1)
(2.2116949 10.0258209801 1)
(1.8736336 9.83652130707 1)
(12.734273 6.31309576071 1)
(13.104732 6.48522821839 1)
(1.3271501 -1.90993341067 1)
(2.5443373 -9.23810780513 1)
(1.867864 9.45240105472 1)
(1.5366673 9.6471875839 1)
(1.5405589 10.0336951021 1)
(1.2036128 9.84088148856 1)
(13.696525 9.72337528265 1)
(14.089213 9.45907454071 1)
(-1.3743886 1.60925066221 1)
(1.7593798 0.836422035495 1)
(1.204852 10.2307755789 1)
(0.86820511 10.0357325164 1)
(0.8623782 9.65830627767 1)
(0.53197591 9.8426500546 1)
(13.087942 6.06487928926 1)
(13.464091 6.2517492987 1)
(14.475083 -5.79381307333 1)
(14.469169 -6.22683350722 1)
(3.2320785 10.2018336338 1)
(0.55795936 1.84631108865 1)
(0.53168366 10.2303264493 1)
(0.19398579 10.0333000176 1)
(11.35156 8.91852951317 1)
(11.379907 9.34845887605 1)
(13.447222 5.82816354409 1)
(13.815609 6.03656206249 1)
(13.814946 5.6053234443 1)
(14.214931 5.87809475773 1)
(3.1999729 -10.1100543485 1)
(14.186705 5.38296859614 1)
(14.578268 5.57893075256 1)
(2.1357825 -10.2299495571 1)
(1.8008158 -9.99784486041 1)
(14.722755 0.367815109377 1)
(14.703386 -0.0638912491662 1)
(-0.31635525 -2.273984915 1)
(-0.45950318 -2.14331439402 1)
(14.093129 -6.4117946643 1)
(14.428254 -6.6542663245 1)
(14.073513 -6.8549945544 1)
(14.402986 -7.09592383743 1)
(14.032215 -7.29662381081 1)
(14.408915 -7.54458825273 1)
(14.008882 -7.74387102584 1)
(14.414438 -8.00523968247 1)
(13.976202 -8.19731908839 1)
(14.383222 -8.45145094525 1)
(13.947614 -8.64966400822 1)
(14.344481 -8.90262214618 1)
(13.910233 -9.09638189606 1)
(14.315255 -9.35984354033 1)
(13.873004 -9.53928931807 1)
(1.9426109 -0.577183845125 1)
(7.0206705 5.99488094242 1)
(14.554732 5.13581284674 1)
(0.41786058 2.77778548568 1)
(0.26793736 2.90012158184 1)
(14.088318 9.93165313121 1)
(14.500852 9.6449525953 1)
(2.0267805 -0.0479673923955 1)
(14.283758 -9.81444947878 1)
(-0.35743582 1.99149792913 1)
(10.990963 9.14776450578 1)
(11.017904 9.58596806136 1)
(5.6798938 0.934745315104 1)
(13.285565 9.9771265024 1)
(1.7654317 -10.4057821315 1)
(1.4308733 -10.1703176999 1)
(1.4666055 -9.76344933272 1)
(1.1068858 -9.95516543016 1)
(1.0600095 -10.3406493011 1)
(0.72942073 -10.107600797 1)
(0.191425 10.4252992112 1)
(-0.14622486 10.2253710057 1)
(-0.1476318 9.84413638917 1)
(-0.48429294 10.0262924029 1)
(-0.48872053 10.4169665028 1)
(-0.82730025 10.2152628009 1)
(-0.83068781 9.77819525659 1)
(-1.1631203 10.0102200542 1)
(-1.1744807 10.4083663408 1)
(-1.5152925 10.1994414167 1)
(-1.5062683 9.80401030414 1)
(-1.8555204 9.98932317137 1)
(-1.8503515 9.60175164674 1)
(-2.1951647 9.78063286478 1)
(-2.1828954 9.38194893811 1)
(-2.5355564 9.56663954342 1)
(-2.5477351 9.97049995593 1)
(-2.8896884 9.75595482271 1)
(-2.8766696 9.35153646737 1)
(-3.2320047 9.53936315604 1)
(-3.2166134 9.13573483643 1)
(-3.5742826 9.32454677402 1)
(-3.5576877 8.92238741199 1)
(-3.9173549 9.10922120769 1)
(-3.9344757 9.51679858576 1)
(-4.2811092 9.29721951059 1)
(-4.2590596 8.89168206631 1)
(-4.3002021 9.7114198186 1)
(-4.6272735 9.07559838773 1)
(-4.6055979 8.66753192177 1)
(-4.9758749 8.85248842194 1)
(-4.9565886 8.44108085025 1)
(0.78131759 -9.73444651105 1)
(0.35634201 -9.85371434053 1)
(0.35014883 -10.2718414734 1)
(0.001512601 -10.0498761729 1)
(-0.017338781 -10.4416261591 1)
(-0.3566189 -10.2032448612 1)
(-3.3051651 0.838153932539 1)
(-3.5240078 0.750622710435 1)
(-0.91864786 6.42113102451 1)
(14.811102 -6.50948216461 1)
(-3.4983149 0.986819907877 1)
(-3.7261086 0.890958721841 1)
(14.759006 -8.7032718604 1)
(-0.35016204 -9.75966755343 1)
(-0.6862882 -9.95607326799 1)
(-0.73363638 -10.3708667789 1)
(-1.0697604 -10.1226964793 1)
(-1.0261545 -9.65264789446 1)
(-1.4053032 -9.86447593745 1)
(-1.3821317 -9.44740354206 1)
(-1.7424359 -9.6220842993 1)
(-1.6939536 -9.21273654319 1)
(-2.0720755 -9.37701046871 1)
(-2.1201039 -9.7919595419 1)
(-2.4565799 -9.54191804303 1)
(-2.3950283 -9.11605501941 1)
(-2.7924029 -9.28428982491 1)
(-2.8449811 -9.70805471204 1)
(-3.1826841 -9.45086188351 1)
(-3.1317446 -9.02823998047 1)
(-3.5194931 -9.1936566201 1)
(-3.4675423 -8.7735393882 1)
(-3.8557962 -8.93587124287 1)
(-3.8787838 -9.38244754651 1)
(-3.8065237 -8.52275707998 1)
(-4.192024 -8.67957087752 1)
(-4.144034 -8.26650033261 1)
(-4.5295766 -8.42434756245 1)
(-4.4767419 -8.00498238734 1)
(-4.86551 -8.16703744817 1)
(-4.814244 -7.74051306369 1)
(13.8614 -10.0066132407 1)
(-1.1182665 -10.5410441693 1)
(14.946867 5.33686001878 1)
(14.985752 5.83836729805 1)
(14.924251 4.89406596204 1)
(10.632 9.38146976702 1)
(10.644459 9.81098452868 1)
(-1.5282344 10.6033475883 1)
(-0.86477878 1.82263141395 1)
(-0.50408848 -2.33872052074 1)
(-0.65298672 -2.20059412362 1)
(-0.60531196 -2.00793248663 1)
(-0.79696172 -2.06193956982 1)
(-0.75231161 -1.86829722219 1)
(-0.9404501 -1.92541647511 1)
(-0.89924397 -1.73647916422 1)
(14.497028 10.1463433244 1)
(1.411594 1.15032421075 1)
(10.000904 2.25633698713 1)
(10.263467 9.61290497329 1)
(10.274373 10.0408472705 1)
(10.666879 10.266909207 1)
(9.8941989 9.84421061557 1)
(9.9070636 10.2752276837 1)
(9.524954 10.0754982411 1)
(12.72858 -3.77642722948 1)
(12.37768 -3.55223311468 1)
(4.958325 -9.65836951987 1)
(10.946466 2.7745989278 1)
(-5.2007267 -7.90912389001 1)
(-5.1521614 -7.47767443151 1)
(-5.2572775 -8.33169624542 1)
(2.1066049 -10.6401115594 1)
(7.7483013 -9.47535371018 1)
(1.1334881 -1.5083764254 1)
(15.088311 0.133901701411 1)
(15.065678 -0.306348933873 1)
(1.0505195 1.45319929309 1)
(6.787131 2.99162777005 1)
(7.1263624 -2.80260256974 1)
(2.9250479 4.50367610492 1)
(14.902224 9.90125489024 1)
(0.45328583 2.96923951023 1)
(0.29929499 3.09591095895 1)
(2.2939462 -4.83501972198 1)
(1.5941493 5.30120615592 1)
(-5.326644 8.63033251672 1)
(-5.3048526 8.21685727369 1)
(-5.3488239 9.04070236893 1)
(4.1833971 3.6751804962 1)
(9.534754 10.501598694 1)
(9.1562355 10.3077006974 1)
(-1.0817752 -1.79287126668 1)
(-1.0383626 -1.61769358339 1)
(-1.1201955 -1.99045226079 1)
(-0.70103407 -2.40046127452 1)
(-0.54509849 -2.54233756159 1)
(-3.3924275 -8.37694660037 1)
(14.91664 10.3749959509 1)
(15.320036 5.09681487358 1)
(15.29825 4.64994558195 1)
(14.261307 -10.2765970467 1)
(14.678163 -10.0695802274 1)
(-4.5802929 8.26519325469 1)
(-4.4213766 -7.58654201725 1)
(-3.6965113 1.14358394998 1)
(-3.93275 1.04216454325 1)
(13.843789 -10.4833162845 1)
(13.447865 -10.2160672559 1)
(-0.056379257 -1.8589595972 1)
(5.1062742 -3.47635174297 1)
(-5.5395839 -7.65039254232 1)
(-5.486829 -7.22509979737 1)
(12.747513 -3.36008997406 1)
(12.397154 -3.1363329063 1)
(-1.176042 6.57527345298 1)
(-0.90852375 6.72213480608 1)
(9.16689 10.7354597004 1)
(8.7867701 10.5395924393 1)
(15.458789 -0.103489931955 1)
(15.434712 -0.545605021914 1)
(15.468634 0.335976441715 1)
(-1.2197279 -1.66196204066 1)
(-1.1522209 -1.4679709969 1)
(15.324355 10.1039495624 1)
(15.318455 9.57498283368 1)
(15.334727 10.593207502 1)
(14.487053 10.6341106441 1)
(0.60959637 -1.6708000425 1)
(14.655778 -10.5355531097 1)
(15.067447 -10.3351669869 1)
(13.414794 5.39347054553 1)
(0.51697339 -0.223472009588 1)
(-0.54504093 -0.142323760692 1)
(0.51834995 0.203024829959 1)
(13.427396 -10.6928977922 1)
(13.033599 -10.4289951829 1)
(-5.677937 8.40534314614 1)
(-5.6571438 7.98934322701 1)
(-1.3266804 -9.0492374192 1)
(5.006893 2.29931349879 1)
(0.48589078 3.16489333764 1)
(0.32900625 3.29123989507 1)
(0.64102089 3.03604593544 1)
(9.5690417 10.9015288478 1)
(15.696521 4.85554573671 1)
(15.674302 4.40742915875 1)
(10.946476 5.76589892748 1)
(-0.87624064 -1.56713004251 1)
(8.7961953 10.9660425996 1)
(8.4142681 10.7696063439 1)
(8.6059907 -7.87860894971 1)
(-8.0032518 1.81555800189 1)
(-1.3553792 -1.52982474454 1)
(-1.3098249 -1.34194965558 1)
(13.012779 -10.9057078104 1)
(12.618166 -10.639800995 1)
(-5.8765128 -7.39403773281 1)
(-5.8219038 -6.97152030465 1)
(-5.4336553 -6.80632136055 1)
(-5.7660345 -6.55334139705 1)
(-0.74828267 -2.60720480119 1)
(-0.58529538 -2.75317740907 1)
(15.049741 -10.796578201 1)
(15.464372 -10.594109936 1)
(-3.2048723 8.73765225938 1)
(12.766047 -2.92196124086 1)
(12.424109 -2.73192456225 1)
(12.051187 -2.91383618401 1)
(12.108888 -2.46791768189 1)
(13.102361 -3.10350443958 1)
(11.713545 -2.68409999878 1)
(11.723978 -2.29127836327 1)
(11.368283 -2.47000692921 1)
(11.38457 -2.07002384169 1)
(11.032175 -2.25288680464 1)
(11.049099 -1.8578203279 1)
(10.701104 -2.03855184542 1)
(10.715471 -1.65314298877 1)
(10.3734 -1.82712957248 1)
(10.387786 -1.44516322442 1)
(10.051465 -1.61869535361 1)
(10.065059 -1.24123034957 1)
(9.7335086 -1.41268538572 1)
(9.7492801 -1.03988593803 1)
(9.4202842 -1.21000236591 1)
(9.4363883 -0.839913922795 1)
(9.8811584 9.41180003437 1)
(15.830718 -0.343497593088 1)
(15.806863 -0.786393535029 1)
(-3.9013666 1.29697185192 1)
(-4.1443864 1.19607810851 1)
(-4.1749663 0.932873848146 1)
(-4.4026824 1.10920647702 1)
(-4.4275558 0.818103462292 1)
(-4.6645703 1.0036086079 1)
(-4.6922538 0.70463221412 1)
(15.744654 10.3184140708 1)
(15.758241 10.804933322 1)
(0.13953014 3.21870779015 1)
(0.16973258 3.42376266195 1)
(-0.024884031 3.34764624051 1)
(0.0091660322 3.56055813947 1)
(-0.18285115 3.49452800419 1)
(-0.15488395 3.70104829496 1)
(-0.35249609 3.63225392561 1)
(-6.1575215 -6.71301040228 1)
(-6.1001935 -6.29330832096 1)
(-1.1733436 6.88051260344 1)
(-0.89861909 7.03133777253 1)
(0.67656904 3.2336275208 1)
(0.83272303 3.10226007774 1)
(-4.9284926 0.874835095958 1)
(-4.9636865 0.578563392852 1)
(9.1128505 -1.00917935522 1)
(9.1280666 -0.646159109982 1)
(-6.034858 8.17985000536 1)
(-6.0119549 7.76070128303 1)
(-5.6409055 7.57287344102 1)
(-5.987931 7.34770688665 1)
(-5.6260706 7.16015666792 1)
(-5.9659705 6.93926802153 1)
(-5.2061457 0.750647514878 1)
(-5.2396433 0.451187137259 1)
(-5.4979077 0.628557423428 1)
(-5.5392783 0.317881009413 1)
(7.3847628 -9.66320394273 1)
(7.7229314 -9.89455524766 1)
(7.3549596 -10.08261409 1)
(7.7086209 -10.3182431768 1)
(7.3284869 -10.5069540854 1)
(7.6856572 -10.7465959762 1)
(7.2980582 -10.9379862504 1)
(7.6602674 -11.1800292896 1)
(8.0509728 -10.985693504 1)
(5.3993418 -8.30962821413 1)
(-5.379288 -6.39683477354 1)
(-1.4927921 -1.40107515726 1)
(-1.4476203 -1.22080469494 1)
(-1.539997 -1.58792789862 1)
(-1.273371 -1.16536014043 1)
(-1.4041793 -1.04112031798 1)
(-1.5782968 -1.09412343562 1)
(-1.523918 -0.923622700431 1)
(12.59596 -11.1134094896 1)
(12.208578 -10.8601885539 1)
(8.4292457 11.2047131971 1)
(8.0438127 11.0021189104 1)
(11.58676 -5.53609554636 1)
(-2.9009259 10.1641032801 1)
(7.675216 3.45560486375 1)
(-0.80534554 -4.8772748623 1)
(4.9216307 -2.68353984808 1)
(-5.801889 0.527087895158 1)
(-5.8478156 0.174380181258 1)
(10.788605 -7.16298972158 1)
(15.447269 -11.0575692154 1)
(15.872788 -10.8411919872 1)
(15.889634 -10.4108385619 1)
(7.4158168 7.60678427763 1)
(15.27573 4.20248833356 1)
(15.651502 3.95771102685 1)
(16.051872 4.16313569285 1)
(16.028195 3.71231359689 1)
(7.2647032 -11.3683269404 1)
(-1.362685 -0.86901274252 1)
(-1.475185 -0.757672684139 1)
(11.051664 -1.48007990443 1)
(13.959178 9.02410774914 1)
(-6.3305641 7.12238776387 1)
(-6.3075059 6.71355258471 1)
(13.415182 -11.1524838203 1)
(12.784646 -2.529080714 1)
(12.18195 -11.3258174067 1)
(11.794369 -11.0718636379 1)
(-0.32415164 3.84284769719 1)
(-0.53469391 3.76209915956 1)
(15.409595 -0.988522095256 1)
(15.781529 -1.23063229022 1)
(8.0261339 -11.4247185955 1)
(8.4223095 -11.2266442286 1)
(16.206294 -0.585376144115 1)
(13.531265 -8.84528598097 1)
(8.0596296 11.4403168602 1)
(7.6659457 11.2352515361 1)
(-6.101538 0.411104458903 1)
(-6.1530501 0.0288524113581 1)
(-5.8560972 -0.213898581192 1)
(-6.1916555 -0.321939845738 1)
(-6.4816383 -0.1124763492 1)
(-6.5171042 -0.471859569372 1)
(-6.220066 -0.68192328373 1)
(-6.5463228 -0.837918333622 1)
(-6.261725 -1.04973010646 1)
(-6.5850422 -1.20804631612 1)
(-6.2852042 -1.42030973434 1)
(-6.6138318 -1.58381625556 1)
(-6.3143243 -1.79852040387 1)
(-6.6484823 -1.96461770724 1)
(-6.343521 -2.18652262762 1)
(-6.6967305 -2.34890390346 1)
(-6.3777758 -2.57504454896 1)
(-6.7343363 -2.74027622465 1)
(-6.4098158 -2.96987635167 1)
(-6.7713483 -3.13549759498 1)
(-6.4429235 -3.36753195134 1)
(-6.8088879 -3.53491845204 1)
(7.430024 7.99260158388 1)
(7.7603476 7.78332408928 1)
(11.767133 -11.5365959502 1)
(-3.6631383 1.39896913486 1)
(-3.8795681 1.55167124979 1)
(-3.6344798 1.65464102566 1)
(-0.79739484 -2.82133407003 1)
(-0.62719055 -2.9738087331 1)
(8.8096523 -0.812570753134 1)
(8.8259746 -0.454415451438 1)
(9.1419954 -0.286833660824 1)
(8.8405216 -0.098474872373 1)
(-1.3240683 -0.709115232626 1)
(-1.4378555 -0.597662118166 1)
(10.066585 3.3318090374 1)
(10.074097 -0.876133839999 1)
(-3.8419102 1.81124819089 1)
(-3.6001474 1.91252895319 1)
(16.160189 10.5484650756 1)
(16.179267 11.0273046987 1)
(15.775839 11.2830615366 1)
(-6.495201 -6.45279088226 1)
(16.199679 11.5065514214 1)
(15.849191 -11.3177080059 1)
(-5.6056165 6.75978914837 1)
(-1.1707105 7.19174765692 1)
(-1.4476613 7.03580518231 1)
(-0.89033502 7.34295160901 1)
(-0.61862804 7.18046408211 1)
(-0.60931933 7.49754251202 1)
(-0.33423162 7.33013315839 1)
(7.6876229 11.6750213861 1)
(7.2883992 11.4686953096 1)
(0.86779428 3.30508507528 1)
(1.0271262 3.1706596473 1)
(7.6445371 10.7995264348 1)
(6.4969591 1.29166202174 1)
(-0.12671413 3.96023077214 1)
(-1.6702023 -0.939648504906 1)
(-0.49910913 3.98598651092 1)
(-0.712901 3.90432985396 1)
(-0.74859173 3.67721826871 1)
(-0.92520896 3.81536476088 1)
(-0.9624103 3.59216296571 1)
(-1.1395169 3.73087907233 1)
(-1.1770214 3.50752153795 1)
(-1.352279 3.64021121679 1)
(-1.3921137 3.42144614269 1)
(-1.5693161 3.55316167497 1)
(-1.6089096 3.33534461461 1)
(16.278161 -11.0988725521 1)
(-4.9069691 1.2064271751 1)
(15.384094 -1.43124489485 1)
(15.756405 -1.67539678355 1)
(8.4522617 11.6388333405 1)
(-3.3787998 -2.45172449173 1)
(16.432784 3.9165557874 1)
(16.40826 3.46023024475 1)
(15.424455 -11.5285333302 1)
(-0.32627251 7.65377330112 1)
(-0.049511815 7.48271095638 1)
(8.528574 -0.26252451249 1)
(8.5415963 0.0872095029348 1)
(-6.6755461 6.89772509989 1)
(-6.6533134 6.48252726155 1)
(-6.8157829 -0.264185185745 1)
(15.252208 3.75662460999 1)
(16.252273 -11.5809735653 1)
(13.67521 -7.00734283505 1)
(-1.7916906 3.48239095138 1)
(-1.8266469 3.25236194511 1)
(-3.8178839 2.07330861956 1)
(-3.5793552 2.17423545826 1)
(-1.285638 -0.558541397549 1)
(-1.3959012 -0.445838249152 1)
(-1.1775247 -0.661649397423 1)
(-1.5491827 -0.483347862551 1)
(-1.5062155 -0.329604808282 1)
(-1.3503712 -0.29976258402 1)
(-1.4577878 -0.181620952255 1)
(-1.6149584 -0.212816451283 1)
(-1.567232 -0.0621679807631 1)
(-1.4116387 -0.0314016255227 1)
(-1.5177699 0.0851764736058 1)
(-1.3683641 0.114581461127 1)
(-1.469877 0.228379167389 1)
(-1.3239369 0.260522182146 1)
(-1.4222968 0.368954612576 1)
(-1.2814539 0.402645795476 1)
(-1.3760563 0.507794378333 1)
(-1.2349051 0.540733413868 1)
(8.3961021 -11.6709333357 1)
(-2.0101591 3.39641597057 1)
(-2.0470029 3.16461643781 1)
(-2.2320159 3.31074499079 1)
(8.791865 -1.17126622144 1)
(12.215899 -10.3566738116 1)
(-2.2693946 3.07583703685 1)
(9.1549222 0.0687193984568 1)
(-1.7271455 -0.0934653812923 1)
(8.7974101 -11.4710233064 1)
(-2.4541541 3.2162200644 1)
(6.9033744 -11.128937202 1)
(6.8694619 -11.5618125582 1)
(6.5058962 -11.321676549 1)
(6.4717929 -11.7537802954 1)
(6.1085675 -11.514430449 1)
(-0.67765793 4.13379081373 1)
(14.302636 -0.254545563621 1)
(15.358792 -1.87507876975 1)
(15.730325 -2.12222562093 1)
(16.13155 -1.91910265709 1)
(16.104846 -2.37056870174 1)
(16.510349 -2.16492110946 1)
(16.483397 -2.61949957162 1)
(16.076565 -2.82262572051 1)
(16.455852 -3.07365403725 1)
(9.7068788 -1.77513502134 1)
(6.0738165 -11.9480872834 1)
(5.7083906 -11.7088749374 1)
(-6.4767226 -3.76261400816 1)
(-6.8472131 -3.93081457064 1)
(13.757506 6.44828159445 1)
(7.3139555 11.9089729842 1)
(6.9182739 11.7027954848 1)
(-6.9099016 -1.41633123009 1)
(9.7735655 -6.50679486351 1)
(7.774649 8.1745812098 1)
(8.1056633 7.96486224059 1)
(-1.4410653 7.3598214349 1)
(-1.7308639 7.19408900247 1)
(-1.3332799 0.646768339164 1)
(-1.1896714 0.679079997873 1)
(16.60608 11.2492986201 1)
(16.627004 11.7315968039 1)
(16.816046 3.66880088713 1)
(16.792034 3.21132061126 1)
(16.837522 4.12185143085 1)
(16.382937 3.0021923814 1)
(16.766025 2.75330632793 1)
(-7.6106423 3.24542794406 1)
(10.995189 -2.62063002363 1)
(-7.0053131 6.67258436646 1)
(-6.9762999 6.25768013482 1)
(-6.9940679 7.07443748486 1)
(-6.6267593 6.06939642153 1)
(-6.9603924 5.84456828259 1)
(12.158868 -11.7915931069 1)
(11.738077 -12.0044603017 1)
(-0.60478897 7.82240331244 1)
(-0.84909163 -3.04016895898 1)
(-1.0180744 -2.88668390941 1)
(-0.68914005 -3.19645112156 1)
(-0.45341768 -3.12366484436 1)
(-0.51501804 -3.35738680179 1)
(-0.27388914 -3.28048260137 1)
(-0.32332462 -3.51599097232 1)
(-0.089254003 -3.43858261054 1)
(-1.5679344 0.333819641676 1)
(15.793166 11.7633399106 1)
(-0.13906472 -3.67798886605 1)
(0.092752018 -3.59791768207 1)
(1.0640261 3.3776246681 1)
(1.2230937 3.24148939149 1)
(0.90213245 3.51402545905 1)
(16.048694 -3.27598151808 1)
(16.42785 -3.52932733806 1)
(16.836015 -3.32581967599 1)
(16.808927 -3.78374115285 1)
(8.7703263 -11.9204565359 1)
(5.5164101 2.86765007503 1)
(7.4421953 8.38119041697 1)
(16.68508 -11.3603216987 1)
(16.658329 -11.8465918789 1)
(-0.041203006 7.81063940602 1)
(0.24166267 7.63694994567 1)
(0.14150686 -3.36080725882 1)
(0.3222248 -3.51755788873 1)
(0.37019477 -3.29197252409 1)
(0.54662552 -3.4396932405 1)
(0.59419557 -3.21790387907 1)
(0.76767615 -3.36210497323 1)
(0.81250364 -3.14088929958 1)
(0.98559175 -3.28314072519 1)
(1.0272328 -3.07172474185 1)
(1.2005679 -3.20737924954 1)
(1.2430412 -2.984831446 1)
(1.4136572 -3.13301363503 1)
(1.4595279 -2.92199427599 1)
(1.6268574 -3.06093838421 1)
(1.6727941 -2.85013422087 1)
(1.8399724 -2.98782797754 1)
(1.886691 -2.7781545301 1)
(6.3437894 -1.68511716948 1)
(6.7959187 -12.0060435769 1)
(-7.0834133 -2.8721116659 1)
(16.397774 -3.98742629119 1)
(16.779424 -4.24318381476 1)
(8.2348671 -0.0729908833856 1)
(8.2477744 0.269968030583 1)
(-5.0089967 0.28591603706 1)
(-1.1427995 0.442181764553 1)
(1.1878906 3.03562143492 1)
(1.3803817 3.10535565152 1)
(1.3453727 2.90314703151 1)
(1.5352149 2.97122127572 1)
(1.4984147 2.77203310298 1)
(1.6897087 2.83768775623 1)
(1.7275998 3.03924083344 1)
(1.8815725 2.90420452909 1)
(1.8430846 2.70407659404 1)
(2.0344379 2.76951282412 1)
(1.9957927 2.57190419894 1)
(2.1858219 2.63522184158 1)
(2.1475379 2.43894109511 1)
(2.3375602 2.50260368612 1)
(2.2981503 2.30496283013 1)
(2.488946 2.36925937045 1)
(2.4510339 2.17249948384 1)
(2.6411844 2.23551342765 1)
(2.6036235 2.03748589338 1)
(2.7964206 2.1013460022 1)
(2.7581613 1.90131847578 1)
(2.9515301 1.96495912683 1)
(2.9137688 1.76258966525 1)
(3.1102764 1.82717845515 1)
(3.0690764 1.61929988767 1)
(3.271668 1.68679363511 1)
(3.2295355 1.47576699771 1)
(3.4330824 1.54148545826 1)
(3.3926844 1.32862640798 1)
(3.5995551 1.39611960404 1)
(3.5586989 1.17976493746 1)
(3.772483 1.25222759851 1)
(3.7283669 1.0288586967 1)
(3.946474 1.10289330271 1)
(3.9008793 0.874297266227 1)
(3.1584042 2.03238935504 1)
(4.123973 0.94975828366 1)
(4.0762876 0.718028134752 1)
(3.8645921 0.641217401521 1)
(4.0297178 0.48590748311 1)
(3.818291 0.409640643164 1)
(3.9815037 0.255258725616 1)
(3.7593862 0.182830649131 1)
(3.9275571 0.0271944307512 1)
(3.7089426 -0.0454283227228 1)
(3.8780164 -0.200954005252 1)
(3.659881 -0.274630145548 1)
(3.8311529 -0.429549509966 1)
(3.6122577 -0.504285856124 1)
(3.7836842 -0.658296792765 1)
(3.5641151 -0.733194485252 1)
(3.7381058 -0.887903143182 1)
(3.5164716 -0.96039831141 1)
(3.6901802 -1.117282491 1)
(3.4676023 -1.19025232114 1)
(3.6423363 -1.34882500274 1)
(3.4176682 -1.42079597524 1)
(4.0587934 -0.336429475231 1)
(3.8696017 -1.27476370967 1)
(3.8207117 -1.51230667198 1)
(4.0576518 -1.43414462367 1)
(3.7807157 1.48954000704 1)
(2.5295702 2.56870252129 1)
(4.250253 0.560735064295 1)
(5.6794934 -12.1530351359 1)
(5.3079231 -11.9052952565 1)
(-6.0048834 -1.99372419929 1)
(11.379549 -11.2805268405 1)
(-4.1030992 1.98653371993 1)
(2.053971 -2.91453040905 1)
(2.100807 -2.70342110456 1)
(-3.7883282 2.33506173961 1)
(-6.1150524 -3.59721489426 1)
(-6.1472317 -3.98909935658 1)
(6.9388925 12.1452975726 1)
(6.547429 11.9353416272 1)
(6.5287354 11.496502201 1)
(6.1583991 11.7280561145 1)
(6.1475399 11.2918903516 1)
(5.7770906 11.5209089903 1)
(5.7882001 11.9581889465 1)
(5.4023113 11.750006563 1)
(-1.7217658 7.53237864497 1)
(-2.0168616 7.36680687324 1)
(9.8994167 5.31124535731 1)
(5.4145718 12.188568678 1)
(5.0289645 11.9784130704 1)
(-1.9939647 3.62749769904 1)
(-2.4926635 2.98564196154 1)
(-2.6973502 3.13661824704 1)
(5.0172531 11.5426387817 1)
(4.6453239 11.7682311021 1)
(4.6547744 12.2069122927 1)
(4.269668 11.9939980643 1)
(-6.6044839 5.6617476997 1)
(-6.9237443 5.43992524121 1)
(-5.275656 6.97311922521 1)
(-5.2564827 6.58466139845 1)
(-4.9350101 6.78791044907 1)
(-4.9158394 6.41284682034 1)
(-4.6021984 6.61053251593 1)
(-1.0739779 -3.109042628 1)
(-1.2496363 -2.94581939148 1)
(7.790211 8.56843439591 1)
(7.4511426 8.77904534075 1)
(2.2692617 -2.84045464732 1)
(2.3111007 -2.61745816494 1)
(2.4850341 -2.76258240745 1)
(2.5288998 -2.53514031879 1)
(2.706698 -2.68736365595 1)
(8.7853871 -11.0326156407 1)
(16.357893 2.54625769666 1)
(16.739135 2.29325050042 1)
(4.0037136 -1.68366091798 1)
(4.2475839 -1.60365440542 1)
(4.2998016 -1.34980890197 1)
(1.9129933 3.109626759 1)
(-7.3743109 6.44322808131 1)
(17.196111 3.41527074164 1)
(16.37269 -4.44752314329 1)
(16.751068 -4.70348431717 1)
(2.7521061 -2.45396461184 1)
(-1.2895553 0.785279676934 1)
(-1.1454741 0.811976806189 1)
(-1.4356658 0.752111987465 1)
(14.989073 -1.63228157978 1)
(14.962925 -2.07193391588 1)
(17.216833 -3.5777259323 1)
(17.035533 11.4721900566 1)
(17.056771 11.9574516348 1)
(8.3279101 6.25802582262 1)
(0.9419767 -3.50671391322 1)
(1.10415 3.58748249267 1)
(0.93691276 3.72798927261 1)
(0.2481046 7.96982423475 1)
(0.53068013 7.79276499622 1)
(0.52213606 7.46371823959 1)
(0.80995576 7.61692930444 1)
(0.79370864 7.30178250754 1)
(1.0860141 7.44380199769 1)
(1.0988604 7.77112571997 1)
(1.37549 7.59438559739 1)
(1.3625806 7.26837222759 1)
(1.6576162 7.43509368547 1)
(1.6418523 7.10717968249 1)
(1.9253306 7.2533101515 1)
(1.9129098 6.93615186518 1)
(2.1763144 7.07364010864 1)
(2.1723129 6.75558910765 1)
(2.4696806 6.93985402576 1)
(2.4454673 6.59770733454 1)
(2.7165547 6.72569751807 1)
(2.7075611 6.42415727975 1)
(2.9789939 6.55859645233 1)
(2.9678342 6.25423287047 1)
(3.2390951 6.39052252254 1)
(3.2278465 6.08739649727 1)
(3.4970711 6.22192598193 1)
(3.4829376 5.91722506218 1)
(3.7507614 6.04906797776 1)
(3.7407385 5.74927852204 1)
(4.0088924 5.88389034752 1)
(3.9983598 5.58402743014 1)
(4.2662438 5.71835516394 1)
(4.2540167 5.42080913308 1)
(4.5234108 5.55341248062 1)
(4.5110775 5.25568570762 1)
(4.7813386 5.38858707174 1)
(4.8028362 5.71526698798 1)
(4.7718896 5.09014930879 1)
(5.0417466 5.22551890122 1)
(3.5078966 6.52002431064 1)
(5.0309945 4.92419140443 1)
(5.2998716 5.05768452696 1)
(5.2901931 4.74856710768 1)
(5.5631043 4.89423606922 1)
(2.2155828 7.43405138322 1)
(5.5520196 4.5765968126 1)
(5.8256842 4.72658756885 1)
(5.8123805 4.41203417746 1)
(6.0884754 4.56011063015 1)
(5.5521225 5.20135005036 1)
(8.2554806 4.46657515409 1)
(4.2792993 12.4327739672 1)
(3.8876362 12.2198500265 1)
(5.2782227 -12.3501616432 1)
(4.9076687 -12.0997579919 1)
(-1.2210925 3.28833747319 1)
(-1.3244007 3.86849656669 1)
(2.9318869 -2.61047816917 1)
(7.334119 12.3564157753 1)
(-6.4347887 -6.02999775028 1)
(-6.8345645 -6.18991670725 1)
(-6.8944815 -6.61944041168 1)
(-7.2433823 -6.35027980863 1)
(-7.3016859 -6.79133404478 1)
(-7.2048908 -5.85439624336 1)
(13.060944 -5.64257183848 1)
(9.1753534 -11.718093697 1)
(9.1483171 -12.1724900296 1)
(8.7386691 -12.3751171457 1)
(17.093404 -11.6251645459 1)
(17.118574 -11.1376324848 1)
(17.068143 -12.1127530426 1)
(2.1080738 2.24117591758 1)
(-1.3031505 -3.18593989899 1)
(-1.4853162 -3.01405396384 1)
(-3.3502208 2.0587352017 1)
(12.131139 -12.2639165302 1)
(2.5795806 -2.29825627611 1)
(4.9384517 -11.6566907637 1)
(4.5404468 -11.8501018396 1)
(4.506253 -12.2944720809 1)
(4.1373425 -12.0416766409 1)
(3.4522787 -0.0984291679098 1)
(-5.7604642 0.834213870682 1)
(-1.8727563 3.00173974824 1)
(11.247657 -4.56643828317 1)
(-0.57250623 -3.59719203512 1)
(4.1015524 -12.4863273912 1)
(3.7379123 -12.2481638557 1)
(11.735269 -12.47902891 1)
(3.3361574 -0.819179585269 1)
(-1.8374838 9.18746301621 1)
(16.631099 -12.3344424681 1)
(0.045763787 -3.84168460562 1)
(-4.5708219 3.50745299703 1)
(7.9474406 0.115411795781 1)
(7.9322077 -0.227192568457 1)
(7.961617 0.457222700349 1)
(8.2589838 0.611288308157 1)
(7.9723252 0.791184464306 1)
(8.2698191 0.948884812804 1)
(14.596479 -1.83132878386 1)
(-2.0198602 7.02793398653 1)
(-2.3079126 7.2008860423 1)
(-5.7920313 -3.82268116515 1)
(-5.8236011 -4.21401013889 1)
(2.5783005 1.83117994526 1)
(0.28859272 2.06104673589 1)
(-3.0793463 -0.899937700915 1)
(16.344037 -4.90019235049 1)
(16.727414 -5.16482932804 1)
(17.138318 -4.95987364155 1)
(17.107801 -5.42479748879 1)
(16.6953 -5.6304893927 1)
(17.07453 -5.89103569386 1)
(16.655592 -6.09705690568 1)
(17.041403 -6.35820808171 1)
(16.621161 -6.56422638527 1)
(17.010334 -6.82645726986 1)
(16.58818 -7.03290456366 1)
(16.978352 -7.29600960736 1)
(16.55497 -7.50365094563 1)
(16.946103 -7.76670849557 1)
(1.6497501 -1.16351962679 1)
(-1.2045376 0.156688661895 1)
(-2.5498935 0.529544154219 1)
(3.1908421 1.26755311204 1)
(17.434538 -6.60778210157 1)
(-5.6738092 2.78228110609 1)
(6.0727891 4.24614250312 1)
(6.3547089 4.39026371972 1)
(1.3898265 7.92322577419 1)
(2.2322658 -3.07076072058 1)
(2.1023727 0.307788667985 1)
(0.81845726 1.64050399229 1)
(-4.587185 6.2427054548 1)
(-4.279447 6.4391006609 1)
(-4.8930792 6.04531366073 1)
(-4.2925823 6.8033703153 1)
(-3.9714656 6.63220664542 1)
(-3.9827494 6.99546964106 1)
(16.521523 -7.97522149438 1)
(16.914178 -8.23988494548 1)
(17.341769 -8.03114300738 1)
(17.309116 -8.5076907372 1)
(-0.69104201 5.41903914286 1)
(4.5740074 -11.4100617624 1)
(4.4735325 4.96832662694 1)
(-3.490082 4.13998960239 1)
(-5.7444727 -3.38938272108 1)
(0.71240059 5.11766395215 1)
(1.1454646 3.80296701405 1)
(3.604434 0.33864807671 1)
(-2.3649273 0.613891425487 1)
(-2.3836312 0.414690670282 1)
(0.3071758 -1.75412993611 1)
(-1.444863 5.2781615409 1)
(9.1717116 9.83535548103 1)
(-7.6567711 -6.51518700845 1)
(-7.716535 -6.96118879439 1)
(-7.3587248 -7.23716097958 1)
(-7.7775698 -7.4099729944 1)
(-7.4161871 -7.6872456295 1)
(-1.0495244 0.710091666653 1)
(-1.0067447 0.840368932999 1)
(-0.91442657 0.744942111607 1)
(-0.87116084 0.868935138997 1)
(-0.96141955 0.970204188094 1)
(-0.8276887 0.99385054032 1)
(-0.74002149 0.894206817531 1)
(-0.69646846 1.01625999452 1)
(-0.61482179 0.922563461391 1)
(-0.57146783 1.03725363865 1)
(-0.49217074 0.947034853297 1)
(-0.44888202 1.05688651583 1)
(-0.3712297 0.964882641058 1)
(-0.32737396 1.07755125117 1)
(-0.40750565 1.17360041584 1)
(-0.28440094 1.19327372539 1)
(-0.20502455 1.09664452631 1)
(-0.16053051 1.21132746698 1)
(-0.083883976 1.11509994277 1)
(-0.037623291 1.23026514626 1)
(0.036996674 1.13312981963 1)
(0.084903813 1.24901169613 1)
(0.16035388 1.15156493152 1)
(0.0073697664 1.34860716879 1)
(0.20794705 1.26743504265 1)
(0.28355321 1.16978060152 1)
(0.23772586 1.05695868635 1)
(0.35697735 1.07445141618 1)
(-0.65718026 0.789688006148 1)
(-0.36151203 1.29380303768 1)
(-0.91620523 1.10045293625 1)
(0.3129266 0.966770717232 1)
(0.42796584 0.982506888615 1)
(0.47382899 1.09025292844 1)
(0.54389548 0.996929947643 1)
(0.49863029 0.891167958117 1)
(0.61235387 0.904635801109 1)
(0.56822134 0.800783597606 1)
(0.68028366 0.813659845113 1)
(0.72626838 0.91865992268 1)
(0.79370888 0.825180832146 1)
(0.74641119 0.720290726098 1)
(0.86036178 0.731779874888 1)
(0.81315347 0.628480937536 1)
(0.92665525 0.63908155808 1)
(0.87944526 0.536002549721 1)
(0.99309803 0.546533955083 1)
(0.94601278 0.441938159681 1)
(1.0598245 0.453277226862 1)
(1.0118668 0.348205819644 1)
(1.1282076 0.35909885888 1)
(1.0795651 0.25112152215 1)
(1.1976903 0.263260649065 1)
(1.148212 0.153020894978 1)
(1.2705899 0.164453870506 1)
(1.2189324 0.0524890747823 1)
(1.0972887 0.0413607493193 1)
(1.1654561 -0.060850404525 1)
(1.2911448 -0.0495812239336 1)
(1.2355801 -0.162838442709 1)
(1.1111417 -0.173162670033 1)
(1.1799209 -0.274786099065 1)
(1.0580263 -0.28224755193 1)
(1.1249146 -0.384467545774 1)
(1.0041222 -0.392277663832 1)
(1.070507 -0.493427710491 1)
(0.94946613 -0.502457270527 1)
(1.0162334 -0.602313234554 1)
(0.90159742 -0.606561552819 1)
(0.96301635 -0.711533795504 1)
(0.83016827 -0.700465553319 1)
(1.1402804 -0.595255977542 1)
(1.1093607 0.55712235476 1)
(0.90692966 -0.820025089723 1)
(0.78098479 -0.826495814364 1)
(1.3215186 0.278429956045 1)
(1.3644619 -0.154783201002 1)
(0.84223442 0.935765604475 1)
(0.2016294 0.947426873161 1)
(0.85284043 -0.934788235491 1)
(0.72765562 -0.941824715691 1)
(0.65912638 -0.838723769421 1)
(0.60513966 -0.949198975079 1)
(0.98099631 -0.927588993336 1)
(0.97348536 -0.17206837125 1)
(-2.0154441 7.7062410274 1)
(5.599151 -0.568568245259 1)
(3.9832862 5.28274637409 1)
(0.33062022 1.28679703767 1)
(3.2284683 5.77618230797 1)
(6.9569687 12.5920347028 1)
(-1.1424535 -0.519528565855 1)
(-1.0408184 -0.617401814219 1)
(-1.0083038 -0.485816682448 1)
(-0.91291848 -0.579600361751 1)
(-0.94216748 -0.707225498406 1)
(-0.81848302 -0.668648032806 1)
(-0.84497472 -0.7937088959 1)
(-0.72190964 -0.759308137314 1)
(-0.7503026 -0.880841504819 1)
(-0.6270507 -0.846303325317 1)
(-0.65576035 -0.967724122058 1)
(-0.53597137 -0.932537525341 1)
(-0.5616521 -1.05553110091 1)
(-0.41944214 -1.00978665585 1)
(-0.46182327 -1.14354789484 1)
(-0.33493117 -1.10544680021 1)
(-0.36454302 -1.23701975734 1)
(-0.23491313 -1.19486491843 1)
(-0.20496099 -1.06990327643 1)
(-0.10772056 -1.1531409677 1)
(-0.073239935 -1.00603783062 1)
(0.018566829 -1.10702082602 1)
(0.060100195 -0.983945319425 1)
(2.9777777 -2.37320121122 1)
(3.2460002 -1.26432346399 1)
(7.6408331 5.60496616808 1)
(3.1610182 -2.5324367566 1)
(5.7296072 1.52049497668 1)
(2.1153438 -2.51221967248 1)
(-2.4157703 1.57262924092 1)
(-0.78965137 3.46397065596 1)
(5.7852297 7.47857679291 1)
(4.5049228 8.26011284609 1)
(9.5537384 -11.9740832332 1)
(9.5297614 -12.4282042197 1)
(7.8368706 -8.25528084502 1)
(4.495443 -1.52274187273 1)
(10.342196 -2.19232628652 1)
(3.2026028 9.04417819466 1)
(1.8041567 2.50637972687 1)
(2.0599649 -1.52209780403 1)
(2.2402042 -1.46222406427 1)
(-5.9698699 -1.26381169707 1)
(5.7459742 -8.14044981554 1)
(5.4293217 -7.92863077307 1)
(5.768942 -7.76141631732 1)
(5.4561304 -7.5526356947 1)
(5.7915532 -7.38799402867 1)
(5.4833799 -7.18160105372 1)
(5.814666 -7.01910298539 1)
(5.5101727 -6.81621788715 1)
(5.8380489 -6.65432045444 1)
(5.1709096 -6.99158774996 1)
(5.2083005 -6.618576544 1)
(4.8790853 -6.78511822347 1)
(4.9130282 -6.42217268578 1)
(4.5910927 -6.58593203116 1)
(4.6236447 -6.22500785059 1)
(4.3096169 -6.38617877637 1)
(4.9256575 -6.07419685631 1)
(6.1439073 -6.85647711558 1)
(6.1674007 -6.48984302174 1)
(6.4738818 -6.69325662613 1)
(6.4973612 -6.32490230357 1)
(6.8053019 -6.52941924428 1)
(4.3394769 -6.03921482952 1)
(4.0349587 -6.18843145396 1)
(3.9962898 -6.53492897748 1)
(3.7302742 -6.33477101833 1)
(3.7009113 -6.66800475071 1)
(3.4294888 -6.47716991211 1)
(3.4036552 -6.81091818622 1)
(3.127997 -6.62028181398 1)
(3.099159 -6.95717593162 1)
(2.8214619 -6.76534092034 1)
(2.7916221 -7.10194545478 1)
(2.5113778 -6.91179572781 1)
(2.4841427 -7.25335602418 1)
(2.2018354 -7.05950365653 1)
(2.1729945 -7.40419473104 1)
(1.8879145 -7.2078240079 1)
(1.8586785 -7.55539603033 1)
(1.5710917 -7.3575350024 1)
(6.8269478 -6.16013909385 1)
(6.521175 -5.95728405149 1)
(7.1376255 -6.36452592868 1)
(1.5411499 -7.70806071267 1)
(1.2498509 -7.50823869665 1)
(1.5986552 -7.00822556707 1)
(6.8479866 -5.7927944994 1)
(6.5440459 -5.59183205825 1)
(3.4654224 -6.12932803001 1)
(2.5431119 -6.57567343038 1)
(1.2199679 -7.86310832897 1)
(0.92169601 -7.65959021435 1)
(2.7792597 -7.43086522659 1)
(0.89420533 -8.02087153247 1)
(0.59220504 -7.81386285236 1)
(6.8679596 -5.4287784774 1)
(6.5647131 -5.23157641648 1)
(0.56416436 -8.18047766212 1)
(0.26227278 -7.97117292725 1)
(0.29098948 -7.60608719091 1)
(-0.040347559 -7.76100301644 1)
(3.6860254 -7.01914839382 1)
(6.2458216 -5.39143142611 1)
(6.2666043 -5.03809204113 1)
(5.9659103 -5.18575220939 1)
(5.9751428 -4.84563023397 1)
(5.7020344 -4.9982069811 1)
(5.1020703 -7.72419780209 1)
(4.6383581 11.3350045114 1)
(5.0107709 11.113005285 1)
(2.4325021 4.03127928224 1)
(2.6675224 6.10583731918 1)
(10.603416 8.94722808756 1)
(-2.3068527 2.83548459462 1)
(-2.5273134 2.74848069082 1)
(17.527655 -5.21866127365 1)
(5.6515089 -12.6033561782 1)
(0.94509992 -7.3006258356 1)
(14.879507 4.00046911095 1)
(14.85646 3.55893816198 1)
(14.48809 3.79895649851 1)
(14.466026 3.36047240147 1)
(14.102016 3.59785554895 1)
(11.407134 -10.8198011761 1)
(-4.4940398 0.519769322452 1)
(-1.5366302 -3.26081572728 1)
(-1.7246241 -3.0922012347 1)
(-1.6691479 -2.84043926729 1)
(-1.9081919 -2.91895607636 1)
(-1.8520437 -2.67121527384 1)
(-2.0938317 -2.7447806764 1)
(-2.0343185 -2.49756032472 1)
(-6.0423613 -5.87288935359 1)
(-7.8384831 -7.86237134211 1)
(-7.4730611 -8.14319451115 1)
(-7.8998706 -8.31893187531 1)
(-7.5313966 -8.60213478034 1)
(0.54061374 -0.847501918861 1)
(-6.5874451 5.27090533104 1)
(-6.9218373 5.04780591602 1)
(-7.3044366 5.25663084822 1)
(-0.22462648 3.27763079673 1)
(6.1103082 -11.0341381654 1)
(14.831572 3.12192274574 1)
(0.67134013 -1.05452757645 1)
(4.5463107 -1.26462425894 1)
(-0.46103788 5.28156715834 1)
(-1.3894513 0.899945676006 1)
(11.728483 -1.92491557832 1)
(-0.69230106 5.15204641933 1)
(0.96117659 0.248350840722 1)
(0.51799445 6.06587185536 1)
(0.54477408 -1.06086339906 1)
(15.998204 -4.18126913073 1)
(13.593202 -7.9391265282 1)
(4.0615275 -5.85363412694 1)
(4.3576765 -5.70677995744 1)
(4.0867688 -5.5250279766 1)
(4.3767116 -5.38155381405 1)
(4.1090917 -5.20039463448 1)
(3.8204867 -5.34432209892 1)
(4.396992 -5.05837461618 1)
(3.9359697 3.06270184996 1)
(3.9069606 12.6627557531 1)
(3.5104219 12.4495481849 1)
(3.4963048 12.0058188169 1)
(3.1198669 12.2334135284 1)
(3.1284895 12.6781063772 1)
(2.7416012 12.4589778789 1)
(2.7349248 12.0182766073 1)
(2.3576901 12.240756668 1)
(2.3529322 11.806789273 1)
(1.9773517 12.0248087879 1)
(1.9804539 12.460909445 1)
(1.5989116 12.2436331979 1)
(1.5994804 12.6859261792 1)
(1.2172021 12.4644944766 1)
(1.220024 12.0250014569 1)
(0.83775743 12.2423136716 1)
(0.83383684 12.6836132541 1)
(0.47636288 12.4610722919 1)
(12.690454 5.8899743079 1)
(-1.6432942 -8.79568089518 1)
(-2.452451 4.71450546181 1)
(9.5351023 -11.529848539 1)
(7.1744014 -5.62862085496 1)
(1.6711545 -1.80939734647 1)
(5.7976036 4.10156656019 1)
(11.602112 1.18915827139 1)
(1.3088511 -2.7711966552 1)
(16.1368 10.0750601659 1)
(14.443024 2.9263345671 1)
(14.805774 2.68719397306 1)
(1.5164771 -8.06694967753 1)
(4.977539 4.58339888148 1)
(-3.9650831 6.27031717492 1)
(-3.6628706 6.46257629159 1)
(-0.77623427 -10.7911539614 1)
(-1.165937 -10.9646514138 1)
(-0.81421554 -11.2194033201 1)
(-1.2137382 -11.3946539864 1)
(-0.8565722 -11.6531936769 1)
(-1.2625063 -11.8306277612 1)
(-1.6183318 -11.5689964157 1)
(-1.6707936 -12.0066677715 1)
(-2.0290928 -11.7444704241 1)
(-2.0815532 -12.1882973418 1)
(-2.4449811 -11.9227011759 1)
(-0.90616591 -12.0905129508 1)
(-0.49456024 -11.9109396911 1)
(-0.54560379 -12.3550109207 1)
(-0.13295075 -12.1703456916 1)
(-2.4956317 -12.3743927763 1)
(-2.8633686 -12.1038181406 1)
(-0.18036848 -12.6184123508 1)
(0.23089267 -12.4323855412 1)
(-2.9147218 -12.5602619618 1)
(-3.2847005 -12.2864349196 1)
(-3.2152229 -11.8308822536 1)
(-3.6508601 -12.0120966982 1)
(-3.5777967 -11.4958047394 1)
(-4.0194125 -11.7245917506 1)
(-4.0760674 -12.1937511808 1)
(-4.4460632 -11.9142794263 1)
(-4.3921657 -11.4543516702 1)
(-4.8167771 -11.6364845357 1)
(-4.7612799 -11.1771269205 1)
(-5.1890637 -11.3561127598 1)
(-5.2401084 -11.8209360852 1)
(-5.6177038 -11.5385751 1)
(-5.5602915 -11.0736146214 1)
(-5.9906209 -11.255433725 1)
(-6.0499167 -11.7224263898 1)
(-6.4275377 -11.4349673032 1)
(-6.4879754 -11.9066280589 1)
(-5.9306275 -10.7914986811 1)
(-6.8683932 -11.6157844898 1)
(-6.9309824 -12.0910734007 1)
(-6.5468834 -12.3832167683 1)
(-6.9933339 -12.5693408187 1)
(-7.3125063 -11.7986134504 1)
(-7.2586565 -11.2543452459 1)
(-2.1361494 -12.6331065355 1)
(-5.5018802 -10.6119272339 1)
(-5.8696367 -10.3322595409 1)
(-3.3362917 -12.7472676423 1)
(-4.4951508 -12.3772999053 1)
(0.65677862 -3.00826971419 1)
(17.014009 10.9877574729 1)
(17.44558 11.2116830132 1)
(17.424341 10.7257409902 1)
(16.6458 12.2173580269 1)
(17.077185 12.4446501743 1)
(17.489811 12.1832398857 1)
(16.891986 -2.41556181406 1)
(16.91811 -1.95663645885 1)
(17.303703 -2.20917089533 1)
(17.329239 -1.74506248368 1)
(1.7278426 -10.8190746571 1)
(2.0764153 -11.0578588487 1)
(1.6881251 -11.2397752954 1)
(2.0322604 -11.4681269225 1)
(9.390265 2.65194729206 1)
(3.6969008 -12.6838953246 1)
(11.758756 9.61881532442 1)
(17.151076 2.50307823649 1)
(17.123357 2.0388102786 1)
(17.539408 2.2507888014 1)
(17.511564 1.78501308037 1)
(17.094837 1.57741413192 1)
(17.483022 1.32067033088 1)
(13.249605 8.62770753034 1)
(16.331323 2.09083790756 1)
(17.719236 -2.00087601108 1)
(17.744967 -1.5322235585 1)
(8.6277237 -3.71421419104 1)
(9.8846897 -4.51853330964 1)
(-1.5434758 0.864144152922 1)
(6.2243138 -3.28344150962 1)
(12.59145 0.921543816965 1)
(8.1996543 2.75553259977 1)
(0.54130505 8.12775431548 1)
(0.25387614 8.30713611362 1)
(8.4000442 10.2553484175 1)
(9.1808601 -5.27224512697 1)
(16.487957 -8.44648687355 1)
(13.074123 -3.98730943983 1)
(10.75043 -7.99823074085 1)
(10.726061 -8.4263760657 1)
(11.111705 -8.23037430415 1)
(11.087308 -8.66166037889 1)
(10.700475 -8.85630920826 1)
(11.474486 -8.46619910586 1)
(11.497897 -8.0326510449 1)
(7.1152635 -6.73823924686 1)
(7.4530446 -6.57187283713 1)
(-1.1796895 10.8145830142 1)
(-1.5392957 11.0137651063 1)
(-1.1831601 11.2286983796 1)
(-1.5508406 11.4330841763 1)
(-1.1910369 11.6474124188 1)
(-1.565173 11.8548467798 1)
(-1.9289417 11.6353837003 1)
(-1.9411485 12.0677548506 1)
(-2.3156601 11.8406151021 1)
(-2.3270536 12.2812765381 1)
(-2.7059303 12.049673175 1)
(-1.5633231 12.2710401138 1)
(-2.7179524 12.4968708209 1)
(-3.1004951 12.2618469534 1)
(10.975994 7.01666795049 1)
(11.610942 2.35418769705 1)
(4.6663688 12.6469825654 1)
(15.718052 5.30440532555 1)
(-6.1899481 -4.37851996275 1)
(0.56101387 2.65393015993 1)
(1.8782531 6.65324009603 1)
(0.45100556 12.9065495131 1)
(-0.14051618 0.988838763218 1)
(9.231602 4.25410834142 1)
(0.31832677 -10.6834644207 1)
(0.28192656 6.21895499453 1)
(-0.32059258 -6.19552268396 1)
(-0.61662771 -6.34559540951 1)
(-0.8959579 -6.16033435474 1)
(-0.91912956 -6.49830790148 1)
(-1.2035817 -6.30800232715 1)
(-1.2269336 -6.65283093405 1)
(-1.5183245 -6.45784669539 1)
(-1.5404986 -6.8101328309 1)
(-1.8374004 -6.61139051974 1)
(-1.8598364 -6.97063457519 1)
(-2.1584695 -6.7687670895 1)
(-1.5591534 -7.16970165194 1)
(-1.8845527 -7.33462734717 1)
(-6.7775316 0.109272339298 1)
(-7.1242076 -0.0461016237666 1)
(-7.0817259 0.339457431844 1)
(-7.4398381 0.18863906667 1)
(-7.481293 -0.210167597369 1)
(0.97318224 3.94741952831 1)
(7.0548272 2.19023083852 1)
(9.5927644 6.26360713964 1)
(-2.6151818 1.49628677979 1)
(-2.5790767 1.71556942839 1)
(-3.5028761 2.45558414465 1)
(-3.733347 2.59491829647 1)
(-2.1350166 -6.40964870467 1)
(-2.4579481 -6.56676098073 1)
(-2.4317753 -6.20864474256 1)
(-2.7551533 -6.36279080561 1)
(-2.7297961 -6.00622568762 1)
(-3.0534736 -6.16021245108 1)
(-2.7996719 -6.71333314748 1)
(-3.0258211 -5.80278776794 1)
(-3.3537101 -5.95947106196 1)
(-3.327793 -5.59916508649 1)
(-3.6535774 -5.75674078407 1)
(-3.624829 -5.39576879844 1)
(-3.9552892 -5.55371747124 1)
(-3.9818987 -5.89500140088 1)
(-3.9215044 -5.18414042186 1)
(-4.2583861 -5.34826304025 1)
(-2.3340474 12.7305920333 1)
(-5.4005392 4.00542885757 1)
(6.3712241 4.70944234086 1)
(6.6422376 4.53595940633 1)
(-6.6265844 3.40665630588 1)
(-0.46776221 5.01575465269 1)
(-3.0897001 11.8185286665 1)
(-3.4831121 12.0251450616 1)
(-3.4974203 12.4751857933 1)
(-3.8825202 12.2361474048 1)
(-3.8607382 11.7053372928 1)
(-4.2674431 11.9837541128 1)
(-4.2844151 12.4488021522 1)
(-4.670372 12.2030978394 1)
(-4.6511039 11.7493409581 1)
(-5.0550557 11.9586552158 1)
(-5.0333436 11.5038393154 1)
(-5.4400986 11.7126350719 1)
(-5.46288 12.1727574852 1)
(-5.8513469 11.9218734084 1)
(-5.8282979 11.461193002 1)
(-6.2412425 11.670155388 1)
(-6.2203659 11.2104366218 1)
(-6.6327429 11.419124044 1)
(-6.6116222 10.9554227158 1)
(-6.650073 11.8914132031 1)
(-7.0235254 11.1656963738 1)
(-7.0013947 10.6971915668 1)
(-7.4183345 10.9120109117 1)
(-7.3936696 10.4426753245 1)
(-6.977581 10.2292172683 1)
(-7.3759429 9.9862861079 1)
(-5.8162736 10.9996283609 1)
(-4.6884929 12.6651079081 1)
(-5.8689833 12.3942679413 1)
(-4.1602022 -2.22918227813 1)
(-7.4421305 11.384126094 1)
(-4.5784267 -8.85261887471 1)
(4.5966824 -9.83185384234 1)
(-5.9338747 -7.81941127897 1)
(2.9785212 6.85782317229 1)
(0.50105696 -3.6662118327 1)
(3.8809764 9.78127891303 1)
(-1.7761016 -0.254648807649 1)
(-1.8949762 -0.1269908213 1)
(-1.9452826 -0.298353488077 1)
(-4.272496 4.59932070924 1)
(0.58954255 1.10580030761 1)
(1.9837785 12.9069657273 1)
(-0.82610797 11.4441305243 1)
(2.1492238 -7.74481909665 1)
(7.983265 1.12644175184 1)
(8.281129 1.28677698384 1)
(8.5703319 1.10759393714 1)
(-2.3089814 6.86572235625 1)
(5.1363714 9.00216094444 1)
(17.042405 -12.6020381195 1)
(17.480143 -12.3794560966 1)
(-6.0537632 8.60372047566 1)
(-6.4164003 8.37350956637 1)
(-2.0707058 -0.16288701267 1)
(-2.1210391 -0.340691543867 1)
(4.2984174 5.99808737809 1)
(16.22916 -0.13758955152 1)
(2.6489335 0.660429534554 1)
(1.423454 3.30763709037 1)
(-3.1649268 5.16176949961 1)
(-3.3816424 -6.3226989069 1)
(1.0634147 -5.43736320558 1)
(-7.1796814 -3.7100766835 1)
(-7.2251354 -4.11295411601 1)
(-7.5657731 -3.88175310619 1)
(-7.6086559 -4.30479682329 1)
(-1.7119611 7.87423295535 1)
(16.606122 -0.376329903796 1)
(-6.979704 -2.06687705914 1)
(13.13852 6.93093138576 1)
(7.6528133 -0.0353659860109 1)
(7.6332516 -0.377852221773 1)
(17.528443 -11.4027237929 1)
(17.553659 -10.9138373484 1)
(-7.8071583 0.0303961198831 1)
(-7.8499478 -0.375012947525 1)
(4.1700237 1.18179459312 1)
(4.3528474 1.02538076246 1)
(4.4001409 1.26613103717 1)
(1.5994212 -4.325525716 1)
(14.569794 -2.26705751385 1)
(3.4951573 1.73348694134 1)
(3.1961396 -1.48854108706 1)
(1.3699777 -3.34947824754 1)
(4.5880551 1.10287153791 1)
(1.152101 1.87643402411 1)
(2.844363 2.31085825478 1)
(-1.6825882 -1.45312213366 1)
(-1.7299585 -1.64592334111 1)
(-1.8793576 -1.50928656683 1)
(2.2274354 2.83499462772 1)
(2.8775315 1.560873502 1)
(4.147417 0.081400708455 1)
(4.1944522 -1.85627483583 1)
(-0.071244663 -8.12745313638 1)
(-3.7519867 -0.963433899713 1)
(-3.3903575 0.140370324441 1)
(-3.9817855 2.49315108357 1)
(1.3984324 0.177387381153 1)
(1.4516048 0.299174114213 1)
(0.30629276 -4.97832938887 1)
(-2.4341141 3.45951218103 1)
(3.3660623 -1.64920191252 1)
(2.5354978 0.127345276542 1)
(-0.7624112 2.32569607148 1)
(-0.5957011 -12.8052973948 1)
(-0.19335192 -3.92335955305 1)
(1.7970385 -3.20869261034 1)
(-2.3788937 -11.4772934816 1)
(-3.2371684 -9.87538756861 1)
(3.3231338 -8.92581997653 1)
(-5.4719554 -4.04789183436 1)
(-5.5029397 -4.43471060737 1)
(8.5814446 1.45062424494 1)
(8.8745757 1.26867957701 1)
(2.1214379 1.12417217352 1)
(-0.86770619 -0.453899887913 1)
(-0.96886134 -0.364416356381 1)
(-0.0062843486 -1.24027636747 1)
(-7.9628757 -4.0510040304 1)
(-8.0046981 -4.49194575241 1)
(-7.8599107 -3.61991379673 1)
(-4.2980994 12.9134357045 1)
(3.798515 -11.8043088668 1)
(-1.4620747 2.10650404355 1)
(17.511297 12.6730738267 1)
(0.34184 -2.22206861962 1)
(2.4412698 -0.546365519953 1)
(-7.9622326 -8.77986888344 1)
(-7.5918244 -9.06227531555 1)
(-7.1625032 -8.88430041592 1)
(11.87573 -8.26995122361 1)
(11.887375 -7.83462485998 1)
(1.6070483 1.49748539769 1)
(0.83808104 -0.513429932046 1)
(-2.2748966 -2.57125086468 1)
(-2.2197309 -2.32354199754 1)
(4.4643808 -12.7424990398 1)
(4.6385359 1.34660291916 1)
(4.4434962 1.52230563796 1)
(0.59137328 -0.743281279401 1)
(-0.37604369 -7.91536485398 1)
(-0.20312008 -0.937202598098 1)
(-4.2294378 -4.97957475839 1)
(0.24901416 1.38756875452 1)
(-0.49283551 1.27083782357 1)
(-0.44471095 1.39935449253 1)
(0.20283569 3.62684237239 1)
(0.97541743 0.743745720653 1)
(11.0709 -9.09494654119 1)
(10.67204 -9.29263454097 1)
(1.3585545 6.98107668438 1)
(7.6564868 -4.21296878931 1)
(6.6245438 4.21381896747 1)
(6.9146656 4.35950525703 1)
(7.6886987 0.969361570529 1)
(12.109888 -12.739537422 1)
(12.535059 -12.5222199165 1)
(-7.2713742 4.83394512217 1)
(-7.6224389 4.98747623755 1)
(1.2491451 -0.378445937298 1)
(2.796254 0.532318007554 1)
(6.3889432 -0.146887242624 1)
(0.99279706 -1.98333443394 1)
(7.3531279 12.8084315604 1)
(5.6941974 -4.65803696029 1)
(-6.2823429 5.45968524524 1)
(5.9925646 -4.50583835243 1)
(11.876047 -8.70641413097 1)
(-7.2214967 -9.34285123677 1)
(-7.6519892 -9.52518641608 1)
(6.0557418 3.93529617038 1)
(3.3242789 -12.4284479535 1)
(3.2864156 -12.8754159595 1)
(2.9200638 -12.6381556435 1)
(2.8774458 -13.0758955662 1)
(2.5007171 -12.8204402815 1)
(1.7173267 -2.63112144508 1)
(16.663855 12.7057942003 1)
(-7.6945607 -11.5050161213 1)
(-7.7592253 -11.9840150326 1)
(17.93039 1.99402255117 1)
(17.957487 2.46453263415 1)
(1.5374249 9.26702547225 1)
(1.8587244 9.07630743486 1)
(3.9470419 -1.93414360923 1)
(1.6528315 -11.6297304351 1)
(1.5462286 10.4261162748 1)
(4.9271121 -10.0560655396 1)
(4.1394994 -2.11087068751 1)
(13.676664 1.46060071846 1)
(-4.2947124 -3.52701782843 1)
(-6.7951579 -9.16241882138 1)
(-1.329393 -3.4267239603 1)
(-0.42177454 0.845728218569 1)
(-0.58274842 1.37666756461 1)
(3.0279306 -1.33760490414 1)
(-7.7890257 10.1887429583 1)
(-7.7701427 9.72966527451 1)
(0.83952266 0.444356736945 1)
(1.3119174 2.70563956204 1)
(-0.41529618 4.23171799352 1)
(14.842203 -7.31437419873 1)
(-0.22454908 -13.0732470974 1)
(-4.5713893 5.88074098728 1)
(-4.8688176 5.68390684921 1)
(-4.6400798 11.2831965717 1)
(3.5361328 -4.22334755123 1)
(11.691084 -3.09751602575 1)
(2.9793202 -1.55891684854 1)
(-2.5991143 7.03428490985 1)
(-2.6027779 7.37233654796 1)
(-2.5979155 6.69908953068 1)
(9.9428822 -12.2202976212 1)
(9.9162526 -12.6846962513 1)
(-2.3432181 2.59918534475 1)
(-2.559582 2.51326168895 1)
(-0.7800968 -1.00694005222 1)
(0.050981044 12.6276212859 1)
(0.69329351 0.614908474722 1)
(1.1848099 4.02489640103 1)
(1.3589407 3.87759463088 1)
(0.53106563 10.624362798 1)
(-0.5675275 -1.81431322797 1)
(9.499113 -12.8921578538 1)
(-1.4958223 1.01901279685 1)
(0.45823878 0.788184310436 1)
(16.601909 -12.8184594829 1)
(17.739901 -8.29735164989 1)
(17.706927 -8.77779424759 1)
(17.273765 -8.98783983944 1)
(11.678609 -12.9531261021 1)
(0.86904596 -8.3887229641 1)
(-6.6082138 -12.8620298257 1)
(-7.0560306 -13.0499536743 1)
(3.6383904 -13.1316667961 1)
(-0.69646605 -0.633738590134 1)
(1.5328467 0.188352584844 1)
(1.5900859 0.313379427341 1)
(1.5053351 0.428081271844 1)
(0.18846416 -3.12770898409 1)
(0.53342515 -8.5517794983 1)
(17.680167 -9.27528484506 1)
(-8.0749698 -6.68440411772 1)
(-8.0536016 -6.25327218382 1)
(17.926277 12.410421514 1)
(17.95266 12.8929636826 1)
(14.20612 -2.02835807491 1)
(-6.3092747 5.06920612913 1)
(-3.4868931 2.71456024586 1)
(-0.262553 -1.33296914042 1)
(-0.087436179 2.56039034084 1)
(-2.7315757 12.951053838 1)
(-7.8412096 11.1262557352 1)
(-7.8655047 11.6054780208 1)
(-2.0080502 8.0453919699 1)
(2.8941739 10.4108153935 1)
(6.4492498 -7.05853250216 1)
(7.805509 8.96782399245 1)
(7.464009 9.18015962539 1)
(8.1458483 8.75442170939 1)
(5.4684984 -1.770702407 1)
(2.2057586 -1.65140044283 1)
(-3.6995591 2.86322886675 1)
(-2.2090271 0.490205642706 1)
(-1.5816068 -7.52893745165 1)
(-1.9087906 -7.70428858805 1)
(16.281812 -5.78937730228 1)
(0.43474369 11.9534046572 1)
(0.92425946 -1.04434136685 1)
(1.0529892 -1.04092392648 1)
(-2.4152325 -4.77001965998 1)
(-4.318707 -3.87041582898 1)
(-3.1162685 -1.68444027408 1)
(-2.8923312 -1.57840310195 1)
(-0.33633046 -6.53039192194 1)
(3.609695 -3.38089747527 1)
(-2.9626947 -13.0234261392 1)
(3.241891 10.5949058864 1)
(17.454661 -12.8708957626 1)
(17.894294 -12.6470531118 1)
(-0.49902167 -0.810367287911 1)
(6.9718297 13.0455669176 1)
(-2.9129221 -1.82354925026 1)
(-2.6938619 -1.73965803787 1)
(-2.6847367 -1.43363678813 1)
(0.38061501 1.40867204079 1)
(0.29381935 1.51364536845 1)
(0.12297618 -1.1955353386 1)
(6.6588956 4.86122878023 1)
(7.1088542 8.98985869515 1)
(7.1224818 9.38966355952 1)
(-3.0928486 -3.28529088146 1)
(0.055598548 13.1234514905 1)
(-4.338561 -10.9988896999 1)
(-1.7954359 -2.43032810881 1)
(7.4293078 -6.95007012599 1)
(7.7718077 -6.78031210994 1)
(7.7945922 -6.39969212262 1)
(8.1158002 -6.60878406609 1)
(8.1391161 -6.22412829392 1)
(2.5997951 -3.88448880227 1)
(-1.9305732 5.87072339242 1)
(0.47336266 -0.737989697129 1)
(0.42685634 -0.850158854368 1)
(-5.4444998 -10.1555002803 1)
(17.852719 10.9502413494 1)
(17.829758 10.4624240178 1)
(-3.458272 -4.05750250742 1)
(17.245526 -9.48773436929 1)
(0.55447656 8.47105107485 1)
(1.5977513 13.1354196963 1)
(-0.85263347 -0.332888091168 1)
(-0.9340766 -0.254138348578 1)
(-7.7437139 0.420847924165 1)
(-8.1781175 0.323602848536 1)
(8.0913321 7.57230035552 1)
(8.4378191 7.75476021785 1)
(0.260498 8.65309907554 1)
(4.3867908 -2.03308766458 1)
(0.61763705 -1.16936096785 1)
(17.965313 -11.1799465495 1)
(17.990293 -10.6896311309 1)
(-1.7789706 -3.34341663982 1)
(-1.1810397 -2.67865336135 1)
(18.110501 -9.0510390311 1)
(5.7760694 3.80777472517 1)
(6.0103018 3.5904433414 1)
(-3.4475568 2.96548553363 1)
(-0.00061290142 -4.09480803006 1)
(7.7003002 1.29988166104 1)
(-4.564924 -5.14245022982 1)
(-6.9574966 2.09114522553 1)
(-6.6371888 1.91310140592 1)
(-6.9505315 1.72779602768 1)
(-7.6118411 4.59513762398 1)
(-7.976644 4.76052137857 1)
(-8.001152 5.18086901091 1)
(-3.3933181 1.50898214942 1)
(10.99839 -11.0271381385 1)
(-2.3738775 2.37091850017 1)
(-6.3266704 2.09205646484 1)
(-6.9653618 4.60769184503 1)
(2.6608822 -2.91862358308 1)
(3.5193879 0.96655435648 1)
(5.5242614 3.96144579247 1)
(-5.052731 -6.64383380039 1)
(-2.3135289 -2.83867202071 1)
(14.231858 -1.59489756958 1)
(13.845778 -1.7904349319 1)
(13.870446 -1.36144812744 1)
(13.489112 -1.55524862603 1)
(13.519314 -1.12201160863 1)
(13.137416 -1.32070006071 1)
(13.167533 -0.891848369594 1)
(12.789003 -1.08724196199 1)
(12.811193 -0.673975410173 1)
(12.443899 -0.859214588312 1)
(12.464897 -0.451868389618 1)
(12.103889 -0.634215717285 1)
(12.125318 -0.231692024494 1)
(11.767854 -0.411560231987 1)
(-8.3638192 1.59979209448 1)
(-0.94112099 -6.8362422522 1)
(2.4267965 -11.2986733598 1)
(18.138892 -1.79067150004 1)
(18.111772 -2.26118044652 1)
(18.164646 -1.31981702877 1)
(-6.4335503 8.79753085576 1)
(-6.7968165 8.5826309953 1)
(-0.34440696 7.01223234822 1)
(0.53712353 6.3497512927 1)
(6.5110075 11.0625176179 1)
(6.1355117 10.8612684955 1)
(5.9544559 -5.53202682882 1)
(12.506885 -13.0026761882 1)
(12.936909 -12.7849962307 1)
(-3.5387041 8.52801336753 1)
(14.119595 4.04696434307 1)
(13.738844 3.83177144069 1)
(13.715482 3.40772183807 1)
(13.361036 3.63866931349 1)
(13.380486 4.06732055954 1)
(13.009157 3.8697742086 1)
(12.988087 3.44993782395 1)
(12.638901 3.67223881662 1)
(12.658633 4.09036491797 1)
(12.294208 3.8978347544 1)
(12.312525 4.30391121576 1)
(11.951194 4.11588295496 1)
(11.973155 4.51589990575 1)
(11.612736 4.33621836979 1)
(11.93291 3.71184868997 1)
(12.619515 3.26226220996 1)
(6.5816289 -4.87752016672 1)
(6.4948916 10.6337422183 1)
(6.120955 10.4371078345 1)
(-7.2781568 -9.80745613332 1)
(-7.7117663 -9.99209132255 1)
(-3.3907125 -13.2138639058 1)
(4.8306142 1.18332420024 1)
(4.7665498 0.93629089208 1)
(4.8823279 1.43319149998 1)
(9.3528311 -7.49893367435 1)
(-6.6322673 1.54788843425 1)
(6.4245592 6.71579035283 1)
(6.4134549 6.35810440902 1)
(6.1122737 6.54574968299 1)
(6.1017358 6.19627780419 1)
(5.8063924 6.37923558146 1)
(-7.2767846 -4.52878895004 1)
(-0.69538458 4.89058857092 1)
(8.4927101 -0.975739653432 1)
(8.4750534 -1.32850883913 1)
(8.1809497 -1.13767216091 1)
(8.1629857 -1.48682941737 1)
(8.45528 -1.67878445463 1)
(7.8705326 -1.28748360385 1)
(8.1432458 -1.83676480674 1)
(8.4359657 -2.02956811314 1)
(8.1220921 -2.18689606516 1)
(7.8313958 -1.99508517791 1)
(8.4169317 -2.38195862253 1)
(3.8941617 -2.19080095417 1)
(8.4624418 -6.43600205378 1)
(11.30019 8.05078602574 1)
(16.627841 0.0667714655546 1)
(17.004905 -0.166320462908 1)
(6.9745477 -10.2682754244 1)
(8.8855485 1.61606519017 1)
(9.1831195 1.43191023891 1)
(-2.164382 2.45311207784 1)
(13.04177 -9.94090950073 1)
(-2.8948515 -10.1350156682 1)
(0.27656258 -11.985728107 1)
(4.6296317 10.9087741564 1)
(4.9875448 10.6885772882 1)
(11.652804 6.19137226004 1)
(16.096664 -8.18259647744 1)
(16.062938 -8.65260702659 1)
(15.672727 -3.02177972405 1)
(8.2960198 1.60815887811 1)
(17.402728 10.2384949547 1)
(17.811216 9.97477979458 1)
(17.381149 9.75069359818 1)
(17.789097 9.48817365801 1)
(17.360375 9.26079171793 1)
(17.766578 9.00265172424 1)
(17.339371 8.77576972124 1)
(17.74391 8.51912510854 1)
(17.315343 8.29733912338 1)
(17.72137 8.03759958007 1)
(17.293699 7.81814699042 1)
(16.891222 8.0758104797 1)
(16.868974 7.60094283792 1)
(17.271545 7.33648445171 1)
(16.469052 7.85519593277 1)
(16.448189 7.38464275921 1)
(16.053754 7.6373264771 1)
(16.489824 8.3241889277 1)
(16.031847 7.16953629627 1)
(15.641534 7.42042830198 1)
(16.424736 6.91820247562 1)
(15.661135 7.88522826233 1)
(15.252281 7.6700600557 1)
(15.270899 8.13037948215 1)
(14.864532 7.91744775404 1)
(15.232566 7.20646849013 1)
(-0.35277105 12.8946504803 1)
(-0.53651252 1.5090553591 1)
(-0.39242061 1.5324389946 1)
(11.628817 4.75448895966 1)
(11.26835 4.54000319431 1)
(11.257745 4.15428919589 1)
(10.926205 4.36690004221 1)
(-2.2780732 11.4107823144 1)
(-4.7096854 13.1333699497 1)
(-6.373434 -5.61020825016 1)
(16.192884 -12.5548604174 1)
(16.16333 -13.0393143162 1)
(15.757034 -12.7800675016 1)
(8.0629431 -10.1283888682 1)
(15.366499 11.543416059 1)
(15.385776 12.0202891496 1)
(14.957252 11.800986197 1)
(14.977509 12.2778161526 1)
(14.550815 12.0541570581 1)
(14.568738 12.5330948968 1)
(14.142278 12.3101508161 1)
(14.14851 12.7888453409 1)
(13.732846 12.5655050869 1)
(13.716228 12.0841057137 1)
(13.316003 12.3281041711 1)
(13.291227 11.8606607792 1)
(12.895992 12.1012619146 1)
(12.873232 11.6386944503 1)
(12.472507 11.8897621324 1)
(12.467629 12.4063149537 1)
(12.05689 12.1314576956 1)
(12.053311 11.6701897587 1)
(11.654944 11.9178848145 1)
(11.657583 12.3704086972 1)
(11.255954 12.162920797 1)
(11.258174 12.6155085411 1)
(10.85393 12.4094979776 1)
(14.986963 12.7615182553 1)
(11.683962 12.8435688408 1)
(13.244367 12.8268404577 1)
(10.857784 12.862590128 1)
(10.452522 12.6562766567 1)
(10.843665 11.9445345524 1)
(11.641592 11.4531482306 1)
(12.036492 11.2074819442 1)
(13.271006 11.3884117467 1)
(-6.1609649 -12.6749722982 1)
(-2.4614474 -2.41326317057 1)
(9.4601991 -0.121039949988 1)
(9.4733337 0.239413469787 1)
(9.7812987 0.0470311153458 1)
(9.7957497 0.412833436452 1)
(10.1073 0.217163229185 1)
(10.121261 0.587066468564 1)
(10.435565 0.389121775866 1)
(9.6125437 -8.56536928433 1)
(17.517953 13.2262350933 1)
(4.6641164 -5.23754850053 1)
(4.6847927 -4.91325491854 1)
(14.631114 -11.0041699148 1)
(15.087537 -9.90714689532 1)
(7.1935623 -5.26369960967 1)
(7.5007411 -5.46193605793 1)
(-0.25043549 -4.17779620383 1)
(16.099173 5.06127869299 1)
(16.127089 5.50383183008 1)
(16.507255 5.26717329006 1)
(17.772247 -7.81812055931 1)
(5.7144937 -4.33145838564 1)
(-3.6539962 6.1111844698 1)
(17.557207 -4.750002408 1)
(17.950831 -5.0101435133 1)
(17.980503 -4.53654034829 1)
(17.917781 -5.47937398816 1)
(-1.5099652 -10.7072579978 1)
(-4.3048337 13.3729935788 1)
(-1.5016445 -6.10819523153 1)
(-7.9473795 4.34166946692 1)
(5.8039535 12.4003069485 1)
(7.9956047 -11.8694583015 1)
(12.431842 7.80095305155 1)
(-2.8999321 7.20326093993 1)
(-2.8996317 7.55174540124 1)
(10.826074 -6.34465639088 1)
(4.5282332 -6.95587368134 1)
(0.097176009 -1.33124943181 1)
(6.3010664 2.68602263158 1)
(11.78896 -0.0140276249915 1)
(11.435218 -0.193741381497 1)
(2.8307803 0.729186915757 1)
(2.9830267 0.602491594099 1)
(2.957393 0.390775197634 1)
(6.7662405 9.20049364197 1)
(-1.6540496 0.986386002404 1)
(-1.7032512 0.825119150008 1)
(5.2966577 -9.88373009276 1)
(7.7384182 12.5662027483 1)
(7.7582468 13.0236949128 1)
(8.1474962 12.7762604369 1)
(8.1674596 13.2395261538 1)
(8.5577482 12.9954698032 1)
(6.5897854 -2.46501179983 1)
(2.4662058 -13.2801530357 1)
(2.0820246 -13.0185370434 1)
(8.7350321 -2.22240651322 1)
(8.7163693 -2.57990499591 1)
(17.868371 -13.1406681578 1)
(10.466769 13.1268359542 1)
(10.066431 12.9051223275 1)
(10.042685 12.4373706007 1)
(-0.40954549 -8.28711358273 1)
(-3.947469 9.93282746389 1)
(0.53513695 -0.650242876293 1)
(18.234799 9.17470979755 1)
(1.0099541 4.17112923484 1)
(0.79539322 4.09105510419 1)
(0.83264473 4.31919116579 1)
(0.61228439 4.23636408385 1)
(-1.9946016 -0.47542502269 1)
(-2.1696758 -0.523351496185 1)
(-2.2215021 -7.49717092516 1)
(-2.2483926 -7.87592670081 1)
(-2.5671826 -7.66236106226 1)
(14.179896 -2.46216805891 1)
(14.542743 -2.70082155247 1)
(-3.7461333 0.625625194127 1)
(12.258746 -8.07108467583 1)
(12.274261 -7.63560751813 1)
(11.909111 -7.40038326056 1)
(12.293535 -7.20234571055 1)
(11.932 -6.96830590914 1)
(6.3807385 5.03070199777 1)
(3.114375 -2.77251351216 1)
(3.3495082 -2.69297603874 1)
(-2.3395816 13.1875915553 1)
(9.889159 -13.1528129921 1)
(6.8963007 4.03501038278 1)
(7.1895288 4.18185388715 1)
(7.2076077 4.51131758144 1)
(4.567449 -10.2253792788 1)
(-0.044939295 8.48603995916 1)
(-5.1951476 5.84472957742 1)
(-5.1679907 5.48461353936 1)
(-8.0875079 -9.70798380262 1)
(-8.1495524 -10.1787382538 1)
(10.939195 13.3359642829 1)
(-0.39976918 -1.37586577744 1)
(0.18610034 10.8241385316 1)
(-1.9319115 -1.70731090591 1)
(4.3532858 -1.09371194498 1)
(4.5963607 -1.00637270188 1)
(-1.0558921 1.07640285858 1)
(-1.0080385 1.21304357377 1)
(0.22884862 -1.28527493171 1)
(8.4216852 7.36232646169 1)
(8.7694471 7.54431999617 1)
(8.7893784 7.93667147328 1)
(9.1242429 7.72584283794 1)
(9.1439467 8.12441594071 1)
(9.4826219 7.91016974108 1)
(8.7514396 7.1516422834 1)
(-0.38110599 -2.68267807187 1)
(12.359315 4.7277424902 1)
(1.6481026 0.443376911351 1)
(-8.3684344 -4.23199830192 1)
(-8.4100788 -4.67758819244 1)
(16.200457 -6.77713300362 1)
(-4.5848219 -5.49956174481 1)
(-4.9027661 -5.29553562668 1)
(-1.7005546 8.21316230217 1)
(-6.2218616 -13.1544850057 1)
(-5.7745036 -12.9663445451 1)
(-4.3597135 1.36468642112 1)
(-1.4384757 6.42701135644 1)
(-0.96828434 -0.834852337252 1)
(1.99218 13.3592528468 1)
(9.462683 7.50832949765 1)
(9.8226442 7.69223372847 1)
(7.4079822 1.14447167784 1)
(7.3980383 0.817999723915 1)
(10.422884 0.0226284568146 1)
(-4.3034762 7.16713328667 1)
(-4.0162755 7.35158565205 1)
(11.048721 -9.53316327437 1)
(10.656051 -9.74877111432 1)
(10.278121 -9.49238154549 1)
(10.261713 -9.94885841575 1)
(9.8855626 -9.68965113154 1)
(9.858914 -10.1282737518 1)
(9.4915502 -9.8806775096 1)
(-1.8379943 0.0282988992275 1)
(17.41111 -13.3286451591 1)
(-0.82642625 -0.228918525559 1)
(-0.90030054 -0.150705634713 1)
(-1.0217278 -0.153669986041 1)
(-0.78622406 -0.130853225196 1)
(-0.86741804 -0.0543496074293 1)
(-0.64467662 -13.2616270036 1)
(1.9953124 11.506135372 1)
(4.9661599 -11.2197997867 1)
(1.4871403 -1.22060392943 1)
(1.5195812 -1.05138365891 1)
(-8.0412473 -4.93618081766 1)
(-8.2471491 -7.55723541882 1)
(8.1625551 9.15906265757 1)
(8.5030306 8.94251501742 1)
(4.7470038 -1.43969428037 1)
(-0.59770102 -1.18145944645 1)
(12.313604 -6.77189553679 1)
(9.0382041 -2.4177175036 1)
(9.0184622 -2.78304585932 1)
(9.3465037 -2.61657890756 1)
(9.3259046 -2.98731590764 1)
(7.3577705 -0.194213867962 1)
(7.3388046 -0.528639583668 1)
(4.1343982 -4.8746428389 1)
(0.36570483 -0.760358009866 1)
(-2.7496773 2.66035733674 1)
(-2.2483593 -0.214074318274 1)
(1.3997363 4.10340994355 1)
(7.5114663 9.56107285562 1)
(14.419212 2.49265195584 1)
(14.780706 2.25342084734 1)
(4.2583214 11.1238201315 1)
(18.352769 2.20554202131 1)
(18.324095 1.73476186441 1)
(18.378616 2.6789181045 1)
(-2.784711 2.43077585772 1)
(12.905715 -13.2612763553 1)
(13.340415 -13.0483848711 1)
(13.367439 -12.5659708045 1)
(13.772438 -12.8298907368 1)
(13.797844 -12.3472748306 1)
(14.189298 -12.6098633617 1)
(14.135819 -13.1186250893 1)
(1.295652 -11.4180193757 1)
(10.333287 -12.4754837085 1)
(-8.1329524 -11.6878282952 1)
(-8.2110179 -12.1392352157 1)
(6.0074226 -4.16807026497 1)
(-3.2917085 -10.3039426291 1)
(3.2049686 -2.29398133654 1)
(-4.5509887 5.52799647911 1)
(18.358361 12.6244183707 1)
(18.34315 12.1430230369 1)
(18.415553 13.1647363664 1)
(-2.7878766 1.63060167289 1)
(-8.4441605 -6.41143271138 1)
(-0.26897466 -13.5342261177 1)
(0.13727617 -13.3402075471 1)
(-8.449113 -5.12650274803 1)
(-0.75257368 -0.301575993275 1)
(1.1275202 -0.926194125294 1)
(18.37759 -4.79979355215 1)
(18.392865 -4.32240719032 1)
(12.965449 3.03708224164 1)
(10.90921 3.97727490095 1)
(10.583131 4.18619023828 1)
(16.011365 6.70435223767 1)
(0.6199382 -12.2565182053 1)
(18.151349 8.25929851267 1)
(18.128416 7.77509026349 1)
(-8.1859755 9.93066375541 1)
(-8.1567349 9.45746225724 1)
(13.30267 -13.5072561531 1)
(18.246767 10.1983218085 1)
(-4.5387782 -4.77223780894 1)
(16.527145 5.72791976195 1)
(16.917673 5.47890778617 1)
(16.982377 5.96425374887 1)
(17.350088 5.67763285117 1)
(17.309255 5.22342086734 1)
(17.731914 5.43532193059 1)
(17.705932 4.96384240217 1)
(17.751661 5.90979825211 1)
(18.128629 5.18097667371 1)
(18.104458 4.70434147638 1)
(1.6730558 0.197666842478 1)
(1.6122853 0.0756624407131 1)
(-1.6020619 -1.78557073205 1)
(-0.29042985 -1.47782690035 1)
(-8.2698637 11.3432722816 1)
(-8.2885046 11.8262768465 1)
(-7.8845289 12.0885699106 1)
(-8.3109841 12.3111269018 1)
(-7.9054274 12.574023654 1)
(-8.3289455 12.7987863439 1)
(-7.9279345 13.0617719609 1)
(-7.4937721 12.8369585546 1)
(-7.517301 13.3248591678 1)
(-7.0831726 13.0990731726 1)
(-8.385053 13.3353413358 1)
(-5.7839039 -9.88478804976 1)
(18.173234 -8.08479471843 1)
(18.205677 -7.60201359253 1)
(-1.1530826 1.18615281781 1)
(7.7453789 -7.1593196592 1)
(7.401158 -7.33515132235 1)
(1.5376888 8.89524560532 1)
(1.8494482 8.70782528157 1)
(0.3016539 6.50619956739 1)
(-4.3172174 10.1300676895 1)
(-3.9580209 10.3541295441 1)
(-4.6758459 9.90522857145 1)
(-6.9448787 1.36728654377 1)
(-0.039238682 8.83738297338 1)
(-0.35050293 8.66494694323 1)
(-0.71773983 -8.07187264069 1)
(14.153829 -2.8951207638 1)
(14.514398 -3.13467816568 1)
(14.126479 -3.32906986755 1)
(14.487395 -3.56907815865 1)
(2.398766 -1.58057262828 1)
(2.426387 -1.38949209032 1)
(5.5050851 3.6747579799 1)
(5.2608906 3.82209030962 1)
(15.728011 -13.2667185627 1)
(5.4315841 -4.48163357691 1)
(9.6589005 -2.81810412067 1)
(9.6384643 -3.19330945534 1)
(9.9757417 -3.0223408646 1)
(9.9550246 -3.40274486185 1)
(4.0842429 -2.36767419783 1)
(-8.3286874 4.52135149856 1)
(-8.3003771 4.09049914573 1)
(-2.1941081 8.97288363661 1)
(9.5000555 8.31621024239 1)
(10.932256 4.72811271983 1)
(-5.9848816 -5.45539544542 1)
(4.3582434 -8.43145649377 1)
(4.0474233 -8.21494005285 1)
(14.099129 -3.76328502497 1)
(14.462472 -4.00566384366 1)
(0.65219543 4.46959403137 1)
(0.42897734 4.38584114365 1)
(18.535887 -2.04968762145 1)
(-2.6993139 -5.6518939956 1)
(10.102971 13.3665985372 1)
(1.5743383 3.95333192774 1)
(-3.6646982 3.12919767461 1)
(-3.4198986 3.23497378455 1)
(-3.9093017 3.01939668453 1)
(-1.8175713 0.94576254644 1)
(11.627433 10.9913368578 1)
(12.016782 10.7490776082 1)
(8.4833242 -6.05000639788 1)
(-0.34160602 13.3568913536 1)
(-0.73371932 13.1275022337 1)
(8.4398654 -6.82458901222 1)
(18.521168 4.94133323972 1)
(-6.278581 -10.5381820222 1)
(11.431836 0.181673817414 1)
(-4.5954405 -3.6754606863 1)
(18.476788 4.4670628624 1)
(14.850061 -3.8147450576 1)
(14.827503 -4.25100102384 1)
(18.501404 -2.51126741894 1)
(8.5800158 13.458185395 1)
(0.32008797 -0.854445795426 1)
(0.26905976 -0.766246220046 1)
(2.9015288 10.8131594764 1)
(10.296885 -3.22951259511 1)
(10.275858 -3.61509249894 1)
(10.622291 -3.43957051354 1)
(15.197313 2.87815562091 1)
(0.43792749 13.3475633351 1)
(12.75947 -1.50423411215 1)
(6.3545111 -9.36517328952 1)
(-6.7534936 -8.67493367614 1)
(-6.3886504 -8.96178417359 1)
(-3.3734838 6.29676283084 1)
(-2.7442247 13.4123307075 1)
(-6.6229423 1.19282387323 1)
(5.2743303 -10.2734334122 1)
(5.6411401 -10.1104100383 1)
(9.466546 -13.3619215415 1)
(-3.573251 -5.03207132198 1)
(12.477656 -13.4896332616 1)
(-0.67955781 1.48304654237 1)
(-5.3697433 -9.70743011051 1)
(-5.0197186 -9.98384893145 1)
(6.4399248 8.20648193879 1)
(18.290493 -12.915292253 1)
(18.331099 -12.4229479867 1)
(5.7942864 6.03828675823 1)
(5.504489 6.21875303821 1)
(5.5139023 6.55695516277 1)
(5.21534 6.39683558251 1)
(5.2243574 6.73404890004 1)
(4.926474 6.57403493734 1)
(4.9347775 6.90990037666 1)
(4.6375504 6.75083998821 1)
(4.6470099 7.08804303156 1)
(4.3492622 6.92694451818 1)
(4.3569829 7.26413396302 1)
(4.0589948 7.10467612297 1)
(4.066963 7.44174817316 1)
(3.7683886 7.28224377136 1)
(3.7764921 7.62038687404 1)
(3.4768471 7.46015987712 1)
(3.4861304 7.80176426836 1)
(3.184054 7.63917915621 1)
(3.1934362 7.98275566496 1)
(-8.3331133 -8.49448834201 1)
(2.3546336 -1.78404186255 1)
(2.1664031 -1.84227898375 1)
(-0.0066801236 -7.39795350796 1)
(-0.77852829 -0.0289845508785 1)
(-0.84312356 0.0380583483669 1)
(-0.75892985 0.0620329375359 1)
(-0.81876666 0.12540716997 1)
(-0.73679255 0.144406656326 1)
(-0.7960387 0.211433419156 1)
(-0.88753135 0.191174169511 1)
(-0.85895761 0.285767844457 1)
(-0.74875493 0.300130483206 1)
(-0.82343758 0.381495165696 1)
(-0.72081614 0.40297571917 1)
(7.6896541 6.66084278536 1)
(6.0834839 5.85410384814 1)
(17.117784 -10.6921594427 1)
(-1.1044786 1.33046650845 1)
(6.7857407 9.59906700113 1)
(6.4252922 9.40937829573 1)
(-0.82098416 11.8569039875 1)
(-2.0440977 -0.66180950117 1)
(-2.2265635 -0.710705981341 1)
(-2.0965069 -0.853571020128 1)
(-2.2948118 -0.899808372017 1)
(-2.4382441 -0.723429561898 1)
(-2.1495454 -1.04466736289 1)
(0.53521084 11.0258115812 1)
(0.84446042 -8.76323459807 1)
(2.9014035 7.83716199819 1)
(2.9010251 8.16799099647 1)
(2.6070931 8.02150044774 1)
(2.6027103 8.34694583558 1)
(0.46922624 4.62245544898 1)
(0.24225322 4.53725801422 1)
(0.28316856 4.77798575092 1)
(10.456062 0.753344850259 1)
(10.129037 0.974479128437 1)
(-2.2272736 0.306329345808 1)
(-2.4115284 0.220395487749 1)
(-2.0536301 0.377020498491 1)
(16.582921 -0.81339762169 1)
(5.0795665 1.2659000932 1)
(-2.0860958 -1.56524520644 1)
(-2.1363202 -1.78968501136 1)
(-0.05176594 -4.35354627077 1)
(0.18874032 -4.2632826225 1)
(-0.94052419 0.0107148234197 1)
(-7.7082559 9.24283527994 1)
(-8.1196255 8.97833122486 1)
(-8.5490455 9.19153178948 1)
(-8.516101 8.71859879389 1)
(-8.0929675 8.51061199119 1)
(-8.4833397 8.2494617092 1)
(-8.0629934 8.04122120351 1)
(-8.4369791 7.78611389938 1)
(-8.0339872 7.57966502462 1)
(-8.4018552 7.32705845353 1)
(-7.6530767 7.82940136511 1)
(8.8609577 0.924611495654 1)
(18.081728 -2.73338026309 1)
(18.453579 -2.97429588657 1)
(-6.2734592 -7.55811640966 1)
(9.1746618 1.79353072772 1)
(8.8932546 1.96699524547 1)
(9.4844389 1.58559413331 1)
(-2.0882091 -4.01276573458 1)
(7.522068 -5.0960761862 1)
(-3.3570796 5.94732832568 1)
(-3.6340188 5.76788992282 1)
(-3.0888646 6.12353247638 1)
(7.8294151 -5.29624565484 1)
(18.074716 4.23063734031 1)
(18.456806 3.97237716782 1)
(1.5569504 0.554479099301 1)
(5.7424816 -4.00782739095 1)
(0.50238985 -8.92966318516 1)
(12.636351 -7.43494307395 1)
(0.06546035 4.68841652355 1)
(-2.5589023 10.3770576469 1)
(-2.919662 10.5782887101 1)
(-0.48709923 1.64669607674 1)
(-1.0179823 -12.9902937348 1)
(-1.0687098 -13.4509217241 1)
(4.6224197 10.4903826536 1)
(4.985426 10.271738922 1)
(10.966878 -11.4865131597 1)
(7.4196123 1.46954996107 1)
(6.6707684 5.18860799904 1)
(17.769291 -1.0617621934 1)
(18.200443 -0.867436688014 1)
(3.0226097 -2.13646589004 1)
(18.075286 -9.60855738062 1)
(-0.3417747 1.67673427516 1)
(-2.7503934 1.85858575487 1)
(0.99603962 -1.16002462229 1)
(5.1208148 1.51570735023 1)
(14.226322 -12.1280893999 1)
(-6.3169941 1.36964372501 1)
(18.283606 -13.4113869591 1)
(-8.7543151 12.5328620638 1)
(-3.0219109 -13.4690946485 1)
(-2.5011017 -0.947997060372 1)
(10.600975 -3.83026137788 1)
(10.942156 -3.66761529848 1)
(8.7903952 -6.6493965486 1)
(-0.35238151 9.0109132966 1)
(-0.66173044 8.84698054626 1)
(0.25129466 -1.14129830392 1)
(-1.6025151 1.14468103916 1)
(3.2477245 10.9801849882 1)
(14.597229 -12.4074143901 1)
(0.38650911 4.15045670898 1)
(17.063278 1.12220251964 1)
(17.454026 0.856716137478 1)
(-1.6155611 -7.9286397775 1)
(-1.868218 0.788051700767 1)
(11.953266 -6.54050362939 1)
(7.8098334 -2.34226187572 1)
(7.5219586 -2.15258867699 1)
(11.614011 10.535380159 1)
(0.4402168 1.54020408529 1)
(0.51232521 1.42813923817 1)
(0.35538901 1.65175944923 1)
(0.2042543 1.62228943267 1)
(-0.67584677 -7.70521193137 1)
(9.6761024 12.693007458 1)
(9.6384448 12.2173638259 1)
(-2.3126552 6.53497077924 1)
(7.1228397 0.989014478558 1)
(7.1084248 0.65905139292 1)
(-0.79071489 0.479848685737 1)
(-0.68952217 0.493721223145 1)
(-1.4051222 8.03808767792 1)
(-1.4074557 8.38005239726 1)
(11.787052 0.349042820947 1)
(2.0473673 -13.4816872428 1)
(1.6653389 -13.2180478564 1)
(1.700108 -12.7577210768 1)
(2.4347011 -13.7461388799 1)
(18.751537 1.94557609756 1)
(0.56567031 8.81453277533 1)
(18.564389 5.38206790819 1)
(11.412428 -0.587805987552 1)
(-7.542635 4.15512806992 1)
(-2.9486891 -10.5583305487 1)
(-7.9927455 1.39307171223 1)
(-8.3578494 1.17518534092 1)
(-6.9542223 9.79298818593 1)
(-6.5693122 10.0213786535 1)
(18.403753 -10.9567800191 1)
(18.428417 -10.4648825738 1)
(12.599182 2.85121286709 1)
(0.72847184 3.64519642424 1)
(-4.676986 10.3420779003 1)
(-5.0549325 10.1022585959 1)
(-2.5968652 -8.05080479011 1)
(3.0137814 0.809584994667 1)
(2.8605003 0.930498903903 1)
(3.1746214 0.67204034456 1)
(1.4194284 0.540684868282 1)
(1.4647162 0.667616302703 1)
(13.180206 -0.464528566983 1)
(0.10839901 4.91809027712 1)
(4.9438297 1.69011761497 1)
(14.882421 8.37584042715 1)
(14.478067 8.16222878105 1)
(14.459629 7.70831932787 1)
(14.077255 7.95067648545 1)
(15.289233 8.58992506719 1)
(14.059334 7.49779548648 1)
(13.680948 7.74074235132 1)
(7.7740631 13.4624485765 1)
(-7.5142573 -0.616026300098 1)
(-7.8878783 -0.790893715123 1)
(-8.2328945 -0.543855065705 1)
(-8.273893 -0.96777010366 1)
(-7.9220186 -1.21305104587 1)
(-8.309886 -1.39501720418 1)
(-7.9560318 -1.64316035176 1)
(-8.3465748 -1.82671084997 1)
(-7.9900745 -2.07670849547 1)
(-8.3826752 -2.26269621704 1)
(-8.0239843 -2.50927082437 1)
(-8.4206807 -2.69993839653 1)
(1.295509 -12.9786382293 1)
(1.2706337 -13.4114917641 1)
(-6.828316 8.13390941857 1)
(-8.6297601 -0.718688661139 1)
(1.1281197 -1.16584373334 1)
(-0.24722416 1.55547867251 1)
(-0.19520449 1.70019408958 1)
(12.491722 -0.0250277859001 1)
(18.514035 -9.32105893273 1)
(4.4020109 -0.834800680544 1)
(4.6451699 -0.745642427021 1)
(4.8466939 -0.919915745309 1)
(4.8919678 -0.656588241483 1)
(4.691233 -0.483937799312 1)
(4.9382913 -0.393436977328 1)
(4.7374208 -0.223492969797 1)
(4.9771551 -0.130050372492 1)
(4.7835375 0.0394061460518 1)
(5.0222193 0.132249498569 1)
(4.8299751 0.301186196457 1)
(5.078168 0.39351053066 1)
(2.3496086 -11.7016210898 1)
(-4.2051065 -4.61361887491 1)
(10.228791 -10.3815234176 1)
(-5.8205295 -13.4297381212 1)
(-5.3896684 -13.245558372 1)
(2.7772811 -11.5380453728 1)
(2.8173091 -11.1113919765 1)
(-2.1960334 2.23169747133 1)
(10.517361 -11.193296308 1)
(0.18340972 11.2277324653 1)
(1.8328895 -0.919256461569 1)
(0.2780709 0.846172999002 1)
(0.17121995 0.84286028626 1)
(0.22865276 0.760448190277 1)
(0.13491352 0.751400499726 1)
(0.076190366 0.825550501161 1)
(0.047209474 0.742612133487 1)
(0.095344554 0.682712058067 1)
(-0.011972487 0.806615841506 1)
(-8.7021705 4.28440177853 1)
(-8.6857201 3.82645259681 1)
(-1.9721893 -1.89239499746 1)
(7.4794288 4.32483076729 1)
(7.4805342 4.65015322116 1)
(-1.2544969 1.3034736483 1)
(-0.46008524 4.75773204355 1)
(-4.6267389 -4.09119705147 1)
(-0.036220876 0.713609425659 1)
(-0.097338842 0.787070836969 1)
(-0.12569349 0.705969870199 1)
(-0.1810486 0.767383651177 1)
(-0.20593728 0.688542951411 1)
(4.3952558 -8.05203500254 1)
(4.0764814 -7.84235228425 1)
(3.7428191 -8.00098139102 1)
(1.5968523 13.5920542334 1)
(-0.30518468 -4.43885487475 1)
(-0.50734909 -4.25397184535 1)
(-0.91938514 5.02281975928 1)
(-0.92234744 4.76541460716 1)
(0.54750914 6.63403127854 1)
(0.79729392 6.48038081975 1)
(0.30082612 6.80086323231 1)
(-0.022077088 2.11411945588 1)
(3.0747854 -1.11665334399 1)
(2.8657353 -1.1884434268 1)
(2.9082625 -0.977365856056 1)
(0.016667256 4.45014054317 1)
(-3.2022406 8.36500510851 1)
(-3.5168086 8.17026589764 1)
(-2.8847056 8.56227770318 1)
(-0.6275438 0.424011541057 1)
(-0.59691471 0.505450263365 1)
(-0.54463577 0.44018040528 1)
(-0.51436972 0.51878969199 1)
(5.4915123 5.88408833143 1)
(-3.0527594 5.80622046117 1)
(14.082857 -4.20017038025 1)
(12.078431 -1.04120281608 1)
(0.5239652 0.703977325386 1)
(0.42885705 0.689007513217 1)
(0.48220721 0.614836315723 1)
(0.3981357 0.601704861728 1)
(2.5609896 -1.69920054875 1)
(0.20126785 -1.4199548429 1)
(0.34006851 -1.37753467005 1)
(0.073548966 -1.46867302227 1)
(-1.7507157 0.661183668061 1)
(-7.3350003 -10.2760144022 1)
(8.6874576 -2.96039060833 1)
(-2.8367725 -0.518146414027 1)
(2.0046384 0.604370979126 1)
(14.255703 -1.15368062288 1)
(2.2949914 8.18040911689 1)
(4.4168276 -7.6863679723 1)
(9.8295655 -10.5694526647 1)
(7.060988 -0.354354462333 1)
(7.0470032 -0.679895847201 1)
(7.0771941 -0.0266591070338 1)
(5.863838 -6.29513474784 1)
(-6.0692123 -2.80177239836 1)
(15.946945 2.34893088641 1)
(15.91727 1.90372035868 1)
(0.32568054 -7.24746958808 1)
(2.1778085 8.88237692209 1)
(14.395067 2.0586502058 1)
(14.032764 2.30553024872 1)
(14.756583 1.81174695098 1)
(14.163751 4.93585548773 1)
(12.333705 -6.34433548007 1)
(12.694998 -6.57545376483 1)
(-5.6514061 -5.70588850558 1)
(1.4603764 2.57849364986 1)
(1.2775749 2.51455988739 1)
(1.4212187 2.39219421287 1)
(1.1316983 2.63821120693 1)
(1.2463859 2.33027784722 1)
(1.3876408 2.20976562278 1)
(-2.6317136 -0.404583181118 1)
(7.3193315 -0.856595262289 1)
(7.0300864 -1.0057064457 1)
(0.63328795 -0.640335970552 1)
(0.57089142 -0.564708449117 1)
(0.48647801 -0.571181047198 1)
(13.792712 -2.65783309533 1)
(-2.1139103 -6.05006155816 1)
(-0.56447834 0.585289994684 1)
(-0.48099878 0.598717497208 1)
(-8.7307136 4.74039958881 1)
(7.121893 -8.21616041692 1)
(6.7906388 -7.99886800935 1)
(0.44668489 0.535784456205 1)
(0.5272771 0.539308927334 1)
(7.8518336 -4.9269704912 1)
(-3.2697436 1.0793660674 1)
(-0.7381825 13.5890082165 1)
(-1.1316887 13.354947001 1)
(-0.33641508 13.8230394558 1)
(7.5421892 -1.80862256958 1)
(7.2378718 -1.96411640956 1)
(-8.1093637 -11.1369473898 1)
(-8.5571769 -11.4091142259 1)
(-0.23686133 -3.05788533917 1)
(4.9492807 -5.1031478106 1)
(18.7746 12.3578739146 1)
(12.256982 3.07524267814 1)
(10.026745 11.9745625516 1)
(-1.9908791 2.314381053 1)
(-1.9574189 2.53060510677 1)
(-1.7891774 2.39306235287 1)
(-1.7540584 2.60509926297 1)
(-1.5894375 2.47013393701 1)
(-1.5539725 2.67957485106 1)
(-1.3919953 2.54627253524 1)
(-1.3627068 2.74761904879 1)
(-1.1976121 2.62046950347 1)
(-1.1737288 2.85226469307 1)
(-1.0051851 2.69999964336 1)
(-0.96865779 2.89928671363 1)
(-0.81115367 2.77026800895 1)
(-0.77726746 2.97230957138 1)
(-0.6196846 2.84307613587 1)
(1.558692 2.26934338327 1)
(1.5260815 2.09029709079 1)
(1.6949669 2.15016712269 1)
(1.6613874 1.97323027926 1)
(12.01295 -3.74099702331 1)
(16.95398 9.51867747798 1)
(-5.5786356 6.37221632062 1)
(-2.2747131 -8.26474305537 1)
(15.674413 -8.38833430098 1)
(15.707368 -7.92221182388 1)
(15.640109 -8.85690922598 1)
(16.027849 -9.12193117994 1)
(-3.2670636 7.32188901041 1)
(11.236841 3.76573691338 1)
(10.890738 3.58946007029 1)
(0.81094531 2.89827629928 1)
(7.2148821 -4.8978968363 1)
(3.8350274 -2.4713605021 1)
(14.443431 7.24340572017 1)
(1.830196 2.03185372313 1)
(1.7965259 1.85531486581 1)
(1.965404 1.91355168051 1)
(1.9318092 1.73692383012 1)
(2.1017123 1.79580295276 1)
(2.0672441 1.61783023784 1)
(0.31059298 -0.690338303488 1)
(0.22236926 -0.691830035352 1)
(0.18176025 -0.765316450621 1)
(0.13946569 -0.689980945761 1)
(0.097556917 -0.760624359964 1)
(-3.4591271 -13.656922618 1)
(-3.8305735 -13.4010516903 1)
(-3.8883532 -13.8742209709 1)
(-4.2625663 -13.5946753129 1)
(11.238369 11.2351262299 1)
(16.102351 -13.5271423688 1)
(18.536308 7.99862936565 1)
(18.532891 7.51076401522 1)
(-1.1449223 4.89418035141 1)
(-1.1481185 4.63764253154 1)
(-1.3699614 4.76618961348 1)
(-1.3711519 4.5063328424 1)
(-1.1700246 4.38016217736 1)
(-1.5943363 4.637605869 1)
(-1.5970437 4.3788078836 1)
(-1.8197582 4.51008716081 1)
(-1.8215793 4.25072549475 1)
(-1.1408108 13.8205217184 1)
(-8.5290976 -9.89148442077 1)
(-8.5924383 -10.366993169 1)
(-0.71962594 1.35083503778 1)
(-0.8251295 1.45603825257 1)
(-2.0456248 4.38223770691 1)
(12.85186 11.1721269264 1)
(13.250476 10.9206990633 1)
(13.665758 11.1374567311 1)
(12.829768 10.7094218122 1)
(14.521834 11.5792372051 1)
(-0.64992476 6.56127545983 1)
(-7.276835 3.43320627127 1)
(-3.3786014 6.68817988392 1)
(-0.58324687 3.03726453994 1)
(-0.42730963 2.91494782206 1)
(18.609839 -7.87210333225 1)
(18.64255 -7.38534168691 1)
(-8.9432131 8.92790244529 1)
(7.7064235 1.62695900473 1)
(16.681233 1.36937087525 1)
(9.4804903 1.24476009895 1)
(3.6652205 -2.03296634454 1)
(13.462965 -1.98275525534 1)
(-0.74033164 -8.43322170541 1)
(-0.44120798 -8.66309790544 1)
(-6.2528087 -13.6838238509 1)
(-4.9916069 -6.26341090783 1)
(-4.6773761 -6.48633389684 1)
(-0.96343595 0.263726438051 1)
(-7.1050416 13.5867891738 1)
(-6.6724506 13.3602920874 1)
(0.66093789 2.36299528724 1)
(18.103819 7.28916189534 1)
(18.511488 7.02420227582 1)
(9.8612436 -13.6261820148 1)
(10.286961 -13.4133797467 1)
(-2.0462738 4.12404950453 1)
(-2.2719166 4.2533676277 1)
(-2.2728798 3.99476515658 1)
(-2.4999702 4.12451325858 1)
(9.3018917 -3.36048047216 1)
(5.188823 1.72611537232 1)
(0.11371822 -13.8188833866 1)
(-6.3130542 -5.19648615983 1)
(-8.0050162 7.12432595588 1)
(-8.3833343 6.86963207646 1)
(-0.89785885 0.461627596816 1)
(6.6054232 3.89493245384 1)
(6.8764613 3.71335136814 1)
(6.5903843 3.56726347997 1)
(18.767935 -12.7620085944 1)
(-7.5404952 13.8153859755 1)
(10.768785 0.563270248497 1)
(11.313365 -12.2148936571 1)
(6.2943703 -4.35198349146 1)
(6.3095706 -4.01204755491 1)
(-2.3801517 1.78305438504 1)
(-6.6848487 -5.35173058502 1)
(-2.5538332 -10.3778526046 1)
(-7.0560417 -7.94329733493 1)
(-2.4071299 -2.14126861624 1)
(16.241133 0.297950882811 1)
(16.234363 12.476589194 1)
(16.24966 12.9668101457 1)
(16.674409 13.1821468813 1)
(16.265966 13.4561583227 1)
(16.736025 13.708171377 1)
(9.0755318 -13.0999497819 1)
(9.0423023 -13.5710209761 1)
(8.648024 -13.3086058744 1)
(8.6166069 -13.7816920407 1)
(8.2230106 -13.5162240049 1)
(8.2545574 -13.0453251535 1)
(7.8316056 -13.2513956234 1)
(7.863824 -12.7847369695 1)
(7.4431224 -12.9890974021 1)
(7.4011234 -13.4382691414 1)
(7.0196819 -13.1898382184 1)
(6.9770069 -13.6402710913 1)
(6.6012075 -13.4048752449 1)
(6.6546801 -12.9381505877 1)
(-2.919902 -7.83229432019 1)
(-4.7161909 13.6853782687 1)
(-5.1362028 13.3509598165 1)
(-2.9843687 2.5824845144 1)
(-4.0668223 -1.33503616401 1)
(-4.3352628 -1.45172852048 1)
(-4.3123232 -1.15513781328 1)
(-4.5907335 -1.28327920069 1)
(-4.5628605 -0.974834683757 1)
(-4.5678645 -1.59950243403 1)
(-4.8486327 -1.10517737334 1)
(-4.8197729 -0.78866602533 1)
(-4.5427103 -0.674627518146 1)
(-5.1112547 -0.922567946501 1)
(-5.1153065 -1.24479874525 1)
(-5.0812327 -0.599741315618 1)
(-5.3792245 -0.736162787751 1)
(11.574529 -6.73431518516 1)
(-7.4320085 -12.7573636793 1)
(-7.4955738 -13.2409678793 1)
(-4.9453087 7.17321882142 1)
(18.031368 3.77486457419 1)
(-7.1195345 -13.5264409519 1)
(-7.5465477 -13.7283559438 1)
(-7.9549263 -13.4773887487 1)
(-5.4962319 5.64440431222 1)
(-5.4693252 5.28187747252 1)
(-5.1451877 5.1249427276 1)
(-5.4421304 4.92362855909 1)
(-2.5989338 -13.2868041005 1)
(5.6822944 -3.19939515451 1)
(15.768353 5.79636194415 1)
(17.87214 1.06284297006 1)
(17.850061 0.594332802402 1)
(18.26506 0.802427629225 1)
(18.237182 0.332108960903 1)
(18.661764 0.541510214294 1)
(18.641673 0.111154272793 1)
(18.238065 -7.11854145826 1)
(18.67374 -6.89906345535 1)
(18.269412 -6.63247592953 1)
(18.699496 -6.41288796063 1)
(11.084327 -0.372467066861 1)
(18.547267 -8.8353300598 1)
(-3.9038751 13.1559367792 1)
(-3.9267257 13.603413952 1)
(3.2077766 8.32784921672 1)
(18.37816 -11.4466051247 1)
(-3.6277546 3.417378761 1)
(-3.3853939 3.50878577832 1)
(17.273916 -2.67133693475 1)
(18.001978 -4.07210419949 1)
(18.583017 8.48497340212 1)
(1.5336877 3.73010401259 1)
(1.7477069 3.80296402646 1)
(1.6870356 3.58066629407 1)
(1.9065618 3.65278542289 1)
(-3.6713277 -0.188122844784 1)
(-3.9084338 -0.287386637127 1)
(-3.8856665 -0.025529264546 1)
(-4.1304811 -0.1281497719 1)
(11.039823 -10.0441787841 1)
(11.432456 -9.80806355846 1)
(2.5572839 10.6156082062 1)
(9.052783 -2.06079749793 1)
(15.835061 13.2279780928 1)
(15.850198 13.7203227228 1)
(15.417392 13.4896966407 1)
(1.3356766 0.652551026102 1)
(1.3829991 0.781179264646 1)
(1.2531612 0.763283657461 1)
(-0.039550204 -6.37813274203 1)
(1.3043691 0.888742206287 1)
(1.1710965 0.871283100862 1)
(1.2220089 0.995608677523 1)
(1.0906479 0.977767672563 1)
(1.1401434 1.10260129235 1)
(1.0111006 1.08160024624 1)
(12.505005 9.54883287612 1)
(-3.611909 -10.0663568299 1)
(5.2448643 -12.8025573792 1)
(5.6043022 -13.0583914889 1)
(5.2073436 -13.2626272871 1)
(5.5939675 -13.5211768717 1)
(18.608177 -1.10859883581 1)
(8.5327223 12.5271586297 1)
(-8.3970669 -8.9597085476 1)
(-2.61021 -0.172525478662 1)
(2.7469213 12.9052290985 1)
(3.1386828 13.1290678769 1)
(-0.89971895 -2.46192166266 1)
(0.86425893 8.62021456372 1)
(-8.2120847 10.4026046006 1)
(-8.6121536 10.142706017 1)
(14.898084 8.84361535752 1)
(-3.1308058 -1.9451034538 1)
(-2.9189178 -2.0828121917 1)
(6.1085473 -7.5904934617 1)
(2.2381743 1.67690579994 1)
(2.2034665 1.4975550218 1)
(2.3775447 1.55709137059 1)
(2.3421425 1.3746921276 1)
(3.9113369 -9.76698798765 1)
(5.4263618 12.6346139936 1)
(5.8220247 12.8505225437 1)
(5.4357884 13.0892259483 1)
(5.838302 13.3077455707 1)
(5.4439426 13.5503157752 1)
(5.059037 13.3200706726 1)
(-0.71275671 -0.0929396166948 1)
(5.0956816 -0.824004593593 1)
(-4.5813465 -3.32687310662 1)
(-4.8749074 -3.47130272992 1)
(-4.872151 -3.12133120228 1)
(-0.42540923 -11.0407547443 1)
(1.4513689 0.911642113084 1)
(-0.65121447 8.50943295093 1)
(1.1834207 -8.59790638485 1)
(1.1586891 -8.97610980624 1)
(1.4899789 -8.78130657101 1)
(15.645257 -3.47249546675 1)
(-5.0269674 11.0355779029 1)
(-8.4851746 -6.83811592482 1)
(-8.8719992 -6.57558443387 1)
(1.2069812 10.626266473 1)
(1.5250771 10.9152791216 1)
(1.5598191 4.53580325883 1)
(2.8572883 7.50531140382 1)
(3.3401831 -2.98236979254 1)
(3.5416749 -2.85692911041 1)
(18.720702 1.47252315316 1)
(6.8580895 0.836963718541 1)
(15.31699 -12.9981663533 1)
(15.289805 -13.4890588007 1)
(3.5709735 10.3720494051 1)
(-1.3973795 -5.46447558166 1)
(4.9381347 -5.41868342304 1)
(-8.7014333 -1.57401779674 1)
(-6.0790953 9.01035682844 1)
(9.4461816 3.71910129866 1)
(6.9527253 5.01402638868 1)
(-3.2002253 3.06659245622 1)
(-1.8632208 -0.607189291964 1)
(-2.8877639 -7.44837465301 1)
(-3.2411331 -7.61252012912 1)
(-3.2102761 -7.22918582092 1)
(-3.5615749 -7.38969597404 1)
(17.796666 -0.638411699951 1)
(-0.45285356 0.450757235199 1)
(9.8027308 7.2888939392 1)
(10.164449 7.47251885311 1)
(10.184413 7.880336469 1)
(10.535013 7.65744354151 1)
(10.552855 8.07689193609 1)
(9.4419845 7.11022851414 1)
(10.20589 8.30529813082 1)
(-8.6422718 10.6192775039 1)
(3.0710575 -3.02627596212 1)
(0.069359023 6.37872904318 1)
(0.074084125 2.83430061066 1)
(13.390961 -12.0883762739 1)
(7.2353141 -1.55561513174 1)
(-2.3133056 7.88182769591 1)
(9.5209172 -9.44855970078 1)
(9.1310647 -9.6418772768 1)
(9.1016161 -10.0726062597 1)
(6.95451 -1.76759420274 1)
(-0.75541182 0.574656769056 1)
(-1.9462105 12.945006303 1)
(-1.9195078 13.3790767886 1)
(18.079358 6.80388215303 1)
(18.486894 6.53862769195 1)
(-5.5938421 -5.25572239018 1)
(-5.3344443 -12.7753846844 1)
(-8.5763271 -0.29402760107 1)
(5.0496947 -1.09895694134 1)
(-4.308982 7.53649239935 1)
(9.9302975 -3.78295200471 1)
(-1.8859584 10.7975699212 1)
(18.917458 5.15777926368 1)
(2.752917 13.3597326207 1)
(3.1488675 13.5874034864 1)
(2.7962345 13.8350641999 1)
(3.544254 13.3522128079 1)
(-6.6540643 12.8788955889 1)
(-6.2416108 13.1348114352 1)
(-6.2616072 13.6208417311 1)
(2.5180133 1.43566903548 1)
(2.4824787 1.25059012385 1)
(3.5488478 13.804149955 1)
(3.9536954 13.5716238976 1)
(3.9843135 14.1064723804 1)
(5.2269582 7.08161161113 1)
(5.1742475 -13.7274836223 1)
(4.7855981 -13.4636000041 1)
(4.6933066 -1.70450090957 1)
(4.9546321 -1.62075660636 1)
(4.9009849 -1.8919731037 1)
(3.8009316 7.95979694482 1)
(-3.5397282 -7.0092919634 1)
(-8.8291074 -6.1404760726 1)
(-0.10189838 -4.6256903658 1)
(18.953492 -9.10141901267 1)
(-2.9659038 1.77079888598 1)
(-2.9126129 1.99939940846 1)
(-2.9950442 1.54550724167 1)
(8.5235666 9.35153218321 1)
(8.8557747 9.13387618969 1)
(8.1782776 9.56230601677 1)
(-5.4419442 -13.6667947604 1)
(-9.1256696 4.01747295749 1)
(-0.43694401 -1.52313066952 1)
(-0.32243997 -1.63005966478 1)
(-1.4385596 -13.1763255283 1)
(-1.4960626 -13.6398242757 1)
(1.1563523 10.9799875469 1)
(0.058282222 -0.689143292889 1)
(0.015921229 -0.757731797249 1)
(-0.15477051 11.0203093638 1)
(2.7079657 -1.04532858479 1)
(2.7495945 -0.841717877113 1)
(2.9467261 -0.771936882947 1)
(2.7901709 -0.637884559365 1)
(2.9853909 -0.568636090166 1)
(2.8304418 -0.435074994423 1)
(3.0195111 -0.372580268004 1)
(2.868865 -0.234300069723 1)
(3.086484 -0.167600698658 1)
(2.9125982 -0.0328805062005 1)
(3.1016366 0.0368551201588 1)
(-6.7183379 0.486711919301 1)
(0.37493384 -0.949418865038 1)
(-3.4215118 -10.7708571697 1)
(-0.10227528 1.5804282449 1)
(-0.046354103 1.71392834825 1)
(0.25427954 1.75773423478 1)
(1.7582223 0.0787817122387 1)
(1.6943853 -0.0481147714697 1)
(8.9743296 13.2090980398 1)
(8.9965502 13.6775429091 1)
(8.5462658 13.9033999824 1)
(6.5962908 -4.19402362025 1)
(2.6613665 1.31098414033 1)
(2.5527519 11.0399989804 1)
(11.22139 3.37455152982 1)
(-5.1573109 13.8322035872 1)
(2.311268 -1.98239264022 1)
(2.1294833 -2.03922950232 1)
(-1.828619 -1.32562348234 1)
(5.6268347 -14.0294631833 1)
(-0.47088625 11.6533047325 1)
(0.36049245 0.519360542016 1)
(0.77137718 1.02836885794 1)
(-0.66421004 4.3860160771 1)
(-8.0803084 -5.38164466719 1)
(-7.6915282 -5.19174435625 1)
(-2.6342502 -8.44274604457 1)
(4.0568853 6.77467494602 1)
(15.284701 -8.12095279948 1)
(1.0609719 4.3885779435 1)
(-8.7754165 -4.41604733757 1)
(-8.7341421 -3.87891220563 1)
(6.4170748 9.01513320508 1)
(6.0755787 9.22482733113 1)
(6.0849047 9.62054095162 1)
(5.7349807 9.43433687696 1)
(5.7392835 9.82741244596 1)
(5.3867622 9.63373346879 1)
(11.05833 -0.755644339952 1)
(10.735824 -0.548232346336 1)
(-8.7708932 -8.6790038298 1)
(-8.7067196 -8.24054682256 1)
(-8.8361159 -9.14548447409 1)
(-2.1945224 0.684539913606 1)
(18.81162 -11.2236606195 1)
(5.380829 10.4622261307 1)
(-0.54910942 -1.41516661564 1)
(0.52049895 -0.495792623618 1)
(0.60180966 -0.483329677636 1)
(0.87974418 8.95917611795 1)
(-3.9648642 -0.551322226951 1)
(18.777096 -12.1951065188 1)
(-0.13970309 1.83167979378 1)
(0.015521063 1.85168185415 1)
(-2.7782606 5.9797502901 1)
(5.274508 4.11805954635 1)
(5.0289576 3.9747742733 1)
(4.3809535 7.60133737519 1)
(-0.069383445 9.16129686593 1)
(-7.2700446 1.5451411567 1)
(-7.2334914 1.19013343397 1)
(0.27323731 -0.941794754919 1)
(-4.7279564 -6.88632911273 1)
(-4.3659621 -6.72689304998 1)
(6.9676311 5.34481655858 1)
(6.6715507 5.50989822401 1)
(-0.05294383 -6.71465701007 1)
(0.25461475 -6.553204305 1)
(-0.3479491 -6.86967019494 1)
(11.988379 10.315818039 1)
(0.43653287 -0.503330173592 1)
(0.74471331 -1.16555167352 1)
(0.69055199 -1.2844211629 1)
(18.756322 11.8554681504 1)
(-4.2492602 5.72038344976 1)
(-4.2432467 5.37020066719 1)
(-4.532535 5.17978621185 1)
(13.658395 10.6612312958 1)
(1.6915917 0.569523412223 1)
(1.7909849 0.450633502292 1)
(1.8128987 0.219056567702 1)
(13.403518 -4.64598435852 1)
(-1.51992 2.8889366458 1)
(-8.7293599 1.38409495525 1)
(-8.7314216 0.911914147801 1)
(18.037772 -3.18285424701 1)
(-3.8624471 8.31479114982 1)
(5.8592326 13.7633852465 1)
(6.2440643 13.5255060148 1)
(5.463589 14.0922140329 1)
(7.9142292 -0.577715054071 1)
(0.47786261 -1.18178143762 1)
(4.7200501 -8.26311771584 1)
(-0.75843231 12.6773518045 1)
(9.6264542 11.7646029741 1)
(10.019658 11.518602845 1)
(9.2405588 12.0042215695 1)
(0.55172232 -0.422278567618 1)
(0.63008926 -0.406216399288 1)
(18.407219 -3.86886462868 1)
(-6.3309796 -7.9896353782 1)
(-5.9741493 -8.2692258696 1)
(-4.1040904 0.138542600437 1)
(-4.3638913 0.0247361860287 1)
(7.3864405 0.481255143831 1)
(1.9985146 13.822492539 1)
(10.783482 0.941227402429 1)
(6.1197077 6.90189806303 1)
(14.633478 -11.913903729 1)
(4.3657393 13.7807489177 1)
(8.4097261 6.97890179649 1)
(8.7384335 6.76996713265 1)
(6.8715786 10.8329331436 1)
(6.8522844 10.411223916 1)
(7.4804221 -12.5345552542 1)
(-8.2821232 3.65166761061 1)
(-4.9660642 -13.0374290552 1)
(11.148918 0.758579186376 1)
(-1.2661049 -7.34572570483 1)
(-5.3426151 -0.421195465269 1)
(9.6733839 -2.45068509481 1)
(-2.6818771 -13.7709403194 1)
(3.2429733 -2.0684675511 1)
(4.0262742 -2.62524738682 1)
(4.2831919 -2.54595229572 1)
(8.764608 -7.03704296477 1)
(9.1172348 -6.86299078886 1)
(8.3882266 -7.21491125068 1)
(5.6354989 -10.5055612541 1)
(5.9788673 -10.3417982786 1)
(9.4719449 0.589625109383 1)
(7.2581794 5.1473885642 1)
(-6.6276365 -4.94016218238 1)
(3.7760803 -7.64174779224 1)
(3.4430467 -7.79288798478 1)
(3.4107014 -8.15675468985 1)
(3.097358 -7.95304044405 1)
(3.0771734 -8.31076188972 1)
(2.7528954 -8.11418682211 1)
(2.7417158 -8.46782923304 1)
(-8.7027329 11.5625797224 1)
(1.9635467 3.87352998411 1)
(2.1370864 3.72749025858 1)
(2.0654182 3.50805673454 1)
(2.3040228 3.57674934233 1)
(2.2191565 3.33501348941 1)
(2.4699136 3.4238220702 1)
(2.4263809 3.20009648564 1)
(2.6479105 3.27502004307 1)
(2.6033031 3.0542062868 1)
(2.8184259 3.11962792981 1)
(2.7727966 2.90555847651 1)
(2.9836769 2.97820046058 1)
(3.0402054 3.18241133714 1)
(2.9400232 2.7584454808 1)
(3.1512963 2.82868297281 1)
(3.108299 2.60917123987 1)
(3.3226081 2.68132007175 1)
(3.2777803 2.4599690921 1)
(3.4946499 2.53183390013 1)
(3.4478726 2.30643052491 1)
(3.6689716 2.37741606841 1)
(3.7150895 2.60874033473 1)
(3.8933623 2.45323046669 1)
(3.8455962 2.21835743406 1)
(4.074226 2.29601103403 1)
(4.0244241 2.05719458618 1)
(4.2582916 2.13575331459 1)
(3.3703255 2.93543778391 1)
(-1.9885888 0.916012531488 1)
(1.4934076 8.55369863325 1)
(0.57138498 1.55307954195 1)
(0.65862467 1.4311368865 1)
(15.014441 -12.199360968 1)
(12.949642 2.63596177053 1)
(13.312134 2.81246484921 1)
(-4.7023345 -10.7245760732 1)
(-4.3068296 -10.5456583756 1)
(17.980104 2.93756747189 1)
(4.5941788 10.0999173803 1)
(4.5953622 0.209757279944 1)
(-4.9696259 -9.53439997322 1)
(-5.3261659 -9.25879070134 1)
(-4.614642 -9.8016800134 1)
(3.18191 -0.501031710115 1)
(4.2066449 1.8960912902 1)
(4.4440995 1.97219108467 1)
(4.4955258 2.21816124217 1)
(15.140836 2.00942961716 1)
(15.116281 1.53476567915 1)
(0.13594615 -0.834486142008 1)
(-6.3216605 1.01403779415 1)
(2.428089 -8.27135911626 1)
(2.4035297 -8.62618650989 1)
(2.109578 -8.43046618467 1)
(7.7576958 -7.52801216641 1)
(-2.2827742 8.21926063701 1)
(18.425447 3.51965323048 1)
(18.831804 3.73410785894 1)
(18.827769 3.25904488812 1)
(11.601119 -6.3198576826 1)
(-4.0300931 -4.05227734594 1)
(-3.0054917 -10.9951349785 1)
(4.6051585 -10.9751615891 1)
(4.2175518 -11.1650202848 1)
(-0.15106101 0.621489053862 1)
(-0.23594401 0.613064799556 1)
(-0.2850476 0.67072593367 1)
(0.40111047 -0.586032752893 1)
(12.235317 2.6679875318 1)
(11.898162 2.88858983179 1)
(-9.1571847 -4.13887892215 1)
(-2.4086266 2.14084179631 1)
(14.232222 -11.6517079476 1)
(9.1436387 -6.46746711946 1)
(18.780295 -4.59088615231 1)
(18.767619 -5.05911755411 1)
(-2.7743516 0.197147751569 1)
(3.1639482 -11.3326155832 1)
(3.1810433 -10.9099469159 1)
(10.534054 -11.6811102531 1)
(18.903176 6.76004665287 1)
(18.869651 6.18348385986 1)
(0.61278072 -12.7409242326 1)
(7.4639002 3.99950858465 1)
(7.745163 4.14711331426 1)
(17.642384 4.03639249665 1)
(5.2570741 3.53043408459 1)
(5.4914415 3.36945572111 1)
(0.80058005 6.75238990559 1)
(-3.8889913 -7.17319691154 1)
(-0.16837104 -1.58716928474 1)
(3.9653193 -0.80393513754 1)
(16.562749 10.2911443775 1)
(1.3015898 -12.5152237154 1)
(0.69686277 4.69360891308 1)
(4.6786076 2.04782315551 1)
(-6.4535638 -9.4198964899 1)
(-5.0565155 -0.287652195843 1)
(-6.8273405 8.99101436898 1)
(0.54063013 9.48596164126 1)
(4.4970021 -0.315300524762 1)
(-8.775884 -2.47220955328 1)
(-8.8158018 -2.9016129679 1)
(14.904691 -2.94973256813 1)
(-2.6037782 8.04444700877 1)
(2.8384008 -10.6868857754 1)
(7.4325296 1.79041020128 1)
(7.0931431 1.67539973148 1)
(7.7147634 1.95229586917 1)
(-3.5950043 3.67497622059 1)
(0.0047045005 0.899194520497 1)
(-1.8120829 3.99119438089 1)
(15.219213 -4.07809669576 1)
(15.196569 -4.4957026065 1)
(14.804917 -4.68383787328 1)
(15.167656 -4.9401678595 1)
(15.562625 -4.77667334704 1)
(15.540111 -5.19141353043 1)
(4.6446359 0.466494350015 1)
(7.4868886 -5.82531377534 1)
(13.737624 -3.52208181894 1)
(11.383914 -0.956645425068 1)
(17.877919 11.4375318365 1)
(18.288586 11.1227119012 1)
(-0.53337052 0.668866380969 1)
(-0.4462346 0.679118844674 1)
(0.31009846 0.596967350024 1)
(17.381182 -0.826298021845 1)
(4.9224791 6.24761735718 1)
(5.162588 -0.277727672145 1)
(8.7497003 -9.81838833927 1)
(8.718028 -10.2505483878 1)
(15.149716 -5.38598955719 1)
(15.506322 -5.64012968929 1)
(-1.6780787 8.56103307962 1)
(-1.3831658 8.74221165111 1)
(10.311887 -2.85172266977 1)
(0.52195162 1.20390181101 1)
(0.63375718 1.21274745425 1)
(9.7641569 1.40468570776 1)
(16.839745 -9.19725536268 1)
(16.80173 -9.67957568884 1)
(0.82085878 -1.28119297225 1)
(0.76205783 -1.40593824763 1)
(0.60401112 -1.40447239383 1)
(3.4888761 7.12788761135 1)
(-8.8315581 7.11623769751 1)
(-8.7639867 6.61261130675 1)
(-8.3504485 6.40917222299 1)
(-8.7262262 6.1564444908 1)
(-8.316528 5.95673516331 1)
(-8.7163649 5.7061330216 1)
(-9.1470126 6.38063403598 1)
(9.7667962 -0.316179324653 1)
(-7.1705692 8.779163388 1)
(-2.1830475 -0.0179640410213 1)
(2.2740223 1.85732392463 1)
(1.6096349 4.16828033778 1)
(4.2528324 10.3216076416 1)
(-0.65420169 9.21239252921 1)
(-0.3109442 0.598580789623 1)
(8.1466654 -5.84858594622 1)
(8.4930525 -5.67165641241 1)
(8.8337592 -5.8762283033 1)
(0.6544364 -11.8136287047 1)
(0.31867616 -11.5458904977 1)
(-4.1295438 -12.6564448931 1)
(1.8456437 -1.75547042493 1)
(1.8078249 -1.93787794533 1)
(1.6270164 -1.99559514502 1)
(1.7673179 -2.12788369939 1)
(1.5823309 -2.18776045448 1)
(1.1083362 8.10381302632 1)
(16.481914 4.81222547665 1)
(-2.5072223 3.87101270844 1)
(-2.7310421 3.99706138777 1)
(-2.7381965 3.7407441242 1)
(-3.014764 3.83867985668 1)
(-2.9722554 3.55647622338 1)
(15.792953 -12.2831572245 1)
(3.7997975 1.98728206714 1)
(-1.0634904 -8.22984913527 1)
(-5.4674996 12.6449202253 1)
(-2.2994951 -1.60874461716 1)
(-2.2436416 -1.40142144075 1)
(-1.3781508 -12.7168842411 1)
(1.0560616 1.21591816492 1)
(0.92050805 1.17224883468 1)
(0.58217605 -0.348962082452 1)
(0.65871735 -0.33120864652 1)
(0.70894214 -0.391241038446 1)
(0.74016209 -0.313889708242 1)
(0.67677451 -0.242645165919 1)
(0.76677504 -0.23298638468 1)
(0.71395117 -0.165514857651 1)
(0.79482909 -0.151547392853 1)
(0.73933579 -0.0873809035073 1)
(0.82103579 -0.0707033728391 1)
(0.76568455 -0.00499337753534 1)
(0.85086 0.0108122224204 1)
(0.79222555 0.0768178459588 1)
(0.66905785 -0.0986629622468 1)
(0.71097857 0.057986244098 1)
(0.73349322 0.137901376582 1)
(0.66039419 0.116063065601 1)
(0.67784091 0.197111219763 1)
(0.75699564 0.217147671648 1)
(0.70084806 0.274193617788 1)
(0.83553038 -0.302913687432 1)
(1.6420816 1.79911682665 1)
(-3.6259054 -7.76067090703 1)
(18.931441 -2.30259074907 1)
(18.988984 -1.84037398891 1)
(6.2039409 12.6087744271 1)
(8.48284 8.53746588155 1)
(-8.6281191 3.42552020141 1)
(17.280646 4.76364346962 1)
(4.9532564 -4.78009898284 1)
(4.7007595 -4.59314570874 1)
(2.1034404 -8.77813263183 1)
(16.944248 -1.49536817988 1)
(5.6549952 -9.70670691657 1)
(0.32822181 5.02260770045 1)
(19.194113 -4.89770143985 1)
(18.978559 7.75005050249 1)
(-2.6306825 -0.813266498262 1)
(-2.7104792 -0.999401122743 1)
(-0.45078295 12.0821450341 1)
(0.19039143 -8.7120460327 1)
(0.15589711 -9.09480870944 1)
(4.3398218 13.3258269248 1)
(-3.5976564 10.1489824951 1)
(-3.6070943 10.5720063732 1)
(-3.9608298 10.7809655593 1)
(-3.615981 10.9934197432 1)
(19.177903 -12.4704014878 1)
(1.2021183 13.3612976413 1)
(1.2273155 13.8296440335 1)
(-5.0327929 9.67741497583 1)
(-5.4218337 9.87239563017 1)
(-5.4321269 10.3124877493 1)
(-5.813977 10.0673850078 1)
(19.047707 0.326270273591 1)
(-8.4552618 -3.14246128779 1)
(2.5254973 3.64894537551 1)
(-5.1150779 4.77908102595 1)
(-5.4089731 4.59012681035 1)
(-5.7308407 4.71969901361 1)
(9.5063734 1.94155255607 1)
(-3.1327152 13.1701220671 1)
(-3.1819546 13.7055421603 1)
(-2.7546235 13.8226855463 1)
(-6.9108888 -10.0894806106 1)
(-6.9855522 -10.5282236391 1)
(16.400598 6.45346618524 1)
(16.815013 6.66501447051 1)
(-0.35788951 -4.70145094654 1)
(-0.15947887 -4.90549762995 1)
(6.5548566 -13.8513638942 1)
(6.9761612 -14.1207046178 1)
(19.113282 -6.66362986514 1)
(9.1588348 8.52981948806 1)
(9.5191436 8.72637747356 1)
(1.8826782 10.6361766584 1)
(-0.65303157 1.13445790877 1)
(11.010885 -3.26115928304 1)
(5.231683 -5.27238171385 1)
(5.2129589 -5.60586207884 1)
(-0.91674596 3.09244513636 1)
(0.49335382 0.468950020796 1)
(0.57118699 0.471291390628 1)
(0.53653183 0.40526577481 1)
(0.6143831 0.404261464801 1)
(0.57834893 0.33658376054 1)
(0.65575625 0.469607135892 1)
(1.8988509 1.57415642234 1)
(-0.58742565 -1.5679581672 1)
(-8.8318622 7.92093260751 1)
(0.50746464 -13.534123055 1)
(-5.1742592 -3.25685149387 1)
(-5.1549991 -2.91352974112 1)
(-4.8419014 -2.76239232668 1)
(-5.1242333 -2.56029975244 1)
(-4.8129945 -2.41339780613 1)
(-5.0997376 -2.2102443942 1)
(-5.4040991 -2.37825805351 1)
(-5.3814608 -2.00835198293 1)
(-5.0725148 -1.86622491095 1)
(-0.24396938 5.14272128445 1)
(-5.1728287 -4.2691429019 1)
(-5.1877255 -4.66527875425 1)
(18.288181 -6.15945968764 1)
(18.719938 -5.94178266856 1)
(-7.6314072 -2.3226919335 1)
(16.649819 0.9309700594 1)
(16.267429 1.17976035979 1)
(-7.5854661 -1.45823108234 1)
(1.0607335 6.59369302495 1)
(1.046522 6.31609543752 1)
(1.3054531 6.43863301418 1)
(1.2950863 6.15597758833 1)
(1.5502486 6.27874353233 1)
(1.5385126 5.99496172121 1)
(1.7939052 6.12032147411 1)
(1.780624 5.83859304586 1)
(2.0328335 5.95964506514 1)
(2.0205266 5.68112833672 1)
(2.2721673 5.80284161536 1)
(2.2577468 5.52231662717 1)
(2.5089039 5.645289298 1)
(2.49549 5.36634152328 1)
(2.7460805 5.4910997194 1)
(2.7314336 5.21152733575 1)
(2.9805264 5.33529484834 1)
(2.9648199 5.0570997579 1)
(3.2151074 5.1819162435 1)
(3.197883 4.90390527423 1)
(3.4503567 5.02906813508 1)
(3.4312109 4.75053462238 1)
(3.6832595 4.87440641875 1)
(3.6632741 4.59827752492 1)
(3.9127343 4.71957011923 1)
(3.8949386 4.44452305515 1)
(4.1451481 4.56608090169 1)
(4.1286576 4.28838165465 1)
(4.3785075 4.41226103172 1)
(4.3641665 4.13594355739 1)
(2.7195615 4.92728309438 1)
(4.6130025 4.25778368905 1)
(3.4676173 5.31282362883 1)
(4.5961257 3.97650590125 1)
(3.4000907 4.4803203285 1)
(17.808899 0.158782415752 1)
(9.2189065 11.5805313046 1)
(3.9320189 2.67050172216 1)
(-9.2244461 -8.93006122565 1)
(11.942902 0.938402000825 1)
(5.3105547 1.3147588522 1)
(5.2715465 1.07666665968 1)
(6.7984924 -0.493493760116 1)
(2.617707 1.12600910857 1)
(-0.021963203 -0.690445012215 1)
(-0.064066367 -0.754276473135 1)
(-0.10195957 -0.686420875943 1)
(-0.14271311 -0.754240362671 1)
(-0.18243239 -0.685428766879 1)
(-0.22289671 -0.755622594888 1)
(-0.26422745 -0.678711909016 1)
(-0.30587305 -0.749425402509 1)
(-0.34191002 -0.672454443681 1)
(-0.21531482 -0.60813452049 1)
(-0.030451739 -0.824817697915 1)
(1.7647255 3.24230271293 1)
(10.721956 -0.917046165972 1)
(-5.6905611 4.40377757842 1)
(-6.0314294 4.52126345834 1)
(-1.9007324 0.606985843375 1)
(-1.7732807 0.493096008975 1)
(3.225669 -3.24137438265 1)
(3.0038628 -3.26932372731 1)
(-3.8790331 7.92702423914 1)
(1.4183358 -0.0401705626185 1)
(1.4977984 -0.145194660542 1)
(1.4383992 -0.268631117064 1)
(1.576003 -0.261904308735 1)
(1.5170563 -0.388529544735 1)
(1.6610545 -0.378471393135 1)
(1.5899071 -0.508251713196 1)
(1.4504504 -0.518998918651 1)
(1.5242477 -0.641167838 1)
(1.3840788 -0.65345139791 1)
(1.4623372 -0.776267195489 1)
(1.6241007 -0.752064332109 1)
(1.3161797 -0.778457887886 1)
(15.585857 -9.3125331305 1)
(15.99301 -9.58164321764 1)
(4.2353166 -10.7470131189 1)
(3.8749242 -10.9317838104 1)
(3.8776983 -10.5396433464 1)
(-1.10706 -13.8884791057 1)
(-1.5176987 -14.1424519299 1)
(13.307291 2.40980692471 1)
(-3.8650414 0.236235300488 1)
(-2.5671466 10.7945565469 1)
(-2.9533376 10.9718979517 1)
(0.31228128 -1.5105239093 1)
(-0.68323024 0.0754010353048 1)
(-0.65262316 0.164423587293 1)
(-1.0400676 2.51165271458 1)
(-4.621128 -6.13010102195 1)
(3.0767177 -1.91668222142 1)
(2.8601758 -1.98457111007 1)
(1.3714869 -1.10318509375 1)
(1.3391449 -1.27870173606 1)
(-0.65509209 2.64952748022 1)
(-6.5261676 9.60772052755 1)
(17.014856 0.24833318704 1)
(1.5229998 5.70919729872 1)
(-1.1975488 1.05493423935 1)
(3.1900844 0.881734086983 1)
(-6.0299435 -9.21006954286 1)
(5.2333075 3.23994081848 1)
(2.2752787 -2.19138672619 1)
(1.7259838 -12.3469824111 1)
(-0.30622068 0.881075036185 1)
(1.2257265 2.15850500532 1)
(6.955901 -2.11296218856 1)
(0.099723734 -0.624269411165 1)
(-1.071441 8.18483087151 1)
(-1.1292173 7.83975293444 1)
(3.0981843 -11.7826637404 1)
(-7.6659845 -2.75197877993 1)
(-4.0713409 0.407784234617 1)
(0.89519641 0.100349443028 1)
(-3.0073555 2.32660716532 1)
(-1.9212951 1.2096804921 1)
(2.7410403 -0.107842729277 1)
(18.612699 -0.629701115756 1)
(-6.9819933 -5.1564331587 1)
(8.2216722 -14.0105487907 1)
(8.58493 -14.2392482355 1)
(10.929452 -4.04632019586 1)
(10.573202 -4.21783306347 1)
(11.28459 -3.86757430311 1)
(-1.8606505 -13.3627947091 1)
(1.0730908 -1.28143920026 1)
(0.89811843 -1.41039581252 1)
(2.014657 5.38835241018 1)
(-0.76303704 -8.79335277668 1)
(-0.47237577 -9.0447815325 1)
(1.4992128 -9.11770675407 1)
(17.200085 -9.95222824103 1)
(13.674082 7.31003310581 1)
(13.302103 7.55613612256 1)
(15.152833 -5.83526790537 1)
(15.494633 -6.09054255425 1)
(-0.26434488 -0.833541483443 1)
(-0.57189192 0.361876266097 1)
(-5.7757662 9.64585001626 1)
(-0.30328034 -14.0139146255 1)
(0.076242034 -14.2352955173 1)
(13.318171 7.96144608861 1)
(2.5695864 -12.3933014662 1)
(8.5398362 9.76680219533 1)
(1.282341 0.524080417276 1)
(2.3048108 6.10720125086 1)
(2.7468008 11.5154953698 1)
(16.746763 -10.1277678487 1)
(-3.3322555 3.77532005229 1)
(0.70440737 -11.3633192839 1)
(-5.3525428 -1.65527022808 1)
(-0.16876645 1.44446432842 1)
(6.601734 -3.84696923233 1)
(-0.72817965 -0.214867221777 1)
(-0.6654235 -0.275903118461 1)
(-0.68520137 -0.359156799923 1)
(-0.60703208 -0.331513403364 1)
(-0.61824015 -0.413009706338 1)
(-0.69613524 -0.440894280927 1)
(-0.63040436 -0.494379653489 1)
(-0.5526195 -0.466016461019 1)
(-0.56427289 -0.54738956453 1)
(-0.4895873 -0.51777590875 1)
(-0.49935205 -0.599070515276 1)
(-0.47664349 -0.433030529147 1)
(-0.42979477 -0.565408825487 1)
(-0.59120131 -0.253564169808 1)
(14.367168 1.65738527809 1)
(14.878256 -13.219935609 1)
(14.852451 -13.7163655631 1)
(19.248447 3.47587635184 1)
(-4.9355321 -5.68528924595 1)
(-1.6037642 4.89575048128 1)
(1.3155548 -11.8298377823 1)
(-2.7019663 2.0800933403 1)
(0.784454 0.295791217847 1)
(0.69815989 0.404642296976 1)
(2.7918851 1.18453077701 1)
(-8.934732 -7.07294545479 1)
(1.8386758 8.33596080021 1)
(3.4730233 -7.4205645263 1)
(-2.0370687 4.65145468791 1)
(-8.8599616 -3.3501303387 1)
(9.8099448 6.89096987151 1)
(0.35645841 -0.506209728742 1)
(2.231138 3.09777041463 1)
(1.7253409 -2.31494275544 1)
(1.5326817 -2.37246642979 1)
(1.3902997 -2.24455335572 1)
(1.3409773 -2.43256889895 1)
(1.1979928 -2.30464915523 1)
(1.1491588 -2.48993574892 1)
(1.0065018 -2.36254115845 1)
(0.9599194 -2.55430903682 1)
(0.81352031 -2.42103088038 1)
(0.76809609 -2.61244167821 1)
(0.62227409 -2.47951831486 1)
(0.57319151 -2.66715205114 1)
(0.42897355 -2.53617163918 1)
(0.37827505 -2.72758041715 1)
(0.23753516 -2.59491156381 1)
(0.18072027 -2.78699732801 1)
(0.036750043 -2.64342922734 1)
(0.91254082 -2.74566085222 1)
(-0.37459746 -0.813502838815 1)
(-5.8499768 13.372170104 1)
(-4.3426223 -0.254522803072 1)
(-4.582428 -0.102295320047 1)
(1.9018916 -2.25539188421 1)
(0.31363264 -0.568586960336 1)
(18.908372 -9.61865449661 1)
(-1.1974218 1.44934819976 1)
(-1.0549874 1.48145595137 1)
(-8.2907321 3.23713481458 1)
(-2.9406622 2.81348940637 1)
(0.52406854 11.4573048727 1)
(1.1911084 1.20780550032 1)
(3.4331565 -2.21218361042 1)
(-2.0757576 0.184116216732 1)
(-1.9130357 0.265000233639 1)
(-1.1289938 1.60182481911 1)
(10.245381 -13.8623396794 1)
(10.684968 -13.6660597194 1)
(10.715917 -13.1951348772 1)
(11.11162 -13.4699218298 1)
(11.077102 -13.9104288898 1)
(11.540331 -13.7821628225 1)
(9.8146138 -14.0595421911 1)
(4.9701427 -4.44798564073 1)
(4.7204988 -4.27262153757 1)
(4.439487 -4.41823306831 1)
(4.9904752 -4.12948310696 1)
(4.7392347 -3.9571404753 1)
(-5.8831507 13.8503399286 1)
(1.081412 2.26869620119 1)
(9.3689209 13.4294799265 1)
(9.4323018 13.8894030807 1)
(1.7207522 -0.25404550189 1)
(1.8124448 -0.368794393537 1)
(1.8780979 -0.237447807262 1)
(4.6314109 4.54103099695 1)
(0.14831389 5.1702888479 1)
(-8.9634343 9.38551206307 1)
(-7.9669964 6.20933910391 1)
(-7.9042487 5.68066131034 1)
(7.1190007 -7.82584889006 1)
(6.7856585 -7.61623937937 1)
(18.450389 6.07046847616 1)
(8.1709771 -5.1058627203 1)
(-9.2367275 -6.28440734196 1)
(6.8263521 1.15343208995 1)
(9.0716868 -10.5054296004 1)
(7.5103768 -2.48302330552 1)
(7.790206 -2.68568781244 1)
(19.10525 0.743268698713 1)
(-0.9900728 0.158524824734 1)
(-1.0738117 0.236001534479 1)
(6.9289747 -1.48666304949 1)
(-7.9972937 0.982931129143 1)
(1.9989673 -13.9292591578 1)
(2.3920558 -14.2101612315 1)
(2.7922615 -14.0115877219 1)
(-0.4355723 1.78759870178 1)
(-0.58806921 1.76247431135 1)
(-7.1932477 -14.004466808 1)
(-7.6191289 -14.2051508749 1)
(18.028449 -10.1746436578 1)
(-7.7069401 -5.63908555923 1)
(19.095465 -8.59965265219 1)
(6.8604585 0.491524755812 1)
(-3.6725031 7.21580655375 1)
(14.105981 8.37783577001 1)
(-0.96512634 9.05529502103 1)
(19.057697 -7.6406487268 1)
(19.082415 -0.918339034573 1)
(-4.2138109 5.00250977267 1)
(7.3045047 -1.1834362587 1)
(-2.3923067 -0.0626239241524 1)
(1.9035722 11.0616470411 1)
(5.3087245 0.1821169402 1)
(5.3380609 0.481462311002 1)
(5.1260426 0.655348516189 1)
(6.6528539 -1.9423605338 1)
(-0.62387924 0.659725652975 1)
(-3.9889545 11.2162438662 1)
(-0.18645072 4.64070008747 1)
(-8.9738715 -10.0780905324 1)
(-0.3307187 -0.919061396155 1)
(-9.053411 10.3720455742 1)
(-5.3161933 -0.141305043288 1)
(-3.8409264 -6.7924613066 1)
(-3.2069919 7.7341300778 1)
(-1.6289652 0.54975035591 1)
(2.3257193 7.80570905983 1)
(15.320086 -7.66341905981 1)
(15.737093 -7.45932476685 1)
(15.347408 -7.18394328472 1)
(-5.9797626 1.15272362058 1)
(-6.0106658 1.54317161186 1)
(-5.7124777 1.37221709403 1)
(-5.7191441 1.70893453646 1)
(-5.4298988 1.54465928272 1)
(-5.4319851 1.87028097839 1)
(-5.1542459 1.71193758425 1)
(-5.155202 2.02817636447 1)
(-4.886012 1.8730969347 1)
(-4.887642 2.18278898427 1)
(-5.1543225 2.3396698609 1)
(-4.8873217 2.49198037244 1)
(-4.6248162 2.33696944084 1)
(-4.6243129 2.63925888878 1)
(-5.7263345 2.06256158338 1)
(-5.1509355 2.64423368893 1)
(-5.4289285 1.22828414635 1)
(-5.4251773 2.49534899466 1)
(4.7542303 -13.9647416987 1)
(4.3670663 -13.6749587688 1)
(4.3283399 -14.1665402532 1)
(3.9357148 -13.8782514279 1)
(3.9451994 -14.3931188412 1)
(2.6225838 -1.26485166886 1)
(-5.6508229 -0.545822402924 1)
(-4.8830721 1.56024752484 1)
(-4.6317276 1.72893608236 1)
(1.8661683 2.20976861418 1)
(-1.4452609 1.16180598791 1)
(-1.5264252 1.31898055251 1)
(-0.77616243 1.57983223932 1)
(6.8576662 3.39259820431 1)
(7.1444335 3.53484855742 1)
(-4.3854162 2.50592086863 1)
(-4.3822705 2.78799102377 1)
(-4.6178806 2.93304912589 1)
(-4.3577962 3.06122498535 1)
(-4.3367559 2.20315872447 1)
(19.295484 6.50140075736 1)
(-2.5477896 -1.18872814267 1)
(4.9434554 -10.81147556 1)
(5.3256946 -11.055376511 1)
(0.92151352 -0.0671207290288 1)
(-2.5885057 6.37790896592 1)
(-2.3151433 6.18655840047 1)
(-2.0369063 6.36738806749 1)
(-2.8611543 6.56441883425 1)
(-2.1963373 2.02309015222 1)
(2.4937348 -1.08441036972 1)
(0.3577834 0.769343771794 1)
(11.02357 -10.5640430579 1)
(11.42482 -10.330221257 1)
(-3.1822357 1.68386859065 1)
(5.5023241 1.9971240567 1)
(-5.9602466 4.14378718537 1)
(-6.3215433 4.30799971152 1)
(3.8798511 4.16516323711 1)
(-0.35666297 -0.452256428631 1)
(-0.52397637 0.224877053928 1)
(0.56975207 -0.0281159088577 1)
(0.032018566 0.555333914148 1)
(0.11184419 0.557608054783 1)
(0.55610209 -0.158225902023 1)
(0.3696204 0.421333120172 1)
(-0.12701905 -0.567259556848 1)
(15.187542 -9.02634644221 1)
(-8.4652945 -5.55869350271 1)
(-8.8336007 -5.2883166563 1)
(-6.276688 14.060756052 1)
(-8.9706773 -0.406932341406 1)
(-8.8567903 0.0590417687712 1)
(-9.1212206 -0.876976943881 1)
(-2.356267 -1.83960397022 1)
(-7.0185419 0.703321357862 1)
(0.47403559 0.278326849078 1)
(-0.14448431 0.869594899945 1)
(10.519131 7.24891811204 1)
(-7.4240674 -10.7555404237 1)
(-4.2948618 -14.0739357417 1)
(-4.7047183 -13.8127798767 1)
(-3.9373639 -14.3630672171 1)
(-3.9394979 5.2306892837 1)
(-0.57438863 -0.0578087937798 1)
(-0.63304351 0.0059495463892 1)
(-0.55384548 0.134301326269 1)
(15.304244 9.07052180156 1)
(15.699557 8.8096681154 1)
(15.72207 9.2911074011 1)
(16.115395 9.02643246277 1)
(0.54172463 0.120974266723 1)
(-0.95074708 0.599208567648 1)
(11.824959 -10.0921303751 1)
(11.842735 -9.60263722018 1)
(12.227535 -9.87080679384 1)
(12.24819 -9.40311513395 1)
(5.9629689 -12.8685751936 1)
(0.4744352 -0.298406694967 1)
(-5.6779857 -0.850101839697 1)
(-3.9203485 -10.7930655246 1)
(10.190891 -11.4254276687 1)
(2.6495015 -0.503396895661 1)
(19.367311 -2.0949245525 1)
(2.1684101 1.31376663411 1)
(-6.007136 -8.72768634115 1)
(-7.6151696 3.64362729957 1)
(6.2866359 -3.64910540726 1)
(2.5682183 2.81589368559 1)
(11.599633 10.081515533 1)
(-0.018133307 -2.82931428356 1)
(0.84171265 -1.53185085814 1)
(0.50566154 7.17302140552 1)
(-2.7103096 3.50916039899 1)
(-2.921867 3.29924972423 1)
(-0.81179081 -9.24910837057 1)
(-1.9542999 -0.996931891341 1)
(-1.9189751 2.75885957367 1)
(-0.36604808 0.419671728485 1)
(-0.36454208 0.494676662536 1)
(-1.43076 2.32378991989 1)
(-9.4151817 9.08790873181 1)
(-0.42500986 0.361818215785 1)
(-4.5502593 0.209097324735 1)
(-5.1676388 -3.91657281932 1)
(19.153118 1.68230222068 1)
(19.180624 2.13519528882 1)
(-0.49956681 0.756115411842 1)
(1.3879659 -0.925738521725 1)
(-0.045036763 11.8921954094 1)
(9.4567716 6.66425599731 1)
(-0.99811777 1.62083216295 1)
(-5.4976498 -3.05885010781 1)
(3.350258 0.742568592462 1)
(3.3299995 0.540454963675 1)
(3.5160465 0.638878346686 1)
(0.39353086 -0.674369087412 1)
(-0.42048947 -4.98187182951 1)
(7.4021896 2.09035527718 1)
(10.914075 3.18326047284 1)
(10.548684 3.41158244665 1)
(19.005221 5.66131368245 1)
(-0.58028756 -0.630489428081 1)
(10.197622 -10.8138272886 1)
(0.29805436 0.687491183554 1)
(-3.2033896 2.47760869521 1)
(5.4291594 0.80352570757 1)
(16.135529 9.51436884158 1)
(6.573904 3.25017517009 1)
(12.711717 -6.17232901294 1)
(13.08426 -6.39462757414 1)
(12.34179 -5.93590511774 1)
(13.048063 -6.79050814728 1)
(1.1644364 -9.3167735297 1)
(11.217259 10.3196835383 1)
(-0.21333771 0.505488050249 1)
(-5.5459784 -4.8399515481 1)
(4.1683014 4.84621350703 1)
(12.635082 -9.66456240748 1)
(12.652553 -9.20244427604 1)
(13.038831 -9.45768766923 1)
(-0.65484445 0.339326635816 1)
(-0.59127105 0.281985363506 1)
(-0.66255623 0.253438483801 1)
(4.9588372 9.86776045464 1)
(-1.7406191 1.2967626667 1)
(-7.075846 14.134854508 1)
(-7.528108 14.2405950198 1)
(-7.9613719 14.1095870466 1)
(-2.2789033 3.7229579379 1)
(-1.1442619 5.15413787475 1)
(6.213168 -13.602342988 1)
(-0.018042828 0.623830527964 1)
(15.443208 13.9513159361 1)
(14.995908 13.7383524087 1)
(-2.4991216 4.38935915356 1)
(19.442626 -8.95833302823 1)
(18.470268 -9.90458425529 1)
(18.840218 -10.1944993537 1)
(-0.84002828 4.26674866697 1)
(4.6043038 1.79050771947 1)
(-4.6696259 10.786545582 1)
(11.092627 1.09005072288 1)
(0.18506017 0.676478267804 1)
(0.4908498 -9.27949889666 1)
(0.21928374 -9.47249616733 1)
(5.4846892 -5.46367768021 1)
(5.4961465 -5.79608171705 1)
(1.6723992 -1.00157815437 1)
(-4.5893303 -9.34293603608 1)
(2.9395062 0.169850143243 1)
(3.1336643 0.24182859386 1)
(3.2993394 0.103436026543 1)
(2.7684982 0.290798961838 1)
(4.2240106 -2.81058747054 1)
(4.4700003 -2.72620171658 1)
(4.5298712 -2.46638355566 1)
(6.270395 13.9921795376 1)
(6.6494853 13.7428546646 1)
(6.6864011 14.2181775783 1)
(7.0854791 13.9635689194 1)
(1.3028423 -0.530357214752 1)
(-1.3020967 -8.57616701948 1)
(-1.6262025 -8.35889694214 1)
(-0.19980859 4.37446312669 1)
(-0.012775745 4.18279445435 1)
(-2.807541 -1.19999860332 1)
(-2.3378671 -8.68823086516 1)
(0.86595347 -13.1783684276 1)
(9.8100759 -10.9671318543 1)
(10.9156 7.84933022242 1)
(10.927654 8.27645834975 1)
(-0.97044506 9.4062046538 1)
(-1.2578967 9.26957549991 1)
(-0.011399907 1.01905150282 1)
(14.856349 -7.82390664599 1)
(3.5164226 -14.154039381 1)
(-6.3079065 3.95069577291 1)
(-6.638327 4.11132572569 1)
(0.59735491 -0.215853062064 1)
(15.267536 -14.0009606537 1)
(14.822151 -14.2049021936 1)
(14.432952 -13.9145127946 1)
(15.697721 -14.2661003003 1)
(15.968976 6.24442812371 1)
(15.608494 6.51504321914 1)
(-3.1867643 6.99501598119 1)
(8.6938344 -7.45145215113 1)
(2.7334518 5.78851961796 1)
(1.2633521 -2.10837769897 1)
(-5.7895029 5.4430976893 1)
(-5.8242465 5.81343315549 1)
(14.902441 9.34762089141 1)
(11.546853 0.810598812213 1)
(-0.87206709 1.22551791875 1)
(11.286234 7.62235682656 1)
(15.904943 -5.48779417397 1)
(0.84241654 -2.23806163894 1)
(13.423334 -6.63195991341 1)
(13.446029 -6.27888155385 1)
(-1.6603482 1.43788544248 1)
(5.167172 -1.80443401137 1)
(5.0973481 -2.08272152601 1)
(5.2263076 -1.54080442483 1)
(4.8439216 -2.15674821038 1)
(5.049561 -2.36849563848 1)
(5.290976 -2.26323078259 1)
(0.45529172 -1.46207100362 1)
(0.42698388 -1.6221254378 1)
(6.6065175 0.959989930289 1)
(6.7968297 1.48082403898 1)
(-3.1370057 -2.23004367714 1)
(-2.9108129 -2.35061404739 1)
(2.1900571 3.94874872022 1)
(0.66075708 -0.550440809909 1)
(0.73165834 -0.622460290516 1)
(7.0725631 14.4384220064 1)
(1.2583791 -1.00759732466 1)
(1.8500263 -0.0312509174773 1)
(5.7606601 9.02582859059 1)
(5.0305148 4.26344683574 1)
(0.12194384 1.03863964086 1)
(7.8931879 -0.921432098975 1)
(-8.2061042 -10.6572838723 1)
(-8.6746111 -10.8901323344 1)
(-9.0114227 -11.2290728543 1)
(-8.9048582 -11.7065160641 1)
(14.070714 10.8831689885 1)
(-4.5256818 -2.62269096926 1)
(-0.79539817 -0.554684734982 1)
(-9.165239 2.94469997036 1)
(-6.3210782 4.68208315374 1)
(0.69227462 -0.0244682642865 1)
(-0.19145819 -1.74334070167 1)
(-0.36366422 -1.78817385093 1)
(-7.2188833 9.21950038325 1)
(5.6138818 0.528185783769 1)
(5.0538306 1.97334912642 1)
(1.1144349 0.75432363284 1)
(7.7214419 3.80332758928 1)
(7.9923377 3.96093110305 1)
(13.065016 -9.00986622663 1)
(12.681247 -8.75350644657 1)
(13.082052 -8.54860458904 1)
(12.708046 -8.30057131479 1)
(13.097706 -8.05378184399 1)
(8.7692938 -9.39880648226 1)
(8.4075862 -9.56464092948 1)
(-9.2020242 -2.63834607692 1)
(2.6737614 -8.85001620771 1)
(19.081988 -0.475132974891 1)
(-0.78500928 0.77323453596 1)
(19.175505 -5.34833883291 1)
(-1.0844267 0.579221808612 1)
(0.8748727 -0.404206507616 1)
(-0.33668152 0.76935230795 1)
(5.0560049 -3.79798251194 1)
(5.2853896 -3.98570509108 1)
(-3.4837856 7.53316644338 1)
(-4.4309225 -7.13178637382 1)
(-1.2447217 -0.41352476798 1)
(-1.1940958 -0.286639803624 1)
(-1.2775726 -0.15560085973 1)
(-1.2563252 0.00759261335213 1)
(-1.1288256 0.0412618131305 1)
(-1.1415291 -0.0814133321087 1)
(1.447726 4.31103099356 1)
(11.188838 -12.9893631892 1)
(13.673625 2.55954299367 1)
(-2.7359321 5.69010353921 1)
(-3.0427506 5.46772179705 1)
(-0.13231785 0.540144662126 1)
(0.62748274 0.265628593048 1)
(0.049875331 1.60272949856 1)
(-1.208251 -0.812576480626 1)
(-1.2428228 -0.982996765761 1)
(-1.097707 -1.07257637582 1)
(-1.1366688 -1.26921996935 1)
(-0.98154352 -1.20039158804 1)
(-1.0015945 -1.35936653622 1)
(-0.82864677 -1.30284066844 1)
(-0.9267425 -1.04777351073 1)
(0.57835401 0.621666737743 1)
(5.7617498 10.6601776814 1)
(-7.2504904 3.84056584733 1)
(-7.1587963 4.23421352135 1)
(-0.37743376 3.12559939099 1)
(-0.21610564 2.98879007375 1)
(-0.44635184 3.3250284512 1)
(-0.28593799 2.79251829278 1)
(-0.060935154 3.13377102468 1)
(0.76546964 0.528655408733 1)
(2.8943397 2.53114500277 1)
(6.4619507 2.97282396926 1)
(6.1761419 2.98578304007 1)
(5.9810153 2.80005008056 1)
(5.8998876 3.06438150104 1)
(6.0871612 3.27107222176 1)
(-0.62907307 -0.124505576923 1)
(-0.42345324 -0.658446798483 1)
(0.30392126 -2.92477113307 1)
(1.0416272 -0.066002075879 1)
(3.7466955 2.8194796667 1)
(-2.7978917 -0.040829705986 1)
(-2.5863601 0.0642379812766 1)
(-3.0609905 -1.17546634543 1)
(2.070212 0.13706144088 1)
(0.15073049 2.17192672463 1)
(0.10631594 1.98946678742 1)
(-3.1663372 -6.86490563959 1)
(1.8809144 -2.45067418178 1)
(-4.8159731 4.98396332087 1)
(0.70443317 -0.728626538569 1)
(-4.8339406 -4.4704767439 1)
(0.41991946 1.94922013589 1)
(3.5887997 -2.60484687229 1)
(-2.1008848 1.09506891508 1)
(1.4817653 -2.57484368392 1)
(-1.3587291 1.43353304192 1)
(-2.6830633 -2.2119478903 1)
(-2.5897467 -1.97037288659 1)
(7.247001 10.6020964387 1)
(7.2289487 10.1846048807 1)
(0.39767187 1.79585480074 1)
(-2.7512565 0.430893746018 1)
(2.5548101 1.6214720879 1)
(0.68295915 1.73385578714 1)
(-5.6741708 -1.80397999605 1)
(1.3712532 0.407284584947 1)
(0.93665354 1.54413598249 1)
(0.91698972 1.40684954806 1)
(-0.051283601 -3.2154198566 1)
(3.5300871 0.126940286396 1)
(-1.8393394 -4.18721353026 1)
(-1.5700753 -4.06131685856 1)
(-1.3272058 -4.22361496073 1)
(-1.3079161 -3.94210488221 1)
(-1.0693559 -4.09981319019 1)
(-1.0558056 -3.82284910912 1)
(-1.0643424 -4.40061578118 1)
(-0.83426175 -3.96848615661 1)
(-1.5526028 -3.7803322434 1)
(-0.81857544 -3.70016308557 1)
(-1.0402456 -3.53598870655 1)
(-0.75661145 -3.43930954512 1)
(1.8934938 -0.750188042796 1)
(1.7765127 -0.638580274535 1)
(1.2942304 -1.44921680766 1)
(-0.26202155 0.985159803417 1)
(3.2912793 -1.04285408459 1)
(7.0948174 3.16005948178 1)
(-5.8110064 10.5335402499 1)
(-1.8124483 -3.8961320186 1)
(-2.0552448 -3.7190345486 1)
(-2.3336043 -3.83584261957 1)
(-2.3029939 -3.53966487848 1)
(-2.5111966 -3.30384553233 1)
(-2.2196406 -3.24749763309 1)
(-2.8203521 -3.45026638546 1)
(-2.7757049 -3.15109579182 1)
(-3.0221424 -2.97796967557 1)
(-2.7548713 -2.84128837076 1)
(-2.9837849 -2.68775338548 1)
(-3.2473899 -2.78473074949 1)
(15.040049 -6.86856228753 1)
(15.437872 -6.76132025871 1)
(-3.0566273 -0.638798143489 1)
(0.88189587 0.34077185793 1)
(-4.2336832 8.11347274824 1)
(-2.4368441 -0.29454397667 1)
(-7.5563334 6.00347394128 1)
(-0.19221511 2.06480803942 1)
(1.978981 7.98891173356 1)
(1.9774659 7.64807046269 1)
(2.5136704 7.49340846636 1)
(2.6476766 7.22797934781 1)
(0.38893597 0.874028072919 1)
(-5.2587372 -5.9477638158 1)
(-4.8550781 3.35685639484 1)
(-3.7538501 3.95521152273 1)
(4.7388084 2.30149981156 1)
(4.5455041 2.45745034744 1)
(11.45351 -9.34693278783 1)
(5.1369801 -14.2505084153 1)
(5.5652329 -14.5519466615 1)
(8.2914896 -12.5789607765 1)
(7.281397 5.49785687375 1)
(-1.1005203 -0.391654172103 1)
(-4.2921616 3.66655126371 1)
(-4.0590153 3.50085489718 1)
(-3.2183288 4.28201457805 1)
(5.5149782 -1.44905489595 1)
(-5.4073838 3.02299868442 1)
(3.8487637 -3.24078298689 1)
(3.8146207 -2.98063406021 1)
(-7.6443742 2.04490421045 1)
(-4.5178017 4.81901679988 1)
(-0.30524527 -0.608099333522 1)
(2.6936353 -0.306563345017 1)
(-0.84920872 2.57529659655 1)
(13.443275 -9.71025143079 1)
(12.930132 7.77165185056 1)
(12.944869 8.20866317185 1)
(12.899126 7.33424789643 1)
(1.0097582 0.14422138325 1)
(1.8151118 -1.10310342924 1)
(2.7986684 -2.21098829415 1)
(2.6521221 -2.0564801948 1)
(3.3449121 -3.48964082297 1)
(-1.2162494 2.38770667088 1)
(0.12444626 -1.80945303774 1)
(0.15747269 -1.66919456105 1)
(-0.0086533079 -1.68941681007 1)
(3.3595127 0.32232833582 1)
(1.7733903 1.69097232736 1)
(1.3533527 4.69632597848 1)
(-0.46976614 2.72965007015 1)
(1.8024882 4.42002215838 1)
(2.8461895 -3.76317837539 1)
(2.6205818 -3.61773705481 1)
(2.3826727 -3.73328198223 1)
(2.4046612 -3.47439571739 1)
(2.1734386 -3.58344887355 1)
(2.6237452 -3.37191257751 1)
(2.1479252 -3.83566396411 1)
(1.9436952 -3.68796812138 1)
(1.9420357 -3.4078384005 1)
(1.7294068 -3.55941432308 1)
(1.7144595 -3.79327693467 1)
(1.5110974 -3.66591999445 1)
(1.4943926 -3.88703039596 1)
(1.2921477 -3.7624359338 1)
(1.2752801 -4.02188992161 1)
(1.0707408 -3.8633898097 1)
(1.029531 -4.09874422782 1)
(0.84205589 -3.95523232127 1)
(0.79590841 -4.20484728308 1)
(0.6106371 -4.0531365917 1)
(1.0063214 -4.35766322624 1)
(0.59390173 -4.31274183777 1)
(1.691496 -4.03942425688 1)
(-0.73137249 -1.46745920867 1)
(2.5499717 -0.906012057783 1)
(2.5908038 -0.696800922584 1)
(0.46848394 -1.32262495218 1)
(0.93381483 4.98211791216 1)
(-1.0629304 -4.70358322485 1)
(-0.81546048 -4.5827432817 1)
(-0.78368436 -4.27069918433 1)
(3.3801621 -8.52461957666 1)
(8.8424898 -5.48250680281 1)
(9.177634 -5.68423970556 1)
(-1.6170805 -2.59451476582 1)
(-1.5651807 -2.36155684081 1)
(-1.7272674 -2.20362015978 1)
(-1.5198632 -2.13924295473 1)
(-1.3510675 -2.28814889838 1)
(1.5804353 6.54642465156 1)
(2.1346332 0.481669151976 1)
(1.955019 0.435455701804 1)
(6.436989 -7.79555645799 1)
(-4.6209314 2.03341317241 1)
(-4.3547066 1.89890982503 1)
(-4.1210018 1.71808124791 1)
(5.3667115 10.0489107533 1)
(5.0066952 9.44690618805 1)
(5.6078142 -0.260082085334 1)
(-4.6540749 -10.2679207489 1)
(-4.2771726 -10.0713973561 1)
(2.6493969 3.86701012653 1)
(-0.5478788 -0.384905559265 1)
(7.5648868 -1.41828275435 1)
(-1.9645329 -2.26498426938 1)
(12.628675 -10.1502915335 1)
(11.914244 3.3046024884 1)
(11.565012 3.12895273298 1)
(-6.0753213 -3.20665788188 1)
(-6.3266901 2.45804621426 1)
(-6.0261984 2.26152328298 1)
(-6.0174358 2.62847399416 1)
(-2.0093475 -1.19414519472 1)
(-3.3768824 -3.05394492283 1)
(-2.7216194 -2.57136801127 1)
(-0.5430882 1.92406798321 1)
(14.093148 11.355328224 1)
(4.5480063 -0.0547337164893 1)
(4.2914916 -0.147407536338 1)
(-2.0048866 2.1029813111 1)
(0.22700476 7.32615700222 1)
(-0.064927698 7.17240280248 1)
(-0.042039056 6.85226268892 1)
(-0.36357253 6.710940401 1)
(-2.3457453 0.818943209835 1)
(-0.93032483 5.55768900275 1)
(5.7185603 1.22533298255 1)
(-2.4561938 -0.498755020708 1)
(-1.8162136 2.17871695917 1)
(-1.6204012 2.24927732747 1)
(-5.4406226 -3.65449106581 1)
(17.858218 -6.38899409672 1)
(16.536346 9.23718631144 1)
(-1.0128642 3.38976844458 1)
(0.29216908 0.468324790098 1)
(2.4055093 2.95039751186 1)
(-6.9400184 3.60986208185 1)
(5.5784603 -0.862547074043 1)
(1.6491548 2.64190452677 1)
(6.1371902 -14.062719555 1)
(5.8055587 3.32737194383 1)
(-7.6236973 -1.88809898843 1)
(-7.2330094 -1.71010931769 1)
(2.0068081 1.42748409086 1)
(-6.3234875 1.7247655275 1)
(-9.5824689 -0.746834388646 1)
(-9.4825903 -1.72262048412 1)
(-9.152539 -1.9933909458 1)
(-2.4090896 -5.85182902694 1)
(-2.3872019 -5.50566520292 1)
(-2.6714954 -5.30792998287 1)
(-2.3958646 -5.14532454126 1)
(-2.0987705 -5.70106970404 1)
(-1.8031237 -5.88391794476 1)
(-1.7871381 -5.54097075845 1)
(-2.99014 -5.44884137635 1)
(-2.9575085 -5.10650813425 1)
(-3.283034 -5.24388854626 1)
(-3.2466815 -4.89660768568 1)
(-3.5275142 -4.68370530711 1)
(-3.8733075 -4.82363385941 1)
(-3.8128133 -4.50409155996 1)
(-1.3925284 -2.51491725564 1)
(-1.1832553 -2.42891623944 1)
(-1.1595771 -2.19732579818 1)
(-1.4324582 -2.76473308122 1)
(-5.1610984 1.3834461534 1)
(14.084016 10.4013159889 1)
(4.419177 -4.73567210922 1)
(4.154939 -4.561544782 1)
(3.8777902 -4.69771203876 1)
(4.1778717 -4.19529486938 1)
(3.8467807 -5.01540178767 1)
(3.5610428 -5.15522089146 1)
(3.5325032 -5.46623159683 1)
(3.2784764 -5.28422159127 1)
(3.2489357 -5.59241440221 1)
(2.9949144 -5.41102227976 1)
(2.9658436 -5.71884693111 1)
(2.7129516 -5.53709388028 1)
(2.6704627 -5.86182058763 1)
(2.4259779 -5.66695556009 1)
(3.0234559 -5.10562194716 1)
(2.3982153 -5.97326029965 1)
(2.1440191 -5.79183374491 1)
(2.0922963 -6.11430019974 1)
(1.853947 -5.92075677208 1)
(1.8142301 -6.2335863327 1)
(1.5688996 -6.04607561952 1)
(2.1739496 -5.48516433121 1)
(1.5333319 -6.36420151417 1)
(1.2740271 -6.17565095558 1)
(1.2407367 -6.49750610172 1)
(0.98504594 -6.29836214614 1)
(0.90947436 -6.6311612892 1)
(2.9081726 -6.07310447389 1)
(1.6045927 -5.74059099877 1)
(1.0200599 -5.99573173372 1)
(0.72291217 -6.12506208768 1)
(1.7963443 -6.5523517013 1)
(0.76033819 -5.84848323297 1)
(1.2239684 -6.82326793491 1)
(3.5893705 -4.8407216032 1)
(3.5027554 -5.79171368848 1)
(3.5841821 -4.52691905607 1)
(3.310996 -4.6624916789 1)
(3.8505472 -4.3419607746 1)
(3.1674571 -6.2707995744 1)
(2.8580388 -6.42540407627 1)
(-4.4933038 -2.2919931436 1)
(-4.7923122 -2.08560663961 1)
(-4.4689347 -1.94492997446 1)
(-0.30885441 1.4224245118 1)
(1.5059499 1.91385898911 1)
(1.3679673 2.0412013202 1)
(-9.5952614 -5.26153870878 1)
(-9.5713822 5.2435283679 1)
(-9.1521876 4.99960468528 1)
(-9.1368189 5.46681642783 1)
(-6.2191167 5.86849763676 1)
(-6.2719649 6.30822420909 1)
(2.4190919 -3.22685750926 1)
(2.196806 -3.31595512603 1)
(3.3953982 -0.355996489898 1)
(0.94087372 -0.286190664169 1)
(10.429146 11.729693117 1)
(10.428843 11.2611100542 1)
(6.7154561 6.17699620772 1)
(7.4741503 -8.04508964058 1)
(1.0767166 7.14846368912 1)
(6.3933389 6.01634593474 1)
(2.1606961 6.43916592914 1)
(5.4677839 7.674886581 1)
(5.1801509 7.47834949745 1)
(4.830674 7.68507366721 1)
(6.1098058 7.27657935222 1)
(5.8031713 7.0995083674 1)
(-2.0276217 6.69268526818 1)
(-1.7434916 6.53684640179 1)
(-1.7658414 6.20512227656 1)
(-1.7339137 6.86921947082 1)
(3.0978332 3.60971977851 1)
(2.8845826 3.52597572024 1)
(3.3088765 3.4740304129 1)
(3.2929419 3.21349361998 1)
(16.547159 9.78673856954 1)
(0.85053392 0.239989628256 1)
(3.7778849 6.95797756819 1)
(2.232706 5.19588568192 1)
(3.4809889 5.60990661613 1)
(2.1724928 8.51930758037 1)
(-2.9475283 -4.756614727 1)
(0.1416789 -1.06482414405 1)
(0.46502783 5.24193186936 1)
(8.5236906 -5.28193826835 1)
(2.7307537 2.66891520334 1)
(0.79748474 1.48458216396 1)
(0.7921722 1.34232069008 1)
(1.4487951 -1.39343634252 1)
(11.327563 8.48298281623 1)
(2.9485455 4.78065971895 1)
(3.1751858 4.63056963486 1)
(3.1956354 7.31778089849 1)
(5.2118519 6.07142545296 1)
(5.19717 5.72965691589 1)
(5.5261537 5.53053247975 1)
(5.7993404 5.69211327756 1)
(6.0944976 5.51468620853 1)
(12.407893 10.5050981359 1)
(12.384193 10.0514481236 1)
(0.61766789 -7.44922732829 1)
(0.64714657 -7.11260310365 1)
(0.37161608 -6.89371317738 1)
(0.5680009 -6.61866980543 1)
(2.8135173 -1.40890306577 1)
(2.7685616 -1.62383695546 1)
(-4.2689325 6.07468604779 1)
(-3.9447898 5.91871176704 1)
(-3.9422401 5.55969748822 1)
(-3.6563496 5.4032094359 1)
(-3.3574775 5.61779836263 1)
(-0.54833296 3.52449394519 1)
(-8.0028665 6.66377545675 1)
(-7.6116903 6.89549805508 1)
(-7.6443125 7.3905346602 1)
(-7.3186336 7.64134320545 1)
(-7.295839 8.09744747196 1)
(-7.7064462 8.29324256207 1)
(-7.7363709 8.75456932919 1)
(1.2861787 5.86447848248 1)
(-7.3241157 -5.39207189063 1)
(-6.0328546 -2.39023035502 1)
(-5.7117081 -2.63217294402 1)
(0.97266086 0.0297101646078 1)
(-1.6044654 4.13218375503 1)
(-1.5712664 3.91377880271 1)
(-1.3857618 4.26300228452 1)
(-1.1880315 4.11385414455 1)
(-5.9232888 -5.02320178869 1)
(2.1150239 -12.5655084936 1)
(4.4527744 -0.575498873683 1)
(4.2116615 -0.688709729711 1)
(1.8937073 -5.61769112935 1)
(1.915885 -5.29514499504 1)
(2.2051348 -5.18355791306 1)
(2.4513798 -5.35700924845 1)
(2.738654 -5.23193474447 1)
(2.7718592 -4.91688849712 1)
(3.0412453 -4.78857224597 1)
(-2.9747232 4.1325587864 1)
(-0.25324463 4.89865740929 1)
(-1.7545656 -14.5879602058 1)
(4.1840085 8.45709147226 1)
(4.1569321 8.11038046473 1)
(-1.277751 -14.5982098628 1)
(15.270677 -3.20210948929 1)
(3.7653081 -5.99317285548 1)
(4.8301679 8.06498299388 1)
(3.53486 8.85051494645 1)
(2.872248 9.23916497264 1)
(2.8702358 8.86878008243 1)
(2.5224533 9.0628909804 1)
(-5.2247419 -5.07683198533 1)
(-2.872823 8.94927106557 1)
(-2.536973 8.76334708269 1)
(-9.5699792 -7.73408059738 1)
(-9.0751796 -7.54163764279 1)
(-9.3290753 -6.68670794083 1)
(-8.6675315 -7.4445986312 1)
(5.0397672 3.67819506346 1)
(-9.6070107 7.75991749198 1)
(-9.1569522 7.53801952476 1)
(-4.7997861 -0.484306383822 1)
(-1.6370039 3.08415096202 1)
(-1.4286177 3.20402023666 1)
(-1.2575014 3.07350301972 1)
(1.3164731 -5.87310796613 1)
(1.3645497 -5.53946316213 1)
(-2.9329229 3.04721726179 1)
(-3.2087915 2.77052513969 1)
(5.2774619 4.42485727757 1)
(3.1347386 11.7812806765 1)
(3.5286536 11.556000171 1)
(3.8754937 11.7745539087 1)
(3.8882805 11.3358988338 1)
(3.0341035 1.41833188705 1)
(15.8513 14.183830054 1)
(-2.0908407 2.91848868633 1)
(3.585817 -13.6099905589 1)
(-2.5331709 9.16427032414 1)
(-2.2281063 8.58122709969 1)
(0.20005009 4.29671281179 1)
(0.1979956 4.05003376215 1)
(0.37979795 3.90747709538 1)
(0.5708013 4.00139382866 1)
(0.55046184 3.7726040641 1)
(-7.5324066 5.57464112742 1)
(4.1079654 -7.4859509555 1)
(4.4484572 -7.33666813122 1)
(4.116874 -7.10992017724 1)
(4.8078212 -7.178339575 1)
(5.1434287 -7.34370387846 1)
(4.3470748 6.60177221841 1)
(4.0538942 6.4740893708 1)
(4.6368488 6.42745179475 1)
(4.6407442 6.06829102672 1)
(-3.0633797 -8.61560019529 1)
(-2.7257788 -8.86252752354 1)
(7.9517195 5.39075890143 1)
(7.6191258 5.21095098625 1)
(7.9323554 5.02717927847 1)
(8.260698 5.19311601807 1)
(8.2557367 4.82443242076 1)
(7.984439 4.65457496947 1)
(2.2537597 2.10245561367 1)
(-0.082556043 -11.7246116402 1)
(-0.035614316 -11.2860159494 1)
(3.7565065 -1.76238862319 1)
(-6.5950875 10.4876785261 1)
(-1.9200503 -0.798134964676 1)
(-1.7287397 -0.746082577159 1)
(6.8101366 -0.17812909964 1)
(6.8462855 0.152107891698 1)
(7.1020495 0.311363154822 1)
(7.3739189 0.142528733425 1)
(8.2162902 -8.07007507139 1)
(8.2335678 -7.64348170206 1)
(9.5105278 -5.47690493155 1)
(9.4970084 -5.89059800718 1)
(1.1929538 14.5812164623 1)
(1.2503395 -14.5789788698 1)
(1.0046318 -14.146400217 1)
(1.5512752 -14.1522398127 1)
(1.6154622 0.92334294479 1)
(1.6360038 0.789133602273 1)
(1.5141216 1.0455803487 1)
(-4.9337977 8.0341256869 1)
(-5.2893728 7.80307651926 1)
(-4.9269008 7.6115432614 1)
(-4.3056337 -0.847397323581 1)
(-4.2713865 -0.545688075704 1)
(3.9243497 -4.08511532532 1)
(8.5126329 -0.617424721748 1)
(4.1118896 4.00970615169 1)
(5.5377202 -6.46107861737 1)
(-2.5968244 2.28838650629 1)
(3.7296101 3.2083878403 1)
(6.6518491 -1.58511778773 1)
(6.7081708 -1.2967226056 1)
(6.326125 -1.99677073959 1)
(1.8706842 -4.22750334165 1)
(-4.0718664 -7.80444289196 1)
(14.502798 11.1131587867 1)
(14.92094 10.8522750056 1)
(-5.0755967 -10.4368721805 1)
(-9.1097855 -7.99983705417 1)
(5.7364201 1.8210332279 1)
(5.4753809 1.70692401599 1)
(10.671189 -10.2757546592 1)
(13.513529 -8.39641025834 1)
(13.274689 -7.60613416028 1)
(5.393767 11.3155963364 1)
(8.2024617 -0.774242687354 1)
(-4.8469155 5.33086772843 1)
(-0.42655726 4.5077281049 1)
(10.568713 3.8038147706 1)
(10.246861 4.01341615578 1)
(10.261582 4.38994745215 1)
(9.9270277 4.21656005933 1)
(9.9396748 4.58739552756 1)
(10.267278 4.7561510862 1)
(9.8665308 3.86239609348 1)
(9.6023637 4.41923168858 1)
(9.6145381 4.78682604102 1)
(9.2753127 4.61528709625 1)
(3.1483368 4.36432240575 1)
(8.1481366 -4.78794308297 1)
(7.8618917 -4.5635884233 1)
(-7.1126654 -8.40193787357 1)
(1.1042606 2.4494290537 1)
(0.95458618 2.57015716245 1)
(0.97633236 2.76500017069 1)
(0.76354625 2.67913386104 1)
(0.94013256 2.38570621278 1)
(0.78598349 2.48914473714 1)
(0.99959926 2.96717833939 1)
(-0.23777737 5.41038300127 1)
(9.7120484 -7.31061834557 1)
(2.8715029 -3.4895184449 1)
(3.3007645 -4.9728077144 1)
(2.7526307 -14.5142754973 1)
(-5.9374052 6.54460382865 1)
(-7.5591242 -1.03101354775 1)
(-7.2010393 -0.830191360614 1)
(9.5232911 9.61780640222 1)
(9.5232407 9.16413346094 1)
(4.248292 -6.7376708606 1)
(8.0288156 10.5535782664 1)
(7.973297 10.1181979883 1)
(7.6441846 10.3624400822 1)
(12.276127 3.4873380446 1)
(9.8713817 8.96429392777 1)
(3.2813523 -0.195608208735 1)
(6.4278519 -8.18021521717 1)
(6.0828402 -8.3516233018 1)
(-4.3377177 -6.34763398539 1)
(3.3545485 1.11790610995 1)
(-2.7504386 14.5787708584 1)
(-2.747692 -14.5846746292 1)
(-2.9651111 -14.1864034444 1)
(2.4891266 5.06281221971 1)
(15.73785 9.80423571722 1)
(9.7504422 14.5965100514 1)
(9.8993601 14.1261077007 1)
(10.473826 14.0749371469 1)
(10.740084 14.5563573391 1)
(10.979877 14.1335246016 1)
(10.245078 9.1780372067 1)
(10.227159 8.7371161635 1)
(3.3717571 -0.602718369745 1)
(-0.69345275 4.63554138101 1)
(5.0823465 -8.09538569853 1)
(4.7804537 -7.87669113133 1)
(5.0425284 -8.47999361805 1)
(-4.6047026 1.37573866989 1)
(1.2004388 9.46849659184 1)
(1.3106289 -4.45676966077 1)
(1.0571069 -4.60943161821 1)
(17.680284 -9.83294696081 1)
(-9.6044927 0.24850656448 1)
(-9.58694 0.749447028245 1)
(-9.1514777 0.499498582544 1)
(9.3943106 -1.5686968831 1)
(9.0897926 -1.36607605982 1)
(2.455863 -10.8761039607 1)
(-9.5613038 3.75017195627 1)
(-9.0746138 3.46583054989 1)
(-9.5628653 4.25188601294 1)
(-9.5770322 -3.82276858751 1)
(2.1422268 -12.1063954551 1)
(-2.1285784 -2.04351334693 1)
(19.545959 -0.725687596981 1)
(11.089452 0.00506575676938 1)
(-4.0410724 -1.00734894903 1)
(5.7455759 10.2438057055 1)
(5.3853089 10.8874898652 1)
(6.5084933 1.64292767934 1)
(6.7676445 1.79303468757 1)
(0.63282505 0.713031214396 1)
(5.45114 -4.82603264132 1)
(3.730212 5.44946652789 1)
(7.5313425 -4.7445351055 1)
(7.2243001 -4.55168814901 1)
(6.9030168 -4.71212939371 1)
(6.9025658 -4.36865369129 1)
(7.2495527 -4.1789757483 1)
(-3.4577571 1.23990837187 1)
(-3.2236696 1.30620770126 1)
(-3.0487126 1.14336258083 1)
(7.1111265 1.31878207475 1)
(6.7613836 8.80019334595 1)
(6.432938 8.60825037397 1)
(7.1059984 8.5904796882 1)
(2.4413035 1.06455649769 1)
(2.5652096 0.944938596644 1)
(2.2968244 1.18716185045 1)
(3.057477 2.38686954493 1)
(-1.8229746 -0.421113308316 1)
(11.23975 14.5609605319 1)
(11.481235 14.1293610372 1)
(11.978141 14.1254399182 1)
(11.722042 13.7000712527 1)
(12.210548 13.6887903686 1)
(12.465236 14.1070908651 1)
(12.682056 13.6671003016 1)
(12.443177 13.2578420062 1)
(12.932184 13.2469065277 1)
(13.210771 13.7148943598 1)
(12.70399 12.8505120591 1)
(12.213723 12.8564776881 1)
(6.1925059 -6.12461762858 1)
(5.8557165 -5.89444489629 1)
(-5.6996701 -6.12833599312 1)
(-9.5271786 6.7633689381 1)
(17.675874 7.06934107913 1)
(17.662899 6.60916190117 1)
(-1.8182367 -6.25351137957 1)
(11.213459 -6.5141727792 1)
(11.21789 -6.13092525417 1)
(11.183063 -6.94714992512 1)
(2.3541482 -4.00639103667 1)
(16.297666 1.63427164615 1)
(15.887098 1.4519439251 1)
(15.865639 0.988070879521 1)
(15.48102 1.23529772161 1)
(15.477176 0.783062858757 1)
(15.106821 1.04168124882 1)
(14.686637 1.31234861611 1)
(19.192227 12.0793264762 1)
(19.210388 12.5376341797 1)
(1.8448466 -9.61480498625 1)
(2.1857882 -9.44782641463 1)
(4.6362042 -5.8897268517 1)
(14.902319 4.44712842679 1)
(8.0723102 7.18813000323 1)
(8.0443317 6.8241317028 1)
(7.741062 7.40204459699 1)
(14.011053 1.9091263973 1)
(13.661135 2.16937937036 1)
(3.8522172 -11.3563541597 1)
(1.8796993 0.731705690911 1)
(2.5871588 -6.23932343301 1)
(6.5525766 -10.8667983292 1)
(-2.0172683 -8.9448600587 1)
(11.816018 -10.5940535811 1)
(-0.71936595 -1.67407743977 1)
(7.9108404 -12.3239461227 1)
(7.5599215 -12.0737311799 1)
(0.18008272 -0.621783328168 1)
(11.977992 -6.12922352128 1)
(11.969888 -5.73038521842 1)
(12.360618 -5.49884925423 1)
(11.995536 -4.15917189069 1)
(1.6028929 11.7943936464 1)
(1.2218931 11.5900818892 1)
(1.6038645 11.3766947641 1)
(0.84926274 11.7833376767 1)
(5.227076 -6.26978955667 1)
(9.9114405 -9.2539774882 1)
(9.5647903 -9.00992320109 1)
(10.306618 -9.05773047076 1)
(6.4771067 10.2149265232 1)
(12.031118 -3.32413176573 1)
(11.611961 -3.54375655406 1)
(13.780007 -3.09011977919 1)
(13.438566 -2.8590876368 1)
(13.454117 -2.42027679806 1)
(13.823598 -2.22363795043 1)
(13.057185 -2.20714006613 1)
(13.104795 -1.74840848353 1)
(12.731758 -1.90874263691 1)
(12.385963 -1.67777144756 1)
(12.345678 -2.08851846471 1)
(2.3031247 -1.11451399354 1)
(12.451529 11.423457553 1)
(4.8831532 0.546218325769 1)
(0.57423972 -4.85916829455 1)
(0.33860368 -4.69056042246 1)
(2.7061094 4.64539836434 1)
(2.1793216 -6.6806932275 1)
(4.2625743 11.5552511846 1)
(3.9198718 10.9220184518 1)
(4.1512251 2.92205539789 1)
(7.230768 -2.28724648886 1)
(6.9595031 -2.45530683611 1)
(14.07691 3.17059438179 1)
(-1.589021 0.711267951143 1)
(14.992614 13.2518116411 1)
(14.568806 13.5128207248 1)
(14.548351 14.0770231979 1)
(14.140934 13.7808737427 1)
(14.147846 13.2776274108 1)
(13.711432 13.5402556795 1)
(13.687596 13.9982531067 1)
(13.209474 14.1997689369 1)
(11.576375 3.53823872755 1)
(10.019013 -1.97516325214 1)
(0.78055699 6.19290230107 1)
(7.4676169 -2.77316357908 1)
(7.7215222 -2.99335017413 1)
(8.0672915 -2.88958601741 1)
(8.3504303 -3.13971229482 1)
(7.8068149 -6.02555524298 1)
(8.8487725 0.250437398861 1)
(9.1566711 0.41525637096 1)
(5.7428253 -11.2685249728 1)
(15.976879 2.79394818865 1)
(15.568599 2.61555243167 1)
(16.003309 3.25060817091 1)
(16.23745 -6.27104739901 1)
(7.0646524 -12.7395607245 1)
(6.7151492 -12.466291102 1)
(-4.774703 -7.31170794389 1)
(16.711259 1.83399252152 1)
(11.957336 13.2723985162 1)
(0.20135381 9.66955386923 1)
(-5.1317411 -10.8967053282 1)
(-3.9726056 -11.2694008492 1)
(1.1868335 8.75428625476 1)
(2.1961301 9.25932016665 1)
(0.25293013 14.5729589739 1)
(0.52177255 14.1391224537 1)
(-0.22631735 14.5740803209 1)
(-7.062919 12.6170174657 1)
(-6.6516008 12.3889397317 1)
(-7.4751008 12.3547622999 1)
(-1.2452843 14.5696163991 1)
(-1.7479168 14.571179555 1)
(-2.0191283 14.1499289431 1)
(-1.5167329 14.0997579376 1)
(2.2406594 14.5870702729 1)
(2.7184158 14.5890679067 1)
(3.75 14.5668900175 1)
(4.2467044 14.5768315619 1)
(6.8876272 -5.06860041278 1)
(5.25 14.566896253 1)
(5.7398751 14.5657790428 1)
(6.0228967 -3.83011080569 1)
(5.742918 -3.65328767609 1)
(-9.0754156 10.8461420915 1)
(-9.4224111 11.2229013367 1)
(10.661846 -2.39532780402 1)
(11.231153 10.7854599255 1)
(10.836773 11.0290938644 1)
(10.838045 11.4830361823 1)
(10.419461 10.8068282295 1)
(9.9944242 11.0828290551 1)
(8.254311 14.5979911517 1)
(8.0565284 14.1521924126 1)
(8.7537511 14.6048890799 1)
(7.2402527 -14.570049422 1)
(7.4949271 -14.1568901797 1)
(15.236542 -8.5612240979 1)
(14.727994 -9.17524904303 1)
(12.61076 2.47336026353 1)
(14.531083 4.6905512557 1)
(14.140185 4.49471600489 1)
(13.767083 4.73721207758 1)
(13.751941 4.29736855266 1)
(13.388627 4.53897402075 1)
(13.028531 4.30899632011 1)
(13.024076 4.70814788054 1)
(13.37351 4.9610683046 1)
(12.965964 5.13696144769 1)
(13.038595 5.63051016535 1)
(12.635083 5.46920320586 1)
(12.304272 5.74650153443 1)
(12.255455 5.36257714764 1)
(11.923186 5.62630914159 1)
(11.854648 5.19875752478 1)
(11.534611 5.49886748161 1)
(11.388216 5.13628708976 1)
(11.145804 5.38671705262 1)
(12.563149 5.06162116995 1)
(14.51013 4.24646411205 1)
(-9.5361838 10.2499284817 1)
(13.817065 -11.8712631754 1)
(13.818539 -11.4028539141 1)
(17.674079 4.50247381263 1)
(15.622278 6.96104505174 1)
(15.213578 6.75047960485 1)
(15.207095 6.28070897286 1)
(14.823517 6.55671984338 1)
(14.831051 6.99899929899 1)
(14.442309 6.81005611705 1)
(14.438259 6.33769787634 1)
(14.059763 7.06961106879 1)
(-4.5753848 7.84941704387 1)
(7.2680004 11.0333827325 1)
(15.014549 -1.19069294366 1)
(15.040154 -0.748938122255 1)
(14.645951 -0.948083938217 1)
(-0.35084683 8.31351294182 1)
(9.7427515 -6.90141263248 1)
(4.2692738 10.7170779211 1)
(11.294547 -2.90858847891 1)
(9.2745641 12.4757748686 1)
(-8.0628108 -2.93183143468 1)
(-7.7717294 -3.18282421542 1)
(18.045355 6.29115369758 1)
(-7.0038611 -7.49250997584 1)
(-0.39793133 0.608671891699 1)
(-5.7193709 -12.4863417073 1)
(-5.2918231 -12.2933087744 1)
(2.5031119 8.69266597433 1)
(12.964364 -12.3041489555 1)
(12.979662 -11.8337378229 1)
(1.0373 0.856470737115 1)
(9.0837927 6.93615418191 1)
(9.0603567 6.55125858871 1)
(8.6960669 6.40512902096 1)
(8.9857769 6.22358486818 1)
(3.9810451 1.82697150874 1)
(4.1854567 1.66609258899 1)
(3.7469026 1.74117644379 1)
(11.524706 -7.59735376212 1)
(15.703138 -2.56892060759 1)
(11.136467 -7.79882103271 1)
(13.752971 -3.97161403392 1)
(-9.2571992 -9.38341054576 1)
(11.619886 -4.36775571053 1)
(1.3170594 3.66002331918 1)
(12.273674 -8.95336584563 1)
(19.496529 0.494656332281 1)
(15.784623 -6.46128448987 1)
(19.574905 -3.24912890976 1)
(19.192179 -2.99359848324 1)
(19.17863 -3.48908545126 1)
(19.578856 -3.74115183489 1)
(19.166602 -3.95517757773 1)
(19.584782 4.73174382722 1)
(19.204521 4.48214334216 1)
(19.595971 5.20213832303 1)
(-1.1793883 -5.97277469289 1)
(-9.5778229 2.73261019269 1)
(13.643307 6.89447943998 1)
(10.577958 8.51199157643 1)
(-5.4152721 11.2554069333 1)
(-5.4286978 10.776883254 1)
(11.232856 13.708024685 1)
(8.1185062 12.3254681849 1)
(3.681152 0.801551180287 1)
(10.165283 7.07001777145 1)
(1.9641478 3.31532258016 1)
(6.2205645 -5.7540383122 1)
(3.6249053 2.1511078311 1)
(3.393159 2.09371126064 1)
(10.76403 -14.582397181 1)
(11.250859 -14.6058917422 1)
(-1.1417802 12.9037847286 1)
(-1.1488743 12.4588503229 1)
(-5.2840357 7.38233104322 1)
(-7.2930556 2.26529158456 1)
(12.4272 -1.27000551805 1)
(-3.7505523 14.5711715166 1)
(-3.4682668 14.1561477226 1)
(-3.9626156 14.084748229 1)
(-4.2444445 14.5632186513 1)
(-4.4775672 14.1466198451 1)
(-2.524979 1.95774144686 1)
(1.8368503 -9.2868314027 1)
(13.245067 10.4488295144 1)
(12.821076 10.2413913938 1)
(7.8525393 -1.6388447375 1)
(14.847066 7.45680992131 1)
(10.734574 -12.7375546936 1)
(0.25144125 -6.22663956461 1)
(6.7223619 -0.807116159048 1)
(6.4302301 7.08136897886 1)
(0.3518112 -11.111684228 1)
(0.71071534 -10.9271984635 1)
(-0.83139291 -1.14737385072 1)
(16.165003 -7.2501360261 1)
(-7.460134 11.8681269192 1)
(5.3315742 -11.4690941003 1)
(-2.5308678 -7.29087116338 1)
(6.312763 3.7669034646 1)
(15.628055 3.50579734777 1)
(14.510656 8.59427093243 1)
(-2.7755195 -11.6544774035 1)
(16.912361 8.55121189254 1)
(-1.9746745 -11.3029784029 1)
(-2.2974641 -11.0364883931 1)
(-1.8975968 -10.8715648263 1)
(-6.9509519 -7.05139270934 1)
(10.888257 -4.7570607512 1)
(12.558993 -12.0464761253 1)
(15.33173 -2.31676533211 1)
(3.1455561 -7.58436179156 1)
(-6.8731562 -9.61814455007 1)
(-0.33881645 -7.55332416026 1)
(-0.64575798 -7.36108229966 1)
(16.130437 -7.71552369173 1)
(-2.6936782 11.6067187447 1)
(1.5991879 2.45275995818 1)
(16.02603 -3.72994624085 1)
(17.69912 7.55430407946 1)
(19.566987 -6.25004587054 1)
(10.9079 7.42835943034 1)
(13.786798 5.16931651155 1)
(11.548729 -7.16726824084 1)
(11.157778 -7.37529980689 1)
(13.899267 -0.911763982522 1)
(17.655986 -2.93247486266 1)
(17.359097 -1.28031516133 1)
(-2.7199552 4.56498128447 1)
(-4.8157383 4.62977119998 1)
(16.073357 8.10174162499 1)
(0.042160352 14.0940019525 1)
(-1.0143744 -7.89387453053 1)
(17.585203 -4.28547200782 1)
(17.523847 -10.3642858384 1)
(12.245959 14.5505509448 1)
(12.249052 -14.5691278366 1)
(11.931218 -14.1536764496 1)
(12.473463 -14.0428212123 1)
(13.009612 -14.1482823378 1)
(13.248412 -14.5666306594 1)
(13.49009 -14.1290188407 1)
(13.741428 -14.5717671584 1)
(13.711975 8.16161871679 1)
(13.719911 8.61990410661 1)
(8.6879629 -12.8392102699 1)
(9.7874939 0.76368330979 1)
(10.339273 -8.62264725761 1)
(10.438757 12.1939078335 1)
(15.540558 -9.75286436276 1)
(17.803488 -7.33935433449 1)
(14.671864 -0.501244121087 1)
(14.277156 -0.690853919643 1)
(13.923593 -0.44104604179 1)
(13.554229 -0.668681857856 1)
(13.545503 -0.246350298227 1)
(13.185925 -0.0378837107815 1)
(8.4053945 -10.7935772625 1)
(1.879674 -6.86458210789 1)
(2.4933218 -5.04985515614 1)
(5.2643082 2.14857806948 1)
(14.120422 11.8313469758 1)
(-6.2455211 -4.77775617269 1)
(9.0936475 2.84706717937 1)
(9.0776706 2.50326547314 1)
(8.781089 2.69464881204 1)
(8.7715169 2.30364417946 1)
(9.4105312 2.31766434245 1)
(8.4663566 2.53286570298 1)
(8.422706 2.19669031763 1)
(8.1685906 2.39441168667 1)
(8.1260143 2.04811595685 1)
(9.7024411 2.46408110409 1)
(8.8036204 3.04710116981 1)
(6.3835677 5.68210961178 1)
(16.223445 -12.0663058325 1)
(0.11163751 1.73402460158 1)
(0.15251229 1.49479370689 1)
(-6.2087167 -10.1054185666 1)
(-0.99665461 8.71819973981 1)
(3.1163192 -0.905104043224 1)
(0.35284322 -1.24110092062 1)
(8.595352 1.78845354924 1)
(16.691774 -10.9033167254 1)
(-0.45384831 9.65613047845 1)
(0.52952514 1.69780210728 1)
(-6.5648956 -4.53491594129 1)
(-9.4873754 -10.1943018355 1)
(13.938477 -0.033354679165 1)
(-3.4149919 11.5641088728 1)
(10.539098 -4.93806400095 1)
(-5.2325871 14.5887779203 1)
(-5.2557407 -14.5878447506 1)
(-1.6638516 -1.99169005042 1)
(2.3017277 -6.33224558795 1)
(4.4152781 -13.2020287386 1)
(7.0101365 -9.84768010929 1)
(6.6455704 -10.0110596192 1)
(6.6109456 -10.4275826365 1)
(19.515329 7.76179756655 1)
(-1.4231584 7.69305651212 1)
(19.553045 -7.76805454564 1)
(-6.7695617 -11.1498239676 1)
(-9.5335824 -11.2383250449 1)
(5.9907856 -9.92929102413 1)
(-6.1067606 -12.1959917134 1)
(14.622269 -1.39182768024 1)
(10.612729 1.824381417 1)
(10.567558 1.45399591746 1)
(10.285773 1.6768054084 1)
(10.303436 2.04036597521 1)
(9.9401051 1.90596528286 1)
(-6.2461182 -14.5709537636 1)
(-6.0096425 -14.1623386331 1)
(-6.4741643 -14.1643025187 1)
(19.568707 8.7514368887 1)
(19.093108 8.5238252782 1)
(19.135772 8.99712617467 1)
(19.567542 9.24951621001 1)
(19.135313 9.49943097465 1)
(19.13826 9.99917206537 1)
(18.703837 9.74931956229 1)
(18.700643 9.29270301845 1)
(19.567534 10.2496813356 1)
(19.139124 10.4995496367 1)
(19.142937 10.9999603936 1)
(18.713969 10.8014493796 1)
(19.571086 11.2520290682 1)
(19.165322 11.5331359203 1)
(3.518625 -1.81522869157 1)
(14.053695 2.7416727846 1)
(14.757017 14.5713336412 1)
(9.1455347 -11.2801129391 1)
(13.727556 14.5271231033 1)
(-9.5776838 -12.2620504561 1)
(-9.5691913 -12.7517874236 1)
(-9.135439 -12.9997759709 1)
(-9.1346503 -13.4982753469 1)
(-8.7200945 -13.2484140623 1)
(-8.7212754 -13.74633661 1)
(-8.7145526 -12.7634256059 1)
(-9.1513742 -14.0016442549 1)
(-8.7295118 -14.2494456554 1)
(-8.2757247 -13.9718094063 1)
(-8.3192009 -13.0857180491 1)
(-9.1450872 -12.5154359599 1)
(-8.7128941 -12.2334100998 1)
(-9.573539 12.2508091737 1)
(-9.1218172 12.0079671779 1)
(-9.5789171 12.7498502376 1)
(-9.1031598 12.991568572 1)
(-9.1422521 13.5196004649 1)
(-9.5665549 13.7487312286 1)
(-9.1338118 13.9967085613 1)
(-8.6805524 13.7794880574 1)
(-8.7082124 14.2716235157 1)
(-9.1856337 14.5417324514 1)
(-7.2356841 -14.5206099506 1)
(19.599922 -10.2352994425 1)
(19.572466 -11.2493636601 1)
(16.75 14.5669681276 1)
(17.250422 14.5668740491 1)
(17.500676 14.1344380764 1)
(17.999218 14.1348058203 1)
(17.749793 13.7027029965 1)
(18.242771 13.7004690942 1)
(17.26205 13.7073946041 1)
(17.017532 14.1460707669 1)
(18.49638 14.134631428 1)
(18.707774 13.646993614 1)
(18.882929 13.2194303535 1)
(16.737931 -14.5606313491 1)
(16.514955 -14.1268050414 1)
(17.000392 -14.1435643732 1)
(16.793655 -13.7623423228 1)
(17.25 -14.5670039988 1)
(17.515147 -14.1361017854 1)
(17.999381 -14.1343548564 1)
(18.249449 -14.5666791084 1)
(18.498955 -14.153587086 1)
(19.002752 -14.1519983671 1)
(18.699122 -13.669160198 1)
(19.239435 -13.718754017 1)
(19.001413 -13.2536202499 1)
(19.556505 13.7867659501 1)
(-9.5698328 -13.7476617415 1)
(-3.6434484 0.0732094741546 1)
(-3.628396 0.34945423527 1)
(11.390669 -1.69023509067 1)
(11.729777 -1.56567409968 1)
(17.917423 -12.1561587217 1)
(-0.23034209 -1.91208986324 1)
(-0.64870499 -0.202555797804 1)
(12.141925 0.167769449178 1)
(12.475309 0.330758303666 1)
(18.248369 14.5676658701 1)
(4.6809804 -8.64704643387 1)
(-1.8033211 -3.60778453427 1)
(-3.6898237 6.83280741 1)
(7.9915603 1.45333780313 1)
(-1.1830475 0.307549396923 1)
(4.1113015 -1.18694298233 1)
(18.236123 -0.0683618989528 1)
(8.5495089 0.42956577303 1)
(9.8906057 6.49577980254 1)
(10.750063 -0.172157246873 1)
(3.7969104 -5.66115748768 1)
(15.822128 12.7360152018 1)
(11.247155 11.6992184827 1)
(5.8129917 6.72264942574 1)
(12.937938 0.70293142425 1)
(11.350385 -11.7447045162 1)
(7.1030976 8.19534388794 1)
(12.432388 10.9611105399 1)
(19.066748 14.0781655536 1)
(6.7434337 -14.5763103127 1)
(6.9446649 -10.689421736 1)
(7.6790609 0.639303463297 1)
(8.8609878 -5.06730429629 1)
(7.0463087 -9.43031362675 1)
(16.53412 -1.71344145766 1)
(14.808185 -5.13350391659 1)
(1.3776551 -4.23162856051 1)
(-0.62618161 6.86910227583 1)
(-0.40417885 6.40788406215 1)
(10.572915 5.63675923202 1)
(-5.6480589 -1.45820374496 1)
(17.80955 -13.6646710637 1)
(-9.164558 1.53822462846 1)
(16.36744 -9.83402545226 1)
(6.1007756 10.0255116275 1)
(11.738335 -0.796261760911 1)
(1.9982235 1.23934168583 1)
(-0.83084296 11.0231683808 1)
(9.1055983 7.32941932151 1)
(3.2208172 2.24107826093 1)
(7.4640897 -8.4375629095 1)
(12.899192 0.273423827985 1)
(14.442249 -4.4349016568 1)
(14.095375 -4.64577707735 1)
(8.220895 -0.420145334614 1)
(10.2482 -3.99337106127 1)
(14.434786 9.09034965545 1)
(16.281283 -10.6548111086 1)
(-6.338223 -10.9824984234 1)
(17.564806 2.72055991914 1)
(-0.21552772 -0.528092020347 1)
(1.3640865 -10.9893390389 1)
(-6.0220835 1.89883527553 1)
(9.6151407 -3.57200932426 1)
(9.273628 -3.74123224512 1)
(8.9634163 -3.52881543334 1)
(9.5863421 -3.94763989619 1)
(8.9909394 -3.16230553182 1)
(17.017988 -13.0610622231 1)
(16.994168 10.5057509346 1)
(-7.6665073 -4.74088989519 1)
(16.260192 13.9616975515 1)
(-4.3344646 3.35114997387 1)
(2.682694 -11.9676696204 1)
(16.451742 -8.91941156998 1)
(0.60936605 2.84267733784 1)
(-1.1708585 5.42686121741 1)
(17.252231 6.84943830303 1)
(17.230725 6.37568633557 1)
(-3.893084 8.71025910985 1)
(-9.1392865 4.50692992287 1)
(-8.729563 5.22836607881 1)
(17.503195 -11.8904592192 1)
(7.3965312 7.23336130848 1)
(-1.6278736 -1.2729824584 1)
(-1.3335212 -4.52874066369 1)
(17.096971 12.9332263226 1)
(7.7674894 -13.7710245157 1)
(17.46782 11.6976609988 1)
(5.3813382 -0.0930544420961 1)
(18.815539 -10.7232754554 1)
(15.350096 11.0660421503 1)
(19.097224 -1.36635690715 1)
(-0.67021039 6.26645473045 1)
(4.1866801 -11.6045881666 1)
(13.725936 -13.3111071042 1)
(15.691045 -13.7632814888 1)
(16.586077 10.7682865135 1)
(16.179679 -1.02673670058 1)
(16.219304 11.9873102329 1)
(16.880494 -8.71243023523 1)
(15.028788 -11.2619442552 1)
(-3.898476 12.691684568 1)
(7.613416 -0.711316787327 1)
(-1.0455227 0.350392966596 1)
(16.842661 7.13185081426 1)
(-0.44168336 -11.4765837584 1)
(-0.34261065 2.61090943699 1)
(-9.1187367 -1.36503538368 1)
(-1.4541887 -10.2882698153 1)
(-0.39459033 -10.616640747 1)
(-7.375423 -12.276930007 1)
(18.934736 7.24680330825 1)
(17.491302 -5.68075796889 1)
(15.680491 8.34693082384 1)
(8.3219318 -3.51395979957 1)
(8.7696164 -1.52083261028 1)
(-7.6316643 -6.07068309267 1)
(18.206156 8.71533643683 1)
(12.299467 -8.5094521986 1)
(1.9541104 2.38026445855 1)
(6.0917027 -7.97011001572 1)
(17.371078 -7.55888974118 1)
(7.0956374 -7.10276935464 1)
(11.857183 -9.15168188374 1)
(19.089511 -7.14274935403 1)
(12.014153 6.37087431462 1)
(10.222583 5.46959005744 1)
(10.554889 5.26512321517 1)
(9.441616 -13.8152296247 1)
(-4.5573841 -2.974285764 1)
(8.8190587 -6.26070901829 1)
(-2.5064101 -9.96049793459 1)
(-7.9376729 13.5709341962 1)
(12.26246 1.14893519733 1)
(-0.41747183 -2.90017068923 1)
(16.973656 10.0152502317 1)
(-6.3681038 -8.4535598832 1)
(2.7609175 0.0929308132898 1)
(14.239083 -10.7359785841 1)
(12.897021 9.79732025243 1)
(-7.3820797 0.564991901166 1)
(11.292749 6.01238266894 1)
(13.691036 11.6088630842 1)
(-2.8846666 6.86592917487 1)
(1.2637321 -7.15638884361 1)
(10.204466 -4.73427531778 1)
(1.6696448 7.7520042225 1)
(16.893071 5.01991557213 1)
(2.6037134 -1.49005737205 1)
(10.600513 4.55686392038 1)
(15.229077 3.30998142357 1)
(9.4650005 -10.3160269575 1)
(-6.6679089 -13.341736944 1)
(-5.6857287 3.87422820862 1)
(18.141907 -8.56638529234 1)
(13.09125 -3.53936426921 1)
(17.901669 1.52768479886 1)
(16.862829 -2.8706267836 1)
(17.163394 -4.49898344018 1)
(0.22650783 -4.00037567856 1)
(-9.0392004 -10.5543169169 1)
(-6.6714924 13.8295782009 1)
(15.828918 -11.7890422259 1)
(-1.6730388 0.0545669553696 1)
(16.154388 -1.47370296703 1)
(12.669558 -7.00124191439 1)
(-2.9593467 -8.22934633169 1)
(11.592696 3.9389524135 1)
(12.054672 -13.1965912559 1)
(-3.2294562 2.23783226847 1)
(-5.2263929 6.21019939037 1)
(-4.8821901 2.78886218753 1)
(9.4412512 -10.7458222836 1)
(-6.7652597 -5.7651058427 1)
(3.6352776 4.33029740491 1)
(0.016996362 -0.629488449741 1)
(14.93566 -2.51037064742 1)
(-2.0217503 -3.43764549177 1)
(-0.86387888 -5.83190207446 1)
(3.6140773 -3.1137404439 1)
(17.404099 -7.08384096742 1)
(-6.3995503 7.94734422667 1)
(-6.7186005 7.6973544067 1)
(11.459819 13.3110484889 1)
(9.554012 4.05918046882 1)
(8.9374749 -3.91217902288 1)
(6.2806887 -4.69281729325 1)
(-0.83850348 -2.26017455293 1)
(-0.83452919 10.6114589454 1)
(10.919352 -11.9368825856 1)
(12.639319 -7.87081942016 1)
(3.7076669 5.15711131639 1)
(-7.7847192 -10.4424289285 1)
(18.340507 -5.26535173659 1)
(9.9873922 -8.38467587811 1)
(-1.8676749 10.3901104308 1)
(15.810519 12.2449814366 1)
(-3.7062333 -12.4704573195 1)
(18.771599 2.41114630494 1)
(8.0857728 -6.98887886853 1)
(13.335272 3.2233574137 1)
(-7.1631227 -0.431859223033 1)
(16.075902 4.61064096897 1)
(1.628143 -13.6819663964 1)
(-4.1991635 0.657735226239 1)
(18.588968 -1.5792515126 1)
(7.1670536 3.85706543305 1)
(13.054592 -4.41905480063 1)
(17.69053 -2.46658679138 1)
(12.132269 9.33510178196 1)
(1.3997828 -10.5720339996 1)
(15.850419 0.0961601679339 1)
(18.18846 5.71669963518 1)
(6.037151 -3.54235409127 1)
(18.2301 9.68762943254 1)
(5.0542983 13.7835714574 1)
(-2.875857 0.999501710684 1)
(-3.0871397 0.922673190171 1)
(5.766828 11.0895549554 1)
(12.495554 8.23898838644 1)
(9.842099 8.10162775001 1)
(10.312692 -12.9431769995 1)
(10.774252 -7.57569595336 1)
(-8.8946407 8.41226841329 1)
(2.55246 10.216993983 1)
(6.8976658 11.2661373639 1)
(-1.8996821 -13.8100272892 1)
(4.5273764 0.864640406806 1)
(6.3376616 4.07455975448 1)
(10.631006 -3.07880955747 1)
(12.451788 7.36253421473 1)
(-0.43837448 -4.00127251649 1)
(17.940204 -11.6680998924 1)
(5.9751067 -3.06518666414 1)
(11.337024 7.20648353547 1)
(9.0308482 -14.1163683201 1)
(10.846128 -5.92990127389 1)
(-2.0046338 1.9000075192 1)
(-7.8154651 10.6576030216 1)
(10.487575 13.5870884413 1)
(9.2258881 4.97072450917 1)
(15.338201 5.53817716791 1)
(-0.41670875 -1.95903069628 1)
(-8.0251178 -9.2430427945 1)
(-0.96143548 -12.5392292332 1)
(9.9876806 -2.65419409961 1)
(4.8737452 -12.5486659388 1)
(10.803036 -6.7515362013 1)
(14.031695 1.24415278186 1)
(-1.5579337 -11.1362716368 1)
(6.2211138 13.0654820838 1)
(-8.1268761 -7.1064211723 1)
(-6.2127259 -7.13409928163 1)
(13.31409 1.65926798418 1)
(4.6158913 3.398572311 1)
(0.58084516 -4.57801851603 1)
(-6.3549246 7.5323299209 1)
(8.0466133 -10.5550664899 1)
(0.75920387 3.86427587974 1)
(0.5421865 3.55867478798 1)
(10.573448 6.84292379944 1)
(9.1132259 -12.6345215248 1)
(0.18359678 -12.8842554159 1)
(9.3574809 -2.25998531053 1)
(-0.69119645 -13.7151945677 1)
(0.53178096 -14.077825482 1)
(7.9028295 2.59598720033 1)
(7.6213179 -11.6158560511 1)
(0.030604162 -7.0522153781 1)
(6.1214156 -7.2222101958 1)
(17.174563 2.95986750558 1)
(4.2727562 -9.60210887981 1)
(8.3682462 -12.1162523188 1)
(-7.0425894 11.6456317821 1)
(-8.5798399 9.66505666985 1)
(8.1473613 13.679191184 1)
(7.1562765 -5.99482951196 1)
(11.937886 2.14434334631 1)
(-2.2927641 13.7024706366 1)
(6.0216565 -12.3945234587 1)
(7.374957 13.2543229975 1)
(2.8306223 -13.5342364269 1)
(11.269474 2.57607341645 1)
(8.8756638 9.55650821039 1)
(0.51622026 2.46776744638 1)
(8.5589282 0.768362703543 1)
(9.4485591 -0.481162290366 1)
(-5.0726847 12.4208403488 1)
(8.997687 14.1760649093 1)
(17.902352 11.9219152891 1)
(-4.6470413 9.48744703275 1)
(-2.5496413 -12.8245888155 1)
(-6.954728 3.21758220185 1)
(6.7144326 -9.19242125421 1)
(12.156572 0.560928185015 1)
(-8.8048067 -4.86227857489 1)
(1.5005033 -8.41363717266 1)
(8.1226897 8.35737148831 1)
(5.0405498 12.4182600347 1)
(7.7114194 12.1195014641 1)
(3.586985 -1.58479051432 1)
(-0.22346335 -5.20853139437 1)
(-0.92461843 4.05917780373 1)
(1.0393266 6.03528779543 1)
(-1.7855764 -10.0370602738 1)
(3.0468533 1.01037246185 1)
(6.9340569 4.68635057327 1)
(-4.9116334 -8.60628335106 1)
(-5.3126822 -8.75820236408 1)
(3.9263718 13.1115593758 1)
(5.3118639 -9.48260965022 1)
(5.5274152 0.319968279823 1)
(6.7820395 -6.89596255132 1)
(-0.15419201 -1.43554272121 1)
(9.1466944 3.90261246273 1)
(8.0992156 -2.53486357568 1)
(7.8280297 9.35858370193 1)
(3.1490334 0.449752269873 1)
(3.5258634 12.8972084881 1)
(-1.9017518 11.214342899 1)
(0.70317904 -10.5062998622 1)
(10.091367 -0.148691122021 1)
(10.410095 -0.348873674462 1)
(1.2132767 12.9088559014 1)
(-5.7425689 5.07429594184 1)
(5.5398483 4.26248439243 1)
(-8.2636132 -8.04003053858 1)
(15.600539 3.05900709989 1)
(17.190865 -4.03887349466 1)
(1.8786832 10.2252229625 1)
(-3.5510623 -9.6258795223 1)
(5.391548 -3.32761787387 1)
(5.3865825 -3.64990441441 1)
(2.8329712 -3.09404359042 1)
(0.83502367 -9.11512876513 1)
(15.400285 12.5040094634 1)
(3.6727115 -8.76065791371 1)
(8.6545605 -3.34148541036 1)
(-3.1158438 12.7129571814 1)
(9.1657517 1.08956203601 1)
(-5.6709473 -12.0095972607 1)
(6.769396 8.01005285519 1)
(-2.5761702 0.309483848913 1)
(0.82029095 7.94996286911 1)
(1.1588018 2.83579916017 1)
(-1.0967734 -0.898667646396 1)
(-7.8221349 -12.4476569133 1)
(0.86842878 10.428245798 1)
(7.3776876 6.86474769019 1)
(2.368076 11.3975014446 1)
(-2.2101829 4.85973340422 1)
(-2.0361421 3.86935578707 1)
(0.74508142 5.91002633835 1)
(8.7480052 -1.87040380688 1)
(6.1782978 12.1670107108 1)
(-4.0944531 2.24213337452 1)
(-5.5914322 -8.07970679813 1)
(-5.8718795 -4.61135971089 1)
(1.4476926 -2.0506300979 1)
(1.999009 5.13640725877 1)
(1.6342331 14.0365661219 1)
(0.2290193 -8.33913174032 1)
(3.5542476 -9.93482441754 1)
(-5.1037825 -7.05532448113 1)
(3.1819196 14.0333976607 1)
(4.4775087 -4.0919996463 1)
(-1.6923419 5.14961847582 1)
(6.101478 4.87626566419 1)
(6.1054831 5.18944162434 1)
(3.5296593 8.49240795246 1)
(-0.15051592 10.6190880651 1)
(-3.5896553 9.72786295704 1)
(8.8094697 10.0640843413 1)
(-4.1855141 -13.1197497141 1)
(-8.2624029 -3.76490918556 1)
(1.7908156 4.01605552088 1)
(15.168149 2.43814684993 1)
(-1.9682313 -3.17083073693 1)
(4.2239906 5.12827913005 1)
(11.469906 -8.90463941257 1)
(5.3118644 -0.991495932611 1)
(-8.3232002 5.46771450498 1)
(-0.95051878 1.36327705124 1)
(4.2995478 2.36879564242 1)
(1.3360056 1.86409439777 1)
(-2.1302812 2.68262182621 1)
(-2.8134448 1.4190472151 1)
(8.3987227 -2.73316562384 1)
(7.4725404 -6.19696500277 1)
(4.2095685 9.58179808119 1)
(-2.2066964 10.1804716527 1)
(18.596469 -8.34900798209 1)
(-4.263798 -3.19398514352 1)
(2.3622099 12.6821124152 1)
(3.2435424 6.68458153901 1)
(18.35544 -11.9330648399 1)
(1.9700928 -0.39562335037 1)
(2.3538092 3.79954017596 1)
(-0.34899236 -2.47767450086 1)
(-0.16439781 -2.62023691466 1)
(-6.3253236 3.58575047136 1)
(0.96426881 0.956125334723 1)
(18.319237 11.6216950413 1)
(2.3380089 -2.36454503093 1)
(-2.2218457 1.63984367954 1)
(6.3877038 -1.38476888714 1)
(6.4589003 -1.05735651504 1)
(0.11663749 3.02765319912 1)
(1.5736659 3.17067907316 1)
(9.7821203 -14.5237766879 1)
(-1.9506292 12.5006043533 1)
(0.04515095 13.5836784435 1)
(-0.041784391 8.14629696159 1)
(15.303104 -2.76161318421 1)
(-1.3173568 -12.2701014562 1)
(6.6830996 -9.59719287771 1)
(-4.3286796 -4.22291630598 1)
(-3.4644627 -14.1589968896 1)
(3.7109434 -8.3755193031 1)
(-6.4232213 0.264239603856 1)
(-5.6997449 8.81845975987 1)
(-0.91842025 5.28540360624 1)
(-4.6169898 6.97970475533 1)
(2.7950066 -4.60723476331 1)
(4.6496979 -5.56141330192 1)
(2.471995 -10.4619072257 1)
(1.2070758 0.641367117995 1)
(-1.376148 5.02352090296 1)
(3.2097645 -5.92936905911 1)
(3.5562727 9.98912512884 1)
(-9.1770704 1.00977953865 1)
(-8.638398 0.447146352285 1)
(5.3470425 -0.705764722046 1)
(-5.1066477 4.14970920758 1)
(12.569527 -11.5787523653 1)
(-2.7234316 2.89863547944 1)
(-0.74017318 14.0271620729 1)
(1.7332916 5.51140773 1)
(-2.1685778 -10.2022937704 1)
(15.5088 1.73634433272 1)
(-0.03117409 -6.04843262542 1)
(2.536992 -4.73336061147 1)
(-1.9391751 -8.10199203392 1)
(0.25605061 8.9863356839 1)
(-2.1814405 -7.12998223237 1)
(1.1958599 -8.22391218077 1)
(9.1676895 -6.08359879301 1)
(-3.9990291 4.73949539137 1)
(17.834637 -6.86183152615 1)
(-4.2232508 8.49546582409 1)
(3.4003983 -2.43506168394 1)
(-6.5483715 -6.87271053791 1)
(0.043843698 6.08780335842 1)
(-0.63690457 -6.67998374069 1)
(5.0118526 1.01754783091 1)
(3.5306875 3.10256918849 1)
(2.4582544 -7.58872259461 1)
(4.7973643 -1.18152319798 1)
(0.42638634 -1.05285080682 1)
(1.8356154 -7.90000002835 1)
(-3.7042728 -6.09672273987 1)
(-8.3496091 0.754780767651 1)
(1.2652734 3.44852702281 1)
(8.0765419 11.8779304747 1)
(1.1885291 5.61540328838 1)
(4.2074358 1.42260884777 1)
(1.2290077 4.24003761191 1)
(3.3069822 -4.35831176009 1)
(1.4071691 5.47078403581 1)
(0.72121646 -3.58088822168 1)
(12.676315 4.48997337501 1)
(0.77905564 2.21805381219 1)
(2.0633794 2.97934808192 1)
(1.472855 3.51421252012 1)
(1.9175056 -3.94148863668 1)
(6.3756403 -0.44689858792 1)
(-1.2493945 -6.99963053833 1)
(-3.4447565 5.0119029479 1)
(-1.7172214 2.81358031879 1)
(-7.9124594 3.91947230863 1)
(-1.7994502 4.7369192577 1)
(0.70689639 3.43526226218 1)
(-4.2732589 -5.69450782036 1)
(6.4368278 9.8092789774 1)
(18.78229 -11.7147488753 1)
(4.3946173 4.69071675623 1)
(18.294258 1.26772925216 1)
(2.9087486 8.51105370456 1)
(0.27312384 -3.75135794327 1)
(6.3971284 0.781630170045 1)
(2.3763473 2.70424629506 1)
(3.7577666 3.94284682396 1)
(5.6724781 -9.30961782632 1)
(1.8845532 -1.5774622256 1)
(0.50515567 4.84654636385 1)
(2.0227718 -4.97172150325 1)
(6.3918184 0.166750188641 1)
(16.455428 4.36579626685 1)
(-1.4427827 6.1179509997 1)
(17.605713 -3.82745927595 1)
(-2.191335 5.71006748233 1)
(-2.4533674 5.88248943325 1)
(-2.2692179 4.51360727745 1)
(0.89108566 4.53826014943 1)
(-7.6548637 1.6180226135 1)
(8.4583102 8.14569437889 1)
(13.69452 2.98589193068 1)
(8.247782 -14.5215980513 1)
(13.660453 -7.4753576943 1)
(4.3909275 3.55250033113 1)
(4.6293474 3.66909759393 1)
(15.409074 12.9951710483 1)
(-0.71398535 3.15869427385 1)
(3.5369079 2.75427370999 1)
(4.2006293 0.315330441598 1)
(17.218641 3.85918724747 1)
(-5.2611709 -5.49450422948 1)
(-2.3101097 7.53935224584 1)
(-7.0541727 12.1326928316 1)
(4.3323355 -2.28843452935 1)
(1.1548961 -3.42118281019 1)
(-6.6517982 0.848610559361 1)
(-8.6924883 -1.14958554933 1)
(-0.43231681 -0.371246791576 1)
(-7.0394845 -2.45246722816 1)
(-7.1281063 -3.29028859577 1)
(16.411468 -9.38575854835 1)
(-0.43775563 6.10460328327 1)
(7.5085604 14.1911758023 1)
(-4.1875842 -2.54168292512 1)
(8.4972146 2.8927937601 1)
(9.9470607 -8.82297633063 1)
(4.8345007 -13.0033443145 1)
(-0.30475454 4.04819506488 1)
(-4.1300085 -1.90197467741 1)
(-8.2415695 10.8736946956 1)
(-2.7323835 4.27131840585 1)
(1.7293682 2.32686742404 1)
(-6.3590709 0.649004568082 1)
(1.205251 9.10171739953 1)
(-3.4290386 -0.100656276921 1)
(-4.2462908 -9.57959469769 1)
(1.3627675 1.01866130612 1)
(14.736975 0.80254518923 1)
(1.514131 -6.68245666893 1)
(-5.4214784 2.18699024415 1)
(2.8386173 -10.2838106661 1)
(-1.4521546 6.72077783646 1)
(2.8863118 -2.8515512761 1)
(-1.4894054 -5.78337236621 1)
(-0.50299463 -9.42020458974 1)
(-5.9827519 -1.62309409933 1)
(-9.0923199 9.86770644764 1)
(-0.058304435 -10.8521992621 1)
(2.6881928 2.44739701401 1)
(1.4960806 -1.86464639682 1)
(-1.5425126 13.1459075163 1)
(9.2284724 -8.76236100787 1)
(5.2596251 2.982905421 1)
(-4.9479774 -9.05887171083 1)
(-3.941726 2.75676872196 1)
(12.838856 -0.229975977925 1)
(4.3003168 0.793909318039 1)
(9.563548 -4.31989011292 1)
(0.032473061 3.76629848707 1)
(7.4287446 3.67161302512 1)
(-1.1331602 -5.64568046675 1)
(6.5930936 -4.53285462078 1)
(4.2400241 -9.98713438291 1)
(17.590646 3.17707209602 1)
(2.0065051 2.08681585931 1)
(1.0364679 1.98872534782 1)
(-3.7306524 -3.88497039281 1)
(3.1407042 -0.702625487917 1)
(-2.6444163 1.28726058751 1)
(3.9249224 -1.0327657343 1)
(2.0103482 -3.15093552452 1)
(6.8258767 10.004288355 1)
(0.069415061 2.63559751094 1)
(-3.7631448 -12.9348054415 1)
(9.7812543 3.51879600009 1)
(4.4387384 -1.77430417933 1)
(19.011102 -8.13577715055 1)
(-8.4623752 -9.42519245898 1)
(-0.95312587 -2.67048000841 1)
(12.992587 -11.3675247809 1)
(1.5837843 -3.27899729166 1)
(5.6444292 3.11174129906 1)
(9.1688084 -9.21646600499 1)
(-2.0080142 0.00740981407089 1)
(3.9723864 1.34468866832 1)
(-1.279677 2.17206654044 1)
(-3.7931934 -1.23502181555 1)
(15.856944 0.540323937127 1)
(0.65765886 1.01175991985 1)
(-6.2098086 10.7414363035 1)
(3.0048354 2.17291505494 1)
(9.7579089 -0.676847113007 1)
(-3.3569836 -1.80941998528 1)
(17.46106 -6.14100967736 1)
(-9.3230375 8.62699284023 1)
(-3.3657891 0.388613395458 1)
(2.1202807 1.95119370519 1)
(-0.58213405 2.38973816468 1)
(-1.5822543 -0.653018476038 1)
(-0.93778065 2.27088528701 1)
(2.5133022 0.772880396405 1)
(17.242642 -3.12666775888 1)
(2.4469861 -2.99125228608 1)
(1.5474739 -0.90650539074 1)
(9.8609547 8.5251537678 1)
(13.030797 -7.2323040933 1)
(-0.92462601 4.47414732009 1)
(-8.3514839 4.94382839735 1)
(2.9352367 11.1390397427 1)
(-0.78286014 1.11597986823 1)
(5.0517023 12.8625148105 1)
(19.575696 -12.7650966497 1)
(14.693263 -9.62830030971 1)
(-5.175142 1.05756016496 1)
(8.4837054 12.0702568312 1)
(-8.1881443 -0.125877447008 1)
(3.5341215 -10.3274748416 1)
(2.5729202 0.304525577887 1)
(3.2318894 5.46064635799 1)
(2.4871912 -0.0522557764643 1)
(0.29080501 -2.40489753266 1)
(16.094047 8.5653400592 1)
(-1.6467939 2.04035328628 1)
(-5.0003752 9.26437163597 1)
(-3.2428944 9.9492220432 1)
(-4.8671433 -12.10442379 1)
(-3.3872349 -11.1637892678 1)
(7.5610411 9.95039087234 1)
(2.2499983 1.00609990637 1)
(1.48433 1.59315404648 1)
(18.717365 10.2677808981 1)
(-6.1715705 9.8390344122 1)
(5.8316461 5.03575359565 1)
(7.6668819 0.300059171946 1)
(-4.2806409 11.4878153571 1)
(-6.2498021 12.1568088166 1)
(-5.7299546 2.42440761678 1)
(-3.7164896 -0.704297875983 1)
(13.970713 -14.1327986657 1)
(-6.195127 10.2817413216 1)
(14.876418 -3.38482374463 1)
(19.579743 -6.76332790454 1)
(-3.9564779 0.791751192631 1)
(-3.3185479 -7.99036093188 1)
(15.778665 -7.01459500234 1)
(6.5679108 12.3747157704 1)
(-5.3865142 -1.05047241982 1)
(-8.7551265 1.79715005033 1)
(-1.2720413 -1.85799598018 1)
(-1.3184043 -2.0704591523 1)
(-2.4956665 -6.92550211993 1)
(7.3917071 3.31783822388 1)
(-3.197057 -4.23898607049 1)
(-2.139787 -2.99770825257 1)
(8.4888216 -9.10753870688 1)
(-0.293649 1.84995905173 1)
(4.7394718 4.79865827709 1)
(-0.3175232 7.97688599344 1)
(14.568913 13.0209528868 1)
(-6.2676923 14.5276038617 1)
(2.3927803 -0.753511521302 1)
(1.2731429 1.12006854415 1)
(-5.0869817 12.8832470066 1)
(4.1125052 2.51315672334 1)
(-0.37972745 -3.7567796941 1)
(16.864154 4.56656941596 1)
(18.693072 1.00925912744 1)
(-4.2322772 -9.11106179297 1)
(9.5588022 5.14147676225 1)
(1.0429263 -2.14347496229 1)
(0.21888392 5.40111624003 1)
(2.4056563 -0.38031682902 1)
(-4.835095 -1.43595066622 1)
(10.614261 -10.7281804401 1)
(1.7247692 1.39881675435 1)
(13.402333 -11.6193729797 1)
(10.248118 1.33202646764 1)
(-1.8348261 -10.4530102344 1)
(1.730423 0.327661206599 1)
(0.82761437 13.130110995 1)
(3.5142934 8.14429815887 1)
(-8.6585912 11.0763233017 1)
(-2.1684138 0.892144443149 1)
(5.5088489 6.92005640643 1)
(-3.5113718 12.9328393687 1)
(8.8155056 11.3923920957 1)
(-0.17473084 -2.39864911614 1)
(-3.2212039 -4.56187697455 1)
(-7.5862638 1.20250669667 1)
(16.940598 9.01671783706 1)
(2.2174531 10.4227207463 1)
(3.2144476 8.68159325721 1)
(6.7687898 8.40179996141 1)
(-0.1062057 -8.49837320274 1)
(2.3671634 13.1314669495 1)
(-4.6222499 7.34074386965 1)
(-0.53016301 1.15341712409 1)
(2.4208071 1.97552024513 1)
(-5.0482227 10.559304801 1)
(1.2472915 0.373257635372 1)
(8.1096578 -9.29390295842 1)
(-3.6502304 -10.4576411413 1)
(-1.6614509 -0.369781478614 1)
(-6.2355663 12.6742045034 1)
(0.91221522 0.841508948397 1)
(-4.91569 -12.5681047663 1)
(0.83260814 8.28738917261 1)
(6.5058528 1.93633599066 1)
(16.563502 -1.2573039161 1)
(-0.63094734 1.61727533288 1)
(0.86100548 10.8191482158 1)
(0.40328974 1.18868411444 1)
(4.5667823 -3.72406004638 1)
(1.1559226 -1.95621032362 1)
(-5.6264776 -8.52782819609 1)
(-0.68080909 8.16810190698 1)
(-2.3534685 -1.09617267759 1)
(10.237797 3.64890461076 1)
(-1.777206 1.10553730762 1)
(0.69511436 -1.53461151524 1)
(-6.6791706 7.2898036231 1)
(3.9465398 5.00138708953 1)
(5.4886015 7.29932765308 1)
(7.8735133 2.24678131363 1)
(0.79863513 -1.04988539053 1)
(1.3083011 -0.271586498995 1)
(-4.8754794 -4.90380190626 1)
(16.514762 8.78684610379 1)
(1.037262 -0.812723403419 1)
(1.1722237 -0.792449596194 1)
(-0.29302202 -7.20855209082 1)
(6.3174001 3.43914018021 1)
(0.68308935 -0.468200695062 1)
(3.9513603 3.7752879815 1)
(-8.8781799 -9.62026713958 1)
(10.071005 -0.504668453873 1)
(-1.1015122 0.944508096356 1)
(0.51667017 -2.17004311223 1)
(0.47739569 -2.35145170577 1)
(0.65820119 -2.29546034009 1)
(-1.5157728 13.5990122905 1)
(-4.309701 10.563798806 1)
(-1.3005291 -3.67073339506 1)
(7.2212854 4.82827580623 1)
(15.098555 0.574950602519 1)
(16.967192 -1.04500674492 1)
(1.0393697 0.649784536427 1)
(-3.2403395 4.00810597915 1)
(-1.4128148 -1.72881062296 1)
(-0.65961057 -1.31631535993 1)
(1.3822993 -0.390032862741 1)
(0.86223768 -0.212743356938 1)
(7.8131702 -5.65636454365 1)
(-1.6210069 0.197234061132 1)
(-1.7401014 0.322790047798 1)
(-3.0062026 11.3751642535 1)
(-0.70568761 1.87198082869 1)
(1.9122043 0.104589654041 1)
(10.757677 0.197941127251 1)
(1.3443023 0.0635588799457 1)
(1.1127919 -2.67201393358 1)
(6.4317385 -7.42173387068 1)
(0.48645067 -0.951664344824 1)
(0.60206504 0.179654106855 1)
(-0.13419863 -1.28712801462 1)
(10.95809 8.71130578035 1)
(0.26151428 -0.622898815136 1)
(0.39187457 -0.431722482463 1)
(13.829019 -10.9408835308 1)
(13.7346 13.0352594179 1)
(14.931969 11.3334004945 1)
(0.61166307 0.542940889286 1)
(8.853654 0.590556759202 1)
(15.615241 -3.90595988119 1)
(4.0546262 -12.9417924056 1)
(-2.4438065 -1.39886824851 1)
(11.626188 -3.98082401937 1)
(15.357605 -12.5340056093 1)
(3.0247021 -8.70007868256 1)
(-5.5358987 6.0099265704 1)
(14.847407 -8.27466599491 1)
(-3.1457644 1.91253290369 1)
(-5.0001334 -14.2069263552 1)
(-2.8484306 -7.07869588089 1)
(-1.0723032 -0.755398189691 1)
(13.556777 0.171960762029 1)
(-5.8518269 12.8841106994 1)
(-0.17396478 -0.842087352635 1)
(-3.3974091 1.77280540631 1)
(10.399675 -0.711532600062 1)
(-9.5887656 6.21214466909 1)
(-5.3819663 9.45350654817 1)
(-1.5226289 1.52067652579 1)
(2.0269402 -1.70457282253 1)
(-0.47226011 -1.67339340647 1)
(-2.5316617 -2.97471780044 1)
(-0.49523879 10.8128314929 1)
(6.5404424 -3.4510445823 1)
(-9.5896745 -14.2344816921 1)
(-1.1574255 7.51077662854 1)
(1.1775379 -0.476386345232 1)
(19.239336 14.5863318973 1)
(19.234599 -14.5897921527 1)
(1.1733599 0.464652926144 1)
(9.8999342 -4.15228109697 1)
(14.948013 -12.7047047528 1)
(-2.6695023 -4.95579285263 1)
(4.3626711 3.86202343076 1)
(0.05403397 -0.828365756463 1)
(6.2863356 -2.29285947288 1)
(8.8093368 8.33300395527 1)
(-8.0932719 -5.8194706275 1)
(-0.280789 -14.5139070805 1)
(-3.8758267 3.29422488963 1)
(0.84226247 -2.05270665116 1)
(9.8310521 -5.69623664794 1)
(-2.0994552 -5.3610781162 1)
(3.362527 4.22042866888 1)
(2.4092694 1.73533289254 1)
(-2.1473269 -4.95041471844 1)
(6.3844343 5.35257371988 1)
(-0.77552715 -0.393564594633 1)
(-0.10752324 2.84658112944 1)
(4.6451302 -1.96342709931 1)
(17.375615 -0.407616644994 1)
(-5.8947378 6.17457248304 1)
(-1.7267232 -12.4482661722 1)
(2.9815362 5.63661272976 1)
(6.1109156 8.41768175339 1)
(0.24843411 0.629337454405 1)
(0.17571635 0.602583536002 1)
(-0.87548255 -0.917325274646 1)
(2.4877228 4.78549060559 1)
(18.258586 10.6606071653 1)
(-1.7866461 -1.10678336429 1)
(4.8208201 -3.61466285821 1)
(7.5943099 -1.0630915702 1)
(11.996301 -13.6637359495 1)
(1.2454529 -0.670907778299 1)
(-6.6064934 -7.30598344553 1)
(0.22426683 -0.848058188357 1)
(3.7668967 6.34577650353 1)
(6.5857081 12.8247754832 1)
(-6.5200882 -4.15278749301 1)
(-0.50542608 -1.27823080688 1)
(-6.8443462 -0.62805250495 1)
(-0.69212524 -1.09472872633 1)
(-2.2189633 10.5892061339 1)
(5.0045672 -1.35780389821 1)
(5.5504004 -6.11432893737 1)
(8.1628285 -5.47677548284 1)
(11.370507 -3.27500929222 1)
(-9.5859423 -4.30113254122 1)
(3.3364983 1.88514049012 1)
(6.0059675 -9.52314393283 1)
(-2.6712333 -4.58771397127 1)
(4.300155 12.874305058 1)
(2.4011244 13.6172938651 1)
(14.464259 -13.4441613865 1)
(-0.2149973 -2.83177675036 1)
(-0.23849228 1.30902741671 1)
(0.45280701 1.30692277366 1)
(7.1725926 9.78151446184 1)
(4.9281958 7.25228167666 1)
(2.7281519 1.6996565871 1)
(0.79490805 13.67677733 1)
(0.13058129 1.36414286137 1)
(-1.9730867 -8.52573443996 1)
(-0.95111424 -7.1764890428 1)
(-4.1065995 1.44794229446 1)
(0.26376464 1.90389825062 1)
(12.355684 6.14246317868 1)
(0.65248747 0.338134047307 1)
(6.7674118 -7.2555368897 1)
(4.1680824 -0.93310069791 1)
(-7.2950611 1.88204993991 1)
(7.7202628 7.02887588881 1)
(3.8539782 8.30185231221 1)
(0.88668441 1.05308305139 1)
(0.80978305 1.14156422977 1)
(1.773457 -5.0441309742 1)
(-0.10561125 12.2821139132 1)
(-2.6043562 7.70801446025 1)
(-2.8372752 -0.787433680355 1)
(9.933803 4.9479366491 1)
(3.1381067 -1.70434750952 1)
(1.6660653 8.05546119687 1)
(-0.51886658 -0.224540737149 1)
(0.92310243 11.2802612058 1)
(-0.1401578 -8.87943291827 1)
(13.412921 -4.21820085926 1)
(17.252904 4.30835278521 1)
(-1.0436094 -0.0337890904225 1)
(16.251906 0.738004147763 1)
(-8.7827715 -2.01949064089 1)
(6.0926 8.82606935179 1)
(15.959956 -4.61419870151 1)
(5.5146188 -2.11235039662 1)
(-9.1559443 -3.65073279467 1)
(19.109708 -6.19411604507 1)
(-3.2510036 10.3620903913 1)
(4.6287632 7.37817631007 1)
(19.124488 1.21072618663 1)
(4.5146909 7.91399043678 1)
(8.9374737 12.7697025985 1)
(0.13626527 -0.558168771997 1)
(4.303863 -14.6195510647 1)
(-3.7605927 -8.12775872774 1)
(-3.0873439 -6.50932919204 1)
(3.9006434 10.1565787271 1)
(11.090592 0.373119209187 1)
(1.11263 4.60866220231 1)
(13.45698 -9.27084808504 1)
(10.335006 3.09650346879 1)
(7.9996159 1.76811074668 1)
(0.715458 -2.80319993449 1)
(8.8365067 11.8213696485 1)
(2.9542205 -9.10456619365 1)
(-4.3149031 0.30126111441 1)
(8.8299558 8.72967523899 1)
(13.676314 10.1905878195 1)
(-0.60231959 -0.730207986443 1)
(-0.17583893 6.25228235247 1)
(-0.36576881 0.680808927413 1)
(2.6952023 1.49918792053 1)
(9.0638672 -1.71711462952 1)
(3.9994821 -13.4064494477 1)
(-1.0136601 0.467536931125 1)
(4.9274957 -5.74186710584 1)
(-1.6120265 -5.25063547002 1)
(19.603043 1.7730299809 1)
(0.050554504 -5.09729994905 1)
(-3.5255415 13.3904397511 1)
(16.587819 -13.3514087662 1)
(9.1588415 0.755378489615 1)
(4.1027468 7.77331204916 1)
(-4.5475239 -12.8451067481 1)
(11.423827 -14.2205549326 1)
(10.393857 -1.08022659726 1)
(3.8319937 -7.33546604914 1)
(3.6502388 -2.29975731715 1)
(-1.7883249 -12.901153305 1)
(19.593105 3.77858003906 1)
(16.310705 -5.33614352926 1)
(0.78385083 -0.372826094428 1)
(19.587142 -12.2151061811 1)
(17.415306 0.428685622721 1)
(-1.7620787 3.70833797395 1)
(-2.8426308 1.21270668436 1)
(7.9671062 3.5983325355 1)
(-0.010912947 1.47136607494 1)
(15.2419 -3.64176972606 1)
(2.2219181 10.8165038275 1)
(14.064491 -13.5988333774 1)
(6.8263865 -3.62910536387 1)
(10.603161 -14.1611006893 1)
(0.10635716 0.923695716862 1)
(-0.83121701 0.653722923707 1)
(-0.6409443 -7.01717604892 1)
(-3.5090989 -6.64996694079 1)
(18.735642 11.3015795477 1)
(-1.3483747 1.04107550172 1)
(-0.50912095 -0.684431062216 1)
(-0.4392707 -0.741877907524 1)
(4.379552 1.76169354988 1)
(-0.027031171 -1.38698709669 1)
(-0.11470178 1.32474641931 1)
(-4.5421336 4.46136891602 1)
(-0.87342931 7.66251554592 1)
(1.1643117 1.33325661941 1)
(0.51552903 3.36104667714 1)
(0.096751771 -4.8019843452 1)
(2.8389548 1.36970505211 1)
(-5.4767032 14.1241223 1)
(-1.4755521 0.611140418618 1)
(5.4554175 8.82027790893 1)
(2.9684275 5.95828735384 1)
(17.626723 -3.38040937567 1)
(10.223116 -4.36472956202 1)
(-0.35032031 -0.53823522211 1)
(10.648715 2.93779994858 1)
(9.8032101 -6.11632075376 1)
(-0.61517159 -3.8518064999 1)
(-6.6617219 -7.74221846786 1)
(10.714569 -1.29025305379 1)
(-3.3735879 -2.10854714451 1)
(3.0000091 1.20378870528 1)
(-5.7015295 -2.20112063329 1)
(2.4495639 14.1497323257 1)
(2.2689023 -1.28397790251 1)
(-6.894518 -4.32075188413 1)
(15.868297 -5.95669590051 1)
(-2.2377936 10.9964432239 1)
(12.01684 4.84867835611 1)
(5.9411372 -10.7213457773 1)
(19.305725 -9.43111508493 1)
(3.3450994 -7.09658306349 1)
(-5.7375167 9.23313952672 1)
(8.0198367 6.46413925206 1)
(16.986323 -0.605828418515 1)
(1.4155176 8.23693354105 1)
(-2.2009814 1.8323850932 1)
(0.28274205 -0.498074988346 1)
(-0.49404709 11.2330488204 1)
(-2.1947701 -13.0874318633 1)
(15.541766 2.1753537671 1)
(-1.1278144 -3.3191926025 1)
(-0.15843539 -9.34494344298 1)
(6.7626168 2.07931762611 1)
(16.631184 0.492486163812 1)
(-8.6356708 12.0481628064 1)
(17.879817 -5.92406899675 1)
(0.13880497 -4.52816289825 1)
(6.6121602 13.280071674 1)
(0.47614877 -0.433590437098 1)
(-0.094445144 -0.890221869627 1)
(9.9618103 -11.7777377953 1)
(-0.97586744 -2.12686426567 1)
(-9.1470671 5.94273069036 1)
(9.1756983 8.93539207014 1)
(1.0813646 -0.702297325648 1)
(-3.2721294 10.7654854835 1)
(3.1676892 3.0276467606 1)
(3.1864814 -10.5041983716 1)
(14.615737 5.96780302464 1)
(3.0789352 -7.27151829121 1)
(0.17098783 -2.27508870422 1)
(5.4020879 9.2718153214 1)
(19.594411 -1.70256127654 1)
(19.208389 3.98633047157 1)
(-2.4870401 -14.2133080605 1)
(4.0219071 -0.554438457296 1)
(5.1317874 -0.557491765692 1)
(6.6921333 5.84041602482 1)
(3.9144596 10.5391438711 1)
(2.2378904 4.16911891223 1)
(-7.9405017 3.453750542 1)
(0.16542755 -0.938748105212 1)
(-5.4542502 0.929707963067 1)
(11.240563 2.98258210831 1)
(-1.1895115 12.0544228697 1)
(2.7137865 -1.83372376589 1)
(1.9814531 -1.8833403963 1)
(2.370034 -8.94241742057 1)
(3.7788284 6.64758049026 1)
(-5.1005559 4.45727076563 1)
(7.8703339 -7.87711880106 1)
(4.4686167 0.637224567068 1)
(-1.5488883 12.7041979575 1)
(1.666105 -5.48354316678 1)
(1.8093397 -8.24163117585 1)
(5.2760156 -1.26611306447 1)
(-7.2055638 14.5926089497 1)
(0.63210989 0.0287594510089 1)
(-4.6017569 3.2117418152 1)
(-1.0446858 -0.27998717202 1)
(14.230138 -11.1955343142 1)
(-2.9002429 7.87919710563 1)
(-9.1623744 -4.60857950795 1)
(4.683845 13.081904537 1)
(4.7410252 -7.53996087181 1)
(5.2232892 -5.93368691528 1)
(-0.25856962 0.745271895571 1)
(7.2050024 -11.8241441404 1)
(-3.4849174 -4.37359140063 1)
(9.3265434 12.9548194324 1)
(3.2321115 -13.3364651163 1)
(-9.0989836 6.80622187163 1)
(9.3728272 -1.91594843323 1)
(2.7774443 -7.76597398167 1)
(-0.085132037 0.650606804254 1)
(19.62419 2.249948147 1)
(19.62289 -5.25004537444 1)
(19.183613 -11.9856276997 1)
(-0.13078992 11.4397740319 1)
(-5.4817847 -14.1211285655 1)
(4.5896897 -2.22255454613 1)
(10.349602 -12.0554119025 1)
(-3.7632744 -6.43735209386 1)
(2.4514133 -7.92823117045 1)
(-1.2428595 0.915724002091 1)
(11.04348 -1.11901992607 1)
(-2.0278287 0.741058901101 1)
(6.9988483 5.66763868521 1)
(8.3727175 6.61671605066 1)
(4.2742646 -0.41663148426 1)
(0.60977519 -0.281407682333 1)
(8.8882421 12.2475756971 1)
(7.0160846 13.4949937348 1)
(0.86097611 -2.94156366131 1)
(7.1818484 1.93597632291 1)
(16.086879 -14.0083889518 1)
(19.185163 -11.4890206891 1)
(12.889581 -13.7181822197 1)
(18.309988 -5.71097993096 1)
(8.2579872 3.77484251288 1)
(-8.328588 2.84009398123 1)
(0.93436774 14.1725904192 1)
(-9.6068913 -2.77674557973 1)
(-9.1728726 -8.47214030174 1)
(17.038078 0.679898545181 1)
(-0.42803569 0.538776088083 1)
(1.7572713 -0.787108928806 1)
(15.591968 -4.34198348463 1)
(6.328153 -9.75562583309 1)
(-6.7097378 -8.19031205554 1)
(-0.84518993 0.553815432454 1)
(12.138815 9.70524085782 1)
(2.9209829 -1.76837729718 1)
(7.1368444 -12.2740543601 1)
(11.242916 1.35958559269 1)
(-6.1397039 9.42996335173 1)
(0.19659139 11.6120546571 1)
(13.751828 -4.86168899453 1)
(-9.1378726 -5.86626717461 1)
(2.5066839 -1.9123202644 1)
(12.63464 2.09558516535 1)
(9.5988729 11.331709198 1)
(1.473985 0.0735266804502 1)
(-0.50055985 0.372572068052 1)
(-0.93381213 0.368423939968 1)
(9.1942354 11.1512765996 1)
(-3.8626492 -7.49508265702 1)
(8.9927609 -7.68041633958 1)
(0.70111411 1.57393793109 1)
(-0.061975113 0.862832042271 1)
(0.87165186 -1.16049835117 1)
(3.5814855 1.93535162091 1)
(0.5717687 1.31755409111 1)
(2.1339802 -8.08558154286 1)
(4.4962546 14.2134766846 1)
(10.874305 10.6415960809 1)
(4.4233964 0.382859380065 1)
(8.0421284 -7.30691930545 1)
(14.630852 -11.4376102441 1)
(1.7236444 -0.499350902999 1)
(-2.4527462 14.1706329038 1)
(0.82240586 0.158613099428 1)
(2.4973712 5.88993826226 1)
(19.620888 12.2556058786 1)
(11.330386 9.82280084227 1)
(2.2290671 -14.6054521074 1)
(-6.8934408 -1.03100093505 1)
(1.1501603 8.42605579685 1)
(-9.2024439 -5.04134164278 1)
(-0.70410724 -0.00767676280444 1)
(9.4340641 -6.68266076588 1)
(5.8182072 5.36064509819 1)
(10.975378 9.96127002327 1)
(7.347218 5.81528063836 1)
(3.2968419 -1.86181187023 1)
(0.94753232 -6.97866924472 1)
(-9.2263496 12.5066113901 1)
(13.366671 13.2728310971 1)
(9.0553585 -7.26868048038 1)
(18.016808 -3.62558932006 1)
(4.3774544 0.113758555235 1)
(4.3906403 -3.0047627828 1)
(4.214642 9.94138565055 1)
(-0.97462031 -7.52762360399 1)
(17.595609 3.59941920004 1)
(-2.1893418 3.51082968885 1)
(15.087637 14.2156204116 1)
(-7.856546 -12.9427984771 1)
(1.9462901 -2.08062829847 1)
(-7.6543744 0.823777793876 1)
(4.9283955 -10.4307049733 1)
(11.229268 -5.73769890425 1)
(-2.2234319 -10.6115521679 1)
(0.35262523 3.48259018919 1)
(9.4634751 0.92295608643 1)
(1.1872485 -1.32442717016 1)
(10.231872 10.4101597452 1)
(-8.4860201 0.0925829600702 1)
(-7.6722285 -11.0853307093 1)
(8.6238376 6.06353447825 1)
(0.92752848 4.75895697053 1)
(-4.1463719 2.90624985357 1)
(4.5586062 9.7533836898 1)
(6.8731954 -4.02200404301 1)
(4.8164583 9.12864709513 1)
(10.755541 -12.3162480992 1)
(18.740811 -5.51531163979 1)
(3.8907613 -10.1531289513 1)
(-0.6148923 1.25478686696 1)
(19.194768 -10.9898094467 1)
(0.87445167 9.30218192812 1)
(11.990378 5.9861320961 1)
(-3.0362614 14.172261714 1)
(-2.6326833 -0.607967541098 1)
(10.540011 -4.56947570833 1)
(10.597943 4.92186576189 1)
(10.954344 5.10381905419 1)
(1.9550862 0.271847443931 1)
(-5.5781698 -0.00405471342137 1)
(4.7891393 -2.42502441688 1)
(-1.5192712 0.468088645534 1)
(17.261015 -13.749883054 1)
(-4.3611773 -14.5427944657 1)
(-6.7578464 -13.8085904151 1)
(18.420671 -3.43700179651 1)
(-6.9506743 1.02921065501 1)
(4.0606551 -0.1152369128 1)
(9.4023814 -7.08754976099 1)
(1.6223803 3.37349401805 1)
(19.177433 13.5155586422 1)
(7.4025964 13.6835769166 1)
(17.975746 13.3374210571 1)
(-2.0311214 -1.37637687642 1)
(-9.1801274 -12.0382737102 1)
(-2.2520015 -13.5394916786 1)
(15.376068 5.93763945874 1)
(12.106436 -1.45036750768 1)
(0.70033919 1.11906572838 1)
(4.9668943 14.1985859885 1)
(-0.71276129 -14.1650567437 1)
(19.616694 -4.73055087206 1)
(-3.1865053 3.36998529625 1)
(-1.7876187 0.167112110037 1)
(3.5183027 -11.1302822895 1)
(3.5287619 -10.7238888355 1)
(-0.098717322 9.49156657437 1)
(3.9496785 -6.81393406942 1)
(-1.6759232 8.88885408023 1)
(2.4572115 6.33481375839 1)
(15.027008 -11.7096915336 1)
(9.6780977 -2.11597066537 1)
(4.8313396 3.53020162964 1)
(8.9092009 5.86116038955 1)
(6.4029186 -12.2011240704 1)
(0.98013362 -1.558190419 1)
(-1.7865415 -1.83822471013 1)
(-4.7542236 0.395706533369 1)
(11.597153 -5.93069738429 1)
(14.455745 -4.89843241213 1)
(2.0200705 -0.218315944979 1)
(-0.91749059 -3.26630500954 1)
(13.24532 14.6468208327 1)
(19.177665 2.58393123749 1)
(4.8097727 3.83815800532 1)
(19.206874 3.01479443886 1)
(4.7073652 1.59040153026 1)
(0.4916062 -5.74471610813 1)
(-4.6155045 -13.3161250243 1)
(-2.6227053 11.1925938051 1)
(4.7036833 0.703789317825 1)
(11.3805 -1.32629910747 1)
(19.627889 12.7537436678 1)
(-9.1547412 11.5559385801 1)
(15.75 14.6382789183 1)
(14.75 -14.6384765621 1)
(-0.42277171 -0.489251756816 1)
(-9.1849289 -3.09758326164 1)
(11.577508 2.76146525848 1)
(4.9550163 5.96645181428 1)
(-0.90272266 0.104459087315 1)
(-9.6425585 -8.75008101743 1)
(-0.072974749 1.96423188618 1)
(-2.0531625 6.11341249059 1)
(3.10223 3.3904506631 1)
(-7.7725717 -14.5939631588 1)
(5.2758635 5.37481971704 1)
(-2.504626 -2.6753707209 1)
(-2.7129973 5.40321433063 1)
(5.019791 5.48677121189 1)
(10.245986 5.11198487743 1)
(4.3517034 6.29997470407 1)
(-5.0266403 -13.4870071613 1)
(5.2001695 -2.58882524599 1)
(1.0607165 -2.87253054463 1)
(-5.648649 -8.99068495673 1)
(-0.63978766 3.33430414619 1)
(15.425041 -11.9705166093 1)
(-2.6175833 -10.7912429501 1)
(1.0461193 -10.7387761333 1)
(-1.6500345 5.94869898445 1)
(-4.8692248 3.0653434031 1)
(1.8430722 0.585693497492 1)
(-0.43195027 -0.897049957051 1)
(15.137125 -9.46707325145 1)
(-0.12388461 6.57885105932 1)
(-1.7013038 -0.546759668771 1)
(1.3132557 1.24265952742 1)
(-0.5626733 -4.49682832764 1)
(15.937063 -5.05106940058 1)
(2.0995652 -2.276122716 1)
(-1.2972837 1.17371589403 1)
(-7.4918922 -3.46192297751 1)
(-1.4648395 -1.92895875657 1)
(5.7398687 2.68510021181 1)
(2.6796447 3.48391124972 1)
(19.059924 -5.7502969104 1)
(4.0384276 6.17514806392 1)
(4.6989596 13.5437042691 1)
(0.56283944 9.14340862385 1)
(19.271317 6.05985185931 1)
(-1.1929415 9.65746918603 1)
(6.0241313 2.51767141943 1)
(3.5073773 6.81760401246 1)
(7.3543866 2.35721041606 1)
(0.42572043 0.469734334359 1)
(2.6280919 -3.14364860895 1)
(-3.1223519 -2.48120648281 1)
(3.573163 10.7455347325 1)
(9.7622269 13.6333645783 1)
(19.200739 -10.4726817902 1)
(3.8044584 -2.72811241765 1)
(-0.72412504 0.673324572825 1)
(10.895553 -4.39268247784 1)
(4.5063305 5.81068318671 1)
(17.988108 3.34940093783 1)
(-6.9536596 -4.745489209 1)
(13.750262 -4.40976029379 1)
(1.020157 1.3360765486 1)
(19.248303 -9.94455303396 1)
(-8.6708988 13.0089103307 1)
(-1.5502411 -3.5149673564 1)
(9.770684 1.08948564575 1)
(8.8263687 -14.6111459598 1)
(6.7041882 14.6344943977 1)
(-3.9192564 -0.787136746191 1)
(1.268931 -5.28547437418 1)
(8.2729921 4.15076448333 1)
(-6.4806334 9.20362054791 1)
(9.4698627 -6.29123982465 1)
(11.952216 -5.34499009883 1)
(-0.65905522 0.582025466604 1)
(-6.9277009 3.97223438335 1)
(-5.9479244 -0.544080473596 1)
(11.914596 2.54577582396 1)
(6.2770582 -13.1265247111 1)
(-0.54553568 0.833093801244 1)
(1.6264856 1.64198514359 1)
(-6.0592875 0.811406057486 1)
(9.7171992 13.1637327994 1)
(9.9102361 10.6617303442 1)
(5.9065642 14.1846304211 1)
(-2.2893988 0.11785264616 1)
(-2.6803341 -11.217520153 1)
(5.0404166 3.38728931396 1)
(-2.0508972 0.53928315281 1)
(-0.73369651 1.72202549363 1)
(0.31262005 -14.6009716268 1)
(19.635189 6.74603156988 1)
(-5.3785379 -2.70862010253 1)
(14.463076 -5.33954557652 1)
(5.0417438 3.11801952926 1)
(4.2281385 -10.3666665428 1)
(18.384379 3.0937528189 1)
(-8.5037799 -11.8352203313 1)
(-7.2580809 -1.25842518532 1)
(1.8042933 -8.58729069703 1)
(12.261262 2.3158222618 1)
(2.0165557 6.20066374829 1)
(0.8102945 -4.46632982715 1)
(0.89183762 -3.7155618734 1)
(1.5523709 -0.0384773529149 1)
(2.4438237 -2.13422895774 1)
(-1.534621 9.4461695551 1)
(0.45043765 -3.88439157223 1)
(2.0169629 4.07588935869 1)
(-5.6975457 -9.44446463985 1)
(-6.6230036 4.85187615342 1)
(-0.61144193 0.0863258293621 1)
(0.9010288 -12.494538001 1)
(11.736232 -1.18940849802 1)
(-2.5010735 -1.63783898687 1)
(1.1116792 -3.63630379536 1)
(-2.9118851 -1.03303235739 1)
(3.1837019 -13.8091980824 1)
(-0.79808924 12.2596817037 1)
(-9.6585412 -6.25010949559 1)
(3.6110826 1.58036318563 1)
(1.7331546 0.697103702121 1)
(19.617291 3.2025195361 1)
(-6.0213889 4.88424434557 1)
(2 14.2366850826 1)
(-0.59685446 0.211803330173 1)
(-2.1888377 -1.22740274467 1)
(-8.2727244 -12.602041759 1)
(18.781166 12.8037531787 1)
(-5.4625696 13.1018956927 1)
(-4.369106 1.60847631903 1)
(4.8119863 4.11313038542 1)
(-4.9195522 14.1806486431 1)
(-4.113796 3.18884760267 1)
(1.8350448 3.44543757339 1)
(1.2754072 -13.8021293608 1)
(9.9980274 -2.31909357008 1)
(6.2933864 -10.1588157128 1)
(3.4717264 -11.5778641125 1)
(3.527469 14.2221894517 1)
(19.181848 -4.41770958609 1)
(-1.0385883 1.746396072 1)
(-7.9513431 3.0495262163 1)
(12.063869 -1.82593037619 1)
(-2.291109 -0.408543247894 1)
(0.50977655 -2.87207106888 1)
(-2.5747582 8.39484217447 1)
(18.820057 -3.21879053894 1)
(12.933764 12.5114415498 1)
(0.66954028 -3.80924002706 1)
(8.059009 -9.71006552248 1)
(-7.361725 9.57189297701 1)
(11.087512 -12.5914683447 1)
(-5.981339 -0.896616759603 1)
(-2.0222972 -14.2170787908 1)
(-1.3059943 -7.73110309758 1)
(13.121131 -2.63828349719 1)
(0.94919834 -1.28283634573 1)
(7.4632107 4.93189312839 1)
(12.241676 -5.14186273604 1)
(-1.1359222 -0.191465707776 1)
(-1.1003553 3.91755421719 1)
(0.51035309 -0.359770087653 1)
(0.21073475 7.04117011381 1)
(18.771368 2.83245565381 1)
(-4.1683003 2.64633936872 1)
(-6.6276435 3.77275581898 1)
(11.267221 -4.20359901078 1)
(-0.74253482 1.2342665668 1)
(13.430673 -3.30585869118 1)
(10.499119 1.09893737292 1)
(-2.8900355 8.2140170361 1)
(1.7445225 1.53830344022 1)
(-1.3836984 -8.16182514681 1)
(12.965087 2.25819401033 1)
(13.421633 -3.74700089004 1)
(1.8187349 6.37420461565 1)
(-3.1069333 -11.3929344831 1)
(-0.72614826 -1.20934696863 1)
(-0.03597106 -1.52654734823 1)
(-5.0442477 -0.0205403572744 1)
(0.55330606 0.268132248582 1)
(0.37304223 -4.42292246954 1)
(7.9978056 4.3042601742 1)
(16.230073 5.97306861864 1)
(6.5226496 -2.19229505294 1)
(-5.8196728 -3.0177670036 1)
(0.40156388 13.7600139583 1)
(0.56109146 -1.53657477384 1)
(-8.7381876 7.53597171286 1)
(14.535479 -12.9174509414 1)
(1.612132 6.82069356744 1)
(-0.70404541 -0.528206086608 1)
(9.1235274 2.15426171202 1)
(-0.37075098 -0.610296227103 1)
(-4.2815842 13.7843441886 1)
(-1.9734109 8.38485318652 1)
(19.198681 -12.8985491866 1)
(0.43419146 -3.08733537997 1)
(-0.10112823 -0.813123287589 1)
(-4.5216777 -4.45183583278 1)
(1.019487 -12.1055243356 1)
(15.507028 -10.1637578422 1)
(-5.1382345 2.90945627558 1)
(0.11500556 -2.4586773733 1)
(12.742453 -5.45787486597 1)
(-0.5719065 0.741499561007 1)
(5.4747301 -4.17275069284 1)
(-6.6265115 4.46167165972 1)
(-8.7429337 -14.6685129137 1)
(1.0675056 -5.7202473133 1)
(9.1875634 9.37384454987 1)
(7.0949684 -7.44272931603 1)
(18.789675 -4.1444647124 1)
(-2.9124474 5.23647825696 1)
(3.400412 -12.0495226126 1)
(1.0232503 -11.1736810813 1)
(-5.6671766 1.10343060351 1)
(0.23212887 9.32301986668 1)
(-1.0252542 0.0658234868448 1)
(0.74769033 -0.533085767795 1)
(13.310001 2.02737428902 1)
(-6.8948287 9.39779052763 1)
(-8.7287692 14.6760642535 1)
(-4.0630796 -4.35480627121 1)
(0.31799651 -1.04309433429 1)
(0.80307652 7.0216093891 1)
(19.631712 6.24836071917 1)
(4.5846522 -10.5927350554 1)
(4.9373402 0.777899440519 1)
(-6.1255578 -9.658566721 1)
(-0.7226336 0.217711190558 1)
(11.548731 -13.3302607704 1)
(-5.3784375 4.29056050423 1)
(0.75921975 -1.64351276875 1)
(-3.0117937 1.35269723003 1)
(-0.63509525 -0.566839087056 1)
(19.664682 -13.7500056444 1)
(5.3733323 -0.445048617558 1)
(14.812183 -5.59499788581 1)
(2.7490418 6.99154381266 1)
(11.619529 5.83167345375 1)
(3.5641785 11.1476652772 1)
(-8.3982443 -13.5059333733 1)
(16.588275 6.11240476609 1)
(6.2599942 -10.5735630726 1)
(-0.40245096 12.4705938642 1)
(3.222244 7.00204140039 1)
(8.3959719 -9.96439382336 1)
(-4.0557795 7.6383551182 1)
(19.197069 8.10094273184 1)
(0.0011508667 -0.905332344984 1)
(13.06593 -6.01978731118 1)
(0.40439582 -4.15860782836 1)
(3.9727606 1.59247877439 1)
(0.052642414 -0.566309395106 1)
(-3.7633046 -4.20453816327 1)
(10.310114 -2.52582697726 1)
(-4.3083053 11.0197614478 1)
(10.83053 5.42905746184 1)
(-5.494319 13.6052820934 1)
(1.0364656 -1.39690398593 1)
(-3.5188467 0.544513578889 1)
(11.443803 0.522786258808 1)
(0.37775195 3.68336677092 1)
(18.866067 -2.70701712659 1)
(17.394664 0.00494360562355 1)
(0.46141435 -13.1355754774 1)
(0.0602581 0.619027884887 1)
(1.3282616 -3.54886803603 1)
(-7.8029434 14.6060131316 1)
(-8.1373351 -3.33137171435 1)
(4.8224942 2.50761208619 1)
(-3.8349984 3.6653320415 1)
(1.0021313 -11.6173349459 1)
(14.817758 -6.05759647639 1)
(1.8219898 4.22301519284 1)
(-5.2877548 0.148180439784 1)
(0.72873113 -6.41452519711 1)
(1.3374747 6.70741188214 1)
(-8.7647294 3.07047093752 1)
(1.2939179 4.46340531113 1)
(2.9992032 -12.2099592556 1)
(1.4919834 1.75091432345 1)
(-2.5638154 6.11544825374 1)
(-7.1139402 8.42032366781 1)
(-8.275573 13.7887023973 1)
(1.072856 6.86744013647 1)
(8.3736356 -10.3644218515 1)
(17.065198 13.3399367874 1)
(-2.5337492 3.66067727392 1)
(-8.6533695 -7.81061722373 1)
(10.852381 1.25979854839 1)
(4.8133074 4.36181662674 1)
(5.1968183 -14.6562512235 1)
(-3.1922075 8.0358219151 1)
(4.6623914 -2.87557606553 1)
(-4.3181752 -1.7044021474 1)
(0.46055439 -6.05255259736 1)
(6.3233116 3.18379937106 1)
(-0.87193713 7.93552137095 1)
(-6.8843617 -1.74815142484 1)
(-0.13741268 -0.636683577466 1)
(0.47071586 -1.7533909692 1)
(14.076878 14.1877756134 1)
(18.731677 8.85477717342 1)
(-4.8018771 -1.7868724481 1)
(7.4528845 -7.67565802954 1)
(-0.04361221 -2.50014296396 1)
(18.800593 -3.69304376609 1)
(0.72383179 4.90854637199 1)
(-0.063684824 5.26534517021 1)
(10.13967 13.7608201189 1)
(5.2235552 -4.30586893942 1)
(2.9276102 7.18610471177 1)
(1.62718 -0.147237750532 1)
(5.5094819 1.08912502842 1)
(-6.5635846 -9.88258209433 1)
(6.5263723 -14.2377636177 1)
(6.3390719 -12.6658658615 1)
(15.92612 -9.99835290365 1)
(-4.7927974 0.0890465659939 1)
(0.52806469 6.90384887715 1)
(-0.60405173 -4.7572818339 1)
(0.12346084 -2.939161559 1)
(-9.6406088 -9.2205038965 1)
(-9.2043732 -5.4740562466 1)
(1.2787089 -2.58811088673 1)
(1.7994771 5.22596029874 1)
(9.4638396 -14.2163943204 1)
(9.3159578 6.0694423992 1)
(-0.41585099 0.752216177843 1)
(-4.1649081 -7.34742177527 1)
(-7.3451552 -2.13809897449 1)
(-4.2952478 -6.01592740014 1)
(1.2350063 1.7644920715 1)
(18.249362 -13.8152747652 1)
(-9.2488425 8.06379093946 1)
(-2.8355198 2.23343350091 1)
(2.6900842 0.840696784749 1)
(5.191071 0.871206485117 1)
(-0.28035573 0.543989840463 1)
(-7.3157648 -4.95923428541 1)
(2.8712365 3.31102377369 1)
(-1.0773859 14.2063597025 1)
(-3.1782348 3.60985026629 1)
(-4.1311884 -6.95578147769 1)
(10.834851 13.7658246634 1)
(-0.95883492 -0.0761498267629 1)
(-1.8438788 -2.05311187036 1)
(0.7727544 -0.447169284167 1)
(0.90931196 -13.6917235324 1)
(5.7300652 3.55938042329 1)
(-5.0868791 -1.584067788 1)
(-3.5169572 3.90297943075 1)
(-7.3872207 -2.55853603909 1)
(0.13851366 1.85786431788 1)
(-5.6681611 -1.15729418631 1)
(13.796231 -6.15600918979 1)
(1.2524537 -0.886092177962 1)
(5.2059482 -4.64156134077 1)
(-1.9211092 1.05441320434 1)
(-2.8383224 6.27247193144 1)
(15.14905 -6.24538686352 1)
(0.80534325 -5.56443194423 1)
(15.737537 -14.6762340239 1)
(-8.453804 -5.9771668565 1)
(6.6469725 0.337467096864 1)
(18.842551 4.23564362844 1)
(0.10118308 6.6233858565 1)
(10.632356 -2.73822698578 1)
(-0.2414615 0.822443409383 1)
(-1.8527812 13.7860484278 1)
(-0.64758418 -4.08694830179 1)
(9.7120709 2.17711960422 1)
(-0.8943273 2.42158300625 1)
(-0.40093472 14.2066054819 1)
(-8.0081195 0.648341251094 1)
(12.480156 -2.40876402558 1)
(16.606018 14.1925776488 1)
(-1.9088325 0.42041465908 1)
(7.7244478 4.82173010983 1)
(5.4967847 -2.4543498884 1)
(19.272669 6.99717939411 1)
(18.610054 -13.1801995083 1)
(-3.1213038 6.45456941573 1)
(3.2273774 11.346357488 1)
(-0.6933203 -0.154328347883 1)
(-3.6268608 -14.6210911457 1)
(3.1342955 -3.43144007617 1)
(-0.067599987 -0.629972552989 1)
(12.674253 -5.79720580119 1)
(12.012599 -2.14755164254 1)
(4.06653 -3.93091802992 1)
(7.4250243 -3.94192202018 1)
(1.2179405 2.01218086444 1)
(-0.54336228 -0.305336954784 1)
(13.779804 -6.59450563595 1)
(19.362142 0.158137900066 1)
(0.54419682 -0.286676935726 1)
(0.7248007 0.336960417822 1)
(-4.085769 -6.57129356329 1)
(19.268859 -2.53558616566 1)
(11.234397 4.85254235838 1)
(5.2077134 -4.99775220634 1)
(7.881508 9.7404474974 1)
(5.2971495 -10.6692297232 1)
(0.45935759 -0.640690951022 1)
(1.8488823 0.340933734936 1)
(-3.9284822 -9.8466100685 1)
(-0.70832419 2.49995082067 1)
(-3.864016 0.443922665204 1)
(3.4313634 -1.99812984609 1)
(1.8444992 1.44841376306 1)
(0.90599043 0.179491805186 1)
(0.50681091 0.340636290482 1)
(0.83395166 1.24474626265 1)
(12.851671 14.0384303014 1)
(-6.6093794 -10.3254157354 1)
(-1.9405349 0.134781400917 1)
(-2.9068561 -1.37205851321 1)
(7.7353031 4.48377806551 1)
(9.4665551 14.2762960249 1)
(-8.5020693 -3.49641618341 1)
(6.8101908 -2.69511427699 1)
(6.6104046 0.00361424137638 1)
(0.35960933 0.660833556345 1)
(19.632223 0.862934815837 1)
(-7.4228235 -3.00252452285 1)
(-3.080155 2.12808911817 1)
(1.528053 -2.74986097921 1)
(1.5164365 0.795815231627 1)
(-0.54454141 3.19937140415 1)
(1.5946031 0.674641059437 1)
(0.27684766 0.533946063775 1)
(1.245989 -1.15852874978 1)
(0.64944528 2.53365834469 1)
(-1.4147851 4.05826175883 1)
(-3.5119572 7.82468892249 1)
(-1.081923 3.02189959107 1)
(-0.29539589 -1.01235615612 1)
(2.4229465 -1.2274476264 1)
(13.378523 -7.25904774954 1)
(0.34316645 -0.63017042272 1)
(10.921945 -2.93522419878 1)
(3.6312886 -14.6356092032 1)
(4.5888565 2.66359768371 1)
(-1.3555771 2.91999257276 1)
(0.67747282 1.31490869231 1)
(12.02163 12.5131913745 1)
(-5.366983 2.76333488037 1)
(-9.2512672 -11.5534165672 1)
(7.8756204 -14.2074284664 1)
(-1.0845004 0.13166485891 1)
(-3.5765471 13.7748774009 1)
(2.036784 -6.38263314909 1)
(5.170405 -0.0372925382759 1)
(9.3050868 6.37519795289 1)
(19.242191 13.0036055032 1)
(11.239787 12.9937353777 1)
(-4.9295202 -4.11450198148 1)
(8.7424688 -10.6239355914 1)
(0.083331746 -0.898181397526 1)
(1.0814419 2.12853826916 1)
(-5.5590504 -0.272017436383 1)
(13.421804 -5.88263016652 1)
(0.4977091 -6.3317730894 1)
(1.6476825 -0.607883817807 1)
(6.5866532 -0.310570404631 1)
(0.20675134 3.82875449267 1)
(-4.1235576 -0.353413714285 1)
(3.1929311 -0.318562807096 1)
(-1.9311852 8.76271988288 1)
(5.9174457 -13.3250697046 1)
(-5.3729305 -1.37811056463 1)
(-0.27642001 -0.551900795193 1)
(16.310342 -10.2560844188 1)
(1.8133065 -8.9505977699 1)
(-7.3010328 0.864464998434 1)
(1.542406 -3.46205517461 1)
(11.280894 5.68577598711 1)
(7.5041458 -4.44984798496 1)
(-0.062450694 5.03687312876 1)
(-1.3806021 1.28640098365 1)
(18.865045 4.69550715 1)
(1.9726828 -11.778173986 1)
(0.57662885 -1.27419024292 1)
(-3.3130537 11.151851028 1)
(5.6755 -10.9223978544 1)
(-0.036945433 -3.02006652468 1)
(7.3244664 -13.8164153493 1)
(-9.6339746 -14.6339789043 1)
(-9.6339746 14.6339710537 1)
(19.633975 14.633973388 1)
(19.633975 -14.6339766735 1)
(-9.6847109 8.71307459887 1)
(0.46013212 0.409069193219 1)
(8.2066908 9.88962432487 1)
(1.4098205 -12.1565131204 1)
(-0.930952 1.52163216444 1)
(-1.2224232 1.70181484116 1)
(-5.4487166 -3.37197504317 1)
(17.401377 6.03459629851 1)
(5.4773678 -5.17462288204 1)
(2.7283106 1.01029825508 1)
(0.5282836 5.0473902984 1)
(7.7690121 13.8462923145 1)
(5.5164406 -3.88008834978 1)
(1.6289975 4.35949502173 1)
(-8.8254505 -5.70668383629 1)
(0.59975031 0.0946895302877 1)
(-5.1574159 -3.60445530623 1)
(19.256691 7.45484804331 1)
(0.59500041 -0.0985851178796 1)
(-6.6628598 -10.7337417748 1)
(3.1215206 -14.2100781724 1)
(-0.88849838 -1.4322087363 1)
(-0.053762104 2.71634953241 1)
(4.6815853 -2.6313916727 1)
(19.648739 -2.37874691323 1)
(-0.21894085 0.90941993095 1)
(1.1925342 -4.23586298251 1)
(12.807826 8.52726502645 1)
(-3.1689143 1.48929317687 1)
(3.5928086 2.93030715223 1)
(2.3948247 7.22345017598 1)
(-0.24514447 2.49394699247 1)
(-4.0280301 -6.2273227902 1)
(-0.5212336 2.57035371254 1)
(-3.401907 5.31443019721 1)
(-3.1029683 6.72454887932 1)
(-4.5566446 -0.411890155244 1)
(13.337492 7.20289068508 1)
(17.814625 -0.241195218877 1)
(-0.38906647 9.33590385407 1)
(0.026473702 0.677668991728 1)
(2.8093046 -3.29036120863 1)
(5.522041 1.39582628003 1)
(-7.8791339 -13.9347011203 1)
(-7.6849589 5.32239951341 1)
(2.7047139 3.68070603462 1)
(12.718298 7.05960350984 1)
(-9.2008118 -10.9032303235 1)
(3.1846028 1.09859199993 1)
(-0.76718861 -0.472841414066 1)
(-4.8919436 -3.81224987748 1)
(4.8610408 2.10938234769 1)
(5.9266242 -14.3822485654 1)
(8.4993559 14.2895954235 1)
(3.6849178 0.552281849838 1)
(-0.18753513 0.567773917013 1)
(9.7414013 1.68380206619 1)
(6.5658967 -0.573454922891 1)
(-1.0120363 -2.33290333338 1)
(11.244031 -3.53473836247 1)
(-1.6586252 0.424963166572 1)
(12.921054 -7.65216661761 1)
(1.7778958 -0.139599830703 1)
(-9.2677395 -0.0426020466411 1)
(8.3458767 1.88827594846 1)
(7.2589254 -2.56026809733 1)
(-0.5850321 -0.192109088088 1)
(5.8647959 -13.7564259248 1)
(-7.2506993 5.69208460721 1)
(-7.7091682 6.45247440983 1)
(15.618819 6.15149101344 1)
(-6.9896476 -5.50821820038 1)
(-4.6003369 -5.83276559592 1)
(-4.2557728 7.82311428053 1)
(-7.0064991 7.4576030469 1)
(2.07476 3.17279152881 1)
(4.7164292 13.9040193462 1)
(19.695012 -9.28618614184 1)
(18.263229 -0.485641555745 1)
(16.679677 -10.4991819553 1)
(12.317903 0.837988298288 1)
(4.1447789 2.72167758524 1)
(3.4333395 -3.23884629528 1)
(5.6224667 -3.42520474733 1)
(-3.4828909 -2.7583297437 1)
(-8.338298 14.1721289987 1)
(0.68369256 0.542956901248 1)
(-3.9909638 -10.3391003672 1)
(9.108397 -10.8683170861 1)
(-0.87966944 1.67385595885 1)
(-7.3095429 7.22095689786 1)
(-7.2236072 6.04820884994 1)
(13.421631 6.60213507563 1)
(19.231824 4.92557472346 1)
(4.3433072 2.58673028134 1)
(-1.5960599 -0.804008682541 1)
(0.94366979 2.24301451472 1)
(-3.9564364 4.97559427661 1)
(13.381386 8.30458249566 1)
(13.659411 1.79632561709 1)
(-1.0778502 3.18621946906 1)
(0.64470438 -0.166143495377 1)
(-1.0526255 2.35395840239 1)
(-0.91472543 8.4132722183 1)
(0.74124602 1.22922808495 1)
(-7.258985 6.86134311695 1)
(11.799817 0.657320630956 1)
(-0.65281126 -0.0588594986525 1)
(1.6678902 -2.4673976643 1)
(0.22960777 0.571686031399 1)
(-2.270727 -13.9126789169 1)
(8.0199704 -4.31655109518 1)
(-9.0152905 11.2233356021 1)
(1.5584905 -9.47909811625 1)
(-5.9286687 14.2318618115 1)
(13.639382 -13.7346894924 1)
(-7.056239 -10.8952499429 1)
(0.28050145 -1.62818091365 1)
(-3.6881614 5.13599957375 1)
(14.849134 6.20340692971 1)
(-5.8052511 -13.8149865971 1)
(4.0030253 -2.84013303763 1)
(16.856742 6.31653970188 1)
(17.036238 -13.4639728012 1)
(-0.2056902 1.93365020369 1)
(-3.4545271 7.00675848978 1)
(-0.065860842 0.93953487934 1)
(-0.85848079 3.27090217058 1)
(14.081551 6.65347303838 1)
(0.63163897 -0.0442138098249 1)
(-0.091746002 0.591361470411 1)
(6.6397736 0.658630972837 1)
(-4.8137069 -0.225626169013 1)
(2.6284772 0.0142605714765 1)
(1.1625994 -1.0598178102 1)
(-7.9752169 -14.2620637953 1)
(1.9402166 -2.61511921149 1)
(-6.0263271 5.25755672375 1)
(1.9298362 -0.12597310119 1)
(1.4920509 -4.09624536489 1)
(10.99453 -14.295834181 1)
(-6.6294034 14.2184637982 1)
(-0.83262785 1.33832904793 1)
(-1.7931949 1.4686033287 1)
(0.78134462 0.379048464489 1)
(-7.2976515 4.50593689566 1)
(5.7127829 -5.33175821469 1)
(18.861963 8.19938431148 1)
(-3.6509125 11.3269851587 1)
(19.63478 -8.63193945729 1)
(9.9965008 1.53827237369 1)
(-0.53386015 0.307585096735 1)
(18.704796 -0.28351788949 1)
(0.75353114 0.454284691327 1)
(1.1812087 -9.64217269876 1)
(-8.7925653 13.3438415221 1)
(3.4794771 0.464412251197 1)
(3.2414215 -0.0538560265316 1)
(-6.8606349 -14.2145407173 1)
(-1.0786492 -8.87295088298 1)
(-0.37269528 -0.737491134101 1)
(13.325394 -6.96763439894 1)
(12.246986 5.04408488425 1)
(14.061571 6.27082232475 1)
(-6.8633395 4.27743018018 1)
(11.929498 9.96746513685 1)
(5.3031796 -1.98532931087 1)
(-0.35751866 0.561035488894 1)
(13.572351 8.93189368845 1)
(-1.1250813 -9.25426961996 1)
(-9.23277 7.12879057533 1)
(-0.69863212 -9.63060776675 1)
(0.8075715 2.35291403711 1)
(1.8490379 -0.4883348069 1)
(-9.6488251 9.39168333042 1)
(7.3986593 -3.05528361423 1)
(12.708084 -2.22743710195 1)
(2.9057132 1.07493808068 1)
(0.12564467 0.62768193039 1)
(3.7210093 -4.08998073393 1)
(14.01221 1.56520194605 1)
(-9.7274094 -6.74349882026 1)
(-2.4395597 0.0789743031735 1)
(0.18232407 -1.54800660124 1)
(17.074565 -10.3111729217 1)
(-2.6373883 3.32142359151 1)
(0.052228824 3.94349655165 1)
(3.352548 0.949772457471 1)
(9.9903941 1.2474903523 1)
(3.9419492 2.86912896165 1)
(1.9919777 -14.304659907 1)
(5.894561 -3.32931720501 1)
(6.7998976 -1.06818699352 1)
(2.6038121 -0.183813700075 1)
(18.630935 5.77552499984 1)
(0.35803959 -1.13500197903 1)
(0.81280929 -0.592071023775 1)
(-4.8920328 -5.97120345093 1)
(-3.9878713 0.5927739229 1)
(1.3115209 14.2230435802 1)
(8.6400869 2.03962878295 1)
(2.8593241 14.2293458432 1)
(8.2775181 -4.5247283939 1)
(-7.4339402 8.53755334361 1)
(2.203828 11.1514230772 1)
(0.87462029 -0.134838030253 1)
(-7.4545805 8.96359136667 1)
(-0.99299796 -0.954238886809 1)
(-7.8663262 -10.8024136744 1)
(12.680267 7.58588736069 1)
(-9.3263856 -0.495202955739 1)
(0.98099916 -12.8141664998 1)
(-7.0339895 7.84082143946 1)
(9.4813761 -11.1117535043 1)
(-0.070518234 4.82614037539 1)
(-9.2440495 -9.79291833105 1)
(-2.3145422 -0.579840627769 1)
(15.403412 -6.42545132237 1)
(12.69321 7.98268015596 1)
(0.62253735 1.64473796088 1)
(19.241357 5.35776600274 1)
(-0.68902371 9.48116911356 1)
(-0.34703071 3.46045203529 1)
(19.063779 -0.0622803111938 1)
(1.7285309 -3.37323018548 1)
(5.7515077 2.90309497809 1)
(7.3948173 14.6519911757 1)
(5.6965859 -5.61959958368 1)
(2.6608699 0.196418646834 1)
(15.508815 14.3291305737 1)
(-0.98952098 -8.58111208347 1)
(-3.6904595 -11.0817807551 1)
(16.417132 -13.7552172107 1)
(12.617109 0.616085772703 1)
(-3.7764683 7.5720433207 1)
(0.20050725 12.2388827567 1)
(6.9646134 1.93810948994 1)
(-0.64851325 -5.04196816115 1)
(1.6789792 -0.873915364945 1)
(-0.5866448 -1.68243329971 1)
(-1.2563913 1.55915486 1)
(6.3632304 1.03960111887 1)
(0.84931647 -9.42550279307 1)
(4.8081629 1.86693135267 1)
(1.698413 -11.9775749814 1)
(-1.0812247 -14.2653978701 1)
(7.6505157 -3.25873047382 1)
(-1.4516283 3.03584158071 1)
(7.6178354 2.22904280493 1)
(-2.3352977 -3.06551119119 1)
(0.69577256 -6.8479597137 1)
(0.92288757 1.28888862866 1)
(-2.3588065 1.94450709375 1)
(10.158758 -14.2272734596 1)
(11.422526 -12.671879948 1)
(0.0044948945 -9.70958924524 1)
(-0.49018739 -0.361079253005 1)
(-9.0328015 -1.70334783428 1)
(-2.1968969 5.94825644123 1)
(-1.4869727 9.08390362406 1)
(4.7916251 9.63557346036 1)
(-1.0453423 -2.53914231047 1)
(9.8554645 -11.3317676164 1)
(14.464929 -14.2890788295 1)
(3.5111357 0.80485955191 1)
(5.7382493 0.33040156846 1)
(14.164215 8.73027753191 1)
(-3.120757 -13.8402790781 1)
(12.715576 4.78822487721 1)
(6.5851061 2.75501488986 1)
(-1.1546885 8.48771480741 1)
(-2.3490517 -1.25761152737 1)
(-5.1150022 -13.8405830843 1)
(-4.6291484 -14.2459807142 1)
(-4.121869 -0.709288319976 1)
(-0.029618131 2.97449084503 1)
(-6.0185049 5.59791644163 1)
(14.327272 1.3236152417 1)
(-9.0959862 -2.32214621519 1)
(5.3235229 1.53186687939 1)
(-0.40838967 -0.421855716407 1)
(13.258611 -13.8567967751 1)
(5.4215798 3.1294649533 1)
(17.639441 6.24451619396 1)
(15.150882 -6.56872518481 1)
(-4.177727 2.42540581424 1)
(19.698569 0.203870373482 1)
(-2.5332477 -1.79961885715 1)
(7.0378679 -1.25100191045 1)
(6.7424271 -2.24241249071 1)
(0.51347538 -9.58308759253 1)
(-3.3403741 2.61075484643 1)
(10.110253 -11.1391591649 1)
(-3.4030884 2.28324208182 1)
(3.7410068 3.01836067574 1)
(0.17936858 0.540547497199 1)
(1.2940196 11.2506590649 1)
(-1.509779 3.72648987888 1)
(-0.20137529 4.17751320175 1)
(-1.8246712 -0.920722994713 1)
(2.0892487 4.98290319848 1)
(-9.3249961 9.50164534563 1)
(0.23162597 -1.03511680497 1)
(-5.6157508 4.14222025961 1)
(-1.2179632 8.9738377348 1)
(-3.0767921 2.92254462312 1)
(0.29064036 0.765867777419 1)
(-0.18706911 2.67011697468 1)
(0.073744272 -1.58036449384 1)
(5.2968223 1.92208395211 1)
(14.687439 -6.88733391939 1)
(-0.21977526 3.13144546778 1)
(2.647601 7.74805344672 1)
(-2.7717688 -1.95394778458 1)
(1.1930343 0.546812875385 1)
(11.346504 1.02003127594 1)
(5.7206123 0.730139611072 1)
(-0.99702544 -1.48836000453 1)
(-1.0215807 4.2532713007 1)
(-8.4598585 -7.18760178924 1)
(2.5537064 -0.371789018296 1)
(2.1446894 -9.13592003682 1)
)


// ************************************************************************* //
